ISO-10303-21;
HEADER;
FILE_DESCRIPTION(('STEP AP242'),'1');
FILE_NAME('0009481124.stp','2026-04-14T06:29:31',('TraceParts'),('TraceParts S.A.S.'),'Spatial InterOp 3D',' ',' ');
FILE_SCHEMA(('AP242_MANAGED_MODEL_BASED_3D_ENGINEERING_MIM_LF  {1 0 10303 442 1 1 4}'));
ENDSEC;
DATA;
#1=PRODUCT_DEFINITION_CONTEXT('',#10,'design');
#2=APPLICATION_PROTOCOL_DEFINITION('INTERNATIONAL STANDARD','ap242_managed_model_based_3d_engineering',2014,#10);
#3=PRODUCT_CATEGORY_RELATIONSHIP('NONE','NONE',#11,#12);
#4=SHAPE_DEFINITION_REPRESENTATION(#13,#14);
#5=SHAPE_DEFINITION_REPRESENTATION(#13,#15);
#6= (GEOMETRIC_REPRESENTATION_CONTEXT(3)GLOBAL_UNCERTAINTY_ASSIGNED_CONTEXT((#18))GLOBAL_UNIT_ASSIGNED_CONTEXT((#20,#21,#22))REPRESENTATION_CONTEXT('NONE','WORKSPACE'));
#10=APPLICATION_CONTEXT('managed model based 3d engineering');
#11=PRODUCT_CATEGORY('part','NONE');
#12=PRODUCT_RELATED_PRODUCT_CATEGORY('detail',' ',(#24));
#13=PRODUCT_DEFINITION_SHAPE('NONE','NONE',#25);
#14=ADVANCED_BREP_SHAPE_REPRESENTATION('1',(#26,#27),#6);
#15=GEOMETRICALLY_BOUNDED_SURFACE_SHAPE_REPRESENTATION('2',(#28,#29),#6);
#18=UNCERTAINTY_MEASURE_WITH_UNIT(LENGTH_MEASURE(1.0E-06),#20,'','');
#20= (CONVERSION_BASED_UNIT('MILLIMETRE',#32)LENGTH_UNIT()NAMED_UNIT(#35));
#21= (NAMED_UNIT(#37)PLANE_ANGLE_UNIT()SI_UNIT($,.RADIAN.));
#22= (NAMED_UNIT(#37)SOLID_ANGLE_UNIT()SI_UNIT($,.STERADIAN.));
#24=PRODUCT('1','','PART--DESC',(#43));
#25=PRODUCT_DEFINITION('','NONE',#44,#1);
#26=MANIFOLD_SOLID_BREP('1',#45);
#27=AXIS2_PLACEMENT_3D('',#46,#47,#48);
#28=GEOMETRIC_SET('2',(#49,#50,#51,#52,#53,#54,#55,#56,#57,#58,#59,#60,#61,#62));
#29=AXIS2_PLACEMENT_3D('',#63,#64,#65);
#32=LENGTH_MEASURE_WITH_UNIT(LENGTH_MEASURE(1.0),#66);
#35=DIMENSIONAL_EXPONENTS(1.0,0.0,0.0,0.0,0.0,0.0,0.0);
#37=DIMENSIONAL_EXPONENTS(0.0,0.0,0.0,0.0,0.0,0.0,0.0);
#43=PRODUCT_CONTEXT('',#10,'mechanical');
#44=PRODUCT_DEFINITION_FORMATION_WITH_SPECIFIED_SOURCE(' ','NONE',#24,.NOT_KNOWN.);
#45=CLOSED_SHELL('',(#67,#68,#69,#70,#71,#72,#73,#74,#75,#76,#77,#78,#79,#80,#81,#82,#83,#84,#85,#86,#87,#88,#89,#90,#91,#92,#93,#94,#95,#96,#97,#98,#99,#100,#101,#102,#103,#104,#105,#106,#107,#108,#109,#110,#111,#112,#113,#114,#115,#116,#117,#118,#119,#120,#121,#122,#123,#124,#125,#126,#127,#128,#129,#130,#131,#132,#133,#134,#135,#136,#137,#138,#139,#140,#141,#142,#143,#144,#145,#146,#147,#148,#149,#150,#151,#152,#153,#154,#155,#156,#157,#158,#159,#160,#161,#162,#163,#164,#165,#166,#167,#168,#169,#170,#171,#172,#173,#174,#175,#176,#177,#178,#179,#180,#181,#182,#183,#184,#185,#186,#187,#188,#189,#190,#191,#192,#193,#194,#195,#196,#197,#198,#199,#200,#201,#202,#203,#204,#205,#206,#207,#208,#209,#210,#211,#212,#213,#214,#215,#216,#217,#218,#219,#220,#221,#222,#223,#224,#225,#226,#227,#228,#229,#230,#231,#232,#233,#234,#235,#236,#237,#238,#239,#240,#241,#242,#243,#244,#245,#246,#247,#248,#249,#250,#251,#252,#253,#254,#255,#256,#257,#258,#259,#260,#261,#262,#263,#264,#265,#266,#267,#268,#269,#270,#271,#272,#273,#274,#275,#276,#277,#278,#279,#280,#281,#282,#283,#284,#285,#286,#287,#288,#289,#290,#291,#292,#293,#294,#295,#296,#297,#298,#299,#300,#301,#302,#303,#304,#305,#306,#307,#308,#309,#310,#311,#312,#313,#314,#315,#316,#317,#318,#319,#320,#321,#322,#323,#324,#325,#326,#327,#328,#329,#330,#331,#332,#333,#334,#335,#336,#337,#338,#339,#340,#341,#342,#343,#344,#345,#346,#347,#348,#349,#350,#351,#352,#353,#354,#355,#356,#357,#358,#359,#360,#361,#362,#363,#364,#365,#366,#367,#368,#369,#370,#371,#372,#373,#374,#375,#376,#377,#378,#379,#380,#381,#382,#383,#384,#385,#386,#387,#388,#389,#390,#391,#392,#393,#394,#395,#396,#397,#398,#399,#400,#401,#402,#403,#404,#405,#406,#407,#408,#409,#410,#411,#412,#413,#414,#415,#416,#417,#418,#419,#420,#421,#422,#423,#424,#425,#426,#427,#428,#429,#430,#431,#432,#433,#434,#435,#436,#437,#438,#439,#440,#441,#442,#443,#444,#445,#446,#447,#448,#449,#450,#451,#452,#453,#454,#455,#456,#457,#458,#459,#460,#461,#462,#463,#464,#465,#466,#467,#468,#469,#470,#471,#472,#473,#474,#475,#476,#477,#478,#479,#480,#481,#482,#483,#484,#485,#486));
#46=CARTESIAN_POINT('',(0.0,0.0,0.0));
#47=DIRECTION('',(0.0,0.0,1.0));
#48=DIRECTION('',(1.0,0.0,0.0));
#49=COMPOSITE_CURVE('',(#487,#488),.U.);
#50=COMPOSITE_CURVE('',(#489,#490),.U.);
#51=COMPOSITE_CURVE('',(#491,#492),.U.);
#52=COMPOSITE_CURVE('',(#493,#494),.U.);
#53=COMPOSITE_CURVE('',(#495,#496),.U.);
#54=COMPOSITE_CURVE('',(#497,#498),.U.);
#55=COMPOSITE_CURVE('',(#499,#500),.U.);
#56=COMPOSITE_CURVE('',(#501,#502),.U.);
#57=COMPOSITE_CURVE('',(#503,#504),.U.);
#58=COMPOSITE_CURVE('',(#505,#506),.U.);
#59=COMPOSITE_CURVE('',(#507,#508),.U.);
#60=COMPOSITE_CURVE('',(#509,#510),.U.);
#61=COMPOSITE_CURVE('',(#511),.U.);
#62=COMPOSITE_CURVE('',(#512,#513,#514,#515,#516,#517,#518),.U.);
#63=CARTESIAN_POINT('',(0.0,0.0,0.0));
#64=DIRECTION('',(0.0,0.0,1.0));
#65=DIRECTION('',(1.0,0.0,0.0));
#66= (NAMED_UNIT(#35)LENGTH_UNIT()SI_UNIT(.MILLI.,.METRE.));
#67=ADVANCED_FACE('',(#520),#521,.F.);
#68=ADVANCED_FACE('',(#522),#523,.T.);
#69=ADVANCED_FACE('',(#524),#525,.T.);
#70=ADVANCED_FACE('',(#526),#527,.T.);
#71=ADVANCED_FACE('',(#528,#529,#530,#531,#532,#533,#534,#535,#536,#537,#538,#539,#540),#541,.T.);
#72=ADVANCED_FACE('',(#542),#543,.F.);
#73=ADVANCED_FACE('',(#544),#545,.F.);
#74=ADVANCED_FACE('',(#546),#547,.F.);
#75=ADVANCED_FACE('',(#548),#549,.F.);
#76=ADVANCED_FACE('',(#550),#551,.F.);
#77=ADVANCED_FACE('',(#552),#553,.T.);
#78=ADVANCED_FACE('',(#554),#555,.F.);
#79=ADVANCED_FACE('',(#556),#557,.F.);
#80=ADVANCED_FACE('',(#558),#559,.F.);
#81=ADVANCED_FACE('',(#560),#561,.F.);
#82=ADVANCED_FACE('',(#562),#563,.F.);
#83=ADVANCED_FACE('',(#564),#565,.F.);
#84=ADVANCED_FACE('',(#566),#567,.F.);
#85=ADVANCED_FACE('',(#568),#569,.F.);
#86=ADVANCED_FACE('',(#570),#571,.T.);
#87=ADVANCED_FACE('',(#572),#573,.F.);
#88=ADVANCED_FACE('',(#574),#575,.F.);
#89=ADVANCED_FACE('',(#576),#577,.F.);
#90=ADVANCED_FACE('',(#578),#579,.F.);
#91=ADVANCED_FACE('',(#580),#581,.F.);
#92=ADVANCED_FACE('',(#582),#583,.F.);
#93=ADVANCED_FACE('',(#584),#585,.F.);
#94=ADVANCED_FACE('',(#586),#587,.F.);
#95=ADVANCED_FACE('',(#588),#589,.T.);
#96=ADVANCED_FACE('',(#590),#591,.F.);
#97=ADVANCED_FACE('',(#592),#593,.F.);
#98=ADVANCED_FACE('',(#594),#595,.F.);
#99=ADVANCED_FACE('',(#596),#597,.F.);
#100=ADVANCED_FACE('',(#598),#599,.F.);
#101=ADVANCED_FACE('',(#600),#601,.F.);
#102=ADVANCED_FACE('',(#602),#603,.F.);
#103=ADVANCED_FACE('',(#604),#605,.F.);
#104=ADVANCED_FACE('',(#606),#607,.T.);
#105=ADVANCED_FACE('',(#608),#609,.F.);
#106=ADVANCED_FACE('',(#610),#611,.F.);
#107=ADVANCED_FACE('',(#612),#613,.F.);
#108=ADVANCED_FACE('',(#614),#615,.F.);
#109=ADVANCED_FACE('',(#616),#617,.F.);
#110=ADVANCED_FACE('',(#618),#619,.F.);
#111=ADVANCED_FACE('',(#620),#621,.F.);
#112=ADVANCED_FACE('',(#622),#623,.F.);
#113=ADVANCED_FACE('',(#624),#625,.T.);
#114=ADVANCED_FACE('',(#626),#627,.F.);
#115=ADVANCED_FACE('',(#628),#629,.F.);
#116=ADVANCED_FACE('',(#630),#631,.F.);
#117=ADVANCED_FACE('',(#632),#633,.F.);
#118=ADVANCED_FACE('',(#634),#635,.F.);
#119=ADVANCED_FACE('',(#636),#637,.F.);
#120=ADVANCED_FACE('',(#638),#639,.F.);
#121=ADVANCED_FACE('',(#640),#641,.F.);
#122=ADVANCED_FACE('',(#642),#643,.T.);
#123=ADVANCED_FACE('',(#644),#645,.F.);
#124=ADVANCED_FACE('',(#646),#647,.F.);
#125=ADVANCED_FACE('',(#648),#649,.F.);
#126=ADVANCED_FACE('',(#650),#651,.F.);
#127=ADVANCED_FACE('',(#652),#653,.F.);
#128=ADVANCED_FACE('',(#654),#655,.F.);
#129=ADVANCED_FACE('',(#656),#657,.F.);
#130=ADVANCED_FACE('',(#658),#659,.F.);
#131=ADVANCED_FACE('',(#660),#661,.T.);
#132=ADVANCED_FACE('',(#662),#663,.F.);
#133=ADVANCED_FACE('',(#664),#665,.F.);
#134=ADVANCED_FACE('',(#666),#667,.F.);
#135=ADVANCED_FACE('',(#668),#669,.F.);
#136=ADVANCED_FACE('',(#670),#671,.F.);
#137=ADVANCED_FACE('',(#672),#673,.F.);
#138=ADVANCED_FACE('',(#674),#675,.F.);
#139=ADVANCED_FACE('',(#676),#677,.F.);
#140=ADVANCED_FACE('',(#678),#679,.T.);
#141=ADVANCED_FACE('',(#680),#681,.F.);
#142=ADVANCED_FACE('',(#682),#683,.F.);
#143=ADVANCED_FACE('',(#684),#685,.F.);
#144=ADVANCED_FACE('',(#686),#687,.F.);
#145=ADVANCED_FACE('',(#688),#689,.F.);
#146=ADVANCED_FACE('',(#690),#691,.F.);
#147=ADVANCED_FACE('',(#692),#693,.F.);
#148=ADVANCED_FACE('',(#694),#695,.F.);
#149=ADVANCED_FACE('',(#696),#697,.T.);
#150=ADVANCED_FACE('',(#698),#699,.F.);
#151=ADVANCED_FACE('',(#700),#701,.F.);
#152=ADVANCED_FACE('',(#702),#703,.F.);
#153=ADVANCED_FACE('',(#704),#705,.F.);
#154=ADVANCED_FACE('',(#706),#707,.F.);
#155=ADVANCED_FACE('',(#708),#709,.F.);
#156=ADVANCED_FACE('',(#710),#711,.F.);
#157=ADVANCED_FACE('',(#712),#713,.F.);
#158=ADVANCED_FACE('',(#714),#715,.T.);
#159=ADVANCED_FACE('',(#716),#717,.F.);
#160=ADVANCED_FACE('',(#718),#719,.F.);
#161=ADVANCED_FACE('',(#720),#721,.F.);
#162=ADVANCED_FACE('',(#722),#723,.F.);
#163=ADVANCED_FACE('',(#724),#725,.F.);
#164=ADVANCED_FACE('',(#726),#727,.F.);
#165=ADVANCED_FACE('',(#728),#729,.F.);
#166=ADVANCED_FACE('',(#730),#731,.F.);
#167=ADVANCED_FACE('',(#732),#733,.T.);
#168=ADVANCED_FACE('',(#734),#735,.F.);
#169=ADVANCED_FACE('',(#736),#737,.F.);
#170=ADVANCED_FACE('',(#738),#739,.F.);
#171=ADVANCED_FACE('',(#740),#741,.F.);
#172=ADVANCED_FACE('',(#742),#743,.F.);
#173=ADVANCED_FACE('',(#744),#745,.F.);
#174=ADVANCED_FACE('',(#746),#747,.F.);
#175=ADVANCED_FACE('',(#748),#749,.F.);
#176=ADVANCED_FACE('',(#750),#751,.T.);
#177=ADVANCED_FACE('',(#752),#753,.F.);
#178=ADVANCED_FACE('',(#754),#755,.F.);
#179=ADVANCED_FACE('',(#756),#757,.F.);
#180=ADVANCED_FACE('',(#758),#759,.T.);
#181=ADVANCED_FACE('',(#760),#761,.F.);
#182=ADVANCED_FACE('',(#762),#763,.T.);
#183=ADVANCED_FACE('',(#764),#765,.T.);
#184=ADVANCED_FACE('',(#766),#767,.T.);
#185=ADVANCED_FACE('',(#768),#769,.F.);
#186=ADVANCED_FACE('',(#770),#771,.T.);
#187=ADVANCED_FACE('',(#772),#773,.T.);
#188=ADVANCED_FACE('',(#774),#775,.T.);
#189=ADVANCED_FACE('',(#776),#777,.F.);
#190=ADVANCED_FACE('',(#778),#779,.F.);
#191=ADVANCED_FACE('',(#780),#781,.T.);
#192=ADVANCED_FACE('',(#782,#783,#784,#785,#786,#787,#788,#789,#790,#791,#792,#793,#794),#795,.T.);
#193=ADVANCED_FACE('',(#796),#797,.T.);
#194=ADVANCED_FACE('',(#798),#799,.T.);
#195=ADVANCED_FACE('',(#800),#801,.F.);
#196=ADVANCED_FACE('',(#802),#803,.F.);
#197=ADVANCED_FACE('',(#804),#805,.F.);
#198=ADVANCED_FACE('',(#806),#807,.F.);
#199=ADVANCED_FACE('',(#808),#809,.T.);
#200=ADVANCED_FACE('',(#810),#811,.F.);
#201=ADVANCED_FACE('',(#812),#813,.F.);
#202=ADVANCED_FACE('',(#814),#815,.F.);
#203=ADVANCED_FACE('',(#816),#817,.F.);
#204=ADVANCED_FACE('',(#818),#819,.T.);
#205=ADVANCED_FACE('',(#820),#821,.F.);
#206=ADVANCED_FACE('',(#822),#823,.F.);
#207=ADVANCED_FACE('',(#824),#825,.F.);
#208=ADVANCED_FACE('',(#826),#827,.F.);
#209=ADVANCED_FACE('',(#828),#829,.T.);
#210=ADVANCED_FACE('',(#830),#831,.F.);
#211=ADVANCED_FACE('',(#832),#833,.F.);
#212=ADVANCED_FACE('',(#834),#835,.F.);
#213=ADVANCED_FACE('',(#836),#837,.F.);
#214=ADVANCED_FACE('',(#838),#839,.T.);
#215=ADVANCED_FACE('',(#840),#841,.F.);
#216=ADVANCED_FACE('',(#842),#843,.F.);
#217=ADVANCED_FACE('',(#844),#845,.F.);
#218=ADVANCED_FACE('',(#846),#847,.F.);
#219=ADVANCED_FACE('',(#848),#849,.T.);
#220=ADVANCED_FACE('',(#850),#851,.F.);
#221=ADVANCED_FACE('',(#852),#853,.F.);
#222=ADVANCED_FACE('',(#854),#855,.F.);
#223=ADVANCED_FACE('',(#856),#857,.F.);
#224=ADVANCED_FACE('',(#858),#859,.T.);
#225=ADVANCED_FACE('',(#860),#861,.F.);
#226=ADVANCED_FACE('',(#862),#863,.F.);
#227=ADVANCED_FACE('',(#864),#865,.F.);
#228=ADVANCED_FACE('',(#866),#867,.F.);
#229=ADVANCED_FACE('',(#868),#869,.T.);
#230=ADVANCED_FACE('',(#870),#871,.F.);
#231=ADVANCED_FACE('',(#872),#873,.F.);
#232=ADVANCED_FACE('',(#874),#875,.F.);
#233=ADVANCED_FACE('',(#876),#877,.F.);
#234=ADVANCED_FACE('',(#878),#879,.T.);
#235=ADVANCED_FACE('',(#880),#881,.F.);
#236=ADVANCED_FACE('',(#882),#883,.F.);
#237=ADVANCED_FACE('',(#884),#885,.F.);
#238=ADVANCED_FACE('',(#886),#887,.F.);
#239=ADVANCED_FACE('',(#888),#889,.T.);
#240=ADVANCED_FACE('',(#890),#891,.F.);
#241=ADVANCED_FACE('',(#892),#893,.F.);
#242=ADVANCED_FACE('',(#894),#895,.F.);
#243=ADVANCED_FACE('',(#896),#897,.F.);
#244=ADVANCED_FACE('',(#898),#899,.T.);
#245=ADVANCED_FACE('',(#900),#901,.F.);
#246=ADVANCED_FACE('',(#902),#903,.F.);
#247=ADVANCED_FACE('',(#904),#905,.F.);
#248=ADVANCED_FACE('',(#906),#907,.F.);
#249=ADVANCED_FACE('',(#908),#909,.T.);
#250=ADVANCED_FACE('',(#910),#911,.F.);
#251=ADVANCED_FACE('',(#912),#913,.F.);
#252=ADVANCED_FACE('',(#914),#915,.F.);
#253=ADVANCED_FACE('',(#916),#917,.F.);
#254=ADVANCED_FACE('',(#918),#919,.T.);
#255=ADVANCED_FACE('',(#920),#921,.T.);
#256=ADVANCED_FACE('',(#922),#923,.T.);
#257=ADVANCED_FACE('',(#924),#925,.F.);
#258=ADVANCED_FACE('',(#926),#927,.F.);
#259=ADVANCED_FACE('',(#928),#929,.F.);
#260=ADVANCED_FACE('',(#930),#931,.F.);
#261=ADVANCED_FACE('',(#932),#933,.T.);
#262=ADVANCED_FACE('',(#934),#935,.F.);
#263=ADVANCED_FACE('',(#936),#937,.F.);
#264=ADVANCED_FACE('',(#938),#939,.F.);
#265=ADVANCED_FACE('',(#940),#941,.T.);
#266=ADVANCED_FACE('',(#942),#943,.T.);
#267=ADVANCED_FACE('',(#944),#945,.F.);
#268=ADVANCED_FACE('',(#946),#947,.F.);
#269=ADVANCED_FACE('',(#948),#949,.F.);
#270=ADVANCED_FACE('',(#950),#951,.T.);
#271=ADVANCED_FACE('',(#952),#953,.F.);
#272=ADVANCED_FACE('',(#954),#955,.T.);
#273=ADVANCED_FACE('',(#956),#957,.T.);
#274=ADVANCED_FACE('',(#958),#959,.F.);
#275=ADVANCED_FACE('',(#960),#961,.T.);
#276=ADVANCED_FACE('',(#962),#963,.T.);
#277=ADVANCED_FACE('',(#964),#965,.T.);
#278=ADVANCED_FACE('',(#966),#967,.F.);
#279=ADVANCED_FACE('',(#968),#969,.T.);
#280=ADVANCED_FACE('',(#970),#971,.F.);
#281=ADVANCED_FACE('',(#972),#973,.F.);
#282=ADVANCED_FACE('',(#974),#975,.F.);
#283=ADVANCED_FACE('',(#976),#977,.T.);
#284=ADVANCED_FACE('',(#978),#979,.F.);
#285=ADVANCED_FACE('',(#980),#981,.F.);
#286=ADVANCED_FACE('',(#982),#983,.F.);
#287=ADVANCED_FACE('',(#984),#985,.T.);
#288=ADVANCED_FACE('',(#986),#987,.F.);
#289=ADVANCED_FACE('',(#988),#989,.F.);
#290=ADVANCED_FACE('',(#990),#991,.F.);
#291=ADVANCED_FACE('',(#992),#993,.F.);
#292=ADVANCED_FACE('',(#994),#995,.T.);
#293=ADVANCED_FACE('',(#996),#997,.T.);
#294=ADVANCED_FACE('',(#998),#999,.T.);
#295=ADVANCED_FACE('',(#1000),#1001,.T.);
#296=ADVANCED_FACE('',(#1002),#1003,.T.);
#297=ADVANCED_FACE('',(#1004),#1005,.F.);
#298=ADVANCED_FACE('',(#1006),#1007,.F.);
#299=ADVANCED_FACE('',(#1008),#1009,.F.);
#300=ADVANCED_FACE('',(#1010),#1011,.T.);
#301=ADVANCED_FACE('',(#1012),#1013,.F.);
#302=ADVANCED_FACE('',(#1014),#1015,.F.);
#303=ADVANCED_FACE('',(#1016),#1017,.F.);
#304=ADVANCED_FACE('',(#1018),#1019,.T.);
#305=ADVANCED_FACE('',(#1020),#1021,.F.);
#306=ADVANCED_FACE('',(#1022),#1023,.F.);
#307=ADVANCED_FACE('',(#1024),#1025,.F.);
#308=ADVANCED_FACE('',(#1026),#1027,.T.);
#309=ADVANCED_FACE('',(#1028),#1029,.F.);
#310=ADVANCED_FACE('',(#1030),#1031,.F.);
#311=ADVANCED_FACE('',(#1032),#1033,.F.);
#312=ADVANCED_FACE('',(#1034),#1035,.F.);
#313=ADVANCED_FACE('',(#1036),#1037,.T.);
#314=ADVANCED_FACE('',(#1038),#1039,.T.);
#315=ADVANCED_FACE('',(#1040),#1041,.T.);
#316=ADVANCED_FACE('',(#1042),#1043,.T.);
#317=ADVANCED_FACE('',(#1044),#1045,.T.);
#318=ADVANCED_FACE('',(#1046),#1047,.F.);
#319=ADVANCED_FACE('',(#1048),#1049,.F.);
#320=ADVANCED_FACE('',(#1050),#1051,.F.);
#321=ADVANCED_FACE('',(#1052),#1053,.T.);
#322=ADVANCED_FACE('',(#1054),#1055,.F.);
#323=ADVANCED_FACE('',(#1056),#1057,.F.);
#324=ADVANCED_FACE('',(#1058),#1059,.F.);
#325=ADVANCED_FACE('',(#1060),#1061,.T.);
#326=ADVANCED_FACE('',(#1062),#1063,.F.);
#327=ADVANCED_FACE('',(#1064),#1065,.F.);
#328=ADVANCED_FACE('',(#1066),#1067,.F.);
#329=ADVANCED_FACE('',(#1068),#1069,.T.);
#330=ADVANCED_FACE('',(#1070),#1071,.T.);
#331=ADVANCED_FACE('',(#1072),#1073,.T.);
#332=ADVANCED_FACE('',(#1074),#1075,.T.);
#333=ADVANCED_FACE('',(#1076),#1077,.T.);
#334=ADVANCED_FACE('',(#1078),#1079,.T.);
#335=ADVANCED_FACE('',(#1080),#1081,.T.);
#336=ADVANCED_FACE('',(#1082),#1083,.T.);
#337=ADVANCED_FACE('',(#1084),#1085,.T.);
#338=ADVANCED_FACE('',(#1086),#1087,.T.);
#339=ADVANCED_FACE('',(#1088),#1089,.T.);
#340=ADVANCED_FACE('',(#1090),#1091,.T.);
#341=ADVANCED_FACE('',(#1092),#1093,.T.);
#342=ADVANCED_FACE('',(#1094),#1095,.F.);
#343=ADVANCED_FACE('',(#1096),#1097,.T.);
#344=ADVANCED_FACE('',(#1098),#1099,.T.);
#345=ADVANCED_FACE('',(#1100),#1101,.F.);
#346=ADVANCED_FACE('',(#1102),#1103,.F.);
#347=ADVANCED_FACE('',(#1104),#1105,.F.);
#348=ADVANCED_FACE('',(#1106),#1107,.F.);
#349=ADVANCED_FACE('',(#1108),#1109,.F.);
#350=ADVANCED_FACE('',(#1110),#1111,.F.);
#351=ADVANCED_FACE('',(#1112),#1113,.F.);
#352=ADVANCED_FACE('',(#1114),#1115,.F.);
#353=ADVANCED_FACE('',(#1116),#1117,.F.);
#354=ADVANCED_FACE('',(#1118),#1119,.F.);
#355=ADVANCED_FACE('',(#1120),#1121,.F.);
#356=ADVANCED_FACE('',(#1122),#1123,.F.);
#357=ADVANCED_FACE('',(#1124),#1125,.F.);
#358=ADVANCED_FACE('',(#1126),#1127,.F.);
#359=ADVANCED_FACE('',(#1128),#1129,.F.);
#360=ADVANCED_FACE('',(#1130),#1131,.F.);
#361=ADVANCED_FACE('',(#1132),#1133,.F.);
#362=ADVANCED_FACE('',(#1134),#1135,.F.);
#363=ADVANCED_FACE('',(#1136),#1137,.F.);
#364=ADVANCED_FACE('',(#1138),#1139,.F.);
#365=ADVANCED_FACE('',(#1140),#1141,.F.);
#366=ADVANCED_FACE('',(#1142),#1143,.F.);
#367=ADVANCED_FACE('',(#1144),#1145,.F.);
#368=ADVANCED_FACE('',(#1146),#1147,.F.);
#369=ADVANCED_FACE('',(#1148),#1149,.F.);
#370=ADVANCED_FACE('',(#1150),#1151,.F.);
#371=ADVANCED_FACE('',(#1152),#1153,.F.);
#372=ADVANCED_FACE('',(#1154),#1155,.F.);
#373=ADVANCED_FACE('',(#1156),#1157,.F.);
#374=ADVANCED_FACE('',(#1158),#1159,.F.);
#375=ADVANCED_FACE('',(#1160),#1161,.F.);
#376=ADVANCED_FACE('',(#1162),#1163,.F.);
#377=ADVANCED_FACE('',(#1164),#1165,.F.);
#378=ADVANCED_FACE('',(#1166),#1167,.F.);
#379=ADVANCED_FACE('',(#1168),#1169,.F.);
#380=ADVANCED_FACE('',(#1170),#1171,.F.);
#381=ADVANCED_FACE('',(#1172),#1173,.T.);
#382=ADVANCED_FACE('',(#1174),#1175,.F.);
#383=ADVANCED_FACE('',(#1176),#1177,.F.);
#384=ADVANCED_FACE('',(#1178),#1179,.T.);
#385=ADVANCED_FACE('',(#1180),#1181,.T.);
#386=ADVANCED_FACE('',(#1182),#1183,.F.);
#387=ADVANCED_FACE('',(#1184),#1185,.T.);
#388=ADVANCED_FACE('',(#1186),#1187,.T.);
#389=ADVANCED_FACE('',(#1188),#1189,.T.);
#390=ADVANCED_FACE('',(#1190),#1191,.F.);
#391=ADVANCED_FACE('',(#1192),#1193,.F.);
#392=ADVANCED_FACE('',(#1194),#1195,.T.);
#393=ADVANCED_FACE('',(#1196),#1197,.T.);
#394=ADVANCED_FACE('',(#1198),#1199,.F.);
#395=ADVANCED_FACE('',(#1200),#1201,.T.);
#396=ADVANCED_FACE('',(#1202),#1203,.T.);
#397=ADVANCED_FACE('',(#1204),#1205,.T.);
#398=ADVANCED_FACE('',(#1206),#1207,.F.);
#399=ADVANCED_FACE('',(#1208),#1209,.F.);
#400=ADVANCED_FACE('',(#1210),#1211,.T.);
#401=ADVANCED_FACE('',(#1212),#1213,.T.);
#402=ADVANCED_FACE('',(#1214),#1215,.F.);
#403=ADVANCED_FACE('',(#1216),#1217,.T.);
#404=ADVANCED_FACE('',(#1218),#1219,.T.);
#405=ADVANCED_FACE('',(#1220),#1221,.T.);
#406=ADVANCED_FACE('',(#1222),#1223,.F.);
#407=ADVANCED_FACE('',(#1224),#1225,.F.);
#408=ADVANCED_FACE('',(#1226),#1227,.T.);
#409=ADVANCED_FACE('',(#1228),#1229,.T.);
#410=ADVANCED_FACE('',(#1230),#1231,.F.);
#411=ADVANCED_FACE('',(#1232),#1233,.T.);
#412=ADVANCED_FACE('',(#1234),#1235,.T.);
#413=ADVANCED_FACE('',(#1236),#1237,.T.);
#414=ADVANCED_FACE('',(#1238),#1239,.F.);
#415=ADVANCED_FACE('',(#1240),#1241,.F.);
#416=ADVANCED_FACE('',(#1242),#1243,.T.);
#417=ADVANCED_FACE('',(#1244),#1245,.T.);
#418=ADVANCED_FACE('',(#1246),#1247,.F.);
#419=ADVANCED_FACE('',(#1248),#1249,.T.);
#420=ADVANCED_FACE('',(#1250),#1251,.T.);
#421=ADVANCED_FACE('',(#1252),#1253,.T.);
#422=ADVANCED_FACE('',(#1254),#1255,.F.);
#423=ADVANCED_FACE('',(#1256),#1257,.F.);
#424=ADVANCED_FACE('',(#1258),#1259,.T.);
#425=ADVANCED_FACE('',(#1260),#1261,.T.);
#426=ADVANCED_FACE('',(#1262),#1263,.F.);
#427=ADVANCED_FACE('',(#1264),#1265,.T.);
#428=ADVANCED_FACE('',(#1266),#1267,.T.);
#429=ADVANCED_FACE('',(#1268),#1269,.T.);
#430=ADVANCED_FACE('',(#1270),#1271,.F.);
#431=ADVANCED_FACE('',(#1272),#1273,.F.);
#432=ADVANCED_FACE('',(#1274),#1275,.T.);
#433=ADVANCED_FACE('',(#1276),#1277,.T.);
#434=ADVANCED_FACE('',(#1278),#1279,.F.);
#435=ADVANCED_FACE('',(#1280),#1281,.T.);
#436=ADVANCED_FACE('',(#1282),#1283,.T.);
#437=ADVANCED_FACE('',(#1284),#1285,.T.);
#438=ADVANCED_FACE('',(#1286),#1287,.F.);
#439=ADVANCED_FACE('',(#1288),#1289,.F.);
#440=ADVANCED_FACE('',(#1290),#1291,.T.);
#441=ADVANCED_FACE('',(#1292),#1293,.T.);
#442=ADVANCED_FACE('',(#1294),#1295,.F.);
#443=ADVANCED_FACE('',(#1296),#1297,.T.);
#444=ADVANCED_FACE('',(#1298),#1299,.T.);
#445=ADVANCED_FACE('',(#1300),#1301,.T.);
#446=ADVANCED_FACE('',(#1302),#1303,.F.);
#447=ADVANCED_FACE('',(#1304),#1305,.F.);
#448=ADVANCED_FACE('',(#1306),#1307,.T.);
#449=ADVANCED_FACE('',(#1308),#1309,.T.);
#450=ADVANCED_FACE('',(#1310),#1311,.F.);
#451=ADVANCED_FACE('',(#1312),#1313,.T.);
#452=ADVANCED_FACE('',(#1314),#1315,.T.);
#453=ADVANCED_FACE('',(#1316),#1317,.T.);
#454=ADVANCED_FACE('',(#1318),#1319,.F.);
#455=ADVANCED_FACE('',(#1320),#1321,.F.);
#456=ADVANCED_FACE('',(#1322),#1323,.T.);
#457=ADVANCED_FACE('',(#1324),#1325,.T.);
#458=ADVANCED_FACE('',(#1326),#1327,.F.);
#459=ADVANCED_FACE('',(#1328),#1329,.T.);
#460=ADVANCED_FACE('',(#1330),#1331,.T.);
#461=ADVANCED_FACE('',(#1332),#1333,.T.);
#462=ADVANCED_FACE('',(#1334),#1335,.F.);
#463=ADVANCED_FACE('',(#1336),#1337,.F.);
#464=ADVANCED_FACE('',(#1338),#1339,.T.);
#465=ADVANCED_FACE('',(#1340),#1341,.T.);
#466=ADVANCED_FACE('',(#1342),#1343,.F.);
#467=ADVANCED_FACE('',(#1344),#1345,.T.);
#468=ADVANCED_FACE('',(#1346),#1347,.T.);
#469=ADVANCED_FACE('',(#1348),#1349,.T.);
#470=ADVANCED_FACE('',(#1350),#1351,.F.);
#471=ADVANCED_FACE('',(#1352),#1353,.T.);
#472=ADVANCED_FACE('',(#1354),#1355,.T.);
#473=ADVANCED_FACE('',(#1356),#1357,.T.);
#474=ADVANCED_FACE('',(#1358),#1359,.T.);
#475=ADVANCED_FACE('',(#1360),#1361,.T.);
#476=ADVANCED_FACE('',(#1362),#1363,.F.);
#477=ADVANCED_FACE('',(#1364),#1365,.T.);
#478=ADVANCED_FACE('',(#1366),#1367,.T.);
#479=ADVANCED_FACE('',(#1368),#1369,.T.);
#480=ADVANCED_FACE('',(#1370),#1371,.F.);
#481=ADVANCED_FACE('',(#1372),#1373,.T.);
#482=ADVANCED_FACE('',(#1374),#1375,.T.);
#483=ADVANCED_FACE('',(#1376),#1377,.T.);
#484=ADVANCED_FACE('',(#1378),#1379,.F.);
#485=ADVANCED_FACE('',(#1380),#1381,.F.);
#486=ADVANCED_FACE('',(#1382),#1383,.T.);
#487=COMPOSITE_CURVE_SEGMENT(.CONTINUOUS.,.T.,#1384);
#488=COMPOSITE_CURVE_SEGMENT(.CONTINUOUS.,.T.,#1385);
#489=COMPOSITE_CURVE_SEGMENT(.CONTINUOUS.,.T.,#1386);
#490=COMPOSITE_CURVE_SEGMENT(.CONTINUOUS.,.T.,#1387);
#491=COMPOSITE_CURVE_SEGMENT(.CONTINUOUS.,.T.,#1388);
#492=COMPOSITE_CURVE_SEGMENT(.CONTINUOUS.,.T.,#1389);
#493=COMPOSITE_CURVE_SEGMENT(.CONTINUOUS.,.T.,#1390);
#494=COMPOSITE_CURVE_SEGMENT(.CONTINUOUS.,.T.,#1391);
#495=COMPOSITE_CURVE_SEGMENT(.CONTINUOUS.,.T.,#1392);
#496=COMPOSITE_CURVE_SEGMENT(.CONTINUOUS.,.T.,#1393);
#497=COMPOSITE_CURVE_SEGMENT(.CONTINUOUS.,.T.,#1394);
#498=COMPOSITE_CURVE_SEGMENT(.CONTINUOUS.,.T.,#1395);
#499=COMPOSITE_CURVE_SEGMENT(.CONTINUOUS.,.T.,#1396);
#500=COMPOSITE_CURVE_SEGMENT(.CONTINUOUS.,.T.,#1397);
#501=COMPOSITE_CURVE_SEGMENT(.CONTINUOUS.,.T.,#1398);
#502=COMPOSITE_CURVE_SEGMENT(.CONTINUOUS.,.T.,#1399);
#503=COMPOSITE_CURVE_SEGMENT(.CONTINUOUS.,.T.,#1400);
#504=COMPOSITE_CURVE_SEGMENT(.CONTINUOUS.,.T.,#1401);
#505=COMPOSITE_CURVE_SEGMENT(.CONTINUOUS.,.T.,#1402);
#506=COMPOSITE_CURVE_SEGMENT(.CONTINUOUS.,.T.,#1403);
#507=COMPOSITE_CURVE_SEGMENT(.CONTINUOUS.,.T.,#1404);
#508=COMPOSITE_CURVE_SEGMENT(.CONTINUOUS.,.T.,#1405);
#509=COMPOSITE_CURVE_SEGMENT(.CONTINUOUS.,.T.,#1406);
#510=COMPOSITE_CURVE_SEGMENT(.CONTINUOUS.,.T.,#1407);
#511=COMPOSITE_CURVE_SEGMENT(.CONTINUOUS.,.T.,#1408);
#512=COMPOSITE_CURVE_SEGMENT(.CONTINUOUS.,.T.,#1409);
#513=COMPOSITE_CURVE_SEGMENT(.CONTINUOUS.,.T.,#1410);
#514=COMPOSITE_CURVE_SEGMENT(.CONTINUOUS.,.T.,#1411);
#515=COMPOSITE_CURVE_SEGMENT(.CONTINUOUS.,.T.,#1412);
#516=COMPOSITE_CURVE_SEGMENT(.CONTINUOUS.,.T.,#1413);
#517=COMPOSITE_CURVE_SEGMENT(.CONTINUOUS.,.T.,#1414);
#518=COMPOSITE_CURVE_SEGMENT(.CONTINUOUS.,.T.,#1415);
#520=FACE_OUTER_BOUND('',#1416,.T.);
#521=PLANE('',#1417);
#522=FACE_OUTER_BOUND('',#1418,.T.);
#523=PLANE('',#1419);
#524=FACE_OUTER_BOUND('',#1420,.T.);
#525=PLANE('',#1421);
#526=FACE_OUTER_BOUND('',#1422,.T.);
#527=PLANE('',#1423);
#528=FACE_OUTER_BOUND('',#1424,.T.);
#529=FACE_BOUND('',#1425,.T.);
#530=FACE_BOUND('',#1426,.T.);
#531=FACE_BOUND('',#1427,.T.);
#532=FACE_BOUND('',#1428,.T.);
#533=FACE_BOUND('',#1429,.T.);
#534=FACE_BOUND('',#1430,.T.);
#535=FACE_BOUND('',#1431,.T.);
#536=FACE_BOUND('',#1432,.T.);
#537=FACE_BOUND('',#1433,.T.);
#538=FACE_BOUND('',#1434,.T.);
#539=FACE_BOUND('',#1435,.T.);
#540=FACE_BOUND('',#1436,.T.);
#541=PLANE('',#1437);
#542=FACE_OUTER_BOUND('',#1438,.T.);
#543=PLANE('',#1439);
#544=FACE_OUTER_BOUND('',#1440,.T.);
#545=PLANE('',#1441);
#546=FACE_OUTER_BOUND('',#1442,.T.);
#547=PLANE('',#1443);
#548=FACE_OUTER_BOUND('',#1444,.T.);
#549=PLANE('',#1445);
#550=FACE_OUTER_BOUND('',#1446,.T.);
#551=PLANE('',#1447);
#552=FACE_OUTER_BOUND('',#1448,.T.);
#553=PLANE('',#1449);
#554=FACE_OUTER_BOUND('',#1450,.T.);
#555=PLANE('',#1451);
#556=FACE_OUTER_BOUND('',#1452,.T.);
#557=PLANE('',#1453);
#558=FACE_OUTER_BOUND('',#1454,.T.);
#559=PLANE('',#1455);
#560=FACE_OUTER_BOUND('',#1456,.T.);
#561=PLANE('',#1457);
#562=FACE_OUTER_BOUND('',#1458,.T.);
#563=PLANE('',#1459);
#564=FACE_OUTER_BOUND('',#1460,.T.);
#565=PLANE('',#1461);
#566=FACE_OUTER_BOUND('',#1462,.T.);
#567=PLANE('',#1463);
#568=FACE_OUTER_BOUND('',#1464,.T.);
#569=PLANE('',#1465);
#570=FACE_OUTER_BOUND('',#1466,.T.);
#571=PLANE('',#1467);
#572=FACE_OUTER_BOUND('',#1468,.T.);
#573=PLANE('',#1469);
#574=FACE_OUTER_BOUND('',#1470,.T.);
#575=PLANE('',#1471);
#576=FACE_OUTER_BOUND('',#1472,.T.);
#577=PLANE('',#1473);
#578=FACE_OUTER_BOUND('',#1474,.T.);
#579=PLANE('',#1475);
#580=FACE_OUTER_BOUND('',#1476,.T.);
#581=PLANE('',#1477);
#582=FACE_OUTER_BOUND('',#1478,.T.);
#583=PLANE('',#1479);
#584=FACE_OUTER_BOUND('',#1480,.T.);
#585=PLANE('',#1481);
#586=FACE_OUTER_BOUND('',#1482,.T.);
#587=PLANE('',#1483);
#588=FACE_OUTER_BOUND('',#1484,.T.);
#589=PLANE('',#1485);
#590=FACE_OUTER_BOUND('',#1486,.T.);
#591=PLANE('',#1487);
#592=FACE_OUTER_BOUND('',#1488,.T.);
#593=PLANE('',#1489);
#594=FACE_OUTER_BOUND('',#1490,.T.);
#595=PLANE('',#1491);
#596=FACE_OUTER_BOUND('',#1492,.T.);
#597=PLANE('',#1493);
#598=FACE_OUTER_BOUND('',#1494,.T.);
#599=PLANE('',#1495);
#600=FACE_OUTER_BOUND('',#1496,.T.);
#601=PLANE('',#1497);
#602=FACE_OUTER_BOUND('',#1498,.T.);
#603=PLANE('',#1499);
#604=FACE_OUTER_BOUND('',#1500,.T.);
#605=PLANE('',#1501);
#606=FACE_OUTER_BOUND('',#1502,.T.);
#607=PLANE('',#1503);
#608=FACE_OUTER_BOUND('',#1504,.T.);
#609=PLANE('',#1505);
#610=FACE_OUTER_BOUND('',#1506,.T.);
#611=PLANE('',#1507);
#612=FACE_OUTER_BOUND('',#1508,.T.);
#613=PLANE('',#1509);
#614=FACE_OUTER_BOUND('',#1510,.T.);
#615=PLANE('',#1511);
#616=FACE_OUTER_BOUND('',#1512,.T.);
#617=PLANE('',#1513);
#618=FACE_OUTER_BOUND('',#1514,.T.);
#619=PLANE('',#1515);
#620=FACE_OUTER_BOUND('',#1516,.T.);
#621=PLANE('',#1517);
#622=FACE_OUTER_BOUND('',#1518,.T.);
#623=PLANE('',#1519);
#624=FACE_OUTER_BOUND('',#1520,.T.);
#625=PLANE('',#1521);
#626=FACE_OUTER_BOUND('',#1522,.T.);
#627=PLANE('',#1523);
#628=FACE_OUTER_BOUND('',#1524,.T.);
#629=PLANE('',#1525);
#630=FACE_OUTER_BOUND('',#1526,.T.);
#631=PLANE('',#1527);
#632=FACE_OUTER_BOUND('',#1528,.T.);
#633=PLANE('',#1529);
#634=FACE_OUTER_BOUND('',#1530,.T.);
#635=PLANE('',#1531);
#636=FACE_OUTER_BOUND('',#1532,.T.);
#637=PLANE('',#1533);
#638=FACE_OUTER_BOUND('',#1534,.T.);
#639=PLANE('',#1535);
#640=FACE_OUTER_BOUND('',#1536,.T.);
#641=PLANE('',#1537);
#642=FACE_OUTER_BOUND('',#1538,.T.);
#643=PLANE('',#1539);
#644=FACE_OUTER_BOUND('',#1540,.T.);
#645=PLANE('',#1541);
#646=FACE_OUTER_BOUND('',#1542,.T.);
#647=PLANE('',#1543);
#648=FACE_OUTER_BOUND('',#1544,.T.);
#649=PLANE('',#1545);
#650=FACE_OUTER_BOUND('',#1546,.T.);
#651=PLANE('',#1547);
#652=FACE_OUTER_BOUND('',#1548,.T.);
#653=PLANE('',#1549);
#654=FACE_OUTER_BOUND('',#1550,.T.);
#655=PLANE('',#1551);
#656=FACE_OUTER_BOUND('',#1552,.T.);
#657=PLANE('',#1553);
#658=FACE_OUTER_BOUND('',#1554,.T.);
#659=PLANE('',#1555);
#660=FACE_OUTER_BOUND('',#1556,.T.);
#661=PLANE('',#1557);
#662=FACE_OUTER_BOUND('',#1558,.T.);
#663=PLANE('',#1559);
#664=FACE_OUTER_BOUND('',#1560,.T.);
#665=PLANE('',#1561);
#666=FACE_OUTER_BOUND('',#1562,.T.);
#667=PLANE('',#1563);
#668=FACE_OUTER_BOUND('',#1564,.T.);
#669=PLANE('',#1565);
#670=FACE_OUTER_BOUND('',#1566,.T.);
#671=PLANE('',#1567);
#672=FACE_OUTER_BOUND('',#1568,.T.);
#673=PLANE('',#1569);
#674=FACE_OUTER_BOUND('',#1570,.T.);
#675=PLANE('',#1571);
#676=FACE_OUTER_BOUND('',#1572,.T.);
#677=PLANE('',#1573);
#678=FACE_OUTER_BOUND('',#1574,.T.);
#679=PLANE('',#1575);
#680=FACE_OUTER_BOUND('',#1576,.T.);
#681=PLANE('',#1577);
#682=FACE_OUTER_BOUND('',#1578,.T.);
#683=PLANE('',#1579);
#684=FACE_OUTER_BOUND('',#1580,.T.);
#685=PLANE('',#1581);
#686=FACE_OUTER_BOUND('',#1582,.T.);
#687=PLANE('',#1583);
#688=FACE_OUTER_BOUND('',#1584,.T.);
#689=PLANE('',#1585);
#690=FACE_OUTER_BOUND('',#1586,.T.);
#691=PLANE('',#1587);
#692=FACE_OUTER_BOUND('',#1588,.T.);
#693=PLANE('',#1589);
#694=FACE_OUTER_BOUND('',#1590,.T.);
#695=PLANE('',#1591);
#696=FACE_OUTER_BOUND('',#1592,.T.);
#697=PLANE('',#1593);
#698=FACE_OUTER_BOUND('',#1594,.T.);
#699=PLANE('',#1595);
#700=FACE_OUTER_BOUND('',#1596,.T.);
#701=PLANE('',#1597);
#702=FACE_OUTER_BOUND('',#1598,.T.);
#703=PLANE('',#1599);
#704=FACE_OUTER_BOUND('',#1600,.T.);
#705=PLANE('',#1601);
#706=FACE_OUTER_BOUND('',#1602,.T.);
#707=PLANE('',#1603);
#708=FACE_OUTER_BOUND('',#1604,.T.);
#709=PLANE('',#1605);
#710=FACE_OUTER_BOUND('',#1606,.T.);
#711=PLANE('',#1607);
#712=FACE_OUTER_BOUND('',#1608,.T.);
#713=PLANE('',#1609);
#714=FACE_OUTER_BOUND('',#1610,.T.);
#715=PLANE('',#1611);
#716=FACE_OUTER_BOUND('',#1612,.T.);
#717=PLANE('',#1613);
#718=FACE_OUTER_BOUND('',#1614,.T.);
#719=PLANE('',#1615);
#720=FACE_OUTER_BOUND('',#1616,.T.);
#721=PLANE('',#1617);
#722=FACE_OUTER_BOUND('',#1618,.T.);
#723=PLANE('',#1619);
#724=FACE_OUTER_BOUND('',#1620,.T.);
#725=PLANE('',#1621);
#726=FACE_OUTER_BOUND('',#1622,.T.);
#727=PLANE('',#1623);
#728=FACE_OUTER_BOUND('',#1624,.T.);
#729=PLANE('',#1625);
#730=FACE_OUTER_BOUND('',#1626,.T.);
#731=PLANE('',#1627);
#732=FACE_OUTER_BOUND('',#1628,.T.);
#733=PLANE('',#1629);
#734=FACE_OUTER_BOUND('',#1630,.T.);
#735=PLANE('',#1631);
#736=FACE_OUTER_BOUND('',#1632,.T.);
#737=PLANE('',#1633);
#738=FACE_OUTER_BOUND('',#1634,.T.);
#739=PLANE('',#1635);
#740=FACE_OUTER_BOUND('',#1636,.T.);
#741=PLANE('',#1637);
#742=FACE_OUTER_BOUND('',#1638,.T.);
#743=PLANE('',#1639);
#744=FACE_OUTER_BOUND('',#1640,.T.);
#745=PLANE('',#1641);
#746=FACE_OUTER_BOUND('',#1642,.T.);
#747=PLANE('',#1643);
#748=FACE_OUTER_BOUND('',#1644,.T.);
#749=PLANE('',#1645);
#750=FACE_OUTER_BOUND('',#1646,.T.);
#751=PLANE('',#1647);
#752=FACE_OUTER_BOUND('',#1648,.T.);
#753=PLANE('',#1649);
#754=FACE_OUTER_BOUND('',#1650,.T.);
#755=PLANE('',#1651);
#756=FACE_OUTER_BOUND('',#1652,.T.);
#757=PLANE('',#1653);
#758=FACE_OUTER_BOUND('',#1654,.T.);
#759=PLANE('',#1655);
#760=FACE_OUTER_BOUND('',#1656,.T.);
#761=PLANE('',#1657);
#762=FACE_OUTER_BOUND('',#1658,.T.);
#763=PLANE('',#1659);
#764=FACE_OUTER_BOUND('',#1660,.T.);
#765=PLANE('',#1661);
#766=FACE_OUTER_BOUND('',#1662,.T.);
#767=PLANE('',#1663);
#768=FACE_OUTER_BOUND('',#1664,.T.);
#769=PLANE('',#1665);
#770=FACE_OUTER_BOUND('',#1666,.T.);
#771=PLANE('',#1667);
#772=FACE_OUTER_BOUND('',#1668,.T.);
#773=PLANE('',#1669);
#774=FACE_OUTER_BOUND('',#1670,.T.);
#775=PLANE('',#1671);
#776=FACE_OUTER_BOUND('',#1672,.T.);
#777=PLANE('',#1673);
#778=FACE_OUTER_BOUND('',#1674,.T.);
#779=PLANE('',#1675);
#780=FACE_OUTER_BOUND('',#1676,.T.);
#781=PLANE('',#1677);
#782=FACE_OUTER_BOUND('',#1678,.T.);
#783=FACE_BOUND('',#1679,.T.);
#784=FACE_BOUND('',#1680,.T.);
#785=FACE_BOUND('',#1681,.T.);
#786=FACE_BOUND('',#1682,.T.);
#787=FACE_BOUND('',#1683,.T.);
#788=FACE_BOUND('',#1684,.T.);
#789=FACE_BOUND('',#1685,.T.);
#790=FACE_BOUND('',#1686,.T.);
#791=FACE_BOUND('',#1687,.T.);
#792=FACE_BOUND('',#1688,.T.);
#793=FACE_BOUND('',#1689,.T.);
#794=FACE_BOUND('',#1690,.T.);
#795=PLANE('',#1691);
#796=FACE_OUTER_BOUND('',#1692,.T.);
#797=PLANE('',#1693);
#798=FACE_OUTER_BOUND('',#1694,.T.);
#799=PLANE('',#1695);
#800=FACE_OUTER_BOUND('',#1696,.T.);
#801=PLANE('',#1697);
#802=FACE_OUTER_BOUND('',#1698,.T.);
#803=PLANE('',#1699);
#804=FACE_OUTER_BOUND('',#1700,.T.);
#805=PLANE('',#1701);
#806=FACE_OUTER_BOUND('',#1702,.T.);
#807=PLANE('',#1703);
#808=FACE_OUTER_BOUND('',#1704,.T.);
#809=PLANE('',#1705);
#810=FACE_OUTER_BOUND('',#1706,.T.);
#811=PLANE('',#1707);
#812=FACE_OUTER_BOUND('',#1708,.T.);
#813=PLANE('',#1709);
#814=FACE_OUTER_BOUND('',#1710,.T.);
#815=PLANE('',#1711);
#816=FACE_OUTER_BOUND('',#1712,.T.);
#817=PLANE('',#1713);
#818=FACE_OUTER_BOUND('',#1714,.T.);
#819=PLANE('',#1715);
#820=FACE_OUTER_BOUND('',#1716,.T.);
#821=PLANE('',#1717);
#822=FACE_OUTER_BOUND('',#1718,.T.);
#823=PLANE('',#1719);
#824=FACE_OUTER_BOUND('',#1720,.T.);
#825=PLANE('',#1721);
#826=FACE_OUTER_BOUND('',#1722,.T.);
#827=PLANE('',#1723);
#828=FACE_OUTER_BOUND('',#1724,.T.);
#829=PLANE('',#1725);
#830=FACE_OUTER_BOUND('',#1726,.T.);
#831=PLANE('',#1727);
#832=FACE_OUTER_BOUND('',#1728,.T.);
#833=PLANE('',#1729);
#834=FACE_OUTER_BOUND('',#1730,.T.);
#835=PLANE('',#1731);
#836=FACE_OUTER_BOUND('',#1732,.T.);
#837=PLANE('',#1733);
#838=FACE_OUTER_BOUND('',#1734,.T.);
#839=PLANE('',#1735);
#840=FACE_OUTER_BOUND('',#1736,.T.);
#841=PLANE('',#1737);
#842=FACE_OUTER_BOUND('',#1738,.T.);
#843=PLANE('',#1739);
#844=FACE_OUTER_BOUND('',#1740,.T.);
#845=PLANE('',#1741);
#846=FACE_OUTER_BOUND('',#1742,.T.);
#847=PLANE('',#1743);
#848=FACE_OUTER_BOUND('',#1744,.T.);
#849=PLANE('',#1745);
#850=FACE_OUTER_BOUND('',#1746,.T.);
#851=PLANE('',#1747);
#852=FACE_OUTER_BOUND('',#1748,.T.);
#853=PLANE('',#1749);
#854=FACE_OUTER_BOUND('',#1750,.T.);
#855=PLANE('',#1751);
#856=FACE_OUTER_BOUND('',#1752,.T.);
#857=PLANE('',#1753);
#858=FACE_OUTER_BOUND('',#1754,.T.);
#859=PLANE('',#1755);
#860=FACE_OUTER_BOUND('',#1756,.T.);
#861=PLANE('',#1757);
#862=FACE_OUTER_BOUND('',#1758,.T.);
#863=PLANE('',#1759);
#864=FACE_OUTER_BOUND('',#1760,.T.);
#865=PLANE('',#1761);
#866=FACE_OUTER_BOUND('',#1762,.T.);
#867=PLANE('',#1763);
#868=FACE_OUTER_BOUND('',#1764,.T.);
#869=PLANE('',#1765);
#870=FACE_OUTER_BOUND('',#1766,.T.);
#871=PLANE('',#1767);
#872=FACE_OUTER_BOUND('',#1768,.T.);
#873=PLANE('',#1769);
#874=FACE_OUTER_BOUND('',#1770,.T.);
#875=PLANE('',#1771);
#876=FACE_OUTER_BOUND('',#1772,.T.);
#877=PLANE('',#1773);
#878=FACE_OUTER_BOUND('',#1774,.T.);
#879=PLANE('',#1775);
#880=FACE_OUTER_BOUND('',#1776,.T.);
#881=PLANE('',#1777);
#882=FACE_OUTER_BOUND('',#1778,.T.);
#883=PLANE('',#1779);
#884=FACE_OUTER_BOUND('',#1780,.T.);
#885=PLANE('',#1781);
#886=FACE_OUTER_BOUND('',#1782,.T.);
#887=PLANE('',#1783);
#888=FACE_OUTER_BOUND('',#1784,.T.);
#889=PLANE('',#1785);
#890=FACE_OUTER_BOUND('',#1786,.T.);
#891=PLANE('',#1787);
#892=FACE_OUTER_BOUND('',#1788,.T.);
#893=PLANE('',#1789);
#894=FACE_OUTER_BOUND('',#1790,.T.);
#895=PLANE('',#1791);
#896=FACE_OUTER_BOUND('',#1792,.T.);
#897=PLANE('',#1793);
#898=FACE_OUTER_BOUND('',#1794,.T.);
#899=PLANE('',#1795);
#900=FACE_OUTER_BOUND('',#1796,.T.);
#901=PLANE('',#1797);
#902=FACE_OUTER_BOUND('',#1798,.T.);
#903=PLANE('',#1799);
#904=FACE_OUTER_BOUND('',#1800,.T.);
#905=PLANE('',#1801);
#906=FACE_OUTER_BOUND('',#1802,.T.);
#907=PLANE('',#1803);
#908=FACE_OUTER_BOUND('',#1804,.T.);
#909=PLANE('',#1805);
#910=FACE_OUTER_BOUND('',#1806,.T.);
#911=PLANE('',#1807);
#912=FACE_OUTER_BOUND('',#1808,.T.);
#913=PLANE('',#1809);
#914=FACE_OUTER_BOUND('',#1810,.T.);
#915=PLANE('',#1811);
#916=FACE_OUTER_BOUND('',#1812,.T.);
#917=PLANE('',#1813);
#918=FACE_OUTER_BOUND('',#1814,.T.);
#919=PLANE('',#1815);
#920=FACE_OUTER_BOUND('',#1816,.T.);
#921=PLANE('',#1817);
#922=FACE_OUTER_BOUND('',#1818,.T.);
#923=PLANE('',#1819);
#924=FACE_OUTER_BOUND('',#1820,.T.);
#925=PLANE('',#1821);
#926=FACE_OUTER_BOUND('',#1822,.T.);
#927=PLANE('',#1823);
#928=FACE_OUTER_BOUND('',#1824,.T.);
#929=PLANE('',#1825);
#930=FACE_OUTER_BOUND('',#1826,.T.);
#931=PLANE('',#1827);
#932=FACE_OUTER_BOUND('',#1828,.T.);
#933=PLANE('',#1829);
#934=FACE_OUTER_BOUND('',#1830,.T.);
#935=PLANE('',#1831);
#936=FACE_OUTER_BOUND('',#1832,.T.);
#937=PLANE('',#1833);
#938=FACE_OUTER_BOUND('',#1834,.T.);
#939=PLANE('',#1835);
#940=FACE_OUTER_BOUND('',#1836,.T.);
#941=PLANE('',#1837);
#942=FACE_OUTER_BOUND('',#1838,.T.);
#943=PLANE('',#1839);
#944=FACE_OUTER_BOUND('',#1840,.T.);
#945=PLANE('',#1841);
#946=FACE_OUTER_BOUND('',#1842,.T.);
#947=PLANE('',#1843);
#948=FACE_OUTER_BOUND('',#1844,.T.);
#949=PLANE('',#1845);
#950=FACE_OUTER_BOUND('',#1846,.T.);
#951=PLANE('',#1847);
#952=FACE_OUTER_BOUND('',#1848,.T.);
#953=PLANE('',#1849);
#954=FACE_OUTER_BOUND('',#1850,.T.);
#955=CYLINDRICAL_SURFACE('',#1851,3.18);
#956=FACE_OUTER_BOUND('',#1852,.T.);
#957=CYLINDRICAL_SURFACE('',#1853,3.18);
#958=FACE_OUTER_BOUND('',#1854,.T.);
#959=PLANE('',#1855);
#960=FACE_OUTER_BOUND('',#1856,.T.);
#961=PLANE('',#1857);
#962=FACE_OUTER_BOUND('',#1858,.T.);
#963=PLANE('',#1859);
#964=FACE_OUTER_BOUND('',#1860,.T.);
#965=PLANE('',#1861);
#966=FACE_OUTER_BOUND('',#1862,.T.);
#967=PLANE('',#1863);
#968=FACE_OUTER_BOUND('',#1864,.T.);
#969=PLANE('',#1865);
#970=FACE_OUTER_BOUND('',#1866,.T.);
#971=PLANE('',#1867);
#972=FACE_OUTER_BOUND('',#1868,.T.);
#973=PLANE('',#1869);
#974=FACE_OUTER_BOUND('',#1870,.T.);
#975=PLANE('',#1871);
#976=FACE_OUTER_BOUND('',#1872,.T.);
#977=PLANE('',#1873);
#978=FACE_OUTER_BOUND('',#1874,.T.);
#979=PLANE('',#1875);
#980=FACE_OUTER_BOUND('',#1876,.T.);
#981=PLANE('',#1877);
#982=FACE_OUTER_BOUND('',#1878,.T.);
#983=PLANE('',#1879);
#984=FACE_OUTER_BOUND('',#1880,.T.);
#985=PLANE('',#1881);
#986=FACE_OUTER_BOUND('',#1882,.T.);
#987=PLANE('',#1883);
#988=FACE_OUTER_BOUND('',#1884,.T.);
#989=PLANE('',#1885);
#990=FACE_OUTER_BOUND('',#1886,.T.);
#991=PLANE('',#1887);
#992=FACE_OUTER_BOUND('',#1888,.T.);
#993=PLANE('',#1889);
#994=FACE_OUTER_BOUND('',#1890,.T.);
#995=PLANE('',#1891);
#996=FACE_OUTER_BOUND('',#1892,.T.);
#997=PLANE('',#1893);
#998=FACE_OUTER_BOUND('',#1894,.T.);
#999=PLANE('',#1895);
#1000=FACE_OUTER_BOUND('',#1896,.T.);
#1001=CYLINDRICAL_SURFACE('',#1897,3.18);
#1002=FACE_OUTER_BOUND('',#1898,.T.);
#1003=PLANE('',#1899);
#1004=FACE_OUTER_BOUND('',#1900,.T.);
#1005=PLANE('',#1901);
#1006=FACE_OUTER_BOUND('',#1902,.T.);
#1007=PLANE('',#1903);
#1008=FACE_OUTER_BOUND('',#1904,.T.);
#1009=PLANE('',#1905);
#1010=FACE_OUTER_BOUND('',#1906,.T.);
#1011=PLANE('',#1907);
#1012=FACE_OUTER_BOUND('',#1908,.T.);
#1013=PLANE('',#1909);
#1014=FACE_OUTER_BOUND('',#1910,.T.);
#1015=PLANE('',#1911);
#1016=FACE_OUTER_BOUND('',#1912,.T.);
#1017=PLANE('',#1913);
#1018=FACE_OUTER_BOUND('',#1914,.T.);
#1019=PLANE('',#1915);
#1020=FACE_OUTER_BOUND('',#1916,.T.);
#1021=PLANE('',#1917);
#1022=FACE_OUTER_BOUND('',#1918,.T.);
#1023=PLANE('',#1919);
#1024=FACE_OUTER_BOUND('',#1920,.T.);
#1025=PLANE('',#1921);
#1026=FACE_OUTER_BOUND('',#1922,.T.);
#1027=PLANE('',#1923);
#1028=FACE_OUTER_BOUND('',#1924,.T.);
#1029=PLANE('',#1925);
#1030=FACE_OUTER_BOUND('',#1926,.T.);
#1031=PLANE('',#1927);
#1032=FACE_OUTER_BOUND('',#1928,.T.);
#1033=PLANE('',#1929);
#1034=FACE_OUTER_BOUND('',#1930,.T.);
#1035=PLANE('',#1931);
#1036=FACE_OUTER_BOUND('',#1932,.T.);
#1037=PLANE('',#1933);
#1038=FACE_OUTER_BOUND('',#1934,.T.);
#1039=PLANE('',#1935);
#1040=FACE_OUTER_BOUND('',#1936,.T.);
#1041=PLANE('',#1937);
#1042=FACE_OUTER_BOUND('',#1938,.T.);
#1043=CYLINDRICAL_SURFACE('',#1939,3.18);
#1044=FACE_OUTER_BOUND('',#1940,.T.);
#1045=PLANE('',#1941);
#1046=FACE_OUTER_BOUND('',#1942,.T.);
#1047=PLANE('',#1943);
#1048=FACE_OUTER_BOUND('',#1944,.T.);
#1049=PLANE('',#1945);
#1050=FACE_OUTER_BOUND('',#1946,.T.);
#1051=PLANE('',#1947);
#1052=FACE_OUTER_BOUND('',#1948,.T.);
#1053=PLANE('',#1949);
#1054=FACE_OUTER_BOUND('',#1950,.T.);
#1055=PLANE('',#1951);
#1056=FACE_OUTER_BOUND('',#1952,.T.);
#1057=PLANE('',#1953);
#1058=FACE_OUTER_BOUND('',#1954,.T.);
#1059=PLANE('',#1955);
#1060=FACE_OUTER_BOUND('',#1956,.T.);
#1061=PLANE('',#1957);
#1062=FACE_OUTER_BOUND('',#1958,.T.);
#1063=PLANE('',#1959);
#1064=FACE_OUTER_BOUND('',#1960,.T.);
#1065=PLANE('',#1961);
#1066=FACE_OUTER_BOUND('',#1962,.T.);
#1067=PLANE('',#1963);
#1068=FACE_OUTER_BOUND('',#1964,.T.);
#1069=PLANE('',#1965);
#1070=FACE_OUTER_BOUND('',#1966,.T.);
#1071=PLANE('',#1967);
#1072=FACE_OUTER_BOUND('',#1968,.T.);
#1073=PLANE('',#1969);
#1074=FACE_OUTER_BOUND('',#1970,.T.);
#1075=PLANE('',#1971);
#1076=FACE_OUTER_BOUND('',#1972,.T.);
#1077=PLANE('',#1973);
#1078=FACE_OUTER_BOUND('',#1974,.T.);
#1079=PLANE('',#1975);
#1080=FACE_OUTER_BOUND('',#1976,.T.);
#1081=PLANE('',#1977);
#1082=FACE_OUTER_BOUND('',#1978,.T.);
#1083=PLANE('',#1979);
#1084=FACE_OUTER_BOUND('',#1980,.T.);
#1085=PLANE('',#1981);
#1086=FACE_OUTER_BOUND('',#1982,.T.);
#1087=PLANE('',#1983);
#1088=FACE_OUTER_BOUND('',#1984,.T.);
#1089=PLANE('',#1985);
#1090=FACE_OUTER_BOUND('',#1986,.T.);
#1091=PLANE('',#1987);
#1092=FACE_OUTER_BOUND('',#1988,.T.);
#1093=PLANE('',#1989);
#1094=FACE_OUTER_BOUND('',#1990,.T.);
#1095=PLANE('',#1991);
#1096=FACE_OUTER_BOUND('',#1992,.T.);
#1097=PLANE('',#1993);
#1098=FACE_OUTER_BOUND('',#1994,.T.);
#1099=PLANE('',#1995);
#1100=FACE_OUTER_BOUND('',#1996,.T.);
#1101=PLANE('',#1997);
#1102=FACE_OUTER_BOUND('',#1998,.T.);
#1103=PLANE('',#1999);
#1104=FACE_OUTER_BOUND('',#2000,.T.);
#1105=PLANE('',#2001);
#1106=FACE_OUTER_BOUND('',#2002,.T.);
#1107=PLANE('',#2003);
#1108=FACE_OUTER_BOUND('',#2004,.T.);
#1109=PLANE('',#2005);
#1110=FACE_OUTER_BOUND('',#2006,.T.);
#1111=PLANE('',#2007);
#1112=FACE_OUTER_BOUND('',#2008,.T.);
#1113=PLANE('',#2009);
#1114=FACE_OUTER_BOUND('',#2010,.T.);
#1115=PLANE('',#2011);
#1116=FACE_OUTER_BOUND('',#2012,.T.);
#1117=PLANE('',#2013);
#1118=FACE_OUTER_BOUND('',#2014,.T.);
#1119=PLANE('',#2015);
#1120=FACE_OUTER_BOUND('',#2016,.T.);
#1121=PLANE('',#2017);
#1122=FACE_OUTER_BOUND('',#2018,.T.);
#1123=PLANE('',#2019);
#1124=FACE_OUTER_BOUND('',#2020,.T.);
#1125=PLANE('',#2021);
#1126=FACE_OUTER_BOUND('',#2022,.T.);
#1127=PLANE('',#2023);
#1128=FACE_OUTER_BOUND('',#2024,.T.);
#1129=PLANE('',#2025);
#1130=FACE_OUTER_BOUND('',#2026,.T.);
#1131=PLANE('',#2027);
#1132=FACE_OUTER_BOUND('',#2028,.T.);
#1133=PLANE('',#2029);
#1134=FACE_OUTER_BOUND('',#2030,.T.);
#1135=PLANE('',#2031);
#1136=FACE_OUTER_BOUND('',#2032,.T.);
#1137=PLANE('',#2033);
#1138=FACE_OUTER_BOUND('',#2034,.T.);
#1139=PLANE('',#2035);
#1140=FACE_OUTER_BOUND('',#2036,.T.);
#1141=PLANE('',#2037);
#1142=FACE_OUTER_BOUND('',#2038,.T.);
#1143=PLANE('',#2039);
#1144=FACE_OUTER_BOUND('',#2040,.T.);
#1145=PLANE('',#2041);
#1146=FACE_OUTER_BOUND('',#2042,.T.);
#1147=PLANE('',#2043);
#1148=FACE_OUTER_BOUND('',#2044,.T.);
#1149=PLANE('',#2045);
#1150=FACE_OUTER_BOUND('',#2046,.T.);
#1151=PLANE('',#2047);
#1152=FACE_OUTER_BOUND('',#2048,.T.);
#1153=PLANE('',#2049);
#1154=FACE_OUTER_BOUND('',#2050,.T.);
#1155=PLANE('',#2051);
#1156=FACE_OUTER_BOUND('',#2052,.T.);
#1157=PLANE('',#2053);
#1158=FACE_OUTER_BOUND('',#2054,.T.);
#1159=PLANE('',#2055);
#1160=FACE_OUTER_BOUND('',#2056,.T.);
#1161=PLANE('',#2057);
#1162=FACE_OUTER_BOUND('',#2058,.T.);
#1163=PLANE('',#2059);
#1164=FACE_OUTER_BOUND('',#2060,.T.);
#1165=PLANE('',#2061);
#1166=FACE_OUTER_BOUND('',#2062,.T.);
#1167=PLANE('',#2063);
#1168=FACE_OUTER_BOUND('',#2064,.T.);
#1169=PLANE('',#2065);
#1170=FACE_OUTER_BOUND('',#2066,.T.);
#1171=PLANE('',#2067);
#1172=FACE_OUTER_BOUND('',#2068,.T.);
#1173=PLANE('',#2069);
#1174=FACE_OUTER_BOUND('',#2070,.T.);
#1175=PLANE('',#2071);
#1176=FACE_OUTER_BOUND('',#2072,.T.);
#1177=PLANE('',#2073);
#1178=FACE_OUTER_BOUND('',#2074,.T.);
#1179=PLANE('',#2075);
#1180=FACE_OUTER_BOUND('',#2076,.T.);
#1181=PLANE('',#2077);
#1182=FACE_OUTER_BOUND('',#2078,.T.);
#1183=PLANE('',#2079);
#1184=FACE_OUTER_BOUND('',#2080,.T.);
#1185=PLANE('',#2081);
#1186=FACE_OUTER_BOUND('',#2082,.T.);
#1187=CYLINDRICAL_SURFACE('',#2083,0.5588);
#1188=FACE_OUTER_BOUND('',#2084,.T.);
#1189=PLANE('',#2085);
#1190=FACE_OUTER_BOUND('',#2086,.T.);
#1191=PLANE('',#2087);
#1192=FACE_OUTER_BOUND('',#2088,.T.);
#1193=PLANE('',#2089);
#1194=FACE_OUTER_BOUND('',#2090,.T.);
#1195=PLANE('',#2091);
#1196=FACE_OUTER_BOUND('',#2092,.T.);
#1197=PLANE('',#2093);
#1198=FACE_OUTER_BOUND('',#2094,.T.);
#1199=PLANE('',#2095);
#1200=FACE_OUTER_BOUND('',#2096,.T.);
#1201=PLANE('',#2097);
#1202=FACE_OUTER_BOUND('',#2098,.T.);
#1203=CYLINDRICAL_SURFACE('',#2099,0.5588);
#1204=FACE_OUTER_BOUND('',#2100,.T.);
#1205=PLANE('',#2101);
#1206=FACE_OUTER_BOUND('',#2102,.T.);
#1207=PLANE('',#2103);
#1208=FACE_OUTER_BOUND('',#2104,.T.);
#1209=PLANE('',#2105);
#1210=FACE_OUTER_BOUND('',#2106,.T.);
#1211=PLANE('',#2107);
#1212=FACE_OUTER_BOUND('',#2108,.T.);
#1213=PLANE('',#2109);
#1214=FACE_OUTER_BOUND('',#2110,.T.);
#1215=PLANE('',#2111);
#1216=FACE_OUTER_BOUND('',#2112,.T.);
#1217=PLANE('',#2113);
#1218=FACE_OUTER_BOUND('',#2114,.T.);
#1219=CYLINDRICAL_SURFACE('',#2115,0.5588);
#1220=FACE_OUTER_BOUND('',#2116,.T.);
#1221=PLANE('',#2117);
#1222=FACE_OUTER_BOUND('',#2118,.T.);
#1223=PLANE('',#2119);
#1224=FACE_OUTER_BOUND('',#2120,.T.);
#1225=PLANE('',#2121);
#1226=FACE_OUTER_BOUND('',#2122,.T.);
#1227=PLANE('',#2123);
#1228=FACE_OUTER_BOUND('',#2124,.T.);
#1229=PLANE('',#2125);
#1230=FACE_OUTER_BOUND('',#2126,.T.);
#1231=PLANE('',#2127);
#1232=FACE_OUTER_BOUND('',#2128,.T.);
#1233=PLANE('',#2129);
#1234=FACE_OUTER_BOUND('',#2130,.T.);
#1235=CYLINDRICAL_SURFACE('',#2131,0.5588);
#1236=FACE_OUTER_BOUND('',#2132,.T.);
#1237=PLANE('',#2133);
#1238=FACE_OUTER_BOUND('',#2134,.T.);
#1239=PLANE('',#2135);
#1240=FACE_OUTER_BOUND('',#2136,.T.);
#1241=PLANE('',#2137);
#1242=FACE_OUTER_BOUND('',#2138,.T.);
#1243=PLANE('',#2139);
#1244=FACE_OUTER_BOUND('',#2140,.T.);
#1245=PLANE('',#2141);
#1246=FACE_OUTER_BOUND('',#2142,.T.);
#1247=PLANE('',#2143);
#1248=FACE_OUTER_BOUND('',#2144,.T.);
#1249=PLANE('',#2145);
#1250=FACE_OUTER_BOUND('',#2146,.T.);
#1251=CYLINDRICAL_SURFACE('',#2147,0.5588);
#1252=FACE_OUTER_BOUND('',#2148,.T.);
#1253=PLANE('',#2149);
#1254=FACE_OUTER_BOUND('',#2150,.T.);
#1255=PLANE('',#2151);
#1256=FACE_OUTER_BOUND('',#2152,.T.);
#1257=PLANE('',#2153);
#1258=FACE_OUTER_BOUND('',#2154,.T.);
#1259=PLANE('',#2155);
#1260=FACE_OUTER_BOUND('',#2156,.T.);
#1261=PLANE('',#2157);
#1262=FACE_OUTER_BOUND('',#2158,.T.);
#1263=PLANE('',#2159);
#1264=FACE_OUTER_BOUND('',#2160,.T.);
#1265=PLANE('',#2161);
#1266=FACE_OUTER_BOUND('',#2162,.T.);
#1267=CYLINDRICAL_SURFACE('',#2163,0.5588);
#1268=FACE_OUTER_BOUND('',#2164,.T.);
#1269=PLANE('',#2165);
#1270=FACE_OUTER_BOUND('',#2166,.T.);
#1271=PLANE('',#2167);
#1272=FACE_OUTER_BOUND('',#2168,.T.);
#1273=PLANE('',#2169);
#1274=FACE_OUTER_BOUND('',#2170,.T.);
#1275=PLANE('',#2171);
#1276=FACE_OUTER_BOUND('',#2172,.T.);
#1277=PLANE('',#2173);
#1278=FACE_OUTER_BOUND('',#2174,.T.);
#1279=PLANE('',#2175);
#1280=FACE_OUTER_BOUND('',#2176,.T.);
#1281=PLANE('',#2177);
#1282=FACE_OUTER_BOUND('',#2178,.T.);
#1283=CYLINDRICAL_SURFACE('',#2179,0.5588);
#1284=FACE_OUTER_BOUND('',#2180,.T.);
#1285=PLANE('',#2181);
#1286=FACE_OUTER_BOUND('',#2182,.T.);
#1287=PLANE('',#2183);
#1288=FACE_OUTER_BOUND('',#2184,.T.);
#1289=PLANE('',#2185);
#1290=FACE_OUTER_BOUND('',#2186,.T.);
#1291=PLANE('',#2187);
#1292=FACE_OUTER_BOUND('',#2188,.T.);
#1293=PLANE('',#2189);
#1294=FACE_OUTER_BOUND('',#2190,.T.);
#1295=PLANE('',#2191);
#1296=FACE_OUTER_BOUND('',#2192,.T.);
#1297=PLANE('',#2193);
#1298=FACE_OUTER_BOUND('',#2194,.T.);
#1299=CYLINDRICAL_SURFACE('',#2195,0.5588);
#1300=FACE_OUTER_BOUND('',#2196,.T.);
#1301=PLANE('',#2197);
#1302=FACE_OUTER_BOUND('',#2198,.T.);
#1303=PLANE('',#2199);
#1304=FACE_OUTER_BOUND('',#2200,.T.);
#1305=PLANE('',#2201);
#1306=FACE_OUTER_BOUND('',#2202,.T.);
#1307=PLANE('',#2203);
#1308=FACE_OUTER_BOUND('',#2204,.T.);
#1309=PLANE('',#2205);
#1310=FACE_OUTER_BOUND('',#2206,.T.);
#1311=PLANE('',#2207);
#1312=FACE_OUTER_BOUND('',#2208,.T.);
#1313=PLANE('',#2209);
#1314=FACE_OUTER_BOUND('',#2210,.T.);
#1315=CYLINDRICAL_SURFACE('',#2211,0.5588);
#1316=FACE_OUTER_BOUND('',#2212,.T.);
#1317=PLANE('',#2213);
#1318=FACE_OUTER_BOUND('',#2214,.T.);
#1319=PLANE('',#2215);
#1320=FACE_OUTER_BOUND('',#2216,.T.);
#1321=PLANE('',#2217);
#1322=FACE_OUTER_BOUND('',#2218,.T.);
#1323=PLANE('',#2219);
#1324=FACE_OUTER_BOUND('',#2220,.T.);
#1325=PLANE('',#2221);
#1326=FACE_OUTER_BOUND('',#2222,.T.);
#1327=PLANE('',#2223);
#1328=FACE_OUTER_BOUND('',#2224,.T.);
#1329=PLANE('',#2225);
#1330=FACE_OUTER_BOUND('',#2226,.T.);
#1331=CYLINDRICAL_SURFACE('',#2227,0.5588);
#1332=FACE_OUTER_BOUND('',#2228,.T.);
#1333=PLANE('',#2229);
#1334=FACE_OUTER_BOUND('',#2230,.T.);
#1335=PLANE('',#2231);
#1336=FACE_OUTER_BOUND('',#2232,.T.);
#1337=PLANE('',#2233);
#1338=FACE_OUTER_BOUND('',#2234,.T.);
#1339=PLANE('',#2235);
#1340=FACE_OUTER_BOUND('',#2236,.T.);
#1341=PLANE('',#2237);
#1342=FACE_OUTER_BOUND('',#2238,.T.);
#1343=PLANE('',#2239);
#1344=FACE_OUTER_BOUND('',#2240,.T.);
#1345=PLANE('',#2241);
#1346=FACE_OUTER_BOUND('',#2242,.T.);
#1347=CYLINDRICAL_SURFACE('',#2243,0.5588);
#1348=FACE_OUTER_BOUND('',#2244,.T.);
#1349=PLANE('',#2245);
#1350=FACE_OUTER_BOUND('',#2246,.T.);
#1351=PLANE('',#2247);
#1352=FACE_OUTER_BOUND('',#2248,.T.);
#1353=PLANE('',#2249);
#1354=FACE_OUTER_BOUND('',#2250,.T.);
#1355=PLANE('',#2251);
#1356=FACE_OUTER_BOUND('',#2252,.T.);
#1357=CYLINDRICAL_SURFACE('',#2253,0.5588);
#1358=FACE_OUTER_BOUND('',#2254,.T.);
#1359=PLANE('',#2255);
#1360=FACE_OUTER_BOUND('',#2256,.T.);
#1361=PLANE('',#2257);
#1362=FACE_OUTER_BOUND('',#2258,.T.);
#1363=PLANE('',#2259);
#1364=FACE_OUTER_BOUND('',#2260,.T.);
#1365=PLANE('',#2261);
#1366=FACE_OUTER_BOUND('',#2262,.T.);
#1367=PLANE('',#2263);
#1368=FACE_OUTER_BOUND('',#2264,.T.);
#1369=PLANE('',#2265);
#1370=FACE_OUTER_BOUND('',#2266,.T.);
#1371=PLANE('',#2267);
#1372=FACE_OUTER_BOUND('',#2268,.T.);
#1373=PLANE('',#2269);
#1374=FACE_OUTER_BOUND('',#2270,.T.);
#1375=PLANE('',#2271);
#1376=FACE_OUTER_BOUND('',#2272,.T.);
#1377=PLANE('',#2273);
#1378=FACE_OUTER_BOUND('',#2274,.T.);
#1379=PLANE('',#2275);
#1380=FACE_OUTER_BOUND('',#2276,.T.);
#1381=PLANE('',#2277);
#1382=FACE_OUTER_BOUND('',#2278,.T.);
#1383=PLANE('',#2279);
#1384=TRIMMED_CURVE('',#2280,(PARAMETER_VALUE(0.0)),(PARAMETER_VALUE(3.1415926535892)),.T.,.UNSPECIFIED.);
#1385=TRIMMED_CURVE('',#2281,(PARAMETER_VALUE(0.0)),(PARAMETER_VALUE(3.1415926535892)),.T.,.UNSPECIFIED.);
#1386=TRIMMED_CURVE('',#2282,(PARAMETER_VALUE(0.0)),(PARAMETER_VALUE(3.1415926535892)),.T.,.UNSPECIFIED.);
#1387=TRIMMED_CURVE('',#2283,(PARAMETER_VALUE(0.0)),(PARAMETER_VALUE(3.1415926535892)),.T.,.UNSPECIFIED.);
#1388=TRIMMED_CURVE('',#2284,(PARAMETER_VALUE(0.0)),(PARAMETER_VALUE(3.1415926535892)),.T.,.UNSPECIFIED.);
#1389=TRIMMED_CURVE('',#2285,(PARAMETER_VALUE(0.0)),(PARAMETER_VALUE(3.1415926535892)),.T.,.UNSPECIFIED.);
#1390=TRIMMED_CURVE('',#2286,(PARAMETER_VALUE(0.0)),(PARAMETER_VALUE(3.1415926535892)),.T.,.UNSPECIFIED.);
#1391=TRIMMED_CURVE('',#2287,(PARAMETER_VALUE(0.0)),(PARAMETER_VALUE(3.1415926535892)),.T.,.UNSPECIFIED.);
#1392=TRIMMED_CURVE('',#2288,(PARAMETER_VALUE(0.0)),(PARAMETER_VALUE(3.1415926535892)),.T.,.UNSPECIFIED.);
#1393=TRIMMED_CURVE('',#2289,(PARAMETER_VALUE(0.0)),(PARAMETER_VALUE(3.1415926535892)),.T.,.UNSPECIFIED.);
#1394=TRIMMED_CURVE('',#2290,(PARAMETER_VALUE(0.0)),(PARAMETER_VALUE(3.1415926535892)),.T.,.UNSPECIFIED.);
#1395=TRIMMED_CURVE('',#2291,(PARAMETER_VALUE(0.0)),(PARAMETER_VALUE(3.1415926535892)),.T.,.UNSPECIFIED.);
#1396=TRIMMED_CURVE('',#2292,(PARAMETER_VALUE(0.0)),(PARAMETER_VALUE(3.1415926535892)),.T.,.UNSPECIFIED.);
#1397=TRIMMED_CURVE('',#2293,(PARAMETER_VALUE(0.0)),(PARAMETER_VALUE(3.1415926535892)),.T.,.UNSPECIFIED.);
#1398=TRIMMED_CURVE('',#2294,(PARAMETER_VALUE(0.0)),(PARAMETER_VALUE(3.1415926535892)),.T.,.UNSPECIFIED.);
#1399=TRIMMED_CURVE('',#2295,(PARAMETER_VALUE(0.0)),(PARAMETER_VALUE(3.1415926535892)),.T.,.UNSPECIFIED.);
#1400=TRIMMED_CURVE('',#2296,(PARAMETER_VALUE(0.0)),(PARAMETER_VALUE(3.1415926535892)),.T.,.UNSPECIFIED.);
#1401=TRIMMED_CURVE('',#2297,(PARAMETER_VALUE(0.0)),(PARAMETER_VALUE(3.1415926535892)),.T.,.UNSPECIFIED.);
#1402=TRIMMED_CURVE('',#2298,(PARAMETER_VALUE(0.0)),(PARAMETER_VALUE(3.1415926535892)),.T.,.UNSPECIFIED.);
#1403=TRIMMED_CURVE('',#2299,(PARAMETER_VALUE(0.0)),(PARAMETER_VALUE(3.1415926535892)),.T.,.UNSPECIFIED.);
#1404=TRIMMED_CURVE('',#2300,(PARAMETER_VALUE(0.0)),(PARAMETER_VALUE(3.1415926535892)),.T.,.UNSPECIFIED.);
#1405=TRIMMED_CURVE('',#2301,(PARAMETER_VALUE(0.0)),(PARAMETER_VALUE(3.1415926535892)),.T.,.UNSPECIFIED.);
#1406=TRIMMED_CURVE('',#2302,(PARAMETER_VALUE(0.0)),(PARAMETER_VALUE(3.1415926535892)),.T.,.UNSPECIFIED.);
#1407=TRIMMED_CURVE('',#2303,(PARAMETER_VALUE(0.0)),(PARAMETER_VALUE(3.1415926535892)),.T.,.UNSPECIFIED.);
#1408=TRIMMED_CURVE('',#2304,(PARAMETER_VALUE(0.0)),(PARAMETER_VALUE(1.0)),.T.,.UNSPECIFIED.);
#1409=TRIMMED_CURVE('',#2305,(PARAMETER_VALUE(0.0)),(PARAMETER_VALUE(1.0)),.T.,.UNSPECIFIED.);
#1410=TRIMMED_CURVE('',#2306,(PARAMETER_VALUE(0.0)),(PARAMETER_VALUE(1.0)),.T.,.UNSPECIFIED.);
#1411=TRIMMED_CURVE('',#2307,(PARAMETER_VALUE(0.0)),(PARAMETER_VALUE(1.0)),.T.,.UNSPECIFIED.);
#1412=TRIMMED_CURVE('',#2308,(PARAMETER_VALUE(0.0)),(PARAMETER_VALUE(1.0)),.T.,.UNSPECIFIED.);
#1413=TRIMMED_CURVE('',#2309,(PARAMETER_VALUE(0.0)),(PARAMETER_VALUE(1.0)),.T.,.UNSPECIFIED.);
#1414=TRIMMED_CURVE('',#2310,(PARAMETER_VALUE(0.0)),(PARAMETER_VALUE(1.0)),.T.,.UNSPECIFIED.);
#1415=TRIMMED_CURVE('',#2311,(PARAMETER_VALUE(0.0)),(PARAMETER_VALUE(1.0)),.T.,.UNSPECIFIED.);
#1416=EDGE_LOOP('',(#2312,#2313,#2314,#2315,#2316,#2317,#2318,#2319,#2320,#2321,#2322));
#1417=AXIS2_PLACEMENT_3D('',#2323,#2324,#2325);
#1418=EDGE_LOOP('',(#2326,#2327,#2328,#2329,#2330,#2331,#2332,#2333,#2334,#2335,#2336,#2337,#2338,#2339,#2340,#2341,#2342,#2343,#2344,#2345,#2346,#2347,#2348,#2349));
#1419=AXIS2_PLACEMENT_3D('',#2350,#2351,#2352);
#1420=EDGE_LOOP('',(#2353,#2354,#2355));
#1421=AXIS2_PLACEMENT_3D('',#2356,#2357,#2358);
#1422=EDGE_LOOP('',(#2359,#2360,#2361,#2362));
#1423=AXIS2_PLACEMENT_3D('',#2363,#2364,#2365);
#1424=EDGE_LOOP('',(#2366,#2367,#2368,#2369,#2370,#2371,#2372,#2373,#2374,#2375,#2376,#2377,#2378,#2379,#2380,#2381,#2382,#2383,#2384,#2385,#2386,#2387,#2388,#2389,#2390,#2391,#2392,#2393,#2394,#2395,#2396,#2397,#2398,#2399,#2400,#2401,#2402,#2403,#2404,#2405,#2406,#2407,#2408,#2409,#2410,#2411,#2412,#2413,#2414,#2415,#2416,#2417,#2418,#2419,#2420,#2421,#2422,#2423,#2424,#2425,#2426,#2427,#2428,#2429,#2430,#2431,#2432,#2433,#2434,#2435,#2436,#2437,#2438,#2439));
#1425=EDGE_LOOP('',(#2440,#2441,#2442,#2443));
#1426=EDGE_LOOP('',(#2444,#2445,#2446,#2447));
#1427=EDGE_LOOP('',(#2448,#2449,#2450,#2451));
#1428=EDGE_LOOP('',(#2452,#2453,#2454,#2455));
#1429=EDGE_LOOP('',(#2456,#2457,#2458,#2459));
#1430=EDGE_LOOP('',(#2460,#2461,#2462,#2463));
#1431=EDGE_LOOP('',(#2464,#2465,#2466,#2467));
#1432=EDGE_LOOP('',(#2468,#2469,#2470,#2471));
#1433=EDGE_LOOP('',(#2472,#2473,#2474,#2475));
#1434=EDGE_LOOP('',(#2476,#2477,#2478,#2479));
#1435=EDGE_LOOP('',(#2480,#2481,#2482,#2483));
#1436=EDGE_LOOP('',(#2484,#2485,#2486,#2487));
#1437=AXIS2_PLACEMENT_3D('',#2488,#2489,#2490);
#1438=EDGE_LOOP('',(#2491,#2492,#2493,#2494));
#1439=AXIS2_PLACEMENT_3D('',#2495,#2496,#2497);
#1440=EDGE_LOOP('',(#2498,#2499,#2500,#2501));
#1441=AXIS2_PLACEMENT_3D('',#2502,#2503,#2504);
#1442=EDGE_LOOP('',(#2505,#2506,#2507,#2508));
#1443=AXIS2_PLACEMENT_3D('',#2509,#2510,#2511);
#1444=EDGE_LOOP('',(#2512,#2513,#2514,#2515));
#1445=AXIS2_PLACEMENT_3D('',#2516,#2517,#2518);
#1446=EDGE_LOOP('',(#2519,#2520,#2521,#2522));
#1447=AXIS2_PLACEMENT_3D('',#2523,#2524,#2525);
#1448=EDGE_LOOP('',(#2526,#2527,#2528,#2529));
#1449=AXIS2_PLACEMENT_3D('',#2530,#2531,#2532);
#1450=EDGE_LOOP('',(#2533,#2534,#2535,#2536));
#1451=AXIS2_PLACEMENT_3D('',#2537,#2538,#2539);
#1452=EDGE_LOOP('',(#2540,#2541,#2542,#2543));
#1453=AXIS2_PLACEMENT_3D('',#2544,#2545,#2546);
#1454=EDGE_LOOP('',(#2547,#2548,#2549,#2550));
#1455=AXIS2_PLACEMENT_3D('',#2551,#2552,#2553);
#1456=EDGE_LOOP('',(#2554,#2555,#2556,#2557));
#1457=AXIS2_PLACEMENT_3D('',#2558,#2559,#2560);
#1458=EDGE_LOOP('',(#2561,#2562,#2563,#2564));
#1459=AXIS2_PLACEMENT_3D('',#2565,#2566,#2567);
#1460=EDGE_LOOP('',(#2568,#2569,#2570,#2571));
#1461=AXIS2_PLACEMENT_3D('',#2572,#2573,#2574);
#1462=EDGE_LOOP('',(#2575,#2576,#2577,#2578));
#1463=AXIS2_PLACEMENT_3D('',#2579,#2580,#2581);
#1464=EDGE_LOOP('',(#2582,#2583,#2584,#2585));
#1465=AXIS2_PLACEMENT_3D('',#2586,#2587,#2588);
#1466=EDGE_LOOP('',(#2589,#2590,#2591,#2592));
#1467=AXIS2_PLACEMENT_3D('',#2593,#2594,#2595);
#1468=EDGE_LOOP('',(#2596,#2597,#2598,#2599));
#1469=AXIS2_PLACEMENT_3D('',#2600,#2601,#2602);
#1470=EDGE_LOOP('',(#2603,#2604,#2605,#2606));
#1471=AXIS2_PLACEMENT_3D('',#2607,#2608,#2609);
#1472=EDGE_LOOP('',(#2610,#2611,#2612,#2613));
#1473=AXIS2_PLACEMENT_3D('',#2614,#2615,#2616);
#1474=EDGE_LOOP('',(#2617,#2618,#2619,#2620));
#1475=AXIS2_PLACEMENT_3D('',#2621,#2622,#2623);
#1476=EDGE_LOOP('',(#2624,#2625,#2626,#2627));
#1477=AXIS2_PLACEMENT_3D('',#2628,#2629,#2630);
#1478=EDGE_LOOP('',(#2631,#2632,#2633,#2634));
#1479=AXIS2_PLACEMENT_3D('',#2635,#2636,#2637);
#1480=EDGE_LOOP('',(#2638,#2639,#2640,#2641));
#1481=AXIS2_PLACEMENT_3D('',#2642,#2643,#2644);
#1482=EDGE_LOOP('',(#2645,#2646,#2647,#2648));
#1483=AXIS2_PLACEMENT_3D('',#2649,#2650,#2651);
#1484=EDGE_LOOP('',(#2652,#2653,#2654,#2655));
#1485=AXIS2_PLACEMENT_3D('',#2656,#2657,#2658);
#1486=EDGE_LOOP('',(#2659,#2660,#2661,#2662));
#1487=AXIS2_PLACEMENT_3D('',#2663,#2664,#2665);
#1488=EDGE_LOOP('',(#2666,#2667,#2668,#2669));
#1489=AXIS2_PLACEMENT_3D('',#2670,#2671,#2672);
#1490=EDGE_LOOP('',(#2673,#2674,#2675,#2676));
#1491=AXIS2_PLACEMENT_3D('',#2677,#2678,#2679);
#1492=EDGE_LOOP('',(#2680,#2681,#2682,#2683));
#1493=AXIS2_PLACEMENT_3D('',#2684,#2685,#2686);
#1494=EDGE_LOOP('',(#2687,#2688,#2689,#2690));
#1495=AXIS2_PLACEMENT_3D('',#2691,#2692,#2693);
#1496=EDGE_LOOP('',(#2694,#2695,#2696,#2697));
#1497=AXIS2_PLACEMENT_3D('',#2698,#2699,#2700);
#1498=EDGE_LOOP('',(#2701,#2702,#2703,#2704));
#1499=AXIS2_PLACEMENT_3D('',#2705,#2706,#2707);
#1500=EDGE_LOOP('',(#2708,#2709,#2710,#2711));
#1501=AXIS2_PLACEMENT_3D('',#2712,#2713,#2714);
#1502=EDGE_LOOP('',(#2715,#2716,#2717,#2718));
#1503=AXIS2_PLACEMENT_3D('',#2719,#2720,#2721);
#1504=EDGE_LOOP('',(#2722,#2723,#2724,#2725));
#1505=AXIS2_PLACEMENT_3D('',#2726,#2727,#2728);
#1506=EDGE_LOOP('',(#2729,#2730,#2731,#2732));
#1507=AXIS2_PLACEMENT_3D('',#2733,#2734,#2735);
#1508=EDGE_LOOP('',(#2736,#2737,#2738,#2739));
#1509=AXIS2_PLACEMENT_3D('',#2740,#2741,#2742);
#1510=EDGE_LOOP('',(#2743,#2744,#2745,#2746));
#1511=AXIS2_PLACEMENT_3D('',#2747,#2748,#2749);
#1512=EDGE_LOOP('',(#2750,#2751,#2752,#2753));
#1513=AXIS2_PLACEMENT_3D('',#2754,#2755,#2756);
#1514=EDGE_LOOP('',(#2757,#2758,#2759,#2760));
#1515=AXIS2_PLACEMENT_3D('',#2761,#2762,#2763);
#1516=EDGE_LOOP('',(#2764,#2765,#2766,#2767));
#1517=AXIS2_PLACEMENT_3D('',#2768,#2769,#2770);
#1518=EDGE_LOOP('',(#2771,#2772,#2773,#2774));
#1519=AXIS2_PLACEMENT_3D('',#2775,#2776,#2777);
#1520=EDGE_LOOP('',(#2778,#2779,#2780,#2781));
#1521=AXIS2_PLACEMENT_3D('',#2782,#2783,#2784);
#1522=EDGE_LOOP('',(#2785,#2786,#2787,#2788));
#1523=AXIS2_PLACEMENT_3D('',#2789,#2790,#2791);
#1524=EDGE_LOOP('',(#2792,#2793,#2794,#2795));
#1525=AXIS2_PLACEMENT_3D('',#2796,#2797,#2798);
#1526=EDGE_LOOP('',(#2799,#2800,#2801,#2802));
#1527=AXIS2_PLACEMENT_3D('',#2803,#2804,#2805);
#1528=EDGE_LOOP('',(#2806,#2807,#2808,#2809));
#1529=AXIS2_PLACEMENT_3D('',#2810,#2811,#2812);
#1530=EDGE_LOOP('',(#2813,#2814,#2815,#2816));
#1531=AXIS2_PLACEMENT_3D('',#2817,#2818,#2819);
#1532=EDGE_LOOP('',(#2820,#2821,#2822,#2823));
#1533=AXIS2_PLACEMENT_3D('',#2824,#2825,#2826);
#1534=EDGE_LOOP('',(#2827,#2828,#2829,#2830));
#1535=AXIS2_PLACEMENT_3D('',#2831,#2832,#2833);
#1536=EDGE_LOOP('',(#2834,#2835,#2836,#2837));
#1537=AXIS2_PLACEMENT_3D('',#2838,#2839,#2840);
#1538=EDGE_LOOP('',(#2841,#2842,#2843,#2844));
#1539=AXIS2_PLACEMENT_3D('',#2845,#2846,#2847);
#1540=EDGE_LOOP('',(#2848,#2849,#2850,#2851));
#1541=AXIS2_PLACEMENT_3D('',#2852,#2853,#2854);
#1542=EDGE_LOOP('',(#2855,#2856,#2857,#2858));
#1543=AXIS2_PLACEMENT_3D('',#2859,#2860,#2861);
#1544=EDGE_LOOP('',(#2862,#2863,#2864,#2865));
#1545=AXIS2_PLACEMENT_3D('',#2866,#2867,#2868);
#1546=EDGE_LOOP('',(#2869,#2870,#2871,#2872));
#1547=AXIS2_PLACEMENT_3D('',#2873,#2874,#2875);
#1548=EDGE_LOOP('',(#2876,#2877,#2878,#2879));
#1549=AXIS2_PLACEMENT_3D('',#2880,#2881,#2882);
#1550=EDGE_LOOP('',(#2883,#2884,#2885,#2886));
#1551=AXIS2_PLACEMENT_3D('',#2887,#2888,#2889);
#1552=EDGE_LOOP('',(#2890,#2891,#2892,#2893));
#1553=AXIS2_PLACEMENT_3D('',#2894,#2895,#2896);
#1554=EDGE_LOOP('',(#2897,#2898,#2899,#2900));
#1555=AXIS2_PLACEMENT_3D('',#2901,#2902,#2903);
#1556=EDGE_LOOP('',(#2904,#2905,#2906,#2907));
#1557=AXIS2_PLACEMENT_3D('',#2908,#2909,#2910);
#1558=EDGE_LOOP('',(#2911,#2912,#2913,#2914));
#1559=AXIS2_PLACEMENT_3D('',#2915,#2916,#2917);
#1560=EDGE_LOOP('',(#2918,#2919,#2920,#2921));
#1561=AXIS2_PLACEMENT_3D('',#2922,#2923,#2924);
#1562=EDGE_LOOP('',(#2925,#2926,#2927,#2928));
#1563=AXIS2_PLACEMENT_3D('',#2929,#2930,#2931);
#1564=EDGE_LOOP('',(#2932,#2933,#2934,#2935));
#1565=AXIS2_PLACEMENT_3D('',#2936,#2937,#2938);
#1566=EDGE_LOOP('',(#2939,#2940,#2941,#2942));
#1567=AXIS2_PLACEMENT_3D('',#2943,#2944,#2945);
#1568=EDGE_LOOP('',(#2946,#2947,#2948,#2949));
#1569=AXIS2_PLACEMENT_3D('',#2950,#2951,#2952);
#1570=EDGE_LOOP('',(#2953,#2954,#2955,#2956));
#1571=AXIS2_PLACEMENT_3D('',#2957,#2958,#2959);
#1572=EDGE_LOOP('',(#2960,#2961,#2962,#2963));
#1573=AXIS2_PLACEMENT_3D('',#2964,#2965,#2966);
#1574=EDGE_LOOP('',(#2967,#2968,#2969,#2970));
#1575=AXIS2_PLACEMENT_3D('',#2971,#2972,#2973);
#1576=EDGE_LOOP('',(#2974,#2975,#2976,#2977));
#1577=AXIS2_PLACEMENT_3D('',#2978,#2979,#2980);
#1578=EDGE_LOOP('',(#2981,#2982,#2983,#2984));
#1579=AXIS2_PLACEMENT_3D('',#2985,#2986,#2987);
#1580=EDGE_LOOP('',(#2988,#2989,#2990,#2991));
#1581=AXIS2_PLACEMENT_3D('',#2992,#2993,#2994);
#1582=EDGE_LOOP('',(#2995,#2996,#2997,#2998));
#1583=AXIS2_PLACEMENT_3D('',#2999,#3000,#3001);
#1584=EDGE_LOOP('',(#3002,#3003,#3004,#3005));
#1585=AXIS2_PLACEMENT_3D('',#3006,#3007,#3008);
#1586=EDGE_LOOP('',(#3009,#3010,#3011,#3012));
#1587=AXIS2_PLACEMENT_3D('',#3013,#3014,#3015);
#1588=EDGE_LOOP('',(#3016,#3017,#3018,#3019));
#1589=AXIS2_PLACEMENT_3D('',#3020,#3021,#3022);
#1590=EDGE_LOOP('',(#3023,#3024,#3025,#3026));
#1591=AXIS2_PLACEMENT_3D('',#3027,#3028,#3029);
#1592=EDGE_LOOP('',(#3030,#3031,#3032,#3033));
#1593=AXIS2_PLACEMENT_3D('',#3034,#3035,#3036);
#1594=EDGE_LOOP('',(#3037,#3038,#3039,#3040));
#1595=AXIS2_PLACEMENT_3D('',#3041,#3042,#3043);
#1596=EDGE_LOOP('',(#3044,#3045,#3046,#3047));
#1597=AXIS2_PLACEMENT_3D('',#3048,#3049,#3050);
#1598=EDGE_LOOP('',(#3051,#3052,#3053,#3054));
#1599=AXIS2_PLACEMENT_3D('',#3055,#3056,#3057);
#1600=EDGE_LOOP('',(#3058,#3059,#3060,#3061));
#1601=AXIS2_PLACEMENT_3D('',#3062,#3063,#3064);
#1602=EDGE_LOOP('',(#3065,#3066,#3067,#3068));
#1603=AXIS2_PLACEMENT_3D('',#3069,#3070,#3071);
#1604=EDGE_LOOP('',(#3072,#3073,#3074,#3075));
#1605=AXIS2_PLACEMENT_3D('',#3076,#3077,#3078);
#1606=EDGE_LOOP('',(#3079,#3080,#3081,#3082));
#1607=AXIS2_PLACEMENT_3D('',#3083,#3084,#3085);
#1608=EDGE_LOOP('',(#3086,#3087,#3088,#3089));
#1609=AXIS2_PLACEMENT_3D('',#3090,#3091,#3092);
#1610=EDGE_LOOP('',(#3093,#3094,#3095,#3096));
#1611=AXIS2_PLACEMENT_3D('',#3097,#3098,#3099);
#1612=EDGE_LOOP('',(#3100,#3101,#3102,#3103));
#1613=AXIS2_PLACEMENT_3D('',#3104,#3105,#3106);
#1614=EDGE_LOOP('',(#3107,#3108,#3109,#3110));
#1615=AXIS2_PLACEMENT_3D('',#3111,#3112,#3113);
#1616=EDGE_LOOP('',(#3114,#3115,#3116,#3117));
#1617=AXIS2_PLACEMENT_3D('',#3118,#3119,#3120);
#1618=EDGE_LOOP('',(#3121,#3122,#3123,#3124));
#1619=AXIS2_PLACEMENT_3D('',#3125,#3126,#3127);
#1620=EDGE_LOOP('',(#3128,#3129,#3130,#3131));
#1621=AXIS2_PLACEMENT_3D('',#3132,#3133,#3134);
#1622=EDGE_LOOP('',(#3135,#3136,#3137,#3138));
#1623=AXIS2_PLACEMENT_3D('',#3139,#3140,#3141);
#1624=EDGE_LOOP('',(#3142,#3143,#3144,#3145));
#1625=AXIS2_PLACEMENT_3D('',#3146,#3147,#3148);
#1626=EDGE_LOOP('',(#3149,#3150,#3151,#3152));
#1627=AXIS2_PLACEMENT_3D('',#3153,#3154,#3155);
#1628=EDGE_LOOP('',(#3156,#3157,#3158,#3159));
#1629=AXIS2_PLACEMENT_3D('',#3160,#3161,#3162);
#1630=EDGE_LOOP('',(#3163,#3164,#3165,#3166));
#1631=AXIS2_PLACEMENT_3D('',#3167,#3168,#3169);
#1632=EDGE_LOOP('',(#3170,#3171,#3172,#3173));
#1633=AXIS2_PLACEMENT_3D('',#3174,#3175,#3176);
#1634=EDGE_LOOP('',(#3177,#3178,#3179,#3180));
#1635=AXIS2_PLACEMENT_3D('',#3181,#3182,#3183);
#1636=EDGE_LOOP('',(#3184,#3185,#3186,#3187));
#1637=AXIS2_PLACEMENT_3D('',#3188,#3189,#3190);
#1638=EDGE_LOOP('',(#3191,#3192,#3193,#3194));
#1639=AXIS2_PLACEMENT_3D('',#3195,#3196,#3197);
#1640=EDGE_LOOP('',(#3198,#3199,#3200,#3201));
#1641=AXIS2_PLACEMENT_3D('',#3202,#3203,#3204);
#1642=EDGE_LOOP('',(#3205,#3206,#3207,#3208));
#1643=AXIS2_PLACEMENT_3D('',#3209,#3210,#3211);
#1644=EDGE_LOOP('',(#3212,#3213,#3214,#3215));
#1645=AXIS2_PLACEMENT_3D('',#3216,#3217,#3218);
#1646=EDGE_LOOP('',(#3219,#3220,#3221,#3222));
#1647=AXIS2_PLACEMENT_3D('',#3223,#3224,#3225);
#1648=EDGE_LOOP('',(#3226,#3227,#3228,#3229));
#1649=AXIS2_PLACEMENT_3D('',#3230,#3231,#3232);
#1650=EDGE_LOOP('',(#3233,#3234,#3235,#3236));
#1651=AXIS2_PLACEMENT_3D('',#3237,#3238,#3239);
#1652=EDGE_LOOP('',(#3240,#3241,#3242,#3243));
#1653=AXIS2_PLACEMENT_3D('',#3244,#3245,#3246);
#1654=EDGE_LOOP('',(#3247,#3248,#3249,#3250));
#1655=AXIS2_PLACEMENT_3D('',#3251,#3252,#3253);
#1656=EDGE_LOOP('',(#3254,#3255,#3256));
#1657=AXIS2_PLACEMENT_3D('',#3257,#3258,#3259);
#1658=EDGE_LOOP('',(#3260,#3261,#3262,#3263));
#1659=AXIS2_PLACEMENT_3D('',#3264,#3265,#3266);
#1660=EDGE_LOOP('',(#3267,#3268,#3269));
#1661=AXIS2_PLACEMENT_3D('',#3270,#3271,#3272);
#1662=EDGE_LOOP('',(#3273,#3274,#3275,#3276));
#1663=AXIS2_PLACEMENT_3D('',#3277,#3278,#3279);
#1664=EDGE_LOOP('',(#3280,#3281,#3282));
#1665=AXIS2_PLACEMENT_3D('',#3283,#3284,#3285);
#1666=EDGE_LOOP('',(#3286,#3287,#3288,#3289));
#1667=AXIS2_PLACEMENT_3D('',#3290,#3291,#3292);
#1668=EDGE_LOOP('',(#3293,#3294,#3295,#3296,#3297,#3298,#3299,#3300,#3301,#3302,#3303));
#1669=AXIS2_PLACEMENT_3D('',#3304,#3305,#3306);
#1670=EDGE_LOOP('',(#3307,#3308,#3309,#3310,#3311,#3312,#3313,#3314,#3315,#3316,#3317,#3318,#3319,#3320,#3321,#3322,#3323,#3324,#3325,#3326,#3327,#3328,#3329,#3330,#3331,#3332,#3333,#3334,#3335,#3336,#3337,#3338,#3339,#3340,#3341,#3342,#3343,#3344,#3345,#3346,#3347,#3348,#3349,#3350,#3351,#3352,#3353,#3354,#3355,#3356,#3357,#3358,#3359,#3360,#3361,#3362,#3363,#3364,#3365,#3366,#3367,#3368,#3369,#3370,#3371,#3372,#3373,#3374,#3375,#3376,#3377,#3378,#3379,#3380,#3381,#3382,#3383,#3384,#3385,#3386,#3387,#3388,#3389,#3390,#3391,#3392,#3393,#3394,#3395,#3396,#3397,#3398,#3399,#3400,#3401,#3402,#3403,#3404,#3405,#3406,#3407,#3408));
#1671=AXIS2_PLACEMENT_3D('',#3409,#3410,#3411);
#1672=EDGE_LOOP('',(#3412,#3413,#3414,#3415,#3416));
#1673=AXIS2_PLACEMENT_3D('',#3417,#3418,#3419);
#1674=EDGE_LOOP('',(#3420,#3421,#3422,#3423));
#1675=AXIS2_PLACEMENT_3D('',#3424,#3425,#3426);
#1676=EDGE_LOOP('',(#3427,#3428,#3429,#3430,#3431,#3432));
#1677=AXIS2_PLACEMENT_3D('',#3433,#3434,#3435);
#1678=EDGE_LOOP('',(#3436,#3437,#3438,#3439,#3440,#3441,#3442,#3443,#3444,#3445,#3446,#3447,#3448,#3449,#3450,#3451,#3452,#3453,#3454,#3455,#3456,#3457,#3458,#3459,#3460,#3461,#3462,#3463,#3464,#3465,#3466,#3467,#3468,#3469,#3470,#3471,#3472,#3473,#3474,#3475,#3476,#3477,#3478,#3479,#3480,#3481,#3482,#3483,#3484,#3485,#3486,#3487,#3488,#3489,#3490,#3491,#3492,#3493,#3494,#3495,#3496,#3497,#3498,#3499,#3500,#3501,#3502,#3503,#3504,#3505,#3506,#3507,#3508,#3509,#3510,#3511,#3512,#3513,#3514,#3515,#3516,#3517,#3518,#3519,#3520,#3521,#3522,#3523,#3524,#3525,#3526,#3527,#3528,#3529,#3530,#3531,#3532,#3533,#3534,#3535,#3536,#3537,#3538,#3539,#3540,#3541,#3542,#3543,#3544,#3545,#3546,#3547,#3548,#3549,#3550,#3551,#3552,#3553,#3554,#3555,#3556,#3557,#3558,#3559,#3560,#3561,#3562,#3563,#3564,#3565,#3566,#3567));
#1679=EDGE_LOOP('',(#3568,#3569,#3570,#3571));
#1680=EDGE_LOOP('',(#3572,#3573,#3574,#3575));
#1681=EDGE_LOOP('',(#3576,#3577,#3578,#3579));
#1682=EDGE_LOOP('',(#3580,#3581,#3582,#3583));
#1683=EDGE_LOOP('',(#3584,#3585,#3586,#3587));
#1684=EDGE_LOOP('',(#3588,#3589,#3590,#3591));
#1685=EDGE_LOOP('',(#3592,#3593,#3594,#3595));
#1686=EDGE_LOOP('',(#3596,#3597,#3598,#3599));
#1687=EDGE_LOOP('',(#3600,#3601,#3602,#3603));
#1688=EDGE_LOOP('',(#3604,#3605,#3606,#3607));
#1689=EDGE_LOOP('',(#3608,#3609,#3610,#3611));
#1690=EDGE_LOOP('',(#3612,#3613,#3614,#3615));
#1691=AXIS2_PLACEMENT_3D('',#3616,#3617,#3618);
#1692=EDGE_LOOP('',(#3619,#3620,#3621,#3622));
#1693=AXIS2_PLACEMENT_3D('',#3623,#3624,#3625);
#1694=EDGE_LOOP('',(#3626,#3627,#3628,#3629));
#1695=AXIS2_PLACEMENT_3D('',#3630,#3631,#3632);
#1696=EDGE_LOOP('',(#3633,#3634,#3635,#3636));
#1697=AXIS2_PLACEMENT_3D('',#3637,#3638,#3639);
#1698=EDGE_LOOP('',(#3640,#3641,#3642,#3643));
#1699=AXIS2_PLACEMENT_3D('',#3644,#3645,#3646);
#1700=EDGE_LOOP('',(#3647,#3648,#3649,#3650));
#1701=AXIS2_PLACEMENT_3D('',#3651,#3652,#3653);
#1702=EDGE_LOOP('',(#3654,#3655,#3656,#3657));
#1703=AXIS2_PLACEMENT_3D('',#3658,#3659,#3660);
#1704=EDGE_LOOP('',(#3661,#3662,#3663,#3664));
#1705=AXIS2_PLACEMENT_3D('',#3665,#3666,#3667);
#1706=EDGE_LOOP('',(#3668,#3669,#3670,#3671));
#1707=AXIS2_PLACEMENT_3D('',#3672,#3673,#3674);
#1708=EDGE_LOOP('',(#3675,#3676,#3677,#3678));
#1709=AXIS2_PLACEMENT_3D('',#3679,#3680,#3681);
#1710=EDGE_LOOP('',(#3682,#3683,#3684,#3685));
#1711=AXIS2_PLACEMENT_3D('',#3686,#3687,#3688);
#1712=EDGE_LOOP('',(#3689,#3690,#3691,#3692));
#1713=AXIS2_PLACEMENT_3D('',#3693,#3694,#3695);
#1714=EDGE_LOOP('',(#3696,#3697,#3698,#3699));
#1715=AXIS2_PLACEMENT_3D('',#3700,#3701,#3702);
#1716=EDGE_LOOP('',(#3703,#3704,#3705,#3706));
#1717=AXIS2_PLACEMENT_3D('',#3707,#3708,#3709);
#1718=EDGE_LOOP('',(#3710,#3711,#3712,#3713));
#1719=AXIS2_PLACEMENT_3D('',#3714,#3715,#3716);
#1720=EDGE_LOOP('',(#3717,#3718,#3719,#3720));
#1721=AXIS2_PLACEMENT_3D('',#3721,#3722,#3723);
#1722=EDGE_LOOP('',(#3724,#3725,#3726,#3727));
#1723=AXIS2_PLACEMENT_3D('',#3728,#3729,#3730);
#1724=EDGE_LOOP('',(#3731,#3732,#3733,#3734));
#1725=AXIS2_PLACEMENT_3D('',#3735,#3736,#3737);
#1726=EDGE_LOOP('',(#3738,#3739,#3740,#3741));
#1727=AXIS2_PLACEMENT_3D('',#3742,#3743,#3744);
#1728=EDGE_LOOP('',(#3745,#3746,#3747,#3748));
#1729=AXIS2_PLACEMENT_3D('',#3749,#3750,#3751);
#1730=EDGE_LOOP('',(#3752,#3753,#3754,#3755));
#1731=AXIS2_PLACEMENT_3D('',#3756,#3757,#3758);
#1732=EDGE_LOOP('',(#3759,#3760,#3761,#3762));
#1733=AXIS2_PLACEMENT_3D('',#3763,#3764,#3765);
#1734=EDGE_LOOP('',(#3766,#3767,#3768,#3769));
#1735=AXIS2_PLACEMENT_3D('',#3770,#3771,#3772);
#1736=EDGE_LOOP('',(#3773,#3774,#3775,#3776));
#1737=AXIS2_PLACEMENT_3D('',#3777,#3778,#3779);
#1738=EDGE_LOOP('',(#3780,#3781,#3782,#3783));
#1739=AXIS2_PLACEMENT_3D('',#3784,#3785,#3786);
#1740=EDGE_LOOP('',(#3787,#3788,#3789,#3790));
#1741=AXIS2_PLACEMENT_3D('',#3791,#3792,#3793);
#1742=EDGE_LOOP('',(#3794,#3795,#3796,#3797));
#1743=AXIS2_PLACEMENT_3D('',#3798,#3799,#3800);
#1744=EDGE_LOOP('',(#3801,#3802,#3803,#3804));
#1745=AXIS2_PLACEMENT_3D('',#3805,#3806,#3807);
#1746=EDGE_LOOP('',(#3808,#3809,#3810,#3811));
#1747=AXIS2_PLACEMENT_3D('',#3812,#3813,#3814);
#1748=EDGE_LOOP('',(#3815,#3816,#3817,#3818));
#1749=AXIS2_PLACEMENT_3D('',#3819,#3820,#3821);
#1750=EDGE_LOOP('',(#3822,#3823,#3824,#3825));
#1751=AXIS2_PLACEMENT_3D('',#3826,#3827,#3828);
#1752=EDGE_LOOP('',(#3829,#3830,#3831,#3832));
#1753=AXIS2_PLACEMENT_3D('',#3833,#3834,#3835);
#1754=EDGE_LOOP('',(#3836,#3837,#3838,#3839));
#1755=AXIS2_PLACEMENT_3D('',#3840,#3841,#3842);
#1756=EDGE_LOOP('',(#3843,#3844,#3845,#3846));
#1757=AXIS2_PLACEMENT_3D('',#3847,#3848,#3849);
#1758=EDGE_LOOP('',(#3850,#3851,#3852,#3853));
#1759=AXIS2_PLACEMENT_3D('',#3854,#3855,#3856);
#1760=EDGE_LOOP('',(#3857,#3858,#3859,#3860));
#1761=AXIS2_PLACEMENT_3D('',#3861,#3862,#3863);
#1762=EDGE_LOOP('',(#3864,#3865,#3866,#3867));
#1763=AXIS2_PLACEMENT_3D('',#3868,#3869,#3870);
#1764=EDGE_LOOP('',(#3871,#3872,#3873,#3874));
#1765=AXIS2_PLACEMENT_3D('',#3875,#3876,#3877);
#1766=EDGE_LOOP('',(#3878,#3879,#3880,#3881));
#1767=AXIS2_PLACEMENT_3D('',#3882,#3883,#3884);
#1768=EDGE_LOOP('',(#3885,#3886,#3887,#3888));
#1769=AXIS2_PLACEMENT_3D('',#3889,#3890,#3891);
#1770=EDGE_LOOP('',(#3892,#3893,#3894,#3895));
#1771=AXIS2_PLACEMENT_3D('',#3896,#3897,#3898);
#1772=EDGE_LOOP('',(#3899,#3900,#3901,#3902));
#1773=AXIS2_PLACEMENT_3D('',#3903,#3904,#3905);
#1774=EDGE_LOOP('',(#3906,#3907,#3908,#3909));
#1775=AXIS2_PLACEMENT_3D('',#3910,#3911,#3912);
#1776=EDGE_LOOP('',(#3913,#3914,#3915,#3916));
#1777=AXIS2_PLACEMENT_3D('',#3917,#3918,#3919);
#1778=EDGE_LOOP('',(#3920,#3921,#3922,#3923));
#1779=AXIS2_PLACEMENT_3D('',#3924,#3925,#3926);
#1780=EDGE_LOOP('',(#3927,#3928,#3929,#3930));
#1781=AXIS2_PLACEMENT_3D('',#3931,#3932,#3933);
#1782=EDGE_LOOP('',(#3934,#3935,#3936,#3937));
#1783=AXIS2_PLACEMENT_3D('',#3938,#3939,#3940);
#1784=EDGE_LOOP('',(#3941,#3942,#3943,#3944));
#1785=AXIS2_PLACEMENT_3D('',#3945,#3946,#3947);
#1786=EDGE_LOOP('',(#3948,#3949,#3950,#3951));
#1787=AXIS2_PLACEMENT_3D('',#3952,#3953,#3954);
#1788=EDGE_LOOP('',(#3955,#3956,#3957,#3958));
#1789=AXIS2_PLACEMENT_3D('',#3959,#3960,#3961);
#1790=EDGE_LOOP('',(#3962,#3963,#3964,#3965));
#1791=AXIS2_PLACEMENT_3D('',#3966,#3967,#3968);
#1792=EDGE_LOOP('',(#3969,#3970,#3971,#3972));
#1793=AXIS2_PLACEMENT_3D('',#3973,#3974,#3975);
#1794=EDGE_LOOP('',(#3976,#3977,#3978,#3979));
#1795=AXIS2_PLACEMENT_3D('',#3980,#3981,#3982);
#1796=EDGE_LOOP('',(#3983,#3984,#3985,#3986));
#1797=AXIS2_PLACEMENT_3D('',#3987,#3988,#3989);
#1798=EDGE_LOOP('',(#3990,#3991,#3992,#3993));
#1799=AXIS2_PLACEMENT_3D('',#3994,#3995,#3996);
#1800=EDGE_LOOP('',(#3997,#3998,#3999,#4000));
#1801=AXIS2_PLACEMENT_3D('',#4001,#4002,#4003);
#1802=EDGE_LOOP('',(#4004,#4005,#4006,#4007));
#1803=AXIS2_PLACEMENT_3D('',#4008,#4009,#4010);
#1804=EDGE_LOOP('',(#4011,#4012,#4013,#4014));
#1805=AXIS2_PLACEMENT_3D('',#4015,#4016,#4017);
#1806=EDGE_LOOP('',(#4018,#4019,#4020,#4021));
#1807=AXIS2_PLACEMENT_3D('',#4022,#4023,#4024);
#1808=EDGE_LOOP('',(#4025,#4026,#4027,#4028));
#1809=AXIS2_PLACEMENT_3D('',#4029,#4030,#4031);
#1810=EDGE_LOOP('',(#4032,#4033,#4034,#4035));
#1811=AXIS2_PLACEMENT_3D('',#4036,#4037,#4038);
#1812=EDGE_LOOP('',(#4039,#4040,#4041,#4042));
#1813=AXIS2_PLACEMENT_3D('',#4043,#4044,#4045);
#1814=EDGE_LOOP('',(#4046,#4047,#4048,#4049));
#1815=AXIS2_PLACEMENT_3D('',#4050,#4051,#4052);
#1816=EDGE_LOOP('',(#4053,#4054,#4055,#4056,#4057,#4058,#4059,#4060));
#1817=AXIS2_PLACEMENT_3D('',#4061,#4062,#4063);
#1818=EDGE_LOOP('',(#4064,#4065,#4066,#4067,#4068,#4069,#4070,#4071));
#1819=AXIS2_PLACEMENT_3D('',#4072,#4073,#4074);
#1820=EDGE_LOOP('',(#4075,#4076,#4077));
#1821=AXIS2_PLACEMENT_3D('',#4078,#4079,#4080);
#1822=EDGE_LOOP('',(#4081,#4082,#4083,#4084,#4085));
#1823=AXIS2_PLACEMENT_3D('',#4086,#4087,#4088);
#1824=EDGE_LOOP('',(#4089,#4090,#4091,#4092));
#1825=AXIS2_PLACEMENT_3D('',#4093,#4094,#4095);
#1826=EDGE_LOOP('',(#4096,#4097,#4098,#4099));
#1827=AXIS2_PLACEMENT_3D('',#4100,#4101,#4102);
#1828=EDGE_LOOP('',(#4103,#4104,#4105,#4106,#4107,#4108,#4109,#4110));
#1829=AXIS2_PLACEMENT_3D('',#4111,#4112,#4113);
#1830=EDGE_LOOP('',(#4114,#4115,#4116,#4117));
#1831=AXIS2_PLACEMENT_3D('',#4118,#4119,#4120);
#1832=EDGE_LOOP('',(#4121,#4122,#4123,#4124,#4125,#4126));
#1833=AXIS2_PLACEMENT_3D('',#4127,#4128,#4129);
#1834=EDGE_LOOP('',(#4130,#4131,#4132,#4133,#4134,#4135));
#1835=AXIS2_PLACEMENT_3D('',#4136,#4137,#4138);
#1836=EDGE_LOOP('',(#4139,#4140,#4141));
#1837=AXIS2_PLACEMENT_3D('',#4142,#4143,#4144);
#1838=EDGE_LOOP('',(#4145,#4146,#4147,#4148,#4149));
#1839=AXIS2_PLACEMENT_3D('',#4150,#4151,#4152);
#1840=EDGE_LOOP('',(#4153,#4154,#4155,#4156));
#1841=AXIS2_PLACEMENT_3D('',#4157,#4158,#4159);
#1842=EDGE_LOOP('',(#4160,#4161,#4162,#4163));
#1843=AXIS2_PLACEMENT_3D('',#4164,#4165,#4166);
#1844=EDGE_LOOP('',(#4167,#4168,#4169,#4170,#4171,#4172,#4173,#4174));
#1845=AXIS2_PLACEMENT_3D('',#4175,#4176,#4177);
#1846=EDGE_LOOP('',(#4178,#4179,#4180,#4181));
#1847=AXIS2_PLACEMENT_3D('',#4182,#4183,#4184);
#1848=EDGE_LOOP('',(#4185,#4186,#4187,#4188,#4189,#4190,#4191));
#1849=AXIS2_PLACEMENT_3D('',#4192,#4193,#4194);
#1850=EDGE_LOOP('',(#4195,#4196,#4197,#4198));
#1851=AXIS2_PLACEMENT_3D('',#4199,#4200,#4201);
#1852=EDGE_LOOP('',(#4202,#4203,#4204,#4205));
#1853=AXIS2_PLACEMENT_3D('',#4206,#4207,#4208);
#1854=EDGE_LOOP('',(#4209,#4210,#4211,#4212,#4213,#4214,#4215));
#1855=AXIS2_PLACEMENT_3D('',#4216,#4217,#4218);
#1856=EDGE_LOOP('',(#4219,#4220,#4221,#4222));
#1857=AXIS2_PLACEMENT_3D('',#4223,#4224,#4225);
#1858=EDGE_LOOP('',(#4226,#4227,#4228,#4229));
#1859=AXIS2_PLACEMENT_3D('',#4230,#4231,#4232);
#1860=EDGE_LOOP('',(#4233,#4234,#4235,#4236));
#1861=AXIS2_PLACEMENT_3D('',#4237,#4238,#4239);
#1862=EDGE_LOOP('',(#4240,#4241,#4242,#4243));
#1863=AXIS2_PLACEMENT_3D('',#4244,#4245,#4246);
#1864=EDGE_LOOP('',(#4247,#4248,#4249,#4250));
#1865=AXIS2_PLACEMENT_3D('',#4251,#4252,#4253);
#1866=EDGE_LOOP('',(#4254,#4255,#4256,#4257));
#1867=AXIS2_PLACEMENT_3D('',#4258,#4259,#4260);
#1868=EDGE_LOOP('',(#4261,#4262,#4263,#4264));
#1869=AXIS2_PLACEMENT_3D('',#4265,#4266,#4267);
#1870=EDGE_LOOP('',(#4268,#4269,#4270,#4271));
#1871=AXIS2_PLACEMENT_3D('',#4272,#4273,#4274);
#1872=EDGE_LOOP('',(#4275,#4276,#4277,#4278));
#1873=AXIS2_PLACEMENT_3D('',#4279,#4280,#4281);
#1874=EDGE_LOOP('',(#4282,#4283,#4284,#4285));
#1875=AXIS2_PLACEMENT_3D('',#4286,#4287,#4288);
#1876=EDGE_LOOP('',(#4289,#4290,#4291,#4292));
#1877=AXIS2_PLACEMENT_3D('',#4293,#4294,#4295);
#1878=EDGE_LOOP('',(#4296,#4297,#4298,#4299));
#1879=AXIS2_PLACEMENT_3D('',#4300,#4301,#4302);
#1880=EDGE_LOOP('',(#4303,#4304,#4305,#4306));
#1881=AXIS2_PLACEMENT_3D('',#4307,#4308,#4309);
#1882=EDGE_LOOP('',(#4310,#4311,#4312,#4313));
#1883=AXIS2_PLACEMENT_3D('',#4314,#4315,#4316);
#1884=EDGE_LOOP('',(#4317,#4318,#4319,#4320));
#1885=AXIS2_PLACEMENT_3D('',#4321,#4322,#4323);
#1886=EDGE_LOOP('',(#4324,#4325,#4326,#4327));
#1887=AXIS2_PLACEMENT_3D('',#4328,#4329,#4330);
#1888=EDGE_LOOP('',(#4331,#4332,#4333,#4334,#4335));
#1889=AXIS2_PLACEMENT_3D('',#4336,#4337,#4338);
#1890=EDGE_LOOP('',(#4339,#4340,#4341,#4342));
#1891=AXIS2_PLACEMENT_3D('',#4343,#4344,#4345);
#1892=EDGE_LOOP('',(#4346,#4347,#4348,#4349,#4350));
#1893=AXIS2_PLACEMENT_3D('',#4351,#4352,#4353);
#1894=EDGE_LOOP('',(#4354,#4355,#4356,#4357));
#1895=AXIS2_PLACEMENT_3D('',#4358,#4359,#4360);
#1896=EDGE_LOOP('',(#4361,#4362,#4363,#4364));
#1897=AXIS2_PLACEMENT_3D('',#4365,#4366,#4367);
#1898=EDGE_LOOP('',(#4368,#4369,#4370,#4371));
#1899=AXIS2_PLACEMENT_3D('',#4372,#4373,#4374);
#1900=EDGE_LOOP('',(#4375,#4376,#4377,#4378));
#1901=AXIS2_PLACEMENT_3D('',#4379,#4380,#4381);
#1902=EDGE_LOOP('',(#4382,#4383,#4384,#4385));
#1903=AXIS2_PLACEMENT_3D('',#4386,#4387,#4388);
#1904=EDGE_LOOP('',(#4389,#4390,#4391,#4392));
#1905=AXIS2_PLACEMENT_3D('',#4393,#4394,#4395);
#1906=EDGE_LOOP('',(#4396,#4397,#4398,#4399));
#1907=AXIS2_PLACEMENT_3D('',#4400,#4401,#4402);
#1908=EDGE_LOOP('',(#4403,#4404,#4405,#4406));
#1909=AXIS2_PLACEMENT_3D('',#4407,#4408,#4409);
#1910=EDGE_LOOP('',(#4410,#4411,#4412,#4413));
#1911=AXIS2_PLACEMENT_3D('',#4414,#4415,#4416);
#1912=EDGE_LOOP('',(#4417,#4418,#4419,#4420));
#1913=AXIS2_PLACEMENT_3D('',#4421,#4422,#4423);
#1914=EDGE_LOOP('',(#4424,#4425,#4426,#4427));
#1915=AXIS2_PLACEMENT_3D('',#4428,#4429,#4430);
#1916=EDGE_LOOP('',(#4431,#4432,#4433,#4434));
#1917=AXIS2_PLACEMENT_3D('',#4435,#4436,#4437);
#1918=EDGE_LOOP('',(#4438,#4439,#4440,#4441));
#1919=AXIS2_PLACEMENT_3D('',#4442,#4443,#4444);
#1920=EDGE_LOOP('',(#4445,#4446,#4447,#4448));
#1921=AXIS2_PLACEMENT_3D('',#4449,#4450,#4451);
#1922=EDGE_LOOP('',(#4452,#4453,#4454,#4455));
#1923=AXIS2_PLACEMENT_3D('',#4456,#4457,#4458);
#1924=EDGE_LOOP('',(#4459,#4460,#4461,#4462));
#1925=AXIS2_PLACEMENT_3D('',#4463,#4464,#4465);
#1926=EDGE_LOOP('',(#4466,#4467,#4468,#4469));
#1927=AXIS2_PLACEMENT_3D('',#4470,#4471,#4472);
#1928=EDGE_LOOP('',(#4473,#4474,#4475,#4476));
#1929=AXIS2_PLACEMENT_3D('',#4477,#4478,#4479);
#1930=EDGE_LOOP('',(#4480,#4481,#4482,#4483,#4484));
#1931=AXIS2_PLACEMENT_3D('',#4485,#4486,#4487);
#1932=EDGE_LOOP('',(#4488,#4489,#4490,#4491));
#1933=AXIS2_PLACEMENT_3D('',#4492,#4493,#4494);
#1934=EDGE_LOOP('',(#4495,#4496,#4497,#4498,#4499));
#1935=AXIS2_PLACEMENT_3D('',#4500,#4501,#4502);
#1936=EDGE_LOOP('',(#4503,#4504,#4505,#4506));
#1937=AXIS2_PLACEMENT_3D('',#4507,#4508,#4509);
#1938=EDGE_LOOP('',(#4510,#4511,#4512,#4513));
#1939=AXIS2_PLACEMENT_3D('',#4514,#4515,#4516);
#1940=EDGE_LOOP('',(#4517,#4518,#4519,#4520));
#1941=AXIS2_PLACEMENT_3D('',#4521,#4522,#4523);
#1942=EDGE_LOOP('',(#4524,#4525,#4526,#4527));
#1943=AXIS2_PLACEMENT_3D('',#4528,#4529,#4530);
#1944=EDGE_LOOP('',(#4531,#4532,#4533,#4534));
#1945=AXIS2_PLACEMENT_3D('',#4535,#4536,#4537);
#1946=EDGE_LOOP('',(#4538,#4539,#4540,#4541));
#1947=AXIS2_PLACEMENT_3D('',#4542,#4543,#4544);
#1948=EDGE_LOOP('',(#4545,#4546,#4547,#4548));
#1949=AXIS2_PLACEMENT_3D('',#4549,#4550,#4551);
#1950=EDGE_LOOP('',(#4552,#4553,#4554,#4555));
#1951=AXIS2_PLACEMENT_3D('',#4556,#4557,#4558);
#1952=EDGE_LOOP('',(#4559,#4560,#4561,#4562));
#1953=AXIS2_PLACEMENT_3D('',#4563,#4564,#4565);
#1954=EDGE_LOOP('',(#4566,#4567,#4568,#4569));
#1955=AXIS2_PLACEMENT_3D('',#4570,#4571,#4572);
#1956=EDGE_LOOP('',(#4573,#4574,#4575,#4576));
#1957=AXIS2_PLACEMENT_3D('',#4577,#4578,#4579);
#1958=EDGE_LOOP('',(#4580,#4581,#4582,#4583));
#1959=AXIS2_PLACEMENT_3D('',#4584,#4585,#4586);
#1960=EDGE_LOOP('',(#4587,#4588,#4589,#4590));
#1961=AXIS2_PLACEMENT_3D('',#4591,#4592,#4593);
#1962=EDGE_LOOP('',(#4594,#4595,#4596,#4597));
#1963=AXIS2_PLACEMENT_3D('',#4598,#4599,#4600);
#1964=EDGE_LOOP('',(#4601,#4602,#4603,#4604));
#1965=AXIS2_PLACEMENT_3D('',#4605,#4606,#4607);
#1966=EDGE_LOOP('',(#4608,#4609,#4610,#4611));
#1967=AXIS2_PLACEMENT_3D('',#4612,#4613,#4614);
#1968=EDGE_LOOP('',(#4615,#4616,#4617,#4618));
#1969=AXIS2_PLACEMENT_3D('',#4619,#4620,#4621);
#1970=EDGE_LOOP('',(#4622,#4623,#4624,#4625));
#1971=AXIS2_PLACEMENT_3D('',#4626,#4627,#4628);
#1972=EDGE_LOOP('',(#4629,#4630,#4631,#4632));
#1973=AXIS2_PLACEMENT_3D('',#4633,#4634,#4635);
#1974=EDGE_LOOP('',(#4636,#4637,#4638,#4639));
#1975=AXIS2_PLACEMENT_3D('',#4640,#4641,#4642);
#1976=EDGE_LOOP('',(#4643,#4644,#4645,#4646));
#1977=AXIS2_PLACEMENT_3D('',#4647,#4648,#4649);
#1978=EDGE_LOOP('',(#4650,#4651,#4652,#4653));
#1979=AXIS2_PLACEMENT_3D('',#4654,#4655,#4656);
#1980=EDGE_LOOP('',(#4657,#4658,#4659,#4660));
#1981=AXIS2_PLACEMENT_3D('',#4661,#4662,#4663);
#1982=EDGE_LOOP('',(#4664,#4665,#4666,#4667));
#1983=AXIS2_PLACEMENT_3D('',#4668,#4669,#4670);
#1984=EDGE_LOOP('',(#4671,#4672,#4673,#4674));
#1985=AXIS2_PLACEMENT_3D('',#4675,#4676,#4677);
#1986=EDGE_LOOP('',(#4678,#4679,#4680,#4681,#4682,#4683));
#1987=AXIS2_PLACEMENT_3D('',#4684,#4685,#4686);
#1988=EDGE_LOOP('',(#4687,#4688,#4689,#4690));
#1989=AXIS2_PLACEMENT_3D('',#4691,#4692,#4693);
#1990=EDGE_LOOP('',(#4694,#4695,#4696,#4697));
#1991=AXIS2_PLACEMENT_3D('',#4698,#4699,#4700);
#1992=EDGE_LOOP('',(#4701,#4702,#4703,#4704));
#1993=AXIS2_PLACEMENT_3D('',#4705,#4706,#4707);
#1994=EDGE_LOOP('',(#4708,#4709,#4710,#4711));
#1995=AXIS2_PLACEMENT_3D('',#4712,#4713,#4714);
#1996=EDGE_LOOP('',(#4715,#4716,#4717,#4718));
#1997=AXIS2_PLACEMENT_3D('',#4719,#4720,#4721);
#1998=EDGE_LOOP('',(#4722,#4723,#4724,#4725));
#1999=AXIS2_PLACEMENT_3D('',#4726,#4727,#4728);
#2000=EDGE_LOOP('',(#4729,#4730,#4731,#4732));
#2001=AXIS2_PLACEMENT_3D('',#4733,#4734,#4735);
#2002=EDGE_LOOP('',(#4736,#4737,#4738,#4739));
#2003=AXIS2_PLACEMENT_3D('',#4740,#4741,#4742);
#2004=EDGE_LOOP('',(#4743,#4744,#4745,#4746));
#2005=AXIS2_PLACEMENT_3D('',#4747,#4748,#4749);
#2006=EDGE_LOOP('',(#4750,#4751,#4752,#4753));
#2007=AXIS2_PLACEMENT_3D('',#4754,#4755,#4756);
#2008=EDGE_LOOP('',(#4757,#4758,#4759,#4760));
#2009=AXIS2_PLACEMENT_3D('',#4761,#4762,#4763);
#2010=EDGE_LOOP('',(#4764,#4765,#4766,#4767));
#2011=AXIS2_PLACEMENT_3D('',#4768,#4769,#4770);
#2012=EDGE_LOOP('',(#4771,#4772,#4773,#4774));
#2013=AXIS2_PLACEMENT_3D('',#4775,#4776,#4777);
#2014=EDGE_LOOP('',(#4778,#4779,#4780,#4781));
#2015=AXIS2_PLACEMENT_3D('',#4782,#4783,#4784);
#2016=EDGE_LOOP('',(#4785,#4786,#4787,#4788));
#2017=AXIS2_PLACEMENT_3D('',#4789,#4790,#4791);
#2018=EDGE_LOOP('',(#4792,#4793,#4794,#4795));
#2019=AXIS2_PLACEMENT_3D('',#4796,#4797,#4798);
#2020=EDGE_LOOP('',(#4799,#4800,#4801,#4802));
#2021=AXIS2_PLACEMENT_3D('',#4803,#4804,#4805);
#2022=EDGE_LOOP('',(#4806,#4807,#4808,#4809));
#2023=AXIS2_PLACEMENT_3D('',#4810,#4811,#4812);
#2024=EDGE_LOOP('',(#4813,#4814,#4815,#4816));
#2025=AXIS2_PLACEMENT_3D('',#4817,#4818,#4819);
#2026=EDGE_LOOP('',(#4820,#4821,#4822,#4823));
#2027=AXIS2_PLACEMENT_3D('',#4824,#4825,#4826);
#2028=EDGE_LOOP('',(#4827,#4828,#4829,#4830));
#2029=AXIS2_PLACEMENT_3D('',#4831,#4832,#4833);
#2030=EDGE_LOOP('',(#4834,#4835,#4836,#4837));
#2031=AXIS2_PLACEMENT_3D('',#4838,#4839,#4840);
#2032=EDGE_LOOP('',(#4841,#4842,#4843,#4844));
#2033=AXIS2_PLACEMENT_3D('',#4845,#4846,#4847);
#2034=EDGE_LOOP('',(#4848,#4849,#4850,#4851));
#2035=AXIS2_PLACEMENT_3D('',#4852,#4853,#4854);
#2036=EDGE_LOOP('',(#4855,#4856,#4857,#4858));
#2037=AXIS2_PLACEMENT_3D('',#4859,#4860,#4861);
#2038=EDGE_LOOP('',(#4862,#4863,#4864,#4865));
#2039=AXIS2_PLACEMENT_3D('',#4866,#4867,#4868);
#2040=EDGE_LOOP('',(#4869,#4870,#4871,#4872));
#2041=AXIS2_PLACEMENT_3D('',#4873,#4874,#4875);
#2042=EDGE_LOOP('',(#4876,#4877,#4878,#4879));
#2043=AXIS2_PLACEMENT_3D('',#4880,#4881,#4882);
#2044=EDGE_LOOP('',(#4883,#4884,#4885,#4886));
#2045=AXIS2_PLACEMENT_3D('',#4887,#4888,#4889);
#2046=EDGE_LOOP('',(#4890,#4891,#4892,#4893));
#2047=AXIS2_PLACEMENT_3D('',#4894,#4895,#4896);
#2048=EDGE_LOOP('',(#4897,#4898,#4899,#4900));
#2049=AXIS2_PLACEMENT_3D('',#4901,#4902,#4903);
#2050=EDGE_LOOP('',(#4904,#4905,#4906,#4907));
#2051=AXIS2_PLACEMENT_3D('',#4908,#4909,#4910);
#2052=EDGE_LOOP('',(#4911,#4912,#4913,#4914));
#2053=AXIS2_PLACEMENT_3D('',#4915,#4916,#4917);
#2054=EDGE_LOOP('',(#4918,#4919,#4920,#4921));
#2055=AXIS2_PLACEMENT_3D('',#4922,#4923,#4924);
#2056=EDGE_LOOP('',(#4925,#4926,#4927,#4928));
#2057=AXIS2_PLACEMENT_3D('',#4929,#4930,#4931);
#2058=EDGE_LOOP('',(#4932,#4933,#4934,#4935));
#2059=AXIS2_PLACEMENT_3D('',#4936,#4937,#4938);
#2060=EDGE_LOOP('',(#4939,#4940,#4941,#4942));
#2061=AXIS2_PLACEMENT_3D('',#4943,#4944,#4945);
#2062=EDGE_LOOP('',(#4946,#4947,#4948,#4949));
#2063=AXIS2_PLACEMENT_3D('',#4950,#4951,#4952);
#2064=EDGE_LOOP('',(#4953,#4954,#4955,#4956));
#2065=AXIS2_PLACEMENT_3D('',#4957,#4958,#4959);
#2066=EDGE_LOOP('',(#4960,#4961,#4962,#4963));
#2067=AXIS2_PLACEMENT_3D('',#4964,#4965,#4966);
#2068=EDGE_LOOP('',(#4967,#4968,#4969,#4970,#4971,#4972));
#2069=AXIS2_PLACEMENT_3D('',#4973,#4974,#4975);
#2070=EDGE_LOOP('',(#4976,#4977,#4978,#4979));
#2071=AXIS2_PLACEMENT_3D('',#4980,#4981,#4982);
#2072=EDGE_LOOP('',(#4983,#4984,#4985,#4986,#4987));
#2073=AXIS2_PLACEMENT_3D('',#4988,#4989,#4990);
#2074=EDGE_LOOP('',(#4991,#4992,#4993,#4994,#4995,#4996));
#2075=AXIS2_PLACEMENT_3D('',#4997,#4998,#4999);
#2076=EDGE_LOOP('',(#5000,#5001,#5002,#5003));
#2077=AXIS2_PLACEMENT_3D('',#5004,#5005,#5006);
#2078=EDGE_LOOP('',(#5007,#5008,#5009,#5010));
#2079=AXIS2_PLACEMENT_3D('',#5011,#5012,#5013);
#2080=EDGE_LOOP('',(#5014,#5015,#5016,#5017,#5018));
#2081=AXIS2_PLACEMENT_3D('',#5019,#5020,#5021);
#2082=EDGE_LOOP('',(#5022,#5023,#5024,#5025));
#2083=AXIS2_PLACEMENT_3D('',#5026,#5027,#5028);
#2084=EDGE_LOOP('',(#5029,#5030,#5031,#5032,#5033,#5034));
#2085=AXIS2_PLACEMENT_3D('',#5035,#5036,#5037);
#2086=EDGE_LOOP('',(#5038,#5039,#5040,#5041));
#2087=AXIS2_PLACEMENT_3D('',#5042,#5043,#5044);
#2088=EDGE_LOOP('',(#5045,#5046,#5047,#5048,#5049));
#2089=AXIS2_PLACEMENT_3D('',#5050,#5051,#5052);
#2090=EDGE_LOOP('',(#5053,#5054,#5055,#5056,#5057,#5058));
#2091=AXIS2_PLACEMENT_3D('',#5059,#5060,#5061);
#2092=EDGE_LOOP('',(#5062,#5063,#5064,#5065));
#2093=AXIS2_PLACEMENT_3D('',#5066,#5067,#5068);
#2094=EDGE_LOOP('',(#5069,#5070,#5071,#5072));
#2095=AXIS2_PLACEMENT_3D('',#5073,#5074,#5075);
#2096=EDGE_LOOP('',(#5076,#5077,#5078,#5079,#5080));
#2097=AXIS2_PLACEMENT_3D('',#5081,#5082,#5083);
#2098=EDGE_LOOP('',(#5084,#5085,#5086,#5087));
#2099=AXIS2_PLACEMENT_3D('',#5088,#5089,#5090);
#2100=EDGE_LOOP('',(#5091,#5092,#5093,#5094,#5095,#5096));
#2101=AXIS2_PLACEMENT_3D('',#5097,#5098,#5099);
#2102=EDGE_LOOP('',(#5100,#5101,#5102,#5103));
#2103=AXIS2_PLACEMENT_3D('',#5104,#5105,#5106);
#2104=EDGE_LOOP('',(#5107,#5108,#5109,#5110,#5111));
#2105=AXIS2_PLACEMENT_3D('',#5112,#5113,#5114);
#2106=EDGE_LOOP('',(#5115,#5116,#5117,#5118,#5119,#5120));
#2107=AXIS2_PLACEMENT_3D('',#5121,#5122,#5123);
#2108=EDGE_LOOP('',(#5124,#5125,#5126,#5127));
#2109=AXIS2_PLACEMENT_3D('',#5128,#5129,#5130);
#2110=EDGE_LOOP('',(#5131,#5132,#5133,#5134));
#2111=AXIS2_PLACEMENT_3D('',#5135,#5136,#5137);
#2112=EDGE_LOOP('',(#5138,#5139,#5140,#5141,#5142));
#2113=AXIS2_PLACEMENT_3D('',#5143,#5144,#5145);
#2114=EDGE_LOOP('',(#5146,#5147,#5148,#5149));
#2115=AXIS2_PLACEMENT_3D('',#5150,#5151,#5152);
#2116=EDGE_LOOP('',(#5153,#5154,#5155,#5156,#5157,#5158));
#2117=AXIS2_PLACEMENT_3D('',#5159,#5160,#5161);
#2118=EDGE_LOOP('',(#5162,#5163,#5164,#5165));
#2119=AXIS2_PLACEMENT_3D('',#5166,#5167,#5168);
#2120=EDGE_LOOP('',(#5169,#5170,#5171,#5172,#5173));
#2121=AXIS2_PLACEMENT_3D('',#5174,#5175,#5176);
#2122=EDGE_LOOP('',(#5177,#5178,#5179,#5180,#5181,#5182));
#2123=AXIS2_PLACEMENT_3D('',#5183,#5184,#5185);
#2124=EDGE_LOOP('',(#5186,#5187,#5188,#5189));
#2125=AXIS2_PLACEMENT_3D('',#5190,#5191,#5192);
#2126=EDGE_LOOP('',(#5193,#5194,#5195,#5196));
#2127=AXIS2_PLACEMENT_3D('',#5197,#5198,#5199);
#2128=EDGE_LOOP('',(#5200,#5201,#5202,#5203,#5204));
#2129=AXIS2_PLACEMENT_3D('',#5205,#5206,#5207);
#2130=EDGE_LOOP('',(#5208,#5209,#5210,#5211));
#2131=AXIS2_PLACEMENT_3D('',#5212,#5213,#5214);
#2132=EDGE_LOOP('',(#5215,#5216,#5217,#5218,#5219,#5220));
#2133=AXIS2_PLACEMENT_3D('',#5221,#5222,#5223);
#2134=EDGE_LOOP('',(#5224,#5225,#5226,#5227));
#2135=AXIS2_PLACEMENT_3D('',#5228,#5229,#5230);
#2136=EDGE_LOOP('',(#5231,#5232,#5233,#5234,#5235));
#2137=AXIS2_PLACEMENT_3D('',#5236,#5237,#5238);
#2138=EDGE_LOOP('',(#5239,#5240,#5241,#5242,#5243,#5244));
#2139=AXIS2_PLACEMENT_3D('',#5245,#5246,#5247);
#2140=EDGE_LOOP('',(#5248,#5249,#5250,#5251));
#2141=AXIS2_PLACEMENT_3D('',#5252,#5253,#5254);
#2142=EDGE_LOOP('',(#5255,#5256,#5257,#5258));
#2143=AXIS2_PLACEMENT_3D('',#5259,#5260,#5261);
#2144=EDGE_LOOP('',(#5262,#5263,#5264,#5265,#5266));
#2145=AXIS2_PLACEMENT_3D('',#5267,#5268,#5269);
#2146=EDGE_LOOP('',(#5270,#5271,#5272,#5273));
#2147=AXIS2_PLACEMENT_3D('',#5274,#5275,#5276);
#2148=EDGE_LOOP('',(#5277,#5278,#5279,#5280,#5281,#5282));
#2149=AXIS2_PLACEMENT_3D('',#5283,#5284,#5285);
#2150=EDGE_LOOP('',(#5286,#5287,#5288,#5289));
#2151=AXIS2_PLACEMENT_3D('',#5290,#5291,#5292);
#2152=EDGE_LOOP('',(#5293,#5294,#5295,#5296,#5297));
#2153=AXIS2_PLACEMENT_3D('',#5298,#5299,#5300);
#2154=EDGE_LOOP('',(#5301,#5302,#5303,#5304,#5305,#5306));
#2155=AXIS2_PLACEMENT_3D('',#5307,#5308,#5309);
#2156=EDGE_LOOP('',(#5310,#5311,#5312,#5313));
#2157=AXIS2_PLACEMENT_3D('',#5314,#5315,#5316);
#2158=EDGE_LOOP('',(#5317,#5318,#5319,#5320));
#2159=AXIS2_PLACEMENT_3D('',#5321,#5322,#5323);
#2160=EDGE_LOOP('',(#5324,#5325,#5326,#5327,#5328));
#2161=AXIS2_PLACEMENT_3D('',#5329,#5330,#5331);
#2162=EDGE_LOOP('',(#5332,#5333,#5334,#5335));
#2163=AXIS2_PLACEMENT_3D('',#5336,#5337,#5338);
#2164=EDGE_LOOP('',(#5339,#5340,#5341,#5342,#5343,#5344));
#2165=AXIS2_PLACEMENT_3D('',#5345,#5346,#5347);
#2166=EDGE_LOOP('',(#5348,#5349,#5350,#5351));
#2167=AXIS2_PLACEMENT_3D('',#5352,#5353,#5354);
#2168=EDGE_LOOP('',(#5355,#5356,#5357,#5358,#5359));
#2169=AXIS2_PLACEMENT_3D('',#5360,#5361,#5362);
#2170=EDGE_LOOP('',(#5363,#5364,#5365,#5366,#5367,#5368));
#2171=AXIS2_PLACEMENT_3D('',#5369,#5370,#5371);
#2172=EDGE_LOOP('',(#5372,#5373,#5374,#5375));
#2173=AXIS2_PLACEMENT_3D('',#5376,#5377,#5378);
#2174=EDGE_LOOP('',(#5379,#5380,#5381,#5382));
#2175=AXIS2_PLACEMENT_3D('',#5383,#5384,#5385);
#2176=EDGE_LOOP('',(#5386,#5387,#5388,#5389,#5390));
#2177=AXIS2_PLACEMENT_3D('',#5391,#5392,#5393);
#2178=EDGE_LOOP('',(#5394,#5395,#5396,#5397));
#2179=AXIS2_PLACEMENT_3D('',#5398,#5399,#5400);
#2180=EDGE_LOOP('',(#5401,#5402,#5403,#5404,#5405,#5406));
#2181=AXIS2_PLACEMENT_3D('',#5407,#5408,#5409);
#2182=EDGE_LOOP('',(#5410,#5411,#5412,#5413));
#2183=AXIS2_PLACEMENT_3D('',#5414,#5415,#5416);
#2184=EDGE_LOOP('',(#5417,#5418,#5419,#5420,#5421));
#2185=AXIS2_PLACEMENT_3D('',#5422,#5423,#5424);
#2186=EDGE_LOOP('',(#5425,#5426,#5427,#5428,#5429,#5430));
#2187=AXIS2_PLACEMENT_3D('',#5431,#5432,#5433);
#2188=EDGE_LOOP('',(#5434,#5435,#5436,#5437));
#2189=AXIS2_PLACEMENT_3D('',#5438,#5439,#5440);
#2190=EDGE_LOOP('',(#5441,#5442,#5443,#5444));
#2191=AXIS2_PLACEMENT_3D('',#5445,#5446,#5447);
#2192=EDGE_LOOP('',(#5448,#5449,#5450,#5451,#5452));
#2193=AXIS2_PLACEMENT_3D('',#5453,#5454,#5455);
#2194=EDGE_LOOP('',(#5456,#5457,#5458,#5459));
#2195=AXIS2_PLACEMENT_3D('',#5460,#5461,#5462);
#2196=EDGE_LOOP('',(#5463,#5464,#5465,#5466,#5467,#5468));
#2197=AXIS2_PLACEMENT_3D('',#5469,#5470,#5471);
#2198=EDGE_LOOP('',(#5472,#5473,#5474,#5475));
#2199=AXIS2_PLACEMENT_3D('',#5476,#5477,#5478);
#2200=EDGE_LOOP('',(#5479,#5480,#5481,#5482,#5483));
#2201=AXIS2_PLACEMENT_3D('',#5484,#5485,#5486);
#2202=EDGE_LOOP('',(#5487,#5488,#5489,#5490,#5491,#5492));
#2203=AXIS2_PLACEMENT_3D('',#5493,#5494,#5495);
#2204=EDGE_LOOP('',(#5496,#5497,#5498,#5499));
#2205=AXIS2_PLACEMENT_3D('',#5500,#5501,#5502);
#2206=EDGE_LOOP('',(#5503,#5504,#5505,#5506));
#2207=AXIS2_PLACEMENT_3D('',#5507,#5508,#5509);
#2208=EDGE_LOOP('',(#5510,#5511,#5512,#5513,#5514));
#2209=AXIS2_PLACEMENT_3D('',#5515,#5516,#5517);
#2210=EDGE_LOOP('',(#5518,#5519,#5520,#5521));
#2211=AXIS2_PLACEMENT_3D('',#5522,#5523,#5524);
#2212=EDGE_LOOP('',(#5525,#5526,#5527,#5528,#5529,#5530));
#2213=AXIS2_PLACEMENT_3D('',#5531,#5532,#5533);
#2214=EDGE_LOOP('',(#5534,#5535,#5536,#5537));
#2215=AXIS2_PLACEMENT_3D('',#5538,#5539,#5540);
#2216=EDGE_LOOP('',(#5541,#5542,#5543,#5544,#5545));
#2217=AXIS2_PLACEMENT_3D('',#5546,#5547,#5548);
#2218=EDGE_LOOP('',(#5549,#5550,#5551,#5552,#5553,#5554));
#2219=AXIS2_PLACEMENT_3D('',#5555,#5556,#5557);
#2220=EDGE_LOOP('',(#5558,#5559,#5560,#5561));
#2221=AXIS2_PLACEMENT_3D('',#5562,#5563,#5564);
#2222=EDGE_LOOP('',(#5565,#5566,#5567,#5568));
#2223=AXIS2_PLACEMENT_3D('',#5569,#5570,#5571);
#2224=EDGE_LOOP('',(#5572,#5573,#5574,#5575,#5576));
#2225=AXIS2_PLACEMENT_3D('',#5577,#5578,#5579);
#2226=EDGE_LOOP('',(#5580,#5581,#5582,#5583));
#2227=AXIS2_PLACEMENT_3D('',#5584,#5585,#5586);
#2228=EDGE_LOOP('',(#5587,#5588,#5589,#5590,#5591,#5592));
#2229=AXIS2_PLACEMENT_3D('',#5593,#5594,#5595);
#2230=EDGE_LOOP('',(#5596,#5597,#5598,#5599));
#2231=AXIS2_PLACEMENT_3D('',#5600,#5601,#5602);
#2232=EDGE_LOOP('',(#5603,#5604,#5605,#5606,#5607));
#2233=AXIS2_PLACEMENT_3D('',#5608,#5609,#5610);
#2234=EDGE_LOOP('',(#5611,#5612,#5613,#5614,#5615,#5616));
#2235=AXIS2_PLACEMENT_3D('',#5617,#5618,#5619);
#2236=EDGE_LOOP('',(#5620,#5621,#5622,#5623));
#2237=AXIS2_PLACEMENT_3D('',#5624,#5625,#5626);
#2238=EDGE_LOOP('',(#5627,#5628,#5629,#5630));
#2239=AXIS2_PLACEMENT_3D('',#5631,#5632,#5633);
#2240=EDGE_LOOP('',(#5634,#5635,#5636,#5637,#5638));
#2241=AXIS2_PLACEMENT_3D('',#5639,#5640,#5641);
#2242=EDGE_LOOP('',(#5642,#5643,#5644,#5645));
#2243=AXIS2_PLACEMENT_3D('',#5646,#5647,#5648);
#2244=EDGE_LOOP('',(#5649,#5650,#5651,#5652,#5653));
#2245=AXIS2_PLACEMENT_3D('',#5654,#5655,#5656);
#2246=EDGE_LOOP('',(#5657,#5658,#5659,#5660));
#2247=AXIS2_PLACEMENT_3D('',#5661,#5662,#5663);
#2248=EDGE_LOOP('',(#5664,#5665,#5666,#5667,#5668,#5669));
#2249=AXIS2_PLACEMENT_3D('',#5670,#5671,#5672);
#2250=EDGE_LOOP('',(#5673,#5674,#5675,#5676));
#2251=AXIS2_PLACEMENT_3D('',#5677,#5678,#5679);
#2252=EDGE_LOOP('',(#5680,#5681,#5682,#5683));
#2253=AXIS2_PLACEMENT_3D('',#5684,#5685,#5686);
#2254=EDGE_LOOP('',(#5687,#5688,#5689,#5690));
#2255=AXIS2_PLACEMENT_3D('',#5691,#5692,#5693);
#2256=EDGE_LOOP('',(#5694,#5695,#5696,#5697));
#2257=AXIS2_PLACEMENT_3D('',#5698,#5699,#5700);
#2258=EDGE_LOOP('',(#5701,#5702,#5703));
#2259=AXIS2_PLACEMENT_3D('',#5704,#5705,#5706);
#2260=EDGE_LOOP('',(#5707,#5708,#5709,#5710));
#2261=AXIS2_PLACEMENT_3D('',#5711,#5712,#5713);
#2262=EDGE_LOOP('',(#5714,#5715,#5716));
#2263=AXIS2_PLACEMENT_3D('',#5717,#5718,#5719);
#2264=EDGE_LOOP('',(#5720,#5721,#5722,#5723));
#2265=AXIS2_PLACEMENT_3D('',#5724,#5725,#5726);
#2266=EDGE_LOOP('',(#5727,#5728,#5729));
#2267=AXIS2_PLACEMENT_3D('',#5730,#5731,#5732);
#2268=EDGE_LOOP('',(#5733,#5734,#5735,#5736));
#2269=AXIS2_PLACEMENT_3D('',#5737,#5738,#5739);
#2270=EDGE_LOOP('',(#5740,#5741,#5742));
#2271=AXIS2_PLACEMENT_3D('',#5743,#5744,#5745);
#2272=EDGE_LOOP('',(#5746,#5747,#5748,#5749));
#2273=AXIS2_PLACEMENT_3D('',#5750,#5751,#5752);
#2274=EDGE_LOOP('',(#5753,#5754,#5755));
#2275=AXIS2_PLACEMENT_3D('',#5756,#5757,#5758);
#2276=EDGE_LOOP('',(#5759,#5760,#5761));
#2277=AXIS2_PLACEMENT_3D('',#5762,#5763,#5764);
#2278=EDGE_LOOP('',(#5765,#5766,#5767,#5768));
#2279=AXIS2_PLACEMENT_3D('',#5769,#5770,#5771);
#2280=CIRCLE('',#5772,0.762);
#2281=CIRCLE('',#5773,0.762);
#2282=CIRCLE('',#5774,0.762);
#2283=CIRCLE('',#5775,0.762);
#2284=CIRCLE('',#5776,0.762);
#2285=CIRCLE('',#5777,0.762);
#2286=CIRCLE('',#5778,0.762);
#2287=CIRCLE('',#5779,0.762);
#2288=CIRCLE('',#5780,0.762);
#2289=CIRCLE('',#5781,0.762);
#2290=CIRCLE('',#5782,0.762);
#2291=CIRCLE('',#5783,0.762);
#2292=CIRCLE('',#5784,0.762);
#2293=CIRCLE('',#5785,0.762);
#2294=CIRCLE('',#5786,0.762);
#2295=CIRCLE('',#5787,0.762);
#2296=CIRCLE('',#5788,0.762);
#2297=CIRCLE('',#5789,0.762);
#2298=CIRCLE('',#5790,0.762);
#2299=CIRCLE('',#5791,0.762);
#2300=CIRCLE('',#5792,0.762);
#2301=CIRCLE('',#5793,0.762);
#2302=CIRCLE('',#5794,0.762);
#2303=CIRCLE('',#5795,0.762);
#2304=LINE('',#5796,#5797);
#2305=LINE('',#5798,#5799);
#2306=LINE('',#5800,#5801);
#2307=LINE('',#5802,#5803);
#2308=LINE('',#5804,#5805);
#2309=LINE('',#5806,#5807);
#2310=LINE('',#5808,#5809);
#2311=LINE('',#5810,#5811);
#2312=ORIENTED_EDGE('',*,*,#5812,.F.);
#2313=ORIENTED_EDGE('',*,*,#5813,.F.);
#2314=ORIENTED_EDGE('',*,*,#5814,.F.);
#2315=ORIENTED_EDGE('',*,*,#5815,.F.);
#2316=ORIENTED_EDGE('',*,*,#5816,.F.);
#2317=ORIENTED_EDGE('',*,*,#5817,.F.);
#2318=ORIENTED_EDGE('',*,*,#5818,.F.);
#2319=ORIENTED_EDGE('',*,*,#5819,.F.);
#2320=ORIENTED_EDGE('',*,*,#5820,.T.);
#2321=ORIENTED_EDGE('',*,*,#5821,.T.);
#2322=ORIENTED_EDGE('',*,*,#5822,.F.);
#2323=CARTESIAN_POINT('',(-23.7236,0.0,0.0));
#2324=DIRECTION('',(1.0,0.0,0.0));
#2325=DIRECTION('',(0.0,1.0,0.0));
#2326=ORIENTED_EDGE('',*,*,#5823,.T.);
#2327=ORIENTED_EDGE('',*,*,#5824,.T.);
#2328=ORIENTED_EDGE('',*,*,#5825,.T.);
#2329=ORIENTED_EDGE('',*,*,#5826,.F.);
#2330=ORIENTED_EDGE('',*,*,#5827,.T.);
#2331=ORIENTED_EDGE('',*,*,#5828,.T.);
#2332=ORIENTED_EDGE('',*,*,#5829,.F.);
#2333=ORIENTED_EDGE('',*,*,#5830,.F.);
#2334=ORIENTED_EDGE('',*,*,#5831,.F.);
#2335=ORIENTED_EDGE('',*,*,#5822,.T.);
#2336=ORIENTED_EDGE('',*,*,#5832,.T.);
#2337=ORIENTED_EDGE('',*,*,#5833,.F.);
#2338=ORIENTED_EDGE('',*,*,#5834,.T.);
#2339=ORIENTED_EDGE('',*,*,#5835,.T.);
#2340=ORIENTED_EDGE('',*,*,#5836,.F.);
#2341=ORIENTED_EDGE('',*,*,#5837,.F.);
#2342=ORIENTED_EDGE('',*,*,#5838,.T.);
#2343=ORIENTED_EDGE('',*,*,#5839,.T.);
#2344=ORIENTED_EDGE('',*,*,#5840,.F.);
#2345=ORIENTED_EDGE('',*,*,#5841,.F.);
#2346=ORIENTED_EDGE('',*,*,#5842,.T.);
#2347=ORIENTED_EDGE('',*,*,#5843,.T.);
#2348=ORIENTED_EDGE('',*,*,#5844,.T.);
#2349=ORIENTED_EDGE('',*,*,#5845,.F.);
#2350=CARTESIAN_POINT('',(-23.7236,10.414,-9.42));
#2351=DIRECTION('',(-0.0,1.0,0.0));
#2352=DIRECTION('',(1.0,0.0,0.0));
#2353=ORIENTED_EDGE('',*,*,#5846,.T.);
#2354=ORIENTED_EDGE('',*,*,#5847,.T.);
#2355=ORIENTED_EDGE('',*,*,#5845,.T.);
#2356=CARTESIAN_POINT('',(7.8836,0.0,0.0));
#2357=DIRECTION('',(1.0,0.0,0.0));
#2358=DIRECTION('',(0.0,1.0,0.0));
#2359=ORIENTED_EDGE('',*,*,#5847,.F.);
#2360=ORIENTED_EDGE('',*,*,#5848,.F.);
#2361=ORIENTED_EDGE('',*,*,#5849,.T.);
#2362=ORIENTED_EDGE('',*,*,#5850,.T.);
#2363=CARTESIAN_POINT('',(3.9212,11.8872,-2.54));
#2364=DIRECTION('',(0.0,0.865031189261823,0.501718089771813));
#2365=DIRECTION('',(1.0,0.0,-0.0));
#2366=ORIENTED_EDGE('',*,*,#5850,.F.);
#2367=ORIENTED_EDGE('',*,*,#5842,.F.);
#2368=ORIENTED_EDGE('',*,*,#5851,.T.);
#2369=ORIENTED_EDGE('',*,*,#5838,.F.);
#2370=ORIENTED_EDGE('',*,*,#5852,.T.);
#2371=ORIENTED_EDGE('',*,*,#5834,.F.);
#2372=ORIENTED_EDGE('',*,*,#5853,.F.);
#2373=ORIENTED_EDGE('',*,*,#5819,.T.);
#2374=ORIENTED_EDGE('',*,*,#5854,.T.);
#2375=ORIENTED_EDGE('',*,*,#5855,.T.);
#2376=ORIENTED_EDGE('',*,*,#5856,.T.);
#2377=ORIENTED_EDGE('',*,*,#5857,.T.);
#2378=ORIENTED_EDGE('',*,*,#5858,.T.);
#2379=ORIENTED_EDGE('',*,*,#5859,.F.);
#2380=ORIENTED_EDGE('',*,*,#5860,.T.);
#2381=ORIENTED_EDGE('',*,*,#5861,.T.);
#2382=ORIENTED_EDGE('',*,*,#5862,.T.);
#2383=ORIENTED_EDGE('',*,*,#5863,.F.);
#2384=ORIENTED_EDGE('',*,*,#5864,.T.);
#2385=ORIENTED_EDGE('',*,*,#5865,.T.);
#2386=ORIENTED_EDGE('',*,*,#5866,.T.);
#2387=ORIENTED_EDGE('',*,*,#5867,.F.);
#2388=ORIENTED_EDGE('',*,*,#5868,.T.);
#2389=ORIENTED_EDGE('',*,*,#5869,.T.);
#2390=ORIENTED_EDGE('',*,*,#5870,.T.);
#2391=ORIENTED_EDGE('',*,*,#5871,.F.);
#2392=ORIENTED_EDGE('',*,*,#5872,.T.);
#2393=ORIENTED_EDGE('',*,*,#5873,.T.);
#2394=ORIENTED_EDGE('',*,*,#5874,.T.);
#2395=ORIENTED_EDGE('',*,*,#5875,.F.);
#2396=ORIENTED_EDGE('',*,*,#5876,.T.);
#2397=ORIENTED_EDGE('',*,*,#5877,.T.);
#2398=ORIENTED_EDGE('',*,*,#5878,.T.);
#2399=ORIENTED_EDGE('',*,*,#5879,.F.);
#2400=ORIENTED_EDGE('',*,*,#5880,.T.);
#2401=ORIENTED_EDGE('',*,*,#5881,.T.);
#2402=ORIENTED_EDGE('',*,*,#5882,.T.);
#2403=ORIENTED_EDGE('',*,*,#5883,.F.);
#2404=ORIENTED_EDGE('',*,*,#5884,.T.);
#2405=ORIENTED_EDGE('',*,*,#5885,.T.);
#2406=ORIENTED_EDGE('',*,*,#5886,.T.);
#2407=ORIENTED_EDGE('',*,*,#5887,.F.);
#2408=ORIENTED_EDGE('',*,*,#5888,.T.);
#2409=ORIENTED_EDGE('',*,*,#5889,.T.);
#2410=ORIENTED_EDGE('',*,*,#5890,.T.);
#2411=ORIENTED_EDGE('',*,*,#5891,.F.);
#2412=ORIENTED_EDGE('',*,*,#5892,.T.);
#2413=ORIENTED_EDGE('',*,*,#5893,.T.);
#2414=ORIENTED_EDGE('',*,*,#5894,.T.);
#2415=ORIENTED_EDGE('',*,*,#5895,.F.);
#2416=ORIENTED_EDGE('',*,*,#5896,.T.);
#2417=ORIENTED_EDGE('',*,*,#5897,.T.);
#2418=ORIENTED_EDGE('',*,*,#5898,.T.);
#2419=ORIENTED_EDGE('',*,*,#5899,.F.);
#2420=ORIENTED_EDGE('',*,*,#5900,.T.);
#2421=ORIENTED_EDGE('',*,*,#5901,.T.);
#2422=ORIENTED_EDGE('',*,*,#5902,.T.);
#2423=ORIENTED_EDGE('',*,*,#5903,.F.);
#2424=ORIENTED_EDGE('',*,*,#5904,.T.);
#2425=ORIENTED_EDGE('',*,*,#5905,.T.);
#2426=ORIENTED_EDGE('',*,*,#5906,.T.);
#2427=ORIENTED_EDGE('',*,*,#5907,.F.);
#2428=ORIENTED_EDGE('',*,*,#5908,.T.);
#2429=ORIENTED_EDGE('',*,*,#5909,.T.);
#2430=ORIENTED_EDGE('',*,*,#5910,.T.);
#2431=ORIENTED_EDGE('',*,*,#5911,.F.);
#2432=ORIENTED_EDGE('',*,*,#5912,.T.);
#2433=ORIENTED_EDGE('',*,*,#5913,.F.);
#2434=ORIENTED_EDGE('',*,*,#5914,.T.);
#2435=ORIENTED_EDGE('',*,*,#5915,.F.);
#2436=ORIENTED_EDGE('',*,*,#5916,.T.);
#2437=ORIENTED_EDGE('',*,*,#5827,.F.);
#2438=ORIENTED_EDGE('',*,*,#5917,.F.);
#2439=ORIENTED_EDGE('',*,*,#5823,.F.);
#2440=ORIENTED_EDGE('',*,*,#5918,.F.);
#2441=ORIENTED_EDGE('',*,*,#5919,.F.);
#2442=ORIENTED_EDGE('',*,*,#5920,.F.);
#2443=ORIENTED_EDGE('',*,*,#5921,.F.);
#2444=ORIENTED_EDGE('',*,*,#5922,.F.);
#2445=ORIENTED_EDGE('',*,*,#5923,.F.);
#2446=ORIENTED_EDGE('',*,*,#5924,.F.);
#2447=ORIENTED_EDGE('',*,*,#5925,.F.);
#2448=ORIENTED_EDGE('',*,*,#5926,.F.);
#2449=ORIENTED_EDGE('',*,*,#5927,.F.);
#2450=ORIENTED_EDGE('',*,*,#5928,.F.);
#2451=ORIENTED_EDGE('',*,*,#5929,.F.);
#2452=ORIENTED_EDGE('',*,*,#5930,.F.);
#2453=ORIENTED_EDGE('',*,*,#5931,.F.);
#2454=ORIENTED_EDGE('',*,*,#5932,.F.);
#2455=ORIENTED_EDGE('',*,*,#5933,.F.);
#2456=ORIENTED_EDGE('',*,*,#5934,.F.);
#2457=ORIENTED_EDGE('',*,*,#5935,.F.);
#2458=ORIENTED_EDGE('',*,*,#5936,.F.);
#2459=ORIENTED_EDGE('',*,*,#5937,.F.);
#2460=ORIENTED_EDGE('',*,*,#5938,.F.);
#2461=ORIENTED_EDGE('',*,*,#5939,.F.);
#2462=ORIENTED_EDGE('',*,*,#5940,.F.);
#2463=ORIENTED_EDGE('',*,*,#5941,.F.);
#2464=ORIENTED_EDGE('',*,*,#5942,.F.);
#2465=ORIENTED_EDGE('',*,*,#5943,.F.);
#2466=ORIENTED_EDGE('',*,*,#5944,.F.);
#2467=ORIENTED_EDGE('',*,*,#5945,.F.);
#2468=ORIENTED_EDGE('',*,*,#5946,.F.);
#2469=ORIENTED_EDGE('',*,*,#5947,.F.);
#2470=ORIENTED_EDGE('',*,*,#5948,.F.);
#2471=ORIENTED_EDGE('',*,*,#5949,.F.);
#2472=ORIENTED_EDGE('',*,*,#5950,.F.);
#2473=ORIENTED_EDGE('',*,*,#5951,.F.);
#2474=ORIENTED_EDGE('',*,*,#5952,.F.);
#2475=ORIENTED_EDGE('',*,*,#5953,.F.);
#2476=ORIENTED_EDGE('',*,*,#5954,.F.);
#2477=ORIENTED_EDGE('',*,*,#5955,.F.);
#2478=ORIENTED_EDGE('',*,*,#5956,.F.);
#2479=ORIENTED_EDGE('',*,*,#5957,.F.);
#2480=ORIENTED_EDGE('',*,*,#5958,.F.);
#2481=ORIENTED_EDGE('',*,*,#5959,.F.);
#2482=ORIENTED_EDGE('',*,*,#5960,.F.);
#2483=ORIENTED_EDGE('',*,*,#5961,.F.);
#2484=ORIENTED_EDGE('',*,*,#5962,.F.);
#2485=ORIENTED_EDGE('',*,*,#5963,.F.);
#2486=ORIENTED_EDGE('',*,*,#5964,.F.);
#2487=ORIENTED_EDGE('',*,*,#5965,.F.);
#2488=CARTESIAN_POINT('',(-23.7236,10.414,0.0));
#2489=DIRECTION('',(0.0,0.0,1.0));
#2490=DIRECTION('',(1.0,0.0,0.0));
#2491=ORIENTED_EDGE('',*,*,#5966,.F.);
#2492=ORIENTED_EDGE('',*,*,#5967,.F.);
#2493=ORIENTED_EDGE('',*,*,#5968,.T.);
#2494=ORIENTED_EDGE('',*,*,#5965,.T.);
#2495=CARTESIAN_POINT('',(-22.9362,8.6868,-0.5715));
#2496=DIRECTION('',(-0.789352217376326,0.0,-0.61394061351492));
#2497=DIRECTION('',(-0.61394061351492,0.0,0.789352217376326));
#2498=ORIENTED_EDGE('',*,*,#5968,.F.);
#2499=ORIENTED_EDGE('',*,*,#5969,.F.);
#2500=ORIENTED_EDGE('',*,*,#5970,.T.);
#2501=ORIENTED_EDGE('',*,*,#5962,.T.);
#2502=CARTESIAN_POINT('',(-21.7932,9.73455,-0.5715));
#2503=DIRECTION('',(0.0,0.776641641417614,-0.629942664705411));
#2504=DIRECTION('',(-1.0,0.0,0.0));
#2505=ORIENTED_EDGE('',*,*,#5970,.F.);
#2506=ORIENTED_EDGE('',*,*,#5971,.F.);
#2507=ORIENTED_EDGE('',*,*,#5972,.T.);
#2508=ORIENTED_EDGE('',*,*,#5963,.T.);
#2509=CARTESIAN_POINT('',(-20.6502,8.6868,-0.5715));
#2510=DIRECTION('',(0.789352217376326,0.0,-0.61394061351492));
#2511=DIRECTION('',(0.0,-1.0,0.0));
#2512=ORIENTED_EDGE('',*,*,#5972,.F.);
#2513=ORIENTED_EDGE('',*,*,#5973,.F.);
#2514=ORIENTED_EDGE('',*,*,#5966,.T.);
#2515=ORIENTED_EDGE('',*,*,#5964,.T.);
#2516=CARTESIAN_POINT('',(-21.7932,7.63905,-0.5715));
#2517=DIRECTION('',(0.0,-0.776641641417614,-0.629942664705411));
#2518=DIRECTION('',(0.0,0.629942664705411,-0.776641641417614));
#2519=ORIENTED_EDGE('',*,*,#5974,.T.);
#2520=ORIENTED_EDGE('',*,*,#5973,.T.);
#2521=ORIENTED_EDGE('',*,*,#5975,.F.);
#2522=ORIENTED_EDGE('',*,*,#5976,.F.);
#2523=CARTESIAN_POINT('',(-21.7932,8.1026,-1.524));
#2524=DIRECTION('',(0.0,-1.0,0.0));
#2525=DIRECTION('',(0.0,0.0,-1.0));
#2526=ORIENTED_EDGE('',*,*,#5976,.T.);
#2527=ORIENTED_EDGE('',*,*,#5977,.T.);
#2528=ORIENTED_EDGE('',*,*,#5978,.T.);
#2529=ORIENTED_EDGE('',*,*,#5979,.T.);
#2530=CARTESIAN_POINT('',(-23.7236,10.414,-1.905));
#2531=DIRECTION('',(0.0,0.0,1.0));
#2532=DIRECTION('',(1.0,0.0,0.0));
#2533=ORIENTED_EDGE('',*,*,#5980,.T.);
#2534=ORIENTED_EDGE('',*,*,#5967,.T.);
#2535=ORIENTED_EDGE('',*,*,#5974,.F.);
#2536=ORIENTED_EDGE('',*,*,#5979,.F.);
#2537=CARTESIAN_POINT('',(-22.4917,8.6868,-1.524));
#2538=DIRECTION('',(-1.0,0.0,0.0));
#2539=DIRECTION('',(0.0,0.0,1.0));
#2540=ORIENTED_EDGE('',*,*,#5981,.T.);
#2541=ORIENTED_EDGE('',*,*,#5969,.T.);
#2542=ORIENTED_EDGE('',*,*,#5980,.F.);
#2543=ORIENTED_EDGE('',*,*,#5978,.F.);
#2544=CARTESIAN_POINT('',(-21.7932,9.271,-1.524));
#2545=DIRECTION('',(-0.0,1.0,0.0));
#2546=DIRECTION('',(1.0,0.0,0.0));
#2547=ORIENTED_EDGE('',*,*,#5975,.T.);
#2548=ORIENTED_EDGE('',*,*,#5971,.T.);
#2549=ORIENTED_EDGE('',*,*,#5981,.F.);
#2550=ORIENTED_EDGE('',*,*,#5977,.F.);
#2551=CARTESIAN_POINT('',(-21.0947,8.6868,-1.524));
#2552=DIRECTION('',(1.0,0.0,0.0));
#2553=DIRECTION('',(0.0,1.0,0.0));
#2554=ORIENTED_EDGE('',*,*,#5982,.F.);
#2555=ORIENTED_EDGE('',*,*,#5983,.F.);
#2556=ORIENTED_EDGE('',*,*,#5984,.T.);
#2557=ORIENTED_EDGE('',*,*,#5921,.T.);
#2558=CARTESIAN_POINT('',(-18.9762,8.6868,-0.5715));
#2559=DIRECTION('',(-0.789352217376326,0.0,-0.61394061351492));
#2560=DIRECTION('',(-0.61394061351492,0.0,0.789352217376326));
#2561=ORIENTED_EDGE('',*,*,#5984,.F.);
#2562=ORIENTED_EDGE('',*,*,#5985,.F.);
#2563=ORIENTED_EDGE('',*,*,#5986,.T.);
#2564=ORIENTED_EDGE('',*,*,#5918,.T.);
#2565=CARTESIAN_POINT('',(-17.8332,9.73455,-0.5715));
#2566=DIRECTION('',(0.0,0.776641641417614,-0.629942664705411));
#2567=DIRECTION('',(-1.0,0.0,0.0));
#2568=ORIENTED_EDGE('',*,*,#5986,.F.);
#2569=ORIENTED_EDGE('',*,*,#5987,.F.);
#2570=ORIENTED_EDGE('',*,*,#5988,.T.);
#2571=ORIENTED_EDGE('',*,*,#5919,.T.);
#2572=CARTESIAN_POINT('',(-16.6902,8.6868,-0.5715));
#2573=DIRECTION('',(0.789352217376326,0.0,-0.61394061351492));
#2574=DIRECTION('',(0.0,-1.0,0.0));
#2575=ORIENTED_EDGE('',*,*,#5988,.F.);
#2576=ORIENTED_EDGE('',*,*,#5989,.F.);
#2577=ORIENTED_EDGE('',*,*,#5982,.T.);
#2578=ORIENTED_EDGE('',*,*,#5920,.T.);
#2579=CARTESIAN_POINT('',(-17.8332,7.63905,-0.5715));
#2580=DIRECTION('',(0.0,-0.776641641417614,-0.629942664705411));
#2581=DIRECTION('',(0.0,0.629942664705411,-0.776641641417614));
#2582=ORIENTED_EDGE('',*,*,#5990,.T.);
#2583=ORIENTED_EDGE('',*,*,#5989,.T.);
#2584=ORIENTED_EDGE('',*,*,#5991,.F.);
#2585=ORIENTED_EDGE('',*,*,#5992,.F.);
#2586=CARTESIAN_POINT('',(-17.8332,8.1026,-1.524));
#2587=DIRECTION('',(0.0,-1.0,0.0));
#2588=DIRECTION('',(0.0,0.0,-1.0));
#2589=ORIENTED_EDGE('',*,*,#5992,.T.);
#2590=ORIENTED_EDGE('',*,*,#5993,.T.);
#2591=ORIENTED_EDGE('',*,*,#5994,.T.);
#2592=ORIENTED_EDGE('',*,*,#5995,.T.);
#2593=CARTESIAN_POINT('',(-23.7236,10.414,-1.905));
#2594=DIRECTION('',(0.0,0.0,1.0));
#2595=DIRECTION('',(1.0,0.0,0.0));
#2596=ORIENTED_EDGE('',*,*,#5996,.T.);
#2597=ORIENTED_EDGE('',*,*,#5983,.T.);
#2598=ORIENTED_EDGE('',*,*,#5990,.F.);
#2599=ORIENTED_EDGE('',*,*,#5995,.F.);
#2600=CARTESIAN_POINT('',(-18.5317,8.6868,-1.524));
#2601=DIRECTION('',(-1.0,0.0,0.0));
#2602=DIRECTION('',(0.0,0.0,1.0));
#2603=ORIENTED_EDGE('',*,*,#5997,.T.);
#2604=ORIENTED_EDGE('',*,*,#5985,.T.);
#2605=ORIENTED_EDGE('',*,*,#5996,.F.);
#2606=ORIENTED_EDGE('',*,*,#5994,.F.);
#2607=CARTESIAN_POINT('',(-17.8332,9.271,-1.524));
#2608=DIRECTION('',(-0.0,1.0,0.0));
#2609=DIRECTION('',(1.0,0.0,0.0));
#2610=ORIENTED_EDGE('',*,*,#5991,.T.);
#2611=ORIENTED_EDGE('',*,*,#5987,.T.);
#2612=ORIENTED_EDGE('',*,*,#5997,.F.);
#2613=ORIENTED_EDGE('',*,*,#5993,.F.);
#2614=CARTESIAN_POINT('',(-17.1347,8.6868,-1.524));
#2615=DIRECTION('',(1.0,0.0,0.0));
#2616=DIRECTION('',(0.0,1.0,0.0));
#2617=ORIENTED_EDGE('',*,*,#5998,.F.);
#2618=ORIENTED_EDGE('',*,*,#5999,.F.);
#2619=ORIENTED_EDGE('',*,*,#6000,.T.);
#2620=ORIENTED_EDGE('',*,*,#5925,.T.);
#2621=CARTESIAN_POINT('',(-15.0162,8.6868,-0.5715));
#2622=DIRECTION('',(-0.789352217376326,0.0,-0.61394061351492));
#2623=DIRECTION('',(-0.61394061351492,0.0,0.789352217376326));
#2624=ORIENTED_EDGE('',*,*,#6000,.F.);
#2625=ORIENTED_EDGE('',*,*,#6001,.F.);
#2626=ORIENTED_EDGE('',*,*,#6002,.T.);
#2627=ORIENTED_EDGE('',*,*,#5922,.T.);
#2628=CARTESIAN_POINT('',(-13.8732,9.73455,-0.5715));
#2629=DIRECTION('',(0.0,0.776641641417614,-0.629942664705411));
#2630=DIRECTION('',(-1.0,0.0,0.0));
#2631=ORIENTED_EDGE('',*,*,#6002,.F.);
#2632=ORIENTED_EDGE('',*,*,#6003,.F.);
#2633=ORIENTED_EDGE('',*,*,#6004,.T.);
#2634=ORIENTED_EDGE('',*,*,#5923,.T.);
#2635=CARTESIAN_POINT('',(-12.7302,8.6868,-0.5715));
#2636=DIRECTION('',(0.789352217376326,0.0,-0.61394061351492));
#2637=DIRECTION('',(0.0,-1.0,0.0));
#2638=ORIENTED_EDGE('',*,*,#6004,.F.);
#2639=ORIENTED_EDGE('',*,*,#6005,.F.);
#2640=ORIENTED_EDGE('',*,*,#5998,.T.);
#2641=ORIENTED_EDGE('',*,*,#5924,.T.);
#2642=CARTESIAN_POINT('',(-13.8732,7.63905,-0.5715));
#2643=DIRECTION('',(0.0,-0.776641641417614,-0.629942664705411));
#2644=DIRECTION('',(0.0,0.629942664705411,-0.776641641417614));
#2645=ORIENTED_EDGE('',*,*,#6006,.T.);
#2646=ORIENTED_EDGE('',*,*,#6005,.T.);
#2647=ORIENTED_EDGE('',*,*,#6007,.F.);
#2648=ORIENTED_EDGE('',*,*,#6008,.F.);
#2649=CARTESIAN_POINT('',(-13.8732,8.1026,-1.524));
#2650=DIRECTION('',(0.0,-1.0,0.0));
#2651=DIRECTION('',(0.0,0.0,-1.0));
#2652=ORIENTED_EDGE('',*,*,#6008,.T.);
#2653=ORIENTED_EDGE('',*,*,#6009,.T.);
#2654=ORIENTED_EDGE('',*,*,#6010,.T.);
#2655=ORIENTED_EDGE('',*,*,#6011,.T.);
#2656=CARTESIAN_POINT('',(-23.7236,10.414,-1.905));
#2657=DIRECTION('',(0.0,0.0,1.0));
#2658=DIRECTION('',(1.0,0.0,0.0));
#2659=ORIENTED_EDGE('',*,*,#6012,.T.);
#2660=ORIENTED_EDGE('',*,*,#5999,.T.);
#2661=ORIENTED_EDGE('',*,*,#6006,.F.);
#2662=ORIENTED_EDGE('',*,*,#6011,.F.);
#2663=CARTESIAN_POINT('',(-14.5717,8.6868,-1.524));
#2664=DIRECTION('',(-1.0,0.0,0.0));
#2665=DIRECTION('',(0.0,0.0,1.0));
#2666=ORIENTED_EDGE('',*,*,#6013,.T.);
#2667=ORIENTED_EDGE('',*,*,#6001,.T.);
#2668=ORIENTED_EDGE('',*,*,#6012,.F.);
#2669=ORIENTED_EDGE('',*,*,#6010,.F.);
#2670=CARTESIAN_POINT('',(-13.8732,9.271,-1.524));
#2671=DIRECTION('',(-0.0,1.0,0.0));
#2672=DIRECTION('',(1.0,0.0,0.0));
#2673=ORIENTED_EDGE('',*,*,#6007,.T.);
#2674=ORIENTED_EDGE('',*,*,#6003,.T.);
#2675=ORIENTED_EDGE('',*,*,#6013,.F.);
#2676=ORIENTED_EDGE('',*,*,#6009,.F.);
#2677=CARTESIAN_POINT('',(-13.1747,8.6868,-1.524));
#2678=DIRECTION('',(1.0,0.0,0.0));
#2679=DIRECTION('',(0.0,1.0,0.0));
#2680=ORIENTED_EDGE('',*,*,#6014,.F.);
#2681=ORIENTED_EDGE('',*,*,#6015,.F.);
#2682=ORIENTED_EDGE('',*,*,#6016,.T.);
#2683=ORIENTED_EDGE('',*,*,#5929,.T.);
#2684=CARTESIAN_POINT('',(-11.0562,8.6868,-0.5715));
#2685=DIRECTION('',(-0.789352217376326,0.0,-0.61394061351492));
#2686=DIRECTION('',(-0.61394061351492,0.0,0.789352217376326));
#2687=ORIENTED_EDGE('',*,*,#6016,.F.);
#2688=ORIENTED_EDGE('',*,*,#6017,.F.);
#2689=ORIENTED_EDGE('',*,*,#6018,.T.);
#2690=ORIENTED_EDGE('',*,*,#5926,.T.);
#2691=CARTESIAN_POINT('',(-9.9132,9.73455,-0.5715));
#2692=DIRECTION('',(0.0,0.776641641417614,-0.629942664705411));
#2693=DIRECTION('',(-1.0,0.0,0.0));
#2694=ORIENTED_EDGE('',*,*,#6018,.F.);
#2695=ORIENTED_EDGE('',*,*,#6019,.F.);
#2696=ORIENTED_EDGE('',*,*,#6020,.T.);
#2697=ORIENTED_EDGE('',*,*,#5927,.T.);
#2698=CARTESIAN_POINT('',(-8.7702,8.6868,-0.5715));
#2699=DIRECTION('',(0.789352217376326,0.0,-0.61394061351492));
#2700=DIRECTION('',(0.0,-1.0,0.0));
#2701=ORIENTED_EDGE('',*,*,#6020,.F.);
#2702=ORIENTED_EDGE('',*,*,#6021,.F.);
#2703=ORIENTED_EDGE('',*,*,#6014,.T.);
#2704=ORIENTED_EDGE('',*,*,#5928,.T.);
#2705=CARTESIAN_POINT('',(-9.9132,7.63905,-0.5715));
#2706=DIRECTION('',(0.0,-0.776641641417614,-0.629942664705411));
#2707=DIRECTION('',(0.0,0.629942664705411,-0.776641641417614));
#2708=ORIENTED_EDGE('',*,*,#6022,.T.);
#2709=ORIENTED_EDGE('',*,*,#6021,.T.);
#2710=ORIENTED_EDGE('',*,*,#6023,.F.);
#2711=ORIENTED_EDGE('',*,*,#6024,.F.);
#2712=CARTESIAN_POINT('',(-9.9132,8.1026,-1.524));
#2713=DIRECTION('',(0.0,-1.0,0.0));
#2714=DIRECTION('',(0.0,0.0,-1.0));
#2715=ORIENTED_EDGE('',*,*,#6024,.T.);
#2716=ORIENTED_EDGE('',*,*,#6025,.T.);
#2717=ORIENTED_EDGE('',*,*,#6026,.T.);
#2718=ORIENTED_EDGE('',*,*,#6027,.T.);
#2719=CARTESIAN_POINT('',(-23.7236,10.414,-1.905));
#2720=DIRECTION('',(0.0,0.0,1.0));
#2721=DIRECTION('',(1.0,0.0,0.0));
#2722=ORIENTED_EDGE('',*,*,#6028,.T.);
#2723=ORIENTED_EDGE('',*,*,#6015,.T.);
#2724=ORIENTED_EDGE('',*,*,#6022,.F.);
#2725=ORIENTED_EDGE('',*,*,#6027,.F.);
#2726=CARTESIAN_POINT('',(-10.6117,8.6868,-1.524));
#2727=DIRECTION('',(-1.0,0.0,0.0));
#2728=DIRECTION('',(0.0,0.0,1.0));
#2729=ORIENTED_EDGE('',*,*,#6029,.T.);
#2730=ORIENTED_EDGE('',*,*,#6017,.T.);
#2731=ORIENTED_EDGE('',*,*,#6028,.F.);
#2732=ORIENTED_EDGE('',*,*,#6026,.F.);
#2733=CARTESIAN_POINT('',(-9.9132,9.271,-1.524));
#2734=DIRECTION('',(-0.0,1.0,0.0));
#2735=DIRECTION('',(1.0,0.0,0.0));
#2736=ORIENTED_EDGE('',*,*,#6023,.T.);
#2737=ORIENTED_EDGE('',*,*,#6019,.T.);
#2738=ORIENTED_EDGE('',*,*,#6029,.F.);
#2739=ORIENTED_EDGE('',*,*,#6025,.F.);
#2740=CARTESIAN_POINT('',(-9.2147,8.6868,-1.524));
#2741=DIRECTION('',(1.0,0.0,0.0));
#2742=DIRECTION('',(0.0,1.0,0.0));
#2743=ORIENTED_EDGE('',*,*,#6030,.F.);
#2744=ORIENTED_EDGE('',*,*,#6031,.F.);
#2745=ORIENTED_EDGE('',*,*,#6032,.T.);
#2746=ORIENTED_EDGE('',*,*,#5933,.T.);
#2747=CARTESIAN_POINT('',(-7.0962,8.6868,-0.5715));
#2748=DIRECTION('',(-0.789352217376326,0.0,-0.61394061351492));
#2749=DIRECTION('',(-0.61394061351492,0.0,0.789352217376326));
#2750=ORIENTED_EDGE('',*,*,#6032,.F.);
#2751=ORIENTED_EDGE('',*,*,#6033,.F.);
#2752=ORIENTED_EDGE('',*,*,#6034,.T.);
#2753=ORIENTED_EDGE('',*,*,#5930,.T.);
#2754=CARTESIAN_POINT('',(-5.9532,9.73455,-0.5715));
#2755=DIRECTION('',(0.0,0.776641641417614,-0.629942664705411));
#2756=DIRECTION('',(-1.0,0.0,0.0));
#2757=ORIENTED_EDGE('',*,*,#6034,.F.);
#2758=ORIENTED_EDGE('',*,*,#6035,.F.);
#2759=ORIENTED_EDGE('',*,*,#6036,.T.);
#2760=ORIENTED_EDGE('',*,*,#5931,.T.);
#2761=CARTESIAN_POINT('',(-4.8102,8.6868,-0.5715));
#2762=DIRECTION('',(0.789352217376326,0.0,-0.61394061351492));
#2763=DIRECTION('',(0.0,-1.0,0.0));
#2764=ORIENTED_EDGE('',*,*,#6036,.F.);
#2765=ORIENTED_EDGE('',*,*,#6037,.F.);
#2766=ORIENTED_EDGE('',*,*,#6030,.T.);
#2767=ORIENTED_EDGE('',*,*,#5932,.T.);
#2768=CARTESIAN_POINT('',(-5.9532,7.63905,-0.5715));
#2769=DIRECTION('',(0.0,-0.776641641417614,-0.629942664705411));
#2770=DIRECTION('',(0.0,0.629942664705411,-0.776641641417614));
#2771=ORIENTED_EDGE('',*,*,#6038,.T.);
#2772=ORIENTED_EDGE('',*,*,#6037,.T.);
#2773=ORIENTED_EDGE('',*,*,#6039,.F.);
#2774=ORIENTED_EDGE('',*,*,#6040,.F.);
#2775=CARTESIAN_POINT('',(-5.9532,8.1026,-1.524));
#2776=DIRECTION('',(0.0,-1.0,0.0));
#2777=DIRECTION('',(0.0,0.0,-1.0));
#2778=ORIENTED_EDGE('',*,*,#6040,.T.);
#2779=ORIENTED_EDGE('',*,*,#6041,.T.);
#2780=ORIENTED_EDGE('',*,*,#6042,.T.);
#2781=ORIENTED_EDGE('',*,*,#6043,.T.);
#2782=CARTESIAN_POINT('',(-23.7236,10.414,-1.905));
#2783=DIRECTION('',(0.0,0.0,1.0));
#2784=DIRECTION('',(1.0,0.0,0.0));
#2785=ORIENTED_EDGE('',*,*,#6044,.T.);
#2786=ORIENTED_EDGE('',*,*,#6031,.T.);
#2787=ORIENTED_EDGE('',*,*,#6038,.F.);
#2788=ORIENTED_EDGE('',*,*,#6043,.F.);
#2789=CARTESIAN_POINT('',(-6.6517,8.6868,-1.524));
#2790=DIRECTION('',(-1.0,0.0,0.0));
#2791=DIRECTION('',(0.0,0.0,1.0));
#2792=ORIENTED_EDGE('',*,*,#6045,.T.);
#2793=ORIENTED_EDGE('',*,*,#6033,.T.);
#2794=ORIENTED_EDGE('',*,*,#6044,.F.);
#2795=ORIENTED_EDGE('',*,*,#6042,.F.);
#2796=CARTESIAN_POINT('',(-5.9532,9.271,-1.524));
#2797=DIRECTION('',(-0.0,1.0,0.0));
#2798=DIRECTION('',(1.0,0.0,0.0));
#2799=ORIENTED_EDGE('',*,*,#6039,.T.);
#2800=ORIENTED_EDGE('',*,*,#6035,.T.);
#2801=ORIENTED_EDGE('',*,*,#6045,.F.);
#2802=ORIENTED_EDGE('',*,*,#6041,.F.);
#2803=CARTESIAN_POINT('',(-5.2547,8.6868,-1.524));
#2804=DIRECTION('',(1.0,0.0,0.0));
#2805=DIRECTION('',(0.0,1.0,0.0));
#2806=ORIENTED_EDGE('',*,*,#6046,.F.);
#2807=ORIENTED_EDGE('',*,*,#6047,.F.);
#2808=ORIENTED_EDGE('',*,*,#6048,.T.);
#2809=ORIENTED_EDGE('',*,*,#5937,.T.);
#2810=CARTESIAN_POINT('',(-3.1362,8.6868,-0.5715));
#2811=DIRECTION('',(-0.789352217376326,0.0,-0.61394061351492));
#2812=DIRECTION('',(-0.61394061351492,0.0,0.789352217376326));
#2813=ORIENTED_EDGE('',*,*,#6048,.F.);
#2814=ORIENTED_EDGE('',*,*,#6049,.F.);
#2815=ORIENTED_EDGE('',*,*,#6050,.T.);
#2816=ORIENTED_EDGE('',*,*,#5934,.T.);
#2817=CARTESIAN_POINT('',(-1.9932,9.73455,-0.5715));
#2818=DIRECTION('',(0.0,0.776641641417614,-0.629942664705411));
#2819=DIRECTION('',(-1.0,0.0,0.0));
#2820=ORIENTED_EDGE('',*,*,#6050,.F.);
#2821=ORIENTED_EDGE('',*,*,#6051,.F.);
#2822=ORIENTED_EDGE('',*,*,#6052,.T.);
#2823=ORIENTED_EDGE('',*,*,#5935,.T.);
#2824=CARTESIAN_POINT('',(-0.8502,8.6868,-0.5715));
#2825=DIRECTION('',(0.789352217376326,0.0,-0.61394061351492));
#2826=DIRECTION('',(0.0,-1.0,0.0));
#2827=ORIENTED_EDGE('',*,*,#6052,.F.);
#2828=ORIENTED_EDGE('',*,*,#6053,.F.);
#2829=ORIENTED_EDGE('',*,*,#6046,.T.);
#2830=ORIENTED_EDGE('',*,*,#5936,.T.);
#2831=CARTESIAN_POINT('',(-1.9932,7.63905,-0.5715));
#2832=DIRECTION('',(0.0,-0.776641641417614,-0.629942664705411));
#2833=DIRECTION('',(0.0,0.629942664705411,-0.776641641417614));
#2834=ORIENTED_EDGE('',*,*,#6054,.T.);
#2835=ORIENTED_EDGE('',*,*,#6053,.T.);
#2836=ORIENTED_EDGE('',*,*,#6055,.F.);
#2837=ORIENTED_EDGE('',*,*,#6056,.F.);
#2838=CARTESIAN_POINT('',(-1.9932,8.1026,-1.524));
#2839=DIRECTION('',(0.0,-1.0,0.0));
#2840=DIRECTION('',(0.0,0.0,-1.0));
#2841=ORIENTED_EDGE('',*,*,#6056,.T.);
#2842=ORIENTED_EDGE('',*,*,#6057,.T.);
#2843=ORIENTED_EDGE('',*,*,#6058,.T.);
#2844=ORIENTED_EDGE('',*,*,#6059,.T.);
#2845=CARTESIAN_POINT('',(-23.7236,10.414,-1.905));
#2846=DIRECTION('',(0.0,0.0,1.0));
#2847=DIRECTION('',(1.0,0.0,0.0));
#2848=ORIENTED_EDGE('',*,*,#6060,.T.);
#2849=ORIENTED_EDGE('',*,*,#6047,.T.);
#2850=ORIENTED_EDGE('',*,*,#6054,.F.);
#2851=ORIENTED_EDGE('',*,*,#6059,.F.);
#2852=CARTESIAN_POINT('',(-2.6917,8.6868,-1.524));
#2853=DIRECTION('',(-1.0,0.0,0.0));
#2854=DIRECTION('',(0.0,0.0,1.0));
#2855=ORIENTED_EDGE('',*,*,#6061,.T.);
#2856=ORIENTED_EDGE('',*,*,#6049,.T.);
#2857=ORIENTED_EDGE('',*,*,#6060,.F.);
#2858=ORIENTED_EDGE('',*,*,#6058,.F.);
#2859=CARTESIAN_POINT('',(-1.9932,9.271,-1.524));
#2860=DIRECTION('',(-0.0,1.0,0.0));
#2861=DIRECTION('',(1.0,0.0,0.0));
#2862=ORIENTED_EDGE('',*,*,#6055,.T.);
#2863=ORIENTED_EDGE('',*,*,#6051,.T.);
#2864=ORIENTED_EDGE('',*,*,#6061,.F.);
#2865=ORIENTED_EDGE('',*,*,#6057,.F.);
#2866=CARTESIAN_POINT('',(-1.2947,8.6868,-1.524));
#2867=DIRECTION('',(1.0,0.0,0.0));
#2868=DIRECTION('',(0.0,1.0,0.0));
#2869=ORIENTED_EDGE('',*,*,#6062,.F.);
#2870=ORIENTED_EDGE('',*,*,#6063,.F.);
#2871=ORIENTED_EDGE('',*,*,#6064,.T.);
#2872=ORIENTED_EDGE('',*,*,#5941,.T.);
#2873=CARTESIAN_POINT('',(0.8238,8.6868,-0.5715));
#2874=DIRECTION('',(-0.789352217376326,0.0,-0.61394061351492));
#2875=DIRECTION('',(-0.61394061351492,0.0,0.789352217376326));
#2876=ORIENTED_EDGE('',*,*,#6064,.F.);
#2877=ORIENTED_EDGE('',*,*,#6065,.F.);
#2878=ORIENTED_EDGE('',*,*,#6066,.T.);
#2879=ORIENTED_EDGE('',*,*,#5938,.T.);
#2880=CARTESIAN_POINT('',(1.9668,9.73455,-0.5715));
#2881=DIRECTION('',(0.0,0.776641641417614,-0.629942664705411));
#2882=DIRECTION('',(-1.0,0.0,0.0));
#2883=ORIENTED_EDGE('',*,*,#6066,.F.);
#2884=ORIENTED_EDGE('',*,*,#6067,.F.);
#2885=ORIENTED_EDGE('',*,*,#6068,.T.);
#2886=ORIENTED_EDGE('',*,*,#5939,.T.);
#2887=CARTESIAN_POINT('',(3.1098,8.6868,-0.5715));
#2888=DIRECTION('',(0.789352217376326,0.0,-0.61394061351492));
#2889=DIRECTION('',(0.0,-1.0,0.0));
#2890=ORIENTED_EDGE('',*,*,#6068,.F.);
#2891=ORIENTED_EDGE('',*,*,#6069,.F.);
#2892=ORIENTED_EDGE('',*,*,#6062,.T.);
#2893=ORIENTED_EDGE('',*,*,#5940,.T.);
#2894=CARTESIAN_POINT('',(1.9668,7.63905,-0.5715));
#2895=DIRECTION('',(0.0,-0.776641641417614,-0.629942664705411));
#2896=DIRECTION('',(0.0,0.629942664705411,-0.776641641417614));
#2897=ORIENTED_EDGE('',*,*,#6070,.T.);
#2898=ORIENTED_EDGE('',*,*,#6069,.T.);
#2899=ORIENTED_EDGE('',*,*,#6071,.F.);
#2900=ORIENTED_EDGE('',*,*,#6072,.F.);
#2901=CARTESIAN_POINT('',(1.9668,8.1026,-1.524));
#2902=DIRECTION('',(0.0,-1.0,0.0));
#2903=DIRECTION('',(0.0,0.0,-1.0));
#2904=ORIENTED_EDGE('',*,*,#6072,.T.);
#2905=ORIENTED_EDGE('',*,*,#6073,.T.);
#2906=ORIENTED_EDGE('',*,*,#6074,.T.);
#2907=ORIENTED_EDGE('',*,*,#6075,.T.);
#2908=CARTESIAN_POINT('',(-23.7236,10.414,-1.905));
#2909=DIRECTION('',(0.0,0.0,1.0));
#2910=DIRECTION('',(1.0,0.0,0.0));
#2911=ORIENTED_EDGE('',*,*,#6076,.T.);
#2912=ORIENTED_EDGE('',*,*,#6063,.T.);
#2913=ORIENTED_EDGE('',*,*,#6070,.F.);
#2914=ORIENTED_EDGE('',*,*,#6075,.F.);
#2915=CARTESIAN_POINT('',(1.2683,8.6868,-1.524));
#2916=DIRECTION('',(-1.0,0.0,0.0));
#2917=DIRECTION('',(0.0,0.0,1.0));
#2918=ORIENTED_EDGE('',*,*,#6077,.T.);
#2919=ORIENTED_EDGE('',*,*,#6065,.T.);
#2920=ORIENTED_EDGE('',*,*,#6076,.F.);
#2921=ORIENTED_EDGE('',*,*,#6074,.F.);
#2922=CARTESIAN_POINT('',(1.9668,9.271,-1.524));
#2923=DIRECTION('',(-0.0,1.0,0.0));
#2924=DIRECTION('',(1.0,0.0,0.0));
#2925=ORIENTED_EDGE('',*,*,#6071,.T.);
#2926=ORIENTED_EDGE('',*,*,#6067,.T.);
#2927=ORIENTED_EDGE('',*,*,#6077,.F.);
#2928=ORIENTED_EDGE('',*,*,#6073,.F.);
#2929=CARTESIAN_POINT('',(2.6653,8.6868,-1.524));
#2930=DIRECTION('',(1.0,0.0,0.0));
#2931=DIRECTION('',(0.0,1.0,0.0));
#2932=ORIENTED_EDGE('',*,*,#6078,.F.);
#2933=ORIENTED_EDGE('',*,*,#6079,.F.);
#2934=ORIENTED_EDGE('',*,*,#6080,.T.);
#2935=ORIENTED_EDGE('',*,*,#5945,.T.);
#2936=CARTESIAN_POINT('',(4.7838,8.6868,-0.5715));
#2937=DIRECTION('',(-0.789352217376326,0.0,-0.61394061351492));
#2938=DIRECTION('',(-0.61394061351492,0.0,0.789352217376326));
#2939=ORIENTED_EDGE('',*,*,#6080,.F.);
#2940=ORIENTED_EDGE('',*,*,#6081,.F.);
#2941=ORIENTED_EDGE('',*,*,#6082,.T.);
#2942=ORIENTED_EDGE('',*,*,#5942,.T.);
#2943=CARTESIAN_POINT('',(5.9268,9.73455,-0.5715));
#2944=DIRECTION('',(0.0,0.776641641417614,-0.629942664705411));
#2945=DIRECTION('',(-1.0,0.0,0.0));
#2946=ORIENTED_EDGE('',*,*,#6082,.F.);
#2947=ORIENTED_EDGE('',*,*,#6083,.F.);
#2948=ORIENTED_EDGE('',*,*,#6084,.T.);
#2949=ORIENTED_EDGE('',*,*,#5943,.T.);
#2950=CARTESIAN_POINT('',(7.0698,8.6868,-0.5715));
#2951=DIRECTION('',(0.789352217376326,0.0,-0.61394061351492));
#2952=DIRECTION('',(0.0,-1.0,0.0));
#2953=ORIENTED_EDGE('',*,*,#6084,.F.);
#2954=ORIENTED_EDGE('',*,*,#6085,.F.);
#2955=ORIENTED_EDGE('',*,*,#6078,.T.);
#2956=ORIENTED_EDGE('',*,*,#5944,.T.);
#2957=CARTESIAN_POINT('',(5.9268,7.63905,-0.5715));
#2958=DIRECTION('',(0.0,-0.776641641417614,-0.629942664705411));
#2959=DIRECTION('',(0.0,0.629942664705411,-0.776641641417614));
#2960=ORIENTED_EDGE('',*,*,#6086,.T.);
#2961=ORIENTED_EDGE('',*,*,#6085,.T.);
#2962=ORIENTED_EDGE('',*,*,#6087,.F.);
#2963=ORIENTED_EDGE('',*,*,#6088,.F.);
#2964=CARTESIAN_POINT('',(5.9268,8.1026,-1.524));
#2965=DIRECTION('',(0.0,-1.0,0.0));
#2966=DIRECTION('',(0.0,0.0,-1.0));
#2967=ORIENTED_EDGE('',*,*,#6088,.T.);
#2968=ORIENTED_EDGE('',*,*,#6089,.T.);
#2969=ORIENTED_EDGE('',*,*,#6090,.T.);
#2970=ORIENTED_EDGE('',*,*,#6091,.T.);
#2971=CARTESIAN_POINT('',(-23.7236,10.414,-1.905));
#2972=DIRECTION('',(0.0,0.0,1.0));
#2973=DIRECTION('',(1.0,0.0,0.0));
#2974=ORIENTED_EDGE('',*,*,#6092,.T.);
#2975=ORIENTED_EDGE('',*,*,#6079,.T.);
#2976=ORIENTED_EDGE('',*,*,#6086,.F.);
#2977=ORIENTED_EDGE('',*,*,#6091,.F.);
#2978=CARTESIAN_POINT('',(5.2283,8.6868,-1.524));
#2979=DIRECTION('',(-1.0,0.0,0.0));
#2980=DIRECTION('',(0.0,0.0,1.0));
#2981=ORIENTED_EDGE('',*,*,#6093,.T.);
#2982=ORIENTED_EDGE('',*,*,#6081,.T.);
#2983=ORIENTED_EDGE('',*,*,#6092,.F.);
#2984=ORIENTED_EDGE('',*,*,#6090,.F.);
#2985=CARTESIAN_POINT('',(5.9268,9.271,-1.524));
#2986=DIRECTION('',(-0.0,1.0,0.0));
#2987=DIRECTION('',(1.0,0.0,0.0));
#2988=ORIENTED_EDGE('',*,*,#6087,.T.);
#2989=ORIENTED_EDGE('',*,*,#6083,.T.);
#2990=ORIENTED_EDGE('',*,*,#6093,.F.);
#2991=ORIENTED_EDGE('',*,*,#6089,.F.);
#2992=CARTESIAN_POINT('',(6.6253,8.6868,-1.524));
#2993=DIRECTION('',(1.0,0.0,0.0));
#2994=DIRECTION('',(0.0,1.0,0.0));
#2995=ORIENTED_EDGE('',*,*,#6094,.F.);
#2996=ORIENTED_EDGE('',*,*,#6095,.F.);
#2997=ORIENTED_EDGE('',*,*,#6096,.T.);
#2998=ORIENTED_EDGE('',*,*,#5949,.T.);
#2999=CARTESIAN_POINT('',(8.7438,8.6868,-0.5715));
#3000=DIRECTION('',(-0.789352217376326,0.0,-0.61394061351492));
#3001=DIRECTION('',(-0.61394061351492,0.0,0.789352217376326));
#3002=ORIENTED_EDGE('',*,*,#6096,.F.);
#3003=ORIENTED_EDGE('',*,*,#6097,.F.);
#3004=ORIENTED_EDGE('',*,*,#6098,.T.);
#3005=ORIENTED_EDGE('',*,*,#5946,.T.);
#3006=CARTESIAN_POINT('',(9.8868,9.73455,-0.5715));
#3007=DIRECTION('',(0.0,0.776641641417614,-0.629942664705411));
#3008=DIRECTION('',(-1.0,0.0,0.0));
#3009=ORIENTED_EDGE('',*,*,#6098,.F.);
#3010=ORIENTED_EDGE('',*,*,#6099,.F.);
#3011=ORIENTED_EDGE('',*,*,#6100,.T.);
#3012=ORIENTED_EDGE('',*,*,#5947,.T.);
#3013=CARTESIAN_POINT('',(11.0298,8.6868,-0.5715));
#3014=DIRECTION('',(0.789352217376326,0.0,-0.61394061351492));
#3015=DIRECTION('',(0.0,-1.0,0.0));
#3016=ORIENTED_EDGE('',*,*,#6100,.F.);
#3017=ORIENTED_EDGE('',*,*,#6101,.F.);
#3018=ORIENTED_EDGE('',*,*,#6094,.T.);
#3019=ORIENTED_EDGE('',*,*,#5948,.T.);
#3020=CARTESIAN_POINT('',(9.8868,7.63905,-0.5715));
#3021=DIRECTION('',(0.0,-0.776641641417614,-0.629942664705411));
#3022=DIRECTION('',(0.0,0.629942664705411,-0.776641641417614));
#3023=ORIENTED_EDGE('',*,*,#6102,.T.);
#3024=ORIENTED_EDGE('',*,*,#6101,.T.);
#3025=ORIENTED_EDGE('',*,*,#6103,.F.);
#3026=ORIENTED_EDGE('',*,*,#6104,.F.);
#3027=CARTESIAN_POINT('',(9.8868,8.1026,-1.524));
#3028=DIRECTION('',(0.0,-1.0,0.0));
#3029=DIRECTION('',(0.0,0.0,-1.0));
#3030=ORIENTED_EDGE('',*,*,#6104,.T.);
#3031=ORIENTED_EDGE('',*,*,#6105,.T.);
#3032=ORIENTED_EDGE('',*,*,#6106,.T.);
#3033=ORIENTED_EDGE('',*,*,#6107,.T.);
#3034=CARTESIAN_POINT('',(-23.7236,10.414,-1.905));
#3035=DIRECTION('',(0.0,0.0,1.0));
#3036=DIRECTION('',(1.0,0.0,0.0));
#3037=ORIENTED_EDGE('',*,*,#6108,.T.);
#3038=ORIENTED_EDGE('',*,*,#6095,.T.);
#3039=ORIENTED_EDGE('',*,*,#6102,.F.);
#3040=ORIENTED_EDGE('',*,*,#6107,.F.);
#3041=CARTESIAN_POINT('',(9.1883,8.6868,-1.524));
#3042=DIRECTION('',(-1.0,0.0,0.0));
#3043=DIRECTION('',(0.0,0.0,1.0));
#3044=ORIENTED_EDGE('',*,*,#6109,.T.);
#3045=ORIENTED_EDGE('',*,*,#6097,.T.);
#3046=ORIENTED_EDGE('',*,*,#6108,.F.);
#3047=ORIENTED_EDGE('',*,*,#6106,.F.);
#3048=CARTESIAN_POINT('',(9.8868,9.271,-1.524));
#3049=DIRECTION('',(-0.0,1.0,0.0));
#3050=DIRECTION('',(1.0,0.0,0.0));
#3051=ORIENTED_EDGE('',*,*,#6103,.T.);
#3052=ORIENTED_EDGE('',*,*,#6099,.T.);
#3053=ORIENTED_EDGE('',*,*,#6109,.F.);
#3054=ORIENTED_EDGE('',*,*,#6105,.F.);
#3055=CARTESIAN_POINT('',(10.5853,8.6868,-1.524));
#3056=DIRECTION('',(1.0,0.0,0.0));
#3057=DIRECTION('',(0.0,1.0,0.0));
#3058=ORIENTED_EDGE('',*,*,#6110,.F.);
#3059=ORIENTED_EDGE('',*,*,#6111,.F.);
#3060=ORIENTED_EDGE('',*,*,#6112,.T.);
#3061=ORIENTED_EDGE('',*,*,#5953,.T.);
#3062=CARTESIAN_POINT('',(12.7038,8.6868,-0.5715));
#3063=DIRECTION('',(-0.789352217376326,0.0,-0.61394061351492));
#3064=DIRECTION('',(-0.61394061351492,0.0,0.789352217376326));
#3065=ORIENTED_EDGE('',*,*,#6112,.F.);
#3066=ORIENTED_EDGE('',*,*,#6113,.F.);
#3067=ORIENTED_EDGE('',*,*,#6114,.T.);
#3068=ORIENTED_EDGE('',*,*,#5950,.T.);
#3069=CARTESIAN_POINT('',(13.8468,9.73455,-0.5715));
#3070=DIRECTION('',(0.0,0.776641641417614,-0.629942664705411));
#3071=DIRECTION('',(-1.0,0.0,0.0));
#3072=ORIENTED_EDGE('',*,*,#6114,.F.);
#3073=ORIENTED_EDGE('',*,*,#6115,.F.);
#3074=ORIENTED_EDGE('',*,*,#6116,.T.);
#3075=ORIENTED_EDGE('',*,*,#5951,.T.);
#3076=CARTESIAN_POINT('',(14.9898,8.6868,-0.5715));
#3077=DIRECTION('',(0.789352217376326,0.0,-0.61394061351492));
#3078=DIRECTION('',(0.0,-1.0,0.0));
#3079=ORIENTED_EDGE('',*,*,#6116,.F.);
#3080=ORIENTED_EDGE('',*,*,#6117,.F.);
#3081=ORIENTED_EDGE('',*,*,#6110,.T.);
#3082=ORIENTED_EDGE('',*,*,#5952,.T.);
#3083=CARTESIAN_POINT('',(13.8468,7.63905,-0.5715));
#3084=DIRECTION('',(0.0,-0.776641641417614,-0.629942664705411));
#3085=DIRECTION('',(0.0,0.629942664705411,-0.776641641417614));
#3086=ORIENTED_EDGE('',*,*,#6118,.T.);
#3087=ORIENTED_EDGE('',*,*,#6117,.T.);
#3088=ORIENTED_EDGE('',*,*,#6119,.F.);
#3089=ORIENTED_EDGE('',*,*,#6120,.F.);
#3090=CARTESIAN_POINT('',(13.8468,8.1026,-1.524));
#3091=DIRECTION('',(0.0,-1.0,0.0));
#3092=DIRECTION('',(0.0,0.0,-1.0));
#3093=ORIENTED_EDGE('',*,*,#6120,.T.);
#3094=ORIENTED_EDGE('',*,*,#6121,.T.);
#3095=ORIENTED_EDGE('',*,*,#6122,.T.);
#3096=ORIENTED_EDGE('',*,*,#6123,.T.);
#3097=CARTESIAN_POINT('',(-23.7236,10.414,-1.905));
#3098=DIRECTION('',(0.0,0.0,1.0));
#3099=DIRECTION('',(1.0,0.0,0.0));
#3100=ORIENTED_EDGE('',*,*,#6124,.T.);
#3101=ORIENTED_EDGE('',*,*,#6111,.T.);
#3102=ORIENTED_EDGE('',*,*,#6118,.F.);
#3103=ORIENTED_EDGE('',*,*,#6123,.F.);
#3104=CARTESIAN_POINT('',(13.1483,8.6868,-1.524));
#3105=DIRECTION('',(-1.0,0.0,0.0));
#3106=DIRECTION('',(0.0,0.0,1.0));
#3107=ORIENTED_EDGE('',*,*,#6125,.T.);
#3108=ORIENTED_EDGE('',*,*,#6113,.T.);
#3109=ORIENTED_EDGE('',*,*,#6124,.F.);
#3110=ORIENTED_EDGE('',*,*,#6122,.F.);
#3111=CARTESIAN_POINT('',(13.8468,9.271,-1.524));
#3112=DIRECTION('',(-0.0,1.0,0.0));
#3113=DIRECTION('',(1.0,0.0,0.0));
#3114=ORIENTED_EDGE('',*,*,#6119,.T.);
#3115=ORIENTED_EDGE('',*,*,#6115,.T.);
#3116=ORIENTED_EDGE('',*,*,#6125,.F.);
#3117=ORIENTED_EDGE('',*,*,#6121,.F.);
#3118=CARTESIAN_POINT('',(14.5453,8.6868,-1.524));
#3119=DIRECTION('',(1.0,0.0,0.0));
#3120=DIRECTION('',(0.0,1.0,0.0));
#3121=ORIENTED_EDGE('',*,*,#6126,.F.);
#3122=ORIENTED_EDGE('',*,*,#6127,.F.);
#3123=ORIENTED_EDGE('',*,*,#6128,.T.);
#3124=ORIENTED_EDGE('',*,*,#5957,.T.);
#3125=CARTESIAN_POINT('',(16.6638,8.6868,-0.5715));
#3126=DIRECTION('',(-0.789352217376326,0.0,-0.61394061351492));
#3127=DIRECTION('',(-0.61394061351492,0.0,0.789352217376326));
#3128=ORIENTED_EDGE('',*,*,#6128,.F.);
#3129=ORIENTED_EDGE('',*,*,#6129,.F.);
#3130=ORIENTED_EDGE('',*,*,#6130,.T.);
#3131=ORIENTED_EDGE('',*,*,#5954,.T.);
#3132=CARTESIAN_POINT('',(17.8068,9.73455,-0.5715));
#3133=DIRECTION('',(0.0,0.776641641417614,-0.629942664705411));
#3134=DIRECTION('',(-1.0,0.0,0.0));
#3135=ORIENTED_EDGE('',*,*,#6130,.F.);
#3136=ORIENTED_EDGE('',*,*,#6131,.F.);
#3137=ORIENTED_EDGE('',*,*,#6132,.T.);
#3138=ORIENTED_EDGE('',*,*,#5955,.T.);
#3139=CARTESIAN_POINT('',(18.9498,8.6868,-0.5715));
#3140=DIRECTION('',(0.789352217376326,0.0,-0.61394061351492));
#3141=DIRECTION('',(0.0,-1.0,0.0));
#3142=ORIENTED_EDGE('',*,*,#6132,.F.);
#3143=ORIENTED_EDGE('',*,*,#6133,.F.);
#3144=ORIENTED_EDGE('',*,*,#6126,.T.);
#3145=ORIENTED_EDGE('',*,*,#5956,.T.);
#3146=CARTESIAN_POINT('',(17.8068,7.63905,-0.5715));
#3147=DIRECTION('',(0.0,-0.776641641417614,-0.629942664705411));
#3148=DIRECTION('',(0.0,0.629942664705411,-0.776641641417614));
#3149=ORIENTED_EDGE('',*,*,#6134,.T.);
#3150=ORIENTED_EDGE('',*,*,#6133,.T.);
#3151=ORIENTED_EDGE('',*,*,#6135,.F.);
#3152=ORIENTED_EDGE('',*,*,#6136,.F.);
#3153=CARTESIAN_POINT('',(17.8068,8.1026,-1.524));
#3154=DIRECTION('',(0.0,-1.0,0.0));
#3155=DIRECTION('',(0.0,0.0,-1.0));
#3156=ORIENTED_EDGE('',*,*,#6136,.T.);
#3157=ORIENTED_EDGE('',*,*,#6137,.T.);
#3158=ORIENTED_EDGE('',*,*,#6138,.T.);
#3159=ORIENTED_EDGE('',*,*,#6139,.T.);
#3160=CARTESIAN_POINT('',(-23.7236,10.414,-1.905));
#3161=DIRECTION('',(0.0,0.0,1.0));
#3162=DIRECTION('',(1.0,0.0,0.0));
#3163=ORIENTED_EDGE('',*,*,#6140,.T.);
#3164=ORIENTED_EDGE('',*,*,#6127,.T.);
#3165=ORIENTED_EDGE('',*,*,#6134,.F.);
#3166=ORIENTED_EDGE('',*,*,#6139,.F.);
#3167=CARTESIAN_POINT('',(17.1083,8.6868,-1.524));
#3168=DIRECTION('',(-1.0,0.0,0.0));
#3169=DIRECTION('',(0.0,0.0,1.0));
#3170=ORIENTED_EDGE('',*,*,#6141,.T.);
#3171=ORIENTED_EDGE('',*,*,#6129,.T.);
#3172=ORIENTED_EDGE('',*,*,#6140,.F.);
#3173=ORIENTED_EDGE('',*,*,#6138,.F.);
#3174=CARTESIAN_POINT('',(17.8068,9.271,-1.524));
#3175=DIRECTION('',(-0.0,1.0,0.0));
#3176=DIRECTION('',(1.0,0.0,0.0));
#3177=ORIENTED_EDGE('',*,*,#6135,.T.);
#3178=ORIENTED_EDGE('',*,*,#6131,.T.);
#3179=ORIENTED_EDGE('',*,*,#6141,.F.);
#3180=ORIENTED_EDGE('',*,*,#6137,.F.);
#3181=CARTESIAN_POINT('',(18.5053,8.6868,-1.524));
#3182=DIRECTION('',(1.0,0.0,0.0));
#3183=DIRECTION('',(0.0,1.0,0.0));
#3184=ORIENTED_EDGE('',*,*,#6142,.F.);
#3185=ORIENTED_EDGE('',*,*,#6143,.F.);
#3186=ORIENTED_EDGE('',*,*,#6144,.T.);
#3187=ORIENTED_EDGE('',*,*,#5961,.T.);
#3188=CARTESIAN_POINT('',(20.6238,8.6868,-0.5715));
#3189=DIRECTION('',(-0.789352217376326,0.0,-0.61394061351492));
#3190=DIRECTION('',(-0.61394061351492,0.0,0.789352217376326));
#3191=ORIENTED_EDGE('',*,*,#6144,.F.);
#3192=ORIENTED_EDGE('',*,*,#6145,.F.);
#3193=ORIENTED_EDGE('',*,*,#6146,.T.);
#3194=ORIENTED_EDGE('',*,*,#5958,.T.);
#3195=CARTESIAN_POINT('',(21.7668,9.73455,-0.5715));
#3196=DIRECTION('',(0.0,0.776641641417614,-0.629942664705411));
#3197=DIRECTION('',(-1.0,0.0,0.0));
#3198=ORIENTED_EDGE('',*,*,#6146,.F.);
#3199=ORIENTED_EDGE('',*,*,#6147,.F.);
#3200=ORIENTED_EDGE('',*,*,#6148,.T.);
#3201=ORIENTED_EDGE('',*,*,#5959,.T.);
#3202=CARTESIAN_POINT('',(22.9098,8.6868,-0.5715));
#3203=DIRECTION('',(0.789352217376326,0.0,-0.61394061351492));
#3204=DIRECTION('',(0.0,-1.0,0.0));
#3205=ORIENTED_EDGE('',*,*,#6148,.F.);
#3206=ORIENTED_EDGE('',*,*,#6149,.F.);
#3207=ORIENTED_EDGE('',*,*,#6142,.T.);
#3208=ORIENTED_EDGE('',*,*,#5960,.T.);
#3209=CARTESIAN_POINT('',(21.7668,7.63905,-0.5715));
#3210=DIRECTION('',(0.0,-0.776641641417614,-0.629942664705411));
#3211=DIRECTION('',(0.0,0.629942664705411,-0.776641641417614));
#3212=ORIENTED_EDGE('',*,*,#6150,.T.);
#3213=ORIENTED_EDGE('',*,*,#6149,.T.);
#3214=ORIENTED_EDGE('',*,*,#6151,.F.);
#3215=ORIENTED_EDGE('',*,*,#6152,.F.);
#3216=CARTESIAN_POINT('',(21.7668,8.1026,-1.524));
#3217=DIRECTION('',(0.0,-1.0,0.0));
#3218=DIRECTION('',(0.0,0.0,-1.0));
#3219=ORIENTED_EDGE('',*,*,#6152,.T.);
#3220=ORIENTED_EDGE('',*,*,#6153,.T.);
#3221=ORIENTED_EDGE('',*,*,#6154,.T.);
#3222=ORIENTED_EDGE('',*,*,#6155,.T.);
#3223=CARTESIAN_POINT('',(-23.7236,10.414,-1.905));
#3224=DIRECTION('',(0.0,0.0,1.0));
#3225=DIRECTION('',(1.0,0.0,0.0));
#3226=ORIENTED_EDGE('',*,*,#6156,.T.);
#3227=ORIENTED_EDGE('',*,*,#6143,.T.);
#3228=ORIENTED_EDGE('',*,*,#6150,.F.);
#3229=ORIENTED_EDGE('',*,*,#6155,.F.);
#3230=CARTESIAN_POINT('',(21.0683,8.6868,-1.524));
#3231=DIRECTION('',(-1.0,0.0,0.0));
#3232=DIRECTION('',(0.0,0.0,1.0));
#3233=ORIENTED_EDGE('',*,*,#6157,.T.);
#3234=ORIENTED_EDGE('',*,*,#6145,.T.);
#3235=ORIENTED_EDGE('',*,*,#6156,.F.);
#3236=ORIENTED_EDGE('',*,*,#6154,.F.);
#3237=CARTESIAN_POINT('',(21.7668,9.271,-1.524));
#3238=DIRECTION('',(-0.0,1.0,0.0));
#3239=DIRECTION('',(1.0,0.0,0.0));
#3240=ORIENTED_EDGE('',*,*,#6151,.T.);
#3241=ORIENTED_EDGE('',*,*,#6147,.T.);
#3242=ORIENTED_EDGE('',*,*,#6157,.F.);
#3243=ORIENTED_EDGE('',*,*,#6153,.F.);
#3244=CARTESIAN_POINT('',(22.4653,8.6868,-1.524));
#3245=DIRECTION('',(1.0,0.0,0.0));
#3246=DIRECTION('',(0.0,1.0,0.0));
#3247=ORIENTED_EDGE('',*,*,#6158,.F.);
#3248=ORIENTED_EDGE('',*,*,#6159,.F.);
#3249=ORIENTED_EDGE('',*,*,#6160,.T.);
#3250=ORIENTED_EDGE('',*,*,#5917,.T.);
#3251=CARTESIAN_POINT('',(11.8412,11.8872,-2.54));
#3252=DIRECTION('',(0.0,0.865031189261823,0.501718089771813));
#3253=DIRECTION('',(1.0,0.0,-0.0));
#3254=ORIENTED_EDGE('',*,*,#6160,.F.);
#3255=ORIENTED_EDGE('',*,*,#6161,.F.);
#3256=ORIENTED_EDGE('',*,*,#5824,.F.);
#3257=CARTESIAN_POINT('',(11.8412,0.0,0.0));
#3258=DIRECTION('',(1.0,0.0,0.0));
#3259=DIRECTION('',(0.0,1.0,0.0));
#3260=ORIENTED_EDGE('',*,*,#6161,.T.);
#3261=ORIENTED_EDGE('',*,*,#6159,.T.);
#3262=ORIENTED_EDGE('',*,*,#6162,.F.);
#3263=ORIENTED_EDGE('',*,*,#5825,.F.);
#3264=CARTESIAN_POINT('',(11.8412,10.414,-2.54));
#3265=DIRECTION('',(0.0,0.0,-1.0));
#3266=DIRECTION('',(0.0,-1.0,0.0));
#3267=ORIENTED_EDGE('',*,*,#6162,.T.);
#3268=ORIENTED_EDGE('',*,*,#6158,.T.);
#3269=ORIENTED_EDGE('',*,*,#5826,.T.);
#3270=CARTESIAN_POINT('',(15.8036,0.0,0.0));
#3271=DIRECTION('',(1.0,0.0,0.0));
#3272=DIRECTION('',(0.0,1.0,0.0));
#3273=ORIENTED_EDGE('',*,*,#6163,.F.);
#3274=ORIENTED_EDGE('',*,*,#6164,.F.);
#3275=ORIENTED_EDGE('',*,*,#6165,.T.);
#3276=ORIENTED_EDGE('',*,*,#5916,.F.);
#3277=CARTESIAN_POINT('',(19.7612,11.8872,-2.54));
#3278=DIRECTION('',(0.0,0.865031189261823,0.501718089771813));
#3279=DIRECTION('',(1.0,0.0,-0.0));
#3280=ORIENTED_EDGE('',*,*,#6165,.F.);
#3281=ORIENTED_EDGE('',*,*,#6166,.F.);
#3282=ORIENTED_EDGE('',*,*,#5828,.F.);
#3283=CARTESIAN_POINT('',(19.7612,0.0,0.0));
#3284=DIRECTION('',(1.0,0.0,0.0));
#3285=DIRECTION('',(0.0,1.0,0.0));
#3286=ORIENTED_EDGE('',*,*,#6166,.T.);
#3287=ORIENTED_EDGE('',*,*,#6164,.T.);
#3288=ORIENTED_EDGE('',*,*,#6167,.F.);
#3289=ORIENTED_EDGE('',*,*,#5829,.T.);
#3290=CARTESIAN_POINT('',(19.7612,10.414,-2.54));
#3291=DIRECTION('',(0.0,0.0,-1.0));
#3292=DIRECTION('',(0.0,-1.0,0.0));
#3293=ORIENTED_EDGE('',*,*,#6168,.T.);
#3294=ORIENTED_EDGE('',*,*,#6169,.T.);
#3295=ORIENTED_EDGE('',*,*,#6170,.T.);
#3296=ORIENTED_EDGE('',*,*,#6171,.T.);
#3297=ORIENTED_EDGE('',*,*,#6172,.T.);
#3298=ORIENTED_EDGE('',*,*,#6173,.T.);
#3299=ORIENTED_EDGE('',*,*,#6174,.T.);
#3300=ORIENTED_EDGE('',*,*,#5830,.T.);
#3301=ORIENTED_EDGE('',*,*,#6167,.T.);
#3302=ORIENTED_EDGE('',*,*,#6163,.T.);
#3303=ORIENTED_EDGE('',*,*,#5915,.T.);
#3304=CARTESIAN_POINT('',(23.7236,0.0,0.0));
#3305=DIRECTION('',(1.0,0.0,0.0));
#3306=DIRECTION('',(0.0,1.0,0.0));
#3307=ORIENTED_EDGE('',*,*,#6175,.T.);
#3308=ORIENTED_EDGE('',*,*,#6176,.T.);
#3309=ORIENTED_EDGE('',*,*,#6177,.T.);
#3310=ORIENTED_EDGE('',*,*,#6178,.F.);
#3311=ORIENTED_EDGE('',*,*,#6179,.T.);
#3312=ORIENTED_EDGE('',*,*,#6180,.F.);
#3313=ORIENTED_EDGE('',*,*,#6181,.F.);
#3314=ORIENTED_EDGE('',*,*,#6182,.F.);
#3315=ORIENTED_EDGE('',*,*,#6183,.T.);
#3316=ORIENTED_EDGE('',*,*,#6184,.T.);
#3317=ORIENTED_EDGE('',*,*,#6185,.T.);
#3318=ORIENTED_EDGE('',*,*,#6186,.F.);
#3319=ORIENTED_EDGE('',*,*,#6187,.T.);
#3320=ORIENTED_EDGE('',*,*,#6188,.F.);
#3321=ORIENTED_EDGE('',*,*,#6189,.F.);
#3322=ORIENTED_EDGE('',*,*,#6190,.F.);
#3323=ORIENTED_EDGE('',*,*,#6191,.T.);
#3324=ORIENTED_EDGE('',*,*,#6192,.T.);
#3325=ORIENTED_EDGE('',*,*,#6193,.T.);
#3326=ORIENTED_EDGE('',*,*,#6194,.F.);
#3327=ORIENTED_EDGE('',*,*,#6195,.T.);
#3328=ORIENTED_EDGE('',*,*,#6196,.F.);
#3329=ORIENTED_EDGE('',*,*,#6197,.F.);
#3330=ORIENTED_EDGE('',*,*,#6198,.F.);
#3331=ORIENTED_EDGE('',*,*,#6199,.T.);
#3332=ORIENTED_EDGE('',*,*,#6200,.T.);
#3333=ORIENTED_EDGE('',*,*,#6201,.T.);
#3334=ORIENTED_EDGE('',*,*,#6202,.F.);
#3335=ORIENTED_EDGE('',*,*,#6203,.T.);
#3336=ORIENTED_EDGE('',*,*,#6204,.F.);
#3337=ORIENTED_EDGE('',*,*,#6205,.F.);
#3338=ORIENTED_EDGE('',*,*,#6206,.F.);
#3339=ORIENTED_EDGE('',*,*,#6207,.T.);
#3340=ORIENTED_EDGE('',*,*,#6208,.T.);
#3341=ORIENTED_EDGE('',*,*,#6209,.T.);
#3342=ORIENTED_EDGE('',*,*,#6210,.F.);
#3343=ORIENTED_EDGE('',*,*,#6211,.T.);
#3344=ORIENTED_EDGE('',*,*,#6212,.F.);
#3345=ORIENTED_EDGE('',*,*,#6213,.F.);
#3346=ORIENTED_EDGE('',*,*,#6214,.F.);
#3347=ORIENTED_EDGE('',*,*,#6215,.T.);
#3348=ORIENTED_EDGE('',*,*,#6216,.T.);
#3349=ORIENTED_EDGE('',*,*,#6217,.T.);
#3350=ORIENTED_EDGE('',*,*,#6218,.F.);
#3351=ORIENTED_EDGE('',*,*,#6219,.T.);
#3352=ORIENTED_EDGE('',*,*,#6220,.F.);
#3353=ORIENTED_EDGE('',*,*,#6221,.F.);
#3354=ORIENTED_EDGE('',*,*,#6222,.F.);
#3355=ORIENTED_EDGE('',*,*,#6223,.T.);
#3356=ORIENTED_EDGE('',*,*,#6224,.T.);
#3357=ORIENTED_EDGE('',*,*,#6225,.T.);
#3358=ORIENTED_EDGE('',*,*,#6226,.F.);
#3359=ORIENTED_EDGE('',*,*,#6227,.T.);
#3360=ORIENTED_EDGE('',*,*,#6228,.F.);
#3361=ORIENTED_EDGE('',*,*,#6229,.F.);
#3362=ORIENTED_EDGE('',*,*,#6230,.F.);
#3363=ORIENTED_EDGE('',*,*,#6231,.T.);
#3364=ORIENTED_EDGE('',*,*,#6232,.T.);
#3365=ORIENTED_EDGE('',*,*,#6233,.T.);
#3366=ORIENTED_EDGE('',*,*,#6234,.F.);
#3367=ORIENTED_EDGE('',*,*,#6235,.T.);
#3368=ORIENTED_EDGE('',*,*,#6236,.F.);
#3369=ORIENTED_EDGE('',*,*,#6237,.F.);
#3370=ORIENTED_EDGE('',*,*,#6238,.F.);
#3371=ORIENTED_EDGE('',*,*,#6239,.T.);
#3372=ORIENTED_EDGE('',*,*,#6240,.T.);
#3373=ORIENTED_EDGE('',*,*,#6241,.T.);
#3374=ORIENTED_EDGE('',*,*,#6242,.F.);
#3375=ORIENTED_EDGE('',*,*,#6243,.T.);
#3376=ORIENTED_EDGE('',*,*,#6244,.F.);
#3377=ORIENTED_EDGE('',*,*,#6245,.F.);
#3378=ORIENTED_EDGE('',*,*,#6246,.F.);
#3379=ORIENTED_EDGE('',*,*,#6247,.T.);
#3380=ORIENTED_EDGE('',*,*,#6248,.T.);
#3381=ORIENTED_EDGE('',*,*,#6249,.T.);
#3382=ORIENTED_EDGE('',*,*,#6250,.F.);
#3383=ORIENTED_EDGE('',*,*,#6251,.T.);
#3384=ORIENTED_EDGE('',*,*,#6252,.F.);
#3385=ORIENTED_EDGE('',*,*,#6253,.F.);
#3386=ORIENTED_EDGE('',*,*,#6254,.F.);
#3387=ORIENTED_EDGE('',*,*,#6255,.T.);
#3388=ORIENTED_EDGE('',*,*,#6256,.T.);
#3389=ORIENTED_EDGE('',*,*,#6257,.T.);
#3390=ORIENTED_EDGE('',*,*,#6258,.F.);
#3391=ORIENTED_EDGE('',*,*,#6259,.T.);
#3392=ORIENTED_EDGE('',*,*,#6260,.F.);
#3393=ORIENTED_EDGE('',*,*,#6261,.F.);
#3394=ORIENTED_EDGE('',*,*,#6262,.F.);
#3395=ORIENTED_EDGE('',*,*,#6263,.T.);
#3396=ORIENTED_EDGE('',*,*,#6264,.T.);
#3397=ORIENTED_EDGE('',*,*,#6265,.F.);
#3398=ORIENTED_EDGE('',*,*,#5812,.T.);
#3399=ORIENTED_EDGE('',*,*,#5831,.T.);
#3400=ORIENTED_EDGE('',*,*,#6174,.F.);
#3401=ORIENTED_EDGE('',*,*,#6266,.F.);
#3402=ORIENTED_EDGE('',*,*,#6267,.T.);
#3403=ORIENTED_EDGE('',*,*,#6268,.T.);
#3404=ORIENTED_EDGE('',*,*,#6269,.F.);
#3405=ORIENTED_EDGE('',*,*,#6270,.T.);
#3406=ORIENTED_EDGE('',*,*,#6271,.F.);
#3407=ORIENTED_EDGE('',*,*,#6272,.F.);
#3408=ORIENTED_EDGE('',*,*,#6273,.F.);
#3409=CARTESIAN_POINT('',(-23.7236,9.274,-9.42));
#3410=DIRECTION('',(0.0,0.0,-1.0));
#3411=DIRECTION('',(0.0,-1.0,0.0));
#3412=ORIENTED_EDGE('',*,*,#6274,.F.);
#3413=ORIENTED_EDGE('',*,*,#6273,.T.);
#3414=ORIENTED_EDGE('',*,*,#6275,.F.);
#3415=ORIENTED_EDGE('',*,*,#6276,.F.);
#3416=ORIENTED_EDGE('',*,*,#6277,.T.);
#3417=CARTESIAN_POINT('',(21.1318,8.6868,-1.524));
#3418=DIRECTION('',(1.0,0.0,0.0));
#3419=DIRECTION('',(0.0,1.0,0.0));
#3420=ORIENTED_EDGE('',*,*,#6278,.F.);
#3421=ORIENTED_EDGE('',*,*,#6279,.F.);
#3422=ORIENTED_EDGE('',*,*,#6280,.T.);
#3423=ORIENTED_EDGE('',*,*,#6277,.F.);
#3424=CARTESIAN_POINT('',(21.6398,0.381,-9.42));
#3425=DIRECTION('',(0.832050294337844,0.554700196225229,0.0));
#3426=DIRECTION('',(0.0,0.0,-1.0));
#3427=ORIENTED_EDGE('',*,*,#6281,.T.);
#3428=ORIENTED_EDGE('',*,*,#6282,.F.);
#3429=ORIENTED_EDGE('',*,*,#6283,.F.);
#3430=ORIENTED_EDGE('',*,*,#6284,.F.);
#3431=ORIENTED_EDGE('',*,*,#6274,.T.);
#3432=ORIENTED_EDGE('',*,*,#6280,.F.);
#3433=CARTESIAN_POINT('',(21.1318,5.1562,-9.42));
#3434=DIRECTION('',(0.0,0.0,1.0));
#3435=DIRECTION('',(1.0,0.0,0.0));
#3436=ORIENTED_EDGE('',*,*,#5815,.T.);
#3437=ORIENTED_EDGE('',*,*,#6285,.T.);
#3438=ORIENTED_EDGE('',*,*,#6286,.F.);
#3439=ORIENTED_EDGE('',*,*,#6263,.F.);
#3440=ORIENTED_EDGE('',*,*,#6287,.T.);
#3441=ORIENTED_EDGE('',*,*,#6259,.F.);
#3442=ORIENTED_EDGE('',*,*,#6288,.F.);
#3443=ORIENTED_EDGE('',*,*,#6289,.T.);
#3444=ORIENTED_EDGE('',*,*,#6290,.F.);
#3445=ORIENTED_EDGE('',*,*,#6255,.F.);
#3446=ORIENTED_EDGE('',*,*,#6291,.T.);
#3447=ORIENTED_EDGE('',*,*,#6251,.F.);
#3448=ORIENTED_EDGE('',*,*,#6292,.F.);
#3449=ORIENTED_EDGE('',*,*,#6293,.T.);
#3450=ORIENTED_EDGE('',*,*,#6294,.F.);
#3451=ORIENTED_EDGE('',*,*,#6247,.F.);
#3452=ORIENTED_EDGE('',*,*,#6295,.T.);
#3453=ORIENTED_EDGE('',*,*,#6243,.F.);
#3454=ORIENTED_EDGE('',*,*,#6296,.F.);
#3455=ORIENTED_EDGE('',*,*,#6297,.T.);
#3456=ORIENTED_EDGE('',*,*,#6298,.F.);
#3457=ORIENTED_EDGE('',*,*,#6239,.F.);
#3458=ORIENTED_EDGE('',*,*,#6299,.T.);
#3459=ORIENTED_EDGE('',*,*,#6235,.F.);
#3460=ORIENTED_EDGE('',*,*,#6300,.F.);
#3461=ORIENTED_EDGE('',*,*,#6301,.T.);
#3462=ORIENTED_EDGE('',*,*,#6302,.F.);
#3463=ORIENTED_EDGE('',*,*,#6231,.F.);
#3464=ORIENTED_EDGE('',*,*,#6303,.T.);
#3465=ORIENTED_EDGE('',*,*,#6227,.F.);
#3466=ORIENTED_EDGE('',*,*,#6304,.F.);
#3467=ORIENTED_EDGE('',*,*,#6305,.T.);
#3468=ORIENTED_EDGE('',*,*,#6306,.F.);
#3469=ORIENTED_EDGE('',*,*,#6223,.F.);
#3470=ORIENTED_EDGE('',*,*,#6307,.T.);
#3471=ORIENTED_EDGE('',*,*,#6219,.F.);
#3472=ORIENTED_EDGE('',*,*,#6308,.F.);
#3473=ORIENTED_EDGE('',*,*,#6309,.T.);
#3474=ORIENTED_EDGE('',*,*,#6310,.F.);
#3475=ORIENTED_EDGE('',*,*,#6215,.F.);
#3476=ORIENTED_EDGE('',*,*,#6311,.T.);
#3477=ORIENTED_EDGE('',*,*,#6211,.F.);
#3478=ORIENTED_EDGE('',*,*,#6312,.F.);
#3479=ORIENTED_EDGE('',*,*,#6313,.T.);
#3480=ORIENTED_EDGE('',*,*,#6314,.F.);
#3481=ORIENTED_EDGE('',*,*,#6207,.F.);
#3482=ORIENTED_EDGE('',*,*,#6315,.T.);
#3483=ORIENTED_EDGE('',*,*,#6203,.F.);
#3484=ORIENTED_EDGE('',*,*,#6316,.F.);
#3485=ORIENTED_EDGE('',*,*,#6317,.T.);
#3486=ORIENTED_EDGE('',*,*,#6318,.F.);
#3487=ORIENTED_EDGE('',*,*,#6199,.F.);
#3488=ORIENTED_EDGE('',*,*,#6319,.T.);
#3489=ORIENTED_EDGE('',*,*,#6195,.F.);
#3490=ORIENTED_EDGE('',*,*,#6320,.F.);
#3491=ORIENTED_EDGE('',*,*,#6321,.T.);
#3492=ORIENTED_EDGE('',*,*,#6322,.F.);
#3493=ORIENTED_EDGE('',*,*,#6191,.F.);
#3494=ORIENTED_EDGE('',*,*,#6323,.T.);
#3495=ORIENTED_EDGE('',*,*,#6187,.F.);
#3496=ORIENTED_EDGE('',*,*,#6324,.F.);
#3497=ORIENTED_EDGE('',*,*,#6325,.T.);
#3498=ORIENTED_EDGE('',*,*,#6326,.T.);
#3499=ORIENTED_EDGE('',*,*,#6183,.F.);
#3500=ORIENTED_EDGE('',*,*,#6327,.T.);
#3501=ORIENTED_EDGE('',*,*,#6179,.F.);
#3502=ORIENTED_EDGE('',*,*,#6328,.F.);
#3503=ORIENTED_EDGE('',*,*,#6329,.T.);
#3504=ORIENTED_EDGE('',*,*,#6330,.T.);
#3505=ORIENTED_EDGE('',*,*,#6175,.F.);
#3506=ORIENTED_EDGE('',*,*,#6284,.T.);
#3507=ORIENTED_EDGE('',*,*,#6270,.F.);
#3508=ORIENTED_EDGE('',*,*,#6331,.F.);
#3509=ORIENTED_EDGE('',*,*,#6332,.T.);
#3510=ORIENTED_EDGE('',*,*,#6171,.F.);
#3511=ORIENTED_EDGE('',*,*,#6333,.T.);
#3512=ORIENTED_EDGE('',*,*,#6334,.T.);
#3513=ORIENTED_EDGE('',*,*,#6335,.F.);
#3514=ORIENTED_EDGE('',*,*,#6336,.F.);
#3515=ORIENTED_EDGE('',*,*,#5908,.F.);
#3516=ORIENTED_EDGE('',*,*,#6337,.T.);
#3517=ORIENTED_EDGE('',*,*,#6338,.F.);
#3518=ORIENTED_EDGE('',*,*,#6339,.F.);
#3519=ORIENTED_EDGE('',*,*,#5904,.F.);
#3520=ORIENTED_EDGE('',*,*,#6340,.T.);
#3521=ORIENTED_EDGE('',*,*,#6341,.F.);
#3522=ORIENTED_EDGE('',*,*,#6342,.F.);
#3523=ORIENTED_EDGE('',*,*,#5900,.F.);
#3524=ORIENTED_EDGE('',*,*,#6343,.T.);
#3525=ORIENTED_EDGE('',*,*,#6344,.F.);
#3526=ORIENTED_EDGE('',*,*,#6345,.F.);
#3527=ORIENTED_EDGE('',*,*,#5896,.F.);
#3528=ORIENTED_EDGE('',*,*,#6346,.T.);
#3529=ORIENTED_EDGE('',*,*,#6347,.F.);
#3530=ORIENTED_EDGE('',*,*,#6348,.F.);
#3531=ORIENTED_EDGE('',*,*,#5892,.F.);
#3532=ORIENTED_EDGE('',*,*,#6349,.T.);
#3533=ORIENTED_EDGE('',*,*,#6350,.F.);
#3534=ORIENTED_EDGE('',*,*,#6351,.F.);
#3535=ORIENTED_EDGE('',*,*,#5888,.F.);
#3536=ORIENTED_EDGE('',*,*,#6352,.T.);
#3537=ORIENTED_EDGE('',*,*,#6353,.F.);
#3538=ORIENTED_EDGE('',*,*,#6354,.F.);
#3539=ORIENTED_EDGE('',*,*,#5884,.F.);
#3540=ORIENTED_EDGE('',*,*,#6355,.T.);
#3541=ORIENTED_EDGE('',*,*,#6356,.F.);
#3542=ORIENTED_EDGE('',*,*,#6357,.F.);
#3543=ORIENTED_EDGE('',*,*,#5880,.F.);
#3544=ORIENTED_EDGE('',*,*,#6358,.T.);
#3545=ORIENTED_EDGE('',*,*,#6359,.F.);
#3546=ORIENTED_EDGE('',*,*,#6360,.F.);
#3547=ORIENTED_EDGE('',*,*,#5876,.F.);
#3548=ORIENTED_EDGE('',*,*,#6361,.T.);
#3549=ORIENTED_EDGE('',*,*,#6362,.F.);
#3550=ORIENTED_EDGE('',*,*,#6363,.F.);
#3551=ORIENTED_EDGE('',*,*,#5872,.F.);
#3552=ORIENTED_EDGE('',*,*,#6364,.T.);
#3553=ORIENTED_EDGE('',*,*,#6365,.F.);
#3554=ORIENTED_EDGE('',*,*,#6366,.F.);
#3555=ORIENTED_EDGE('',*,*,#5868,.F.);
#3556=ORIENTED_EDGE('',*,*,#6367,.T.);
#3557=ORIENTED_EDGE('',*,*,#6368,.F.);
#3558=ORIENTED_EDGE('',*,*,#6369,.F.);
#3559=ORIENTED_EDGE('',*,*,#5864,.F.);
#3560=ORIENTED_EDGE('',*,*,#6370,.T.);
#3561=ORIENTED_EDGE('',*,*,#6371,.F.);
#3562=ORIENTED_EDGE('',*,*,#6372,.F.);
#3563=ORIENTED_EDGE('',*,*,#5860,.F.);
#3564=ORIENTED_EDGE('',*,*,#6373,.T.);
#3565=ORIENTED_EDGE('',*,*,#6374,.F.);
#3566=ORIENTED_EDGE('',*,*,#6375,.F.);
#3567=ORIENTED_EDGE('',*,*,#6376,.T.);
#3568=ORIENTED_EDGE('',*,*,#6377,.F.);
#3569=ORIENTED_EDGE('',*,*,#6378,.T.);
#3570=ORIENTED_EDGE('',*,*,#6379,.F.);
#3571=ORIENTED_EDGE('',*,*,#6380,.F.);
#3572=ORIENTED_EDGE('',*,*,#6381,.F.);
#3573=ORIENTED_EDGE('',*,*,#6382,.F.);
#3574=ORIENTED_EDGE('',*,*,#6383,.F.);
#3575=ORIENTED_EDGE('',*,*,#6384,.F.);
#3576=ORIENTED_EDGE('',*,*,#6385,.F.);
#3577=ORIENTED_EDGE('',*,*,#6386,.F.);
#3578=ORIENTED_EDGE('',*,*,#6387,.F.);
#3579=ORIENTED_EDGE('',*,*,#6388,.F.);
#3580=ORIENTED_EDGE('',*,*,#6389,.F.);
#3581=ORIENTED_EDGE('',*,*,#6390,.F.);
#3582=ORIENTED_EDGE('',*,*,#6391,.F.);
#3583=ORIENTED_EDGE('',*,*,#6392,.F.);
#3584=ORIENTED_EDGE('',*,*,#6393,.F.);
#3585=ORIENTED_EDGE('',*,*,#6394,.F.);
#3586=ORIENTED_EDGE('',*,*,#6395,.F.);
#3587=ORIENTED_EDGE('',*,*,#6396,.F.);
#3588=ORIENTED_EDGE('',*,*,#6397,.F.);
#3589=ORIENTED_EDGE('',*,*,#6398,.F.);
#3590=ORIENTED_EDGE('',*,*,#6399,.F.);
#3591=ORIENTED_EDGE('',*,*,#6400,.F.);
#3592=ORIENTED_EDGE('',*,*,#6401,.F.);
#3593=ORIENTED_EDGE('',*,*,#6402,.F.);
#3594=ORIENTED_EDGE('',*,*,#6403,.F.);
#3595=ORIENTED_EDGE('',*,*,#6404,.F.);
#3596=ORIENTED_EDGE('',*,*,#6405,.F.);
#3597=ORIENTED_EDGE('',*,*,#6406,.F.);
#3598=ORIENTED_EDGE('',*,*,#6407,.F.);
#3599=ORIENTED_EDGE('',*,*,#6408,.F.);
#3600=ORIENTED_EDGE('',*,*,#6409,.F.);
#3601=ORIENTED_EDGE('',*,*,#6410,.F.);
#3602=ORIENTED_EDGE('',*,*,#6411,.F.);
#3603=ORIENTED_EDGE('',*,*,#6412,.F.);
#3604=ORIENTED_EDGE('',*,*,#6413,.F.);
#3605=ORIENTED_EDGE('',*,*,#6414,.F.);
#3606=ORIENTED_EDGE('',*,*,#6415,.F.);
#3607=ORIENTED_EDGE('',*,*,#6416,.F.);
#3608=ORIENTED_EDGE('',*,*,#6417,.F.);
#3609=ORIENTED_EDGE('',*,*,#6418,.F.);
#3610=ORIENTED_EDGE('',*,*,#6419,.F.);
#3611=ORIENTED_EDGE('',*,*,#6420,.F.);
#3612=ORIENTED_EDGE('',*,*,#6421,.F.);
#3613=ORIENTED_EDGE('',*,*,#6422,.F.);
#3614=ORIENTED_EDGE('',*,*,#6423,.F.);
#3615=ORIENTED_EDGE('',*,*,#6424,.F.);
#3616=CARTESIAN_POINT('',(-23.7236,4.064,-1.91));
#3617=DIRECTION('',(0.0,-1.0,0.0));
#3618=DIRECTION('',(0.0,0.0,-1.0));
#3619=ORIENTED_EDGE('',*,*,#6425,.F.);
#3620=ORIENTED_EDGE('',*,*,#5856,.F.);
#3621=ORIENTED_EDGE('',*,*,#6426,.T.);
#3622=ORIENTED_EDGE('',*,*,#6427,.T.);
#3623=CARTESIAN_POINT('',(-23.7236,4.064,-1.91));
#3624=DIRECTION('',(0.0,-1.0,0.0));
#3625=DIRECTION('',(0.0,0.0,-1.0));
#3626=ORIENTED_EDGE('',*,*,#6428,.F.);
#3627=ORIENTED_EDGE('',*,*,#5912,.F.);
#3628=ORIENTED_EDGE('',*,*,#6429,.T.);
#3629=ORIENTED_EDGE('',*,*,#6430,.T.);
#3630=CARTESIAN_POINT('',(-23.7236,4.064,-1.91));
#3631=DIRECTION('',(0.0,-1.0,0.0));
#3632=DIRECTION('',(0.0,0.0,-1.0));
#3633=ORIENTED_EDGE('',*,*,#6431,.T.);
#3634=ORIENTED_EDGE('',*,*,#6432,.F.);
#3635=ORIENTED_EDGE('',*,*,#6433,.F.);
#3636=ORIENTED_EDGE('',*,*,#6380,.T.);
#3637=CARTESIAN_POINT('',(-22.352,4.064,-4.699));
#3638=DIRECTION('',(-1.0,0.0,0.0));
#3639=DIRECTION('',(0.0,0.0,1.0));
#3640=ORIENTED_EDGE('',*,*,#6433,.T.);
#3641=ORIENTED_EDGE('',*,*,#6434,.F.);
#3642=ORIENTED_EDGE('',*,*,#6435,.F.);
#3643=ORIENTED_EDGE('',*,*,#6377,.T.);
#3644=CARTESIAN_POINT('',(-21.2344,4.064,-4.699));
#3645=DIRECTION('',(0.0,0.0,1.0));
#3646=DIRECTION('',(1.0,0.0,0.0));
#3647=ORIENTED_EDGE('',*,*,#6435,.T.);
#3648=ORIENTED_EDGE('',*,*,#6436,.F.);
#3649=ORIENTED_EDGE('',*,*,#6437,.F.);
#3650=ORIENTED_EDGE('',*,*,#6378,.F.);
#3651=CARTESIAN_POINT('',(-21.2344,4.064,-7.874));
#3652=DIRECTION('',(1.0,0.0,0.0));
#3653=DIRECTION('',(0.0,1.0,0.0));
#3654=ORIENTED_EDGE('',*,*,#6437,.T.);
#3655=ORIENTED_EDGE('',*,*,#6438,.F.);
#3656=ORIENTED_EDGE('',*,*,#6431,.F.);
#3657=ORIENTED_EDGE('',*,*,#6379,.T.);
#3658=CARTESIAN_POINT('',(-22.352,4.064,-7.874));
#3659=DIRECTION('',(0.0,0.0,-1.0));
#3660=DIRECTION('',(0.0,-1.0,0.0));
#3661=ORIENTED_EDGE('',*,*,#6438,.T.);
#3662=ORIENTED_EDGE('',*,*,#6436,.T.);
#3663=ORIENTED_EDGE('',*,*,#6434,.T.);
#3664=ORIENTED_EDGE('',*,*,#6432,.T.);
#3665=CARTESIAN_POINT('',(-23.7236,4.572,-1.91));
#3666=DIRECTION('',(0.0,-1.0,0.0));
#3667=DIRECTION('',(0.0,0.0,-1.0));
#3668=ORIENTED_EDGE('',*,*,#6439,.T.);
#3669=ORIENTED_EDGE('',*,*,#6440,.F.);
#3670=ORIENTED_EDGE('',*,*,#6441,.F.);
#3671=ORIENTED_EDGE('',*,*,#6384,.T.);
#3672=CARTESIAN_POINT('',(-18.392,4.064,-4.699));
#3673=DIRECTION('',(-1.0,0.0,0.0));
#3674=DIRECTION('',(0.0,0.0,1.0));
#3675=ORIENTED_EDGE('',*,*,#6441,.T.);
#3676=ORIENTED_EDGE('',*,*,#6442,.F.);
#3677=ORIENTED_EDGE('',*,*,#6443,.F.);
#3678=ORIENTED_EDGE('',*,*,#6381,.T.);
#3679=CARTESIAN_POINT('',(-17.2744,4.064,-4.699));
#3680=DIRECTION('',(0.0,0.0,1.0));
#3681=DIRECTION('',(1.0,0.0,0.0));
#3682=ORIENTED_EDGE('',*,*,#6443,.T.);
#3683=ORIENTED_EDGE('',*,*,#6444,.F.);
#3684=ORIENTED_EDGE('',*,*,#6445,.F.);
#3685=ORIENTED_EDGE('',*,*,#6382,.T.);
#3686=CARTESIAN_POINT('',(-17.2744,4.064,-7.874));
#3687=DIRECTION('',(1.0,0.0,0.0));
#3688=DIRECTION('',(0.0,1.0,0.0));
#3689=ORIENTED_EDGE('',*,*,#6445,.T.);
#3690=ORIENTED_EDGE('',*,*,#6446,.F.);
#3691=ORIENTED_EDGE('',*,*,#6439,.F.);
#3692=ORIENTED_EDGE('',*,*,#6383,.T.);
#3693=CARTESIAN_POINT('',(-18.392,4.064,-7.874));
#3694=DIRECTION('',(0.0,0.0,-1.0));
#3695=DIRECTION('',(0.0,-1.0,0.0));
#3696=ORIENTED_EDGE('',*,*,#6446,.T.);
#3697=ORIENTED_EDGE('',*,*,#6444,.T.);
#3698=ORIENTED_EDGE('',*,*,#6442,.T.);
#3699=ORIENTED_EDGE('',*,*,#6440,.T.);
#3700=CARTESIAN_POINT('',(-23.7236,4.572,-1.91));
#3701=DIRECTION('',(0.0,-1.0,0.0));
#3702=DIRECTION('',(0.0,0.0,-1.0));
#3703=ORIENTED_EDGE('',*,*,#6447,.T.);
#3704=ORIENTED_EDGE('',*,*,#6448,.F.);
#3705=ORIENTED_EDGE('',*,*,#6449,.F.);
#3706=ORIENTED_EDGE('',*,*,#6388,.T.);
#3707=CARTESIAN_POINT('',(-14.432,4.064,-4.699));
#3708=DIRECTION('',(-1.0,0.0,0.0));
#3709=DIRECTION('',(0.0,0.0,1.0));
#3710=ORIENTED_EDGE('',*,*,#6449,.T.);
#3711=ORIENTED_EDGE('',*,*,#6450,.F.);
#3712=ORIENTED_EDGE('',*,*,#6451,.F.);
#3713=ORIENTED_EDGE('',*,*,#6385,.T.);
#3714=CARTESIAN_POINT('',(-13.3144,4.064,-4.699));
#3715=DIRECTION('',(0.0,0.0,1.0));
#3716=DIRECTION('',(1.0,0.0,0.0));
#3717=ORIENTED_EDGE('',*,*,#6451,.T.);
#3718=ORIENTED_EDGE('',*,*,#6452,.F.);
#3719=ORIENTED_EDGE('',*,*,#6453,.F.);
#3720=ORIENTED_EDGE('',*,*,#6386,.T.);
#3721=CARTESIAN_POINT('',(-13.3144,4.064,-7.874));
#3722=DIRECTION('',(1.0,0.0,0.0));
#3723=DIRECTION('',(0.0,1.0,0.0));
#3724=ORIENTED_EDGE('',*,*,#6453,.T.);
#3725=ORIENTED_EDGE('',*,*,#6454,.F.);
#3726=ORIENTED_EDGE('',*,*,#6447,.F.);
#3727=ORIENTED_EDGE('',*,*,#6387,.T.);
#3728=CARTESIAN_POINT('',(-14.432,4.064,-7.874));
#3729=DIRECTION('',(0.0,0.0,-1.0));
#3730=DIRECTION('',(0.0,-1.0,0.0));
#3731=ORIENTED_EDGE('',*,*,#6454,.T.);
#3732=ORIENTED_EDGE('',*,*,#6452,.T.);
#3733=ORIENTED_EDGE('',*,*,#6450,.T.);
#3734=ORIENTED_EDGE('',*,*,#6448,.T.);
#3735=CARTESIAN_POINT('',(-23.7236,4.572,-1.91));
#3736=DIRECTION('',(0.0,-1.0,0.0));
#3737=DIRECTION('',(0.0,0.0,-1.0));
#3738=ORIENTED_EDGE('',*,*,#6455,.T.);
#3739=ORIENTED_EDGE('',*,*,#6456,.F.);
#3740=ORIENTED_EDGE('',*,*,#6457,.F.);
#3741=ORIENTED_EDGE('',*,*,#6392,.T.);
#3742=CARTESIAN_POINT('',(-10.472,4.064,-4.699));
#3743=DIRECTION('',(-1.0,0.0,0.0));
#3744=DIRECTION('',(0.0,0.0,1.0));
#3745=ORIENTED_EDGE('',*,*,#6457,.T.);
#3746=ORIENTED_EDGE('',*,*,#6458,.F.);
#3747=ORIENTED_EDGE('',*,*,#6459,.F.);
#3748=ORIENTED_EDGE('',*,*,#6389,.T.);
#3749=CARTESIAN_POINT('',(-9.3544,4.064,-4.699));
#3750=DIRECTION('',(0.0,0.0,1.0));
#3751=DIRECTION('',(1.0,0.0,0.0));
#3752=ORIENTED_EDGE('',*,*,#6459,.T.);
#3753=ORIENTED_EDGE('',*,*,#6460,.F.);
#3754=ORIENTED_EDGE('',*,*,#6461,.F.);
#3755=ORIENTED_EDGE('',*,*,#6390,.T.);
#3756=CARTESIAN_POINT('',(-9.3544,4.064,-7.874));
#3757=DIRECTION('',(1.0,0.0,0.0));
#3758=DIRECTION('',(0.0,1.0,0.0));
#3759=ORIENTED_EDGE('',*,*,#6461,.T.);
#3760=ORIENTED_EDGE('',*,*,#6462,.F.);
#3761=ORIENTED_EDGE('',*,*,#6455,.F.);
#3762=ORIENTED_EDGE('',*,*,#6391,.T.);
#3763=CARTESIAN_POINT('',(-10.472,4.064,-7.874));
#3764=DIRECTION('',(0.0,0.0,-1.0));
#3765=DIRECTION('',(0.0,-1.0,0.0));
#3766=ORIENTED_EDGE('',*,*,#6462,.T.);
#3767=ORIENTED_EDGE('',*,*,#6460,.T.);
#3768=ORIENTED_EDGE('',*,*,#6458,.T.);
#3769=ORIENTED_EDGE('',*,*,#6456,.T.);
#3770=CARTESIAN_POINT('',(-23.7236,4.572,-1.91));
#3771=DIRECTION('',(0.0,-1.0,0.0));
#3772=DIRECTION('',(0.0,0.0,-1.0));
#3773=ORIENTED_EDGE('',*,*,#6463,.T.);
#3774=ORIENTED_EDGE('',*,*,#6464,.F.);
#3775=ORIENTED_EDGE('',*,*,#6465,.F.);
#3776=ORIENTED_EDGE('',*,*,#6396,.T.);
#3777=CARTESIAN_POINT('',(-6.512,4.064,-4.699));
#3778=DIRECTION('',(-1.0,0.0,0.0));
#3779=DIRECTION('',(0.0,0.0,1.0));
#3780=ORIENTED_EDGE('',*,*,#6465,.T.);
#3781=ORIENTED_EDGE('',*,*,#6466,.F.);
#3782=ORIENTED_EDGE('',*,*,#6467,.F.);
#3783=ORIENTED_EDGE('',*,*,#6393,.T.);
#3784=CARTESIAN_POINT('',(-5.3944,4.064,-4.699));
#3785=DIRECTION('',(0.0,0.0,1.0));
#3786=DIRECTION('',(1.0,0.0,0.0));
#3787=ORIENTED_EDGE('',*,*,#6467,.T.);
#3788=ORIENTED_EDGE('',*,*,#6468,.F.);
#3789=ORIENTED_EDGE('',*,*,#6469,.F.);
#3790=ORIENTED_EDGE('',*,*,#6394,.T.);
#3791=CARTESIAN_POINT('',(-5.3944,4.064,-7.874));
#3792=DIRECTION('',(1.0,0.0,0.0));
#3793=DIRECTION('',(0.0,1.0,0.0));
#3794=ORIENTED_EDGE('',*,*,#6469,.T.);
#3795=ORIENTED_EDGE('',*,*,#6470,.F.);
#3796=ORIENTED_EDGE('',*,*,#6463,.F.);
#3797=ORIENTED_EDGE('',*,*,#6395,.T.);
#3798=CARTESIAN_POINT('',(-6.512,4.064,-7.874));
#3799=DIRECTION('',(0.0,0.0,-1.0));
#3800=DIRECTION('',(0.0,-1.0,0.0));
#3801=ORIENTED_EDGE('',*,*,#6470,.T.);
#3802=ORIENTED_EDGE('',*,*,#6468,.T.);
#3803=ORIENTED_EDGE('',*,*,#6466,.T.);
#3804=ORIENTED_EDGE('',*,*,#6464,.T.);
#3805=CARTESIAN_POINT('',(-23.7236,4.572,-1.91));
#3806=DIRECTION('',(0.0,-1.0,0.0));
#3807=DIRECTION('',(0.0,0.0,-1.0));
#3808=ORIENTED_EDGE('',*,*,#6471,.T.);
#3809=ORIENTED_EDGE('',*,*,#6472,.F.);
#3810=ORIENTED_EDGE('',*,*,#6473,.F.);
#3811=ORIENTED_EDGE('',*,*,#6400,.T.);
#3812=CARTESIAN_POINT('',(-2.552,4.064,-4.699));
#3813=DIRECTION('',(-1.0,0.0,0.0));
#3814=DIRECTION('',(0.0,0.0,1.0));
#3815=ORIENTED_EDGE('',*,*,#6473,.T.);
#3816=ORIENTED_EDGE('',*,*,#6474,.F.);
#3817=ORIENTED_EDGE('',*,*,#6475,.F.);
#3818=ORIENTED_EDGE('',*,*,#6397,.T.);
#3819=CARTESIAN_POINT('',(-1.4344,4.064,-4.699));
#3820=DIRECTION('',(0.0,0.0,1.0));
#3821=DIRECTION('',(1.0,0.0,0.0));
#3822=ORIENTED_EDGE('',*,*,#6475,.T.);
#3823=ORIENTED_EDGE('',*,*,#6476,.F.);
#3824=ORIENTED_EDGE('',*,*,#6477,.F.);
#3825=ORIENTED_EDGE('',*,*,#6398,.T.);
#3826=CARTESIAN_POINT('',(-1.4344,4.064,-7.874));
#3827=DIRECTION('',(1.0,0.0,0.0));
#3828=DIRECTION('',(0.0,1.0,0.0));
#3829=ORIENTED_EDGE('',*,*,#6477,.T.);
#3830=ORIENTED_EDGE('',*,*,#6478,.F.);
#3831=ORIENTED_EDGE('',*,*,#6471,.F.);
#3832=ORIENTED_EDGE('',*,*,#6399,.T.);
#3833=CARTESIAN_POINT('',(-2.552,4.064,-7.874));
#3834=DIRECTION('',(0.0,0.0,-1.0));
#3835=DIRECTION('',(0.0,-1.0,0.0));
#3836=ORIENTED_EDGE('',*,*,#6478,.T.);
#3837=ORIENTED_EDGE('',*,*,#6476,.T.);
#3838=ORIENTED_EDGE('',*,*,#6474,.T.);
#3839=ORIENTED_EDGE('',*,*,#6472,.T.);
#3840=CARTESIAN_POINT('',(-23.7236,4.572,-1.91));
#3841=DIRECTION('',(0.0,-1.0,0.0));
#3842=DIRECTION('',(0.0,0.0,-1.0));
#3843=ORIENTED_EDGE('',*,*,#6479,.T.);
#3844=ORIENTED_EDGE('',*,*,#6480,.F.);
#3845=ORIENTED_EDGE('',*,*,#6481,.F.);
#3846=ORIENTED_EDGE('',*,*,#6404,.T.);
#3847=CARTESIAN_POINT('',(1.408,4.064,-4.699));
#3848=DIRECTION('',(-1.0,0.0,0.0));
#3849=DIRECTION('',(0.0,0.0,1.0));
#3850=ORIENTED_EDGE('',*,*,#6481,.T.);
#3851=ORIENTED_EDGE('',*,*,#6482,.F.);
#3852=ORIENTED_EDGE('',*,*,#6483,.F.);
#3853=ORIENTED_EDGE('',*,*,#6401,.T.);
#3854=CARTESIAN_POINT('',(2.5256,4.064,-4.699));
#3855=DIRECTION('',(0.0,0.0,1.0));
#3856=DIRECTION('',(1.0,0.0,0.0));
#3857=ORIENTED_EDGE('',*,*,#6483,.T.);
#3858=ORIENTED_EDGE('',*,*,#6484,.F.);
#3859=ORIENTED_EDGE('',*,*,#6485,.F.);
#3860=ORIENTED_EDGE('',*,*,#6402,.T.);
#3861=CARTESIAN_POINT('',(2.5256,4.064,-7.874));
#3862=DIRECTION('',(1.0,0.0,0.0));
#3863=DIRECTION('',(0.0,1.0,0.0));
#3864=ORIENTED_EDGE('',*,*,#6485,.T.);
#3865=ORIENTED_EDGE('',*,*,#6486,.F.);
#3866=ORIENTED_EDGE('',*,*,#6479,.F.);
#3867=ORIENTED_EDGE('',*,*,#6403,.T.);
#3868=CARTESIAN_POINT('',(1.408,4.064,-7.874));
#3869=DIRECTION('',(0.0,0.0,-1.0));
#3870=DIRECTION('',(0.0,-1.0,0.0));
#3871=ORIENTED_EDGE('',*,*,#6486,.T.);
#3872=ORIENTED_EDGE('',*,*,#6484,.T.);
#3873=ORIENTED_EDGE('',*,*,#6482,.T.);
#3874=ORIENTED_EDGE('',*,*,#6480,.T.);
#3875=CARTESIAN_POINT('',(-23.7236,4.572,-1.91));
#3876=DIRECTION('',(0.0,-1.0,0.0));
#3877=DIRECTION('',(0.0,0.0,-1.0));
#3878=ORIENTED_EDGE('',*,*,#6487,.T.);
#3879=ORIENTED_EDGE('',*,*,#6488,.F.);
#3880=ORIENTED_EDGE('',*,*,#6489,.F.);
#3881=ORIENTED_EDGE('',*,*,#6408,.T.);
#3882=CARTESIAN_POINT('',(5.368,4.064,-4.699));
#3883=DIRECTION('',(-1.0,0.0,0.0));
#3884=DIRECTION('',(0.0,0.0,1.0));
#3885=ORIENTED_EDGE('',*,*,#6489,.T.);
#3886=ORIENTED_EDGE('',*,*,#6490,.F.);
#3887=ORIENTED_EDGE('',*,*,#6491,.F.);
#3888=ORIENTED_EDGE('',*,*,#6405,.T.);
#3889=CARTESIAN_POINT('',(6.4856,4.064,-4.699));
#3890=DIRECTION('',(0.0,0.0,1.0));
#3891=DIRECTION('',(1.0,0.0,0.0));
#3892=ORIENTED_EDGE('',*,*,#6491,.T.);
#3893=ORIENTED_EDGE('',*,*,#6492,.F.);
#3894=ORIENTED_EDGE('',*,*,#6493,.F.);
#3895=ORIENTED_EDGE('',*,*,#6406,.T.);
#3896=CARTESIAN_POINT('',(6.4856,4.064,-7.874));
#3897=DIRECTION('',(1.0,0.0,0.0));
#3898=DIRECTION('',(0.0,1.0,0.0));
#3899=ORIENTED_EDGE('',*,*,#6493,.T.);
#3900=ORIENTED_EDGE('',*,*,#6494,.F.);
#3901=ORIENTED_EDGE('',*,*,#6487,.F.);
#3902=ORIENTED_EDGE('',*,*,#6407,.T.);
#3903=CARTESIAN_POINT('',(5.368,4.064,-7.874));
#3904=DIRECTION('',(0.0,0.0,-1.0));
#3905=DIRECTION('',(0.0,-1.0,0.0));
#3906=ORIENTED_EDGE('',*,*,#6494,.T.);
#3907=ORIENTED_EDGE('',*,*,#6492,.T.);
#3908=ORIENTED_EDGE('',*,*,#6490,.T.);
#3909=ORIENTED_EDGE('',*,*,#6488,.T.);
#3910=CARTESIAN_POINT('',(-23.7236,4.572,-1.91));
#3911=DIRECTION('',(0.0,-1.0,0.0));
#3912=DIRECTION('',(0.0,0.0,-1.0));
#3913=ORIENTED_EDGE('',*,*,#6495,.T.);
#3914=ORIENTED_EDGE('',*,*,#6496,.F.);
#3915=ORIENTED_EDGE('',*,*,#6497,.F.);
#3916=ORIENTED_EDGE('',*,*,#6412,.T.);
#3917=CARTESIAN_POINT('',(9.328,4.064,-4.699));
#3918=DIRECTION('',(-1.0,0.0,0.0));
#3919=DIRECTION('',(0.0,0.0,1.0));
#3920=ORIENTED_EDGE('',*,*,#6497,.T.);
#3921=ORIENTED_EDGE('',*,*,#6498,.F.);
#3922=ORIENTED_EDGE('',*,*,#6499,.F.);
#3923=ORIENTED_EDGE('',*,*,#6409,.T.);
#3924=CARTESIAN_POINT('',(10.4456,4.064,-4.699));
#3925=DIRECTION('',(0.0,0.0,1.0));
#3926=DIRECTION('',(1.0,0.0,0.0));
#3927=ORIENTED_EDGE('',*,*,#6499,.T.);
#3928=ORIENTED_EDGE('',*,*,#6500,.F.);
#3929=ORIENTED_EDGE('',*,*,#6501,.F.);
#3930=ORIENTED_EDGE('',*,*,#6410,.T.);
#3931=CARTESIAN_POINT('',(10.4456,4.064,-7.874));
#3932=DIRECTION('',(1.0,0.0,0.0));
#3933=DIRECTION('',(0.0,1.0,0.0));
#3934=ORIENTED_EDGE('',*,*,#6501,.T.);
#3935=ORIENTED_EDGE('',*,*,#6502,.F.);
#3936=ORIENTED_EDGE('',*,*,#6495,.F.);
#3937=ORIENTED_EDGE('',*,*,#6411,.T.);
#3938=CARTESIAN_POINT('',(9.328,4.064,-7.874));
#3939=DIRECTION('',(0.0,0.0,-1.0));
#3940=DIRECTION('',(0.0,-1.0,0.0));
#3941=ORIENTED_EDGE('',*,*,#6502,.T.);
#3942=ORIENTED_EDGE('',*,*,#6500,.T.);
#3943=ORIENTED_EDGE('',*,*,#6498,.T.);
#3944=ORIENTED_EDGE('',*,*,#6496,.T.);
#3945=CARTESIAN_POINT('',(-23.7236,4.572,-1.91));
#3946=DIRECTION('',(0.0,-1.0,0.0));
#3947=DIRECTION('',(0.0,0.0,-1.0));
#3948=ORIENTED_EDGE('',*,*,#6503,.T.);
#3949=ORIENTED_EDGE('',*,*,#6504,.F.);
#3950=ORIENTED_EDGE('',*,*,#6505,.F.);
#3951=ORIENTED_EDGE('',*,*,#6416,.T.);
#3952=CARTESIAN_POINT('',(13.288,4.064,-4.699));
#3953=DIRECTION('',(-1.0,0.0,0.0));
#3954=DIRECTION('',(0.0,0.0,1.0));
#3955=ORIENTED_EDGE('',*,*,#6505,.T.);
#3956=ORIENTED_EDGE('',*,*,#6506,.F.);
#3957=ORIENTED_EDGE('',*,*,#6507,.F.);
#3958=ORIENTED_EDGE('',*,*,#6413,.T.);
#3959=CARTESIAN_POINT('',(14.4056,4.064,-4.699));
#3960=DIRECTION('',(0.0,0.0,1.0));
#3961=DIRECTION('',(1.0,0.0,0.0));
#3962=ORIENTED_EDGE('',*,*,#6507,.T.);
#3963=ORIENTED_EDGE('',*,*,#6508,.F.);
#3964=ORIENTED_EDGE('',*,*,#6509,.F.);
#3965=ORIENTED_EDGE('',*,*,#6414,.T.);
#3966=CARTESIAN_POINT('',(14.4056,4.064,-7.874));
#3967=DIRECTION('',(1.0,0.0,0.0));
#3968=DIRECTION('',(0.0,1.0,0.0));
#3969=ORIENTED_EDGE('',*,*,#6509,.T.);
#3970=ORIENTED_EDGE('',*,*,#6510,.F.);
#3971=ORIENTED_EDGE('',*,*,#6503,.F.);
#3972=ORIENTED_EDGE('',*,*,#6415,.T.);
#3973=CARTESIAN_POINT('',(13.288,4.064,-7.874));
#3974=DIRECTION('',(0.0,0.0,-1.0));
#3975=DIRECTION('',(0.0,-1.0,0.0));
#3976=ORIENTED_EDGE('',*,*,#6510,.T.);
#3977=ORIENTED_EDGE('',*,*,#6508,.T.);
#3978=ORIENTED_EDGE('',*,*,#6506,.T.);
#3979=ORIENTED_EDGE('',*,*,#6504,.T.);
#3980=CARTESIAN_POINT('',(-23.7236,4.572,-1.91));
#3981=DIRECTION('',(0.0,-1.0,0.0));
#3982=DIRECTION('',(0.0,0.0,-1.0));
#3983=ORIENTED_EDGE('',*,*,#6511,.T.);
#3984=ORIENTED_EDGE('',*,*,#6512,.F.);
#3985=ORIENTED_EDGE('',*,*,#6513,.F.);
#3986=ORIENTED_EDGE('',*,*,#6420,.T.);
#3987=CARTESIAN_POINT('',(17.248,4.064,-4.699));
#3988=DIRECTION('',(-1.0,0.0,0.0));
#3989=DIRECTION('',(0.0,0.0,1.0));
#3990=ORIENTED_EDGE('',*,*,#6513,.T.);
#3991=ORIENTED_EDGE('',*,*,#6514,.F.);
#3992=ORIENTED_EDGE('',*,*,#6515,.F.);
#3993=ORIENTED_EDGE('',*,*,#6417,.T.);
#3994=CARTESIAN_POINT('',(18.3656,4.064,-4.699));
#3995=DIRECTION('',(0.0,0.0,1.0));
#3996=DIRECTION('',(1.0,0.0,0.0));
#3997=ORIENTED_EDGE('',*,*,#6515,.T.);
#3998=ORIENTED_EDGE('',*,*,#6516,.F.);
#3999=ORIENTED_EDGE('',*,*,#6517,.F.);
#4000=ORIENTED_EDGE('',*,*,#6418,.T.);
#4001=CARTESIAN_POINT('',(18.3656,4.064,-7.874));
#4002=DIRECTION('',(1.0,0.0,0.0));
#4003=DIRECTION('',(0.0,1.0,0.0));
#4004=ORIENTED_EDGE('',*,*,#6517,.T.);
#4005=ORIENTED_EDGE('',*,*,#6518,.F.);
#4006=ORIENTED_EDGE('',*,*,#6511,.F.);
#4007=ORIENTED_EDGE('',*,*,#6419,.T.);
#4008=CARTESIAN_POINT('',(17.248,4.064,-7.874));
#4009=DIRECTION('',(0.0,0.0,-1.0));
#4010=DIRECTION('',(0.0,-1.0,0.0));
#4011=ORIENTED_EDGE('',*,*,#6518,.T.);
#4012=ORIENTED_EDGE('',*,*,#6516,.T.);
#4013=ORIENTED_EDGE('',*,*,#6514,.T.);
#4014=ORIENTED_EDGE('',*,*,#6512,.T.);
#4015=CARTESIAN_POINT('',(-23.7236,4.572,-1.91));
#4016=DIRECTION('',(0.0,-1.0,0.0));
#4017=DIRECTION('',(0.0,0.0,-1.0));
#4018=ORIENTED_EDGE('',*,*,#6519,.T.);
#4019=ORIENTED_EDGE('',*,*,#6520,.F.);
#4020=ORIENTED_EDGE('',*,*,#6521,.F.);
#4021=ORIENTED_EDGE('',*,*,#6424,.T.);
#4022=CARTESIAN_POINT('',(21.208,4.064,-4.699));
#4023=DIRECTION('',(-1.0,0.0,0.0));
#4024=DIRECTION('',(0.0,0.0,1.0));
#4025=ORIENTED_EDGE('',*,*,#6521,.T.);
#4026=ORIENTED_EDGE('',*,*,#6522,.F.);
#4027=ORIENTED_EDGE('',*,*,#6523,.F.);
#4028=ORIENTED_EDGE('',*,*,#6421,.T.);
#4029=CARTESIAN_POINT('',(22.3256,4.064,-4.699));
#4030=DIRECTION('',(0.0,0.0,1.0));
#4031=DIRECTION('',(1.0,0.0,0.0));
#4032=ORIENTED_EDGE('',*,*,#6523,.T.);
#4033=ORIENTED_EDGE('',*,*,#6524,.F.);
#4034=ORIENTED_EDGE('',*,*,#6525,.F.);
#4035=ORIENTED_EDGE('',*,*,#6422,.T.);
#4036=CARTESIAN_POINT('',(22.3256,4.064,-7.874));
#4037=DIRECTION('',(1.0,0.0,0.0));
#4038=DIRECTION('',(0.0,1.0,0.0));
#4039=ORIENTED_EDGE('',*,*,#6525,.T.);
#4040=ORIENTED_EDGE('',*,*,#6526,.F.);
#4041=ORIENTED_EDGE('',*,*,#6519,.F.);
#4042=ORIENTED_EDGE('',*,*,#6423,.T.);
#4043=CARTESIAN_POINT('',(21.208,4.064,-7.874));
#4044=DIRECTION('',(0.0,0.0,-1.0));
#4045=DIRECTION('',(0.0,-1.0,0.0));
#4046=ORIENTED_EDGE('',*,*,#6526,.T.);
#4047=ORIENTED_EDGE('',*,*,#6524,.T.);
#4048=ORIENTED_EDGE('',*,*,#6522,.T.);
#4049=ORIENTED_EDGE('',*,*,#6520,.T.);
#4050=CARTESIAN_POINT('',(-23.7236,4.572,-1.91));
#4051=DIRECTION('',(0.0,-1.0,0.0));
#4052=DIRECTION('',(0.0,0.0,-1.0));
#4053=ORIENTED_EDGE('',*,*,#6170,.F.);
#4054=ORIENTED_EDGE('',*,*,#6527,.F.);
#4055=ORIENTED_EDGE('',*,*,#6528,.T.);
#4056=ORIENTED_EDGE('',*,*,#6529,.T.);
#4057=ORIENTED_EDGE('',*,*,#6530,.T.);
#4058=ORIENTED_EDGE('',*,*,#6531,.T.);
#4059=ORIENTED_EDGE('',*,*,#6532,.F.);
#4060=ORIENTED_EDGE('',*,*,#6333,.F.);
#4061=CARTESIAN_POINT('',(-23.7236,2.284,-1.91));
#4062=DIRECTION('',(0.0,0.0,-1.0));
#4063=DIRECTION('',(0.0,-1.0,0.0));
#4064=ORIENTED_EDGE('',*,*,#6533,.F.);
#4065=ORIENTED_EDGE('',*,*,#5816,.T.);
#4066=ORIENTED_EDGE('',*,*,#6376,.F.);
#4067=ORIENTED_EDGE('',*,*,#6534,.T.);
#4068=ORIENTED_EDGE('',*,*,#6535,.T.);
#4069=ORIENTED_EDGE('',*,*,#6536,.F.);
#4070=ORIENTED_EDGE('',*,*,#6537,.T.);
#4071=ORIENTED_EDGE('',*,*,#6538,.F.);
#4072=CARTESIAN_POINT('',(-23.7236,2.284,-1.91));
#4073=DIRECTION('',(0.0,0.0,-1.0));
#4074=DIRECTION('',(0.0,-1.0,0.0));
#4075=ORIENTED_EDGE('',*,*,#6539,.F.);
#4076=ORIENTED_EDGE('',*,*,#6334,.F.);
#4077=ORIENTED_EDGE('',*,*,#6532,.T.);
#4078=CARTESIAN_POINT('',(22.3256,8.6868,-1.524));
#4079=DIRECTION('',(1.0,0.0,0.0));
#4080=DIRECTION('',(0.0,1.0,0.0));
#4081=ORIENTED_EDGE('',*,*,#6429,.F.);
#4082=ORIENTED_EDGE('',*,*,#5911,.T.);
#4083=ORIENTED_EDGE('',*,*,#6540,.F.);
#4084=ORIENTED_EDGE('',*,*,#6541,.F.);
#4085=ORIENTED_EDGE('',*,*,#6542,.F.);
#4086=CARTESIAN_POINT('',(22.3256,8.6868,-1.524));
#4087=DIRECTION('',(1.0,0.0,0.0));
#4088=DIRECTION('',(0.0,1.0,0.0));
#4089=ORIENTED_EDGE('',*,*,#6543,.F.);
#4090=ORIENTED_EDGE('',*,*,#6335,.T.);
#4091=ORIENTED_EDGE('',*,*,#6539,.T.);
#4092=ORIENTED_EDGE('',*,*,#6531,.F.);
#4093=CARTESIAN_POINT('',(22.3256,4.064,-2.062175746993));
#4094=DIRECTION('',(0.0,0.500000000000017,-0.866025403784429));
#4095=DIRECTION('',(-1.0,0.0,0.0));
#4096=ORIENTED_EDGE('',*,*,#6541,.T.);
#4097=ORIENTED_EDGE('',*,*,#6544,.T.);
#4098=ORIENTED_EDGE('',*,*,#6545,.F.);
#4099=ORIENTED_EDGE('',*,*,#6546,.T.);
#4100=CARTESIAN_POINT('',(22.3256,4.064,-2.062175746993));
#4101=DIRECTION('',(0.0,0.500000000000017,-0.866025403784429));
#4102=DIRECTION('',(-1.0,0.0,0.0));
#4103=ORIENTED_EDGE('',*,*,#6547,.F.);
#4104=ORIENTED_EDGE('',*,*,#6548,.T.);
#4105=ORIENTED_EDGE('',*,*,#6545,.T.);
#4106=ORIENTED_EDGE('',*,*,#6549,.T.);
#4107=ORIENTED_EDGE('',*,*,#5909,.F.);
#4108=ORIENTED_EDGE('',*,*,#6336,.T.);
#4109=ORIENTED_EDGE('',*,*,#6543,.T.);
#4110=ORIENTED_EDGE('',*,*,#6530,.F.);
#4111=CARTESIAN_POINT('',(21.208,8.6868,-1.524));
#4112=DIRECTION('',(1.0,0.0,0.0));
#4113=DIRECTION('',(0.0,1.0,0.0));
#4114=ORIENTED_EDGE('',*,*,#6549,.F.);
#4115=ORIENTED_EDGE('',*,*,#6544,.F.);
#4116=ORIENTED_EDGE('',*,*,#6540,.T.);
#4117=ORIENTED_EDGE('',*,*,#5910,.F.);
#4118=CARTESIAN_POINT('',(22.3256,6.096,-0.889));
#4119=DIRECTION('',(-0.0,1.0,0.0));
#4120=DIRECTION('',(1.0,0.0,0.0));
#4121=ORIENTED_EDGE('',*,*,#6550,.T.);
#4122=ORIENTED_EDGE('',*,*,#6551,.F.);
#4123=ORIENTED_EDGE('',*,*,#6552,.T.);
#4124=ORIENTED_EDGE('',*,*,#6553,.F.);
#4125=ORIENTED_EDGE('',*,*,#6554,.F.);
#4126=ORIENTED_EDGE('',*,*,#6427,.F.);
#4127=CARTESIAN_POINT('',(-23.7236,0.0,-1.61));
#4128=DIRECTION('',(0.0,0.0,-1.0));
#4129=DIRECTION('',(0.0,-1.0,0.0));
#4130=ORIENTED_EDGE('',*,*,#6542,.T.);
#4131=ORIENTED_EDGE('',*,*,#6546,.F.);
#4132=ORIENTED_EDGE('',*,*,#6548,.F.);
#4133=ORIENTED_EDGE('',*,*,#6555,.F.);
#4134=ORIENTED_EDGE('',*,*,#6556,.F.);
#4135=ORIENTED_EDGE('',*,*,#6430,.F.);
#4136=CARTESIAN_POINT('',(-23.7236,0.0,-1.61));
#4137=DIRECTION('',(0.0,0.0,-1.0));
#4138=DIRECTION('',(0.0,-1.0,0.0));
#4139=ORIENTED_EDGE('',*,*,#6375,.T.);
#4140=ORIENTED_EDGE('',*,*,#6557,.T.);
#4141=ORIENTED_EDGE('',*,*,#6534,.F.);
#4142=CARTESIAN_POINT('',(-22.352,8.6868,-1.524));
#4143=DIRECTION('',(1.0,0.0,0.0));
#4144=DIRECTION('',(0.0,1.0,0.0));
#4145=ORIENTED_EDGE('',*,*,#6558,.T.);
#4146=ORIENTED_EDGE('',*,*,#6559,.T.);
#4147=ORIENTED_EDGE('',*,*,#5857,.F.);
#4148=ORIENTED_EDGE('',*,*,#6425,.T.);
#4149=ORIENTED_EDGE('',*,*,#6554,.T.);
#4150=CARTESIAN_POINT('',(-22.352,8.6868,-1.524));
#4151=DIRECTION('',(1.0,0.0,0.0));
#4152=DIRECTION('',(0.0,1.0,0.0));
#4153=ORIENTED_EDGE('',*,*,#6557,.F.);
#4154=ORIENTED_EDGE('',*,*,#6374,.T.);
#4155=ORIENTED_EDGE('',*,*,#6560,.T.);
#4156=ORIENTED_EDGE('',*,*,#6535,.F.);
#4157=CARTESIAN_POINT('',(-21.2344,4.064,-2.062175746993));
#4158=DIRECTION('',(0.0,0.500000000000017,-0.866025403784429));
#4159=DIRECTION('',(-1.0,0.0,0.0));
#4160=ORIENTED_EDGE('',*,*,#6561,.T.);
#4161=ORIENTED_EDGE('',*,*,#6562,.T.);
#4162=ORIENTED_EDGE('',*,*,#6558,.F.);
#4163=ORIENTED_EDGE('',*,*,#6553,.T.);
#4164=CARTESIAN_POINT('',(-21.2344,4.064,-2.062175746993));
#4165=DIRECTION('',(0.0,0.500000000000017,-0.866025403784429));
#4166=DIRECTION('',(-1.0,0.0,0.0));
#4167=ORIENTED_EDGE('',*,*,#6560,.F.);
#4168=ORIENTED_EDGE('',*,*,#6373,.F.);
#4169=ORIENTED_EDGE('',*,*,#5859,.T.);
#4170=ORIENTED_EDGE('',*,*,#6563,.F.);
#4171=ORIENTED_EDGE('',*,*,#6561,.F.);
#4172=ORIENTED_EDGE('',*,*,#6552,.F.);
#4173=ORIENTED_EDGE('',*,*,#6564,.T.);
#4174=ORIENTED_EDGE('',*,*,#6536,.T.);
#4175=CARTESIAN_POINT('',(-21.2344,8.6868,-1.524));
#4176=DIRECTION('',(1.0,0.0,0.0));
#4177=DIRECTION('',(0.0,1.0,0.0));
#4178=ORIENTED_EDGE('',*,*,#6537,.F.);
#4179=ORIENTED_EDGE('',*,*,#6564,.F.);
#4180=ORIENTED_EDGE('',*,*,#6551,.T.);
#4181=ORIENTED_EDGE('',*,*,#6565,.T.);
#4182=CARTESIAN_POINT('',(-20.1706,5.207,-1.91));
#4183=DIRECTION('',(0.707106781186548,-0.707106781186548,0.0));
#4184=DIRECTION('',(0.0,0.0,-1.0));
#4185=ORIENTED_EDGE('',*,*,#6426,.F.);
#4186=ORIENTED_EDGE('',*,*,#5855,.F.);
#4187=ORIENTED_EDGE('',*,*,#6566,.T.);
#4188=ORIENTED_EDGE('',*,*,#6567,.T.);
#4189=ORIENTED_EDGE('',*,*,#6538,.T.);
#4190=ORIENTED_EDGE('',*,*,#6565,.F.);
#4191=ORIENTED_EDGE('',*,*,#6550,.F.);
#4192=CARTESIAN_POINT('',(-22.5836,0.0,0.0));
#4193=DIRECTION('',(-1.0,0.0,0.0));
#4194=DIRECTION('',(0.0,0.0,1.0));
#4195=ORIENTED_EDGE('',*,*,#6527,.T.);
#4196=ORIENTED_EDGE('',*,*,#6169,.F.);
#4197=ORIENTED_EDGE('',*,*,#6568,.F.);
#4198=ORIENTED_EDGE('',*,*,#6569,.T.);
#4199=CARTESIAN_POINT('',(-23.7236,-0.896,-1.91));
#4200=DIRECTION('',(-1.0,0.0,-0.0));
#4201=DIRECTION('',(0.0,0.0,-1.0));
#4202=ORIENTED_EDGE('',*,*,#6570,.F.);
#4203=ORIENTED_EDGE('',*,*,#5817,.T.);
#4204=ORIENTED_EDGE('',*,*,#6533,.T.);
#4205=ORIENTED_EDGE('',*,*,#6567,.F.);
#4206=CARTESIAN_POINT('',(-23.7236,-0.896,-1.91));
#4207=DIRECTION('',(-1.0,0.0,-0.0));
#4208=DIRECTION('',(0.0,0.0,-1.0));
#4209=ORIENTED_EDGE('',*,*,#6571,.T.);
#4210=ORIENTED_EDGE('',*,*,#6528,.F.);
#4211=ORIENTED_EDGE('',*,*,#6569,.F.);
#4212=ORIENTED_EDGE('',*,*,#6572,.F.);
#4213=ORIENTED_EDGE('',*,*,#5913,.T.);
#4214=ORIENTED_EDGE('',*,*,#6428,.T.);
#4215=ORIENTED_EDGE('',*,*,#6556,.T.);
#4216=CARTESIAN_POINT('',(22.5836,4.064,0.0));
#4217=DIRECTION('',(1.0,0.0,0.0));
#4218=DIRECTION('',(0.0,1.0,0.0));
#4219=ORIENTED_EDGE('',*,*,#6568,.T.);
#4220=ORIENTED_EDGE('',*,*,#6168,.F.);
#4221=ORIENTED_EDGE('',*,*,#5914,.F.);
#4222=ORIENTED_EDGE('',*,*,#6572,.T.);
#4223=CARTESIAN_POINT('',(-23.7236,0.0,0.0));
#4224=DIRECTION('',(0.0,-1.0,0.0));
#4225=DIRECTION('',(0.0,0.0,-1.0));
#4226=ORIENTED_EDGE('',*,*,#5854,.F.);
#4227=ORIENTED_EDGE('',*,*,#5818,.T.);
#4228=ORIENTED_EDGE('',*,*,#6570,.T.);
#4229=ORIENTED_EDGE('',*,*,#6566,.F.);
#4230=CARTESIAN_POINT('',(-23.7236,0.0,0.0));
#4231=DIRECTION('',(0.0,-1.0,0.0));
#4232=DIRECTION('',(0.0,0.0,-1.0));
#4233=ORIENTED_EDGE('',*,*,#6555,.T.);
#4234=ORIENTED_EDGE('',*,*,#6547,.T.);
#4235=ORIENTED_EDGE('',*,*,#6529,.F.);
#4236=ORIENTED_EDGE('',*,*,#6571,.F.);
#4237=CARTESIAN_POINT('',(22.5836,2.794,-1.91));
#4238=DIRECTION('',(-0.707106781186548,-0.707106781186548,0.0));
#4239=DIRECTION('',(-0.707106781186548,0.707106781186548,0.0));
#4240=ORIENTED_EDGE('',*,*,#6559,.F.);
#4241=ORIENTED_EDGE('',*,*,#6562,.F.);
#4242=ORIENTED_EDGE('',*,*,#6563,.T.);
#4243=ORIENTED_EDGE('',*,*,#5858,.F.);
#4244=CARTESIAN_POINT('',(-21.2344,6.096,-0.889));
#4245=DIRECTION('',(-0.0,1.0,0.0));
#4246=DIRECTION('',(1.0,0.0,0.0));
#4247=ORIENTED_EDGE('',*,*,#6573,.T.);
#4248=ORIENTED_EDGE('',*,*,#6574,.T.);
#4249=ORIENTED_EDGE('',*,*,#5861,.F.);
#4250=ORIENTED_EDGE('',*,*,#6372,.T.);
#4251=CARTESIAN_POINT('',(-18.392,8.6868,-1.524));
#4252=DIRECTION('',(1.0,0.0,0.0));
#4253=DIRECTION('',(0.0,1.0,0.0));
#4254=ORIENTED_EDGE('',*,*,#6574,.F.);
#4255=ORIENTED_EDGE('',*,*,#6575,.F.);
#4256=ORIENTED_EDGE('',*,*,#6576,.T.);
#4257=ORIENTED_EDGE('',*,*,#5862,.F.);
#4258=CARTESIAN_POINT('',(-17.2744,6.096,-0.889));
#4259=DIRECTION('',(-0.0,1.0,0.0));
#4260=DIRECTION('',(1.0,0.0,0.0));
#4261=ORIENTED_EDGE('',*,*,#5863,.T.);
#4262=ORIENTED_EDGE('',*,*,#6576,.F.);
#4263=ORIENTED_EDGE('',*,*,#6577,.F.);
#4264=ORIENTED_EDGE('',*,*,#6370,.F.);
#4265=CARTESIAN_POINT('',(-17.2744,8.6868,-1.524));
#4266=DIRECTION('',(1.0,0.0,0.0));
#4267=DIRECTION('',(0.0,1.0,0.0));
#4268=ORIENTED_EDGE('',*,*,#6577,.T.);
#4269=ORIENTED_EDGE('',*,*,#6575,.T.);
#4270=ORIENTED_EDGE('',*,*,#6573,.F.);
#4271=ORIENTED_EDGE('',*,*,#6371,.T.);
#4272=CARTESIAN_POINT('',(-17.2744,4.064,-2.062175746993));
#4273=DIRECTION('',(0.0,0.500000000000017,-0.866025403784429));
#4274=DIRECTION('',(-1.0,0.0,0.0));
#4275=ORIENTED_EDGE('',*,*,#6578,.T.);
#4276=ORIENTED_EDGE('',*,*,#6579,.T.);
#4277=ORIENTED_EDGE('',*,*,#5865,.F.);
#4278=ORIENTED_EDGE('',*,*,#6369,.T.);
#4279=CARTESIAN_POINT('',(-14.432,8.6868,-1.524));
#4280=DIRECTION('',(1.0,0.0,0.0));
#4281=DIRECTION('',(0.0,1.0,0.0));
#4282=ORIENTED_EDGE('',*,*,#6579,.F.);
#4283=ORIENTED_EDGE('',*,*,#6580,.F.);
#4284=ORIENTED_EDGE('',*,*,#6581,.T.);
#4285=ORIENTED_EDGE('',*,*,#5866,.F.);
#4286=CARTESIAN_POINT('',(-13.3144,6.096,-0.889));
#4287=DIRECTION('',(-0.0,1.0,0.0));
#4288=DIRECTION('',(1.0,0.0,0.0));
#4289=ORIENTED_EDGE('',*,*,#5867,.T.);
#4290=ORIENTED_EDGE('',*,*,#6581,.F.);
#4291=ORIENTED_EDGE('',*,*,#6582,.F.);
#4292=ORIENTED_EDGE('',*,*,#6367,.F.);
#4293=CARTESIAN_POINT('',(-13.3144,8.6868,-1.524));
#4294=DIRECTION('',(1.0,0.0,0.0));
#4295=DIRECTION('',(0.0,1.0,0.0));
#4296=ORIENTED_EDGE('',*,*,#6582,.T.);
#4297=ORIENTED_EDGE('',*,*,#6580,.T.);
#4298=ORIENTED_EDGE('',*,*,#6578,.F.);
#4299=ORIENTED_EDGE('',*,*,#6368,.T.);
#4300=CARTESIAN_POINT('',(-13.3144,4.064,-2.062175746993));
#4301=DIRECTION('',(0.0,0.500000000000017,-0.866025403784429));
#4302=DIRECTION('',(-1.0,0.0,0.0));
#4303=ORIENTED_EDGE('',*,*,#6583,.T.);
#4304=ORIENTED_EDGE('',*,*,#6584,.T.);
#4305=ORIENTED_EDGE('',*,*,#5869,.F.);
#4306=ORIENTED_EDGE('',*,*,#6366,.T.);
#4307=CARTESIAN_POINT('',(-10.472,8.6868,-1.524));
#4308=DIRECTION('',(1.0,0.0,0.0));
#4309=DIRECTION('',(0.0,1.0,0.0));
#4310=ORIENTED_EDGE('',*,*,#6584,.F.);
#4311=ORIENTED_EDGE('',*,*,#6585,.F.);
#4312=ORIENTED_EDGE('',*,*,#6586,.T.);
#4313=ORIENTED_EDGE('',*,*,#5870,.F.);
#4314=CARTESIAN_POINT('',(-9.3544,6.096,-0.889));
#4315=DIRECTION('',(-0.0,1.0,0.0));
#4316=DIRECTION('',(1.0,0.0,0.0));
#4317=ORIENTED_EDGE('',*,*,#5871,.T.);
#4318=ORIENTED_EDGE('',*,*,#6586,.F.);
#4319=ORIENTED_EDGE('',*,*,#6587,.F.);
#4320=ORIENTED_EDGE('',*,*,#6364,.F.);
#4321=CARTESIAN_POINT('',(-9.3544,8.6868,-1.524));
#4322=DIRECTION('',(1.0,0.0,0.0));
#4323=DIRECTION('',(0.0,1.0,0.0));
#4324=ORIENTED_EDGE('',*,*,#6587,.T.);
#4325=ORIENTED_EDGE('',*,*,#6585,.T.);
#4326=ORIENTED_EDGE('',*,*,#6583,.F.);
#4327=ORIENTED_EDGE('',*,*,#6365,.T.);
#4328=CARTESIAN_POINT('',(-9.3544,4.064,-2.062175746993));
#4329=DIRECTION('',(0.0,0.500000000000017,-0.866025403784429));
#4330=DIRECTION('',(-1.0,0.0,0.0));
#4331=ORIENTED_EDGE('',*,*,#6588,.F.);
#4332=ORIENTED_EDGE('',*,*,#6589,.F.);
#4333=ORIENTED_EDGE('',*,*,#6590,.F.);
#4334=ORIENTED_EDGE('',*,*,#5873,.F.);
#4335=ORIENTED_EDGE('',*,*,#6363,.T.);
#4336=CARTESIAN_POINT('',(-8.4948,0.0,0.0));
#4337=DIRECTION('',(1.0,0.0,0.0));
#4338=DIRECTION('',(0.0,1.0,0.0));
#4339=ORIENTED_EDGE('',*,*,#6591,.T.);
#4340=ORIENTED_EDGE('',*,*,#6592,.F.);
#4341=ORIENTED_EDGE('',*,*,#5874,.F.);
#4342=ORIENTED_EDGE('',*,*,#6590,.T.);
#4343=CARTESIAN_POINT('',(-8.4948,0.0,0.0));
#4344=DIRECTION('',(0.0,-1.0,0.0));
#4345=DIRECTION('',(0.0,0.0,-1.0));
#4346=ORIENTED_EDGE('',*,*,#5875,.T.);
#4347=ORIENTED_EDGE('',*,*,#6592,.T.);
#4348=ORIENTED_EDGE('',*,*,#6593,.T.);
#4349=ORIENTED_EDGE('',*,*,#6594,.T.);
#4350=ORIENTED_EDGE('',*,*,#6361,.F.);
#4351=CARTESIAN_POINT('',(-7.3548,0.0,0.0));
#4352=DIRECTION('',(1.0,0.0,0.0));
#4353=DIRECTION('',(0.0,1.0,0.0));
#4354=ORIENTED_EDGE('',*,*,#6594,.F.);
#4355=ORIENTED_EDGE('',*,*,#6595,.F.);
#4356=ORIENTED_EDGE('',*,*,#6588,.T.);
#4357=ORIENTED_EDGE('',*,*,#6362,.T.);
#4358=CARTESIAN_POINT('',(-8.4948,2.284,-1.91));
#4359=DIRECTION('',(0.0,0.0,-1.0));
#4360=DIRECTION('',(0.0,-1.0,0.0));
#4361=ORIENTED_EDGE('',*,*,#6595,.T.);
#4362=ORIENTED_EDGE('',*,*,#6593,.F.);
#4363=ORIENTED_EDGE('',*,*,#6591,.F.);
#4364=ORIENTED_EDGE('',*,*,#6589,.T.);
#4365=CARTESIAN_POINT('',(-8.4948,-0.896,-1.91));
#4366=DIRECTION('',(-1.0,0.0,-0.0));
#4367=DIRECTION('',(0.0,0.0,-1.0));
#4368=ORIENTED_EDGE('',*,*,#6596,.T.);
#4369=ORIENTED_EDGE('',*,*,#6597,.T.);
#4370=ORIENTED_EDGE('',*,*,#5877,.F.);
#4371=ORIENTED_EDGE('',*,*,#6360,.T.);
#4372=CARTESIAN_POINT('',(-6.512,8.6868,-1.524));
#4373=DIRECTION('',(1.0,0.0,0.0));
#4374=DIRECTION('',(0.0,1.0,0.0));
#4375=ORIENTED_EDGE('',*,*,#6597,.F.);
#4376=ORIENTED_EDGE('',*,*,#6598,.F.);
#4377=ORIENTED_EDGE('',*,*,#6599,.T.);
#4378=ORIENTED_EDGE('',*,*,#5878,.F.);
#4379=CARTESIAN_POINT('',(-5.3944,6.096,-0.889));
#4380=DIRECTION('',(-0.0,1.0,0.0));
#4381=DIRECTION('',(1.0,0.0,0.0));
#4382=ORIENTED_EDGE('',*,*,#5879,.T.);
#4383=ORIENTED_EDGE('',*,*,#6599,.F.);
#4384=ORIENTED_EDGE('',*,*,#6600,.F.);
#4385=ORIENTED_EDGE('',*,*,#6358,.F.);
#4386=CARTESIAN_POINT('',(-5.3944,8.6868,-1.524));
#4387=DIRECTION('',(1.0,0.0,0.0));
#4388=DIRECTION('',(0.0,1.0,0.0));
#4389=ORIENTED_EDGE('',*,*,#6600,.T.);
#4390=ORIENTED_EDGE('',*,*,#6598,.T.);
#4391=ORIENTED_EDGE('',*,*,#6596,.F.);
#4392=ORIENTED_EDGE('',*,*,#6359,.T.);
#4393=CARTESIAN_POINT('',(-5.3944,4.064,-2.062175746993));
#4394=DIRECTION('',(0.0,0.500000000000017,-0.866025403784429));
#4395=DIRECTION('',(-1.0,0.0,0.0));
#4396=ORIENTED_EDGE('',*,*,#6601,.T.);
#4397=ORIENTED_EDGE('',*,*,#6602,.T.);
#4398=ORIENTED_EDGE('',*,*,#5881,.F.);
#4399=ORIENTED_EDGE('',*,*,#6357,.T.);
#4400=CARTESIAN_POINT('',(-2.552,8.6868,-1.524));
#4401=DIRECTION('',(1.0,0.0,0.0));
#4402=DIRECTION('',(0.0,1.0,0.0));
#4403=ORIENTED_EDGE('',*,*,#6602,.F.);
#4404=ORIENTED_EDGE('',*,*,#6603,.F.);
#4405=ORIENTED_EDGE('',*,*,#6604,.T.);
#4406=ORIENTED_EDGE('',*,*,#5882,.F.);
#4407=CARTESIAN_POINT('',(-1.4344,6.096,-0.889));
#4408=DIRECTION('',(-0.0,1.0,0.0));
#4409=DIRECTION('',(1.0,0.0,0.0));
#4410=ORIENTED_EDGE('',*,*,#5883,.T.);
#4411=ORIENTED_EDGE('',*,*,#6604,.F.);
#4412=ORIENTED_EDGE('',*,*,#6605,.F.);
#4413=ORIENTED_EDGE('',*,*,#6355,.F.);
#4414=CARTESIAN_POINT('',(-1.4344,8.6868,-1.524));
#4415=DIRECTION('',(1.0,0.0,0.0));
#4416=DIRECTION('',(0.0,1.0,0.0));
#4417=ORIENTED_EDGE('',*,*,#6605,.T.);
#4418=ORIENTED_EDGE('',*,*,#6603,.T.);
#4419=ORIENTED_EDGE('',*,*,#6601,.F.);
#4420=ORIENTED_EDGE('',*,*,#6356,.T.);
#4421=CARTESIAN_POINT('',(-1.4344,4.064,-2.062175746993));
#4422=DIRECTION('',(0.0,0.500000000000017,-0.866025403784429));
#4423=DIRECTION('',(-1.0,0.0,0.0));
#4424=ORIENTED_EDGE('',*,*,#6606,.T.);
#4425=ORIENTED_EDGE('',*,*,#6607,.T.);
#4426=ORIENTED_EDGE('',*,*,#5885,.F.);
#4427=ORIENTED_EDGE('',*,*,#6354,.T.);
#4428=CARTESIAN_POINT('',(1.408,8.6868,-1.524));
#4429=DIRECTION('',(1.0,0.0,0.0));
#4430=DIRECTION('',(0.0,1.0,0.0));
#4431=ORIENTED_EDGE('',*,*,#6607,.F.);
#4432=ORIENTED_EDGE('',*,*,#6608,.F.);
#4433=ORIENTED_EDGE('',*,*,#6609,.T.);
#4434=ORIENTED_EDGE('',*,*,#5886,.F.);
#4435=CARTESIAN_POINT('',(2.5256,6.096,-0.889));
#4436=DIRECTION('',(-0.0,1.0,0.0));
#4437=DIRECTION('',(1.0,0.0,0.0));
#4438=ORIENTED_EDGE('',*,*,#5887,.T.);
#4439=ORIENTED_EDGE('',*,*,#6609,.F.);
#4440=ORIENTED_EDGE('',*,*,#6610,.F.);
#4441=ORIENTED_EDGE('',*,*,#6352,.F.);
#4442=CARTESIAN_POINT('',(2.5256,8.6868,-1.524));
#4443=DIRECTION('',(1.0,0.0,0.0));
#4444=DIRECTION('',(0.0,1.0,0.0));
#4445=ORIENTED_EDGE('',*,*,#6610,.T.);
#4446=ORIENTED_EDGE('',*,*,#6608,.T.);
#4447=ORIENTED_EDGE('',*,*,#6606,.F.);
#4448=ORIENTED_EDGE('',*,*,#6353,.T.);
#4449=CARTESIAN_POINT('',(2.5256,4.064,-2.062175746993));
#4450=DIRECTION('',(0.0,0.500000000000017,-0.866025403784429));
#4451=DIRECTION('',(-1.0,0.0,0.0));
#4452=ORIENTED_EDGE('',*,*,#6611,.T.);
#4453=ORIENTED_EDGE('',*,*,#6612,.T.);
#4454=ORIENTED_EDGE('',*,*,#5889,.F.);
#4455=ORIENTED_EDGE('',*,*,#6351,.T.);
#4456=CARTESIAN_POINT('',(5.368,8.6868,-1.524));
#4457=DIRECTION('',(1.0,0.0,0.0));
#4458=DIRECTION('',(0.0,1.0,0.0));
#4459=ORIENTED_EDGE('',*,*,#6612,.F.);
#4460=ORIENTED_EDGE('',*,*,#6613,.F.);
#4461=ORIENTED_EDGE('',*,*,#6614,.T.);
#4462=ORIENTED_EDGE('',*,*,#5890,.F.);
#4463=CARTESIAN_POINT('',(6.4856,6.096,-0.889));
#4464=DIRECTION('',(-0.0,1.0,0.0));
#4465=DIRECTION('',(1.0,0.0,0.0));
#4466=ORIENTED_EDGE('',*,*,#5891,.T.);
#4467=ORIENTED_EDGE('',*,*,#6614,.F.);
#4468=ORIENTED_EDGE('',*,*,#6615,.F.);
#4469=ORIENTED_EDGE('',*,*,#6349,.F.);
#4470=CARTESIAN_POINT('',(6.4856,8.6868,-1.524));
#4471=DIRECTION('',(1.0,0.0,0.0));
#4472=DIRECTION('',(0.0,1.0,0.0));
#4473=ORIENTED_EDGE('',*,*,#6615,.T.);
#4474=ORIENTED_EDGE('',*,*,#6613,.T.);
#4475=ORIENTED_EDGE('',*,*,#6611,.F.);
#4476=ORIENTED_EDGE('',*,*,#6350,.T.);
#4477=CARTESIAN_POINT('',(6.4856,4.064,-2.062175746993));
#4478=DIRECTION('',(0.0,0.500000000000017,-0.866025403784429));
#4479=DIRECTION('',(-1.0,0.0,0.0));
#4480=ORIENTED_EDGE('',*,*,#6616,.F.);
#4481=ORIENTED_EDGE('',*,*,#6617,.F.);
#4482=ORIENTED_EDGE('',*,*,#6618,.F.);
#4483=ORIENTED_EDGE('',*,*,#5893,.F.);
#4484=ORIENTED_EDGE('',*,*,#6348,.T.);
#4485=CARTESIAN_POINT('',(7.3533,0.0,0.0));
#4486=DIRECTION('',(1.0,0.0,0.0));
#4487=DIRECTION('',(0.0,1.0,0.0));
#4488=ORIENTED_EDGE('',*,*,#6619,.T.);
#4489=ORIENTED_EDGE('',*,*,#6620,.F.);
#4490=ORIENTED_EDGE('',*,*,#5894,.F.);
#4491=ORIENTED_EDGE('',*,*,#6618,.T.);
#4492=CARTESIAN_POINT('',(7.3533,0.0,0.0));
#4493=DIRECTION('',(0.0,-1.0,0.0));
#4494=DIRECTION('',(0.0,0.0,-1.0));
#4495=ORIENTED_EDGE('',*,*,#5895,.T.);
#4496=ORIENTED_EDGE('',*,*,#6620,.T.);
#4497=ORIENTED_EDGE('',*,*,#6621,.T.);
#4498=ORIENTED_EDGE('',*,*,#6622,.T.);
#4499=ORIENTED_EDGE('',*,*,#6346,.F.);
#4500=CARTESIAN_POINT('',(8.4963,0.0,0.0));
#4501=DIRECTION('',(1.0,0.0,0.0));
#4502=DIRECTION('',(0.0,1.0,0.0));
#4503=ORIENTED_EDGE('',*,*,#6622,.F.);
#4504=ORIENTED_EDGE('',*,*,#6623,.F.);
#4505=ORIENTED_EDGE('',*,*,#6616,.T.);
#4506=ORIENTED_EDGE('',*,*,#6347,.T.);
#4507=CARTESIAN_POINT('',(7.3533,2.284,-1.91));
#4508=DIRECTION('',(0.0,0.0,-1.0));
#4509=DIRECTION('',(0.0,-1.0,0.0));
#4510=ORIENTED_EDGE('',*,*,#6623,.T.);
#4511=ORIENTED_EDGE('',*,*,#6621,.F.);
#4512=ORIENTED_EDGE('',*,*,#6619,.F.);
#4513=ORIENTED_EDGE('',*,*,#6617,.T.);
#4514=CARTESIAN_POINT('',(7.3533,-0.896,-1.91));
#4515=DIRECTION('',(-1.0,0.0,-0.0));
#4516=DIRECTION('',(0.0,0.0,-1.0));
#4517=ORIENTED_EDGE('',*,*,#6624,.T.);
#4518=ORIENTED_EDGE('',*,*,#6625,.T.);
#4519=ORIENTED_EDGE('',*,*,#5897,.F.);
#4520=ORIENTED_EDGE('',*,*,#6345,.T.);
#4521=CARTESIAN_POINT('',(9.328,8.6868,-1.524));
#4522=DIRECTION('',(1.0,0.0,0.0));
#4523=DIRECTION('',(0.0,1.0,0.0));
#4524=ORIENTED_EDGE('',*,*,#6625,.F.);
#4525=ORIENTED_EDGE('',*,*,#6626,.F.);
#4526=ORIENTED_EDGE('',*,*,#6627,.T.);
#4527=ORIENTED_EDGE('',*,*,#5898,.F.);
#4528=CARTESIAN_POINT('',(10.4456,6.096,-0.889));
#4529=DIRECTION('',(-0.0,1.0,0.0));
#4530=DIRECTION('',(1.0,0.0,0.0));
#4531=ORIENTED_EDGE('',*,*,#5899,.T.);
#4532=ORIENTED_EDGE('',*,*,#6627,.F.);
#4533=ORIENTED_EDGE('',*,*,#6628,.F.);
#4534=ORIENTED_EDGE('',*,*,#6343,.F.);
#4535=CARTESIAN_POINT('',(10.4456,8.6868,-1.524));
#4536=DIRECTION('',(1.0,0.0,0.0));
#4537=DIRECTION('',(0.0,1.0,0.0));
#4538=ORIENTED_EDGE('',*,*,#6628,.T.);
#4539=ORIENTED_EDGE('',*,*,#6626,.T.);
#4540=ORIENTED_EDGE('',*,*,#6624,.F.);
#4541=ORIENTED_EDGE('',*,*,#6344,.T.);
#4542=CARTESIAN_POINT('',(10.4456,4.064,-2.062175746993));
#4543=DIRECTION('',(0.0,0.500000000000017,-0.866025403784429));
#4544=DIRECTION('',(-1.0,0.0,0.0));
#4545=ORIENTED_EDGE('',*,*,#6629,.T.);
#4546=ORIENTED_EDGE('',*,*,#6630,.T.);
#4547=ORIENTED_EDGE('',*,*,#5901,.F.);
#4548=ORIENTED_EDGE('',*,*,#6342,.T.);
#4549=CARTESIAN_POINT('',(13.288,8.6868,-1.524));
#4550=DIRECTION('',(1.0,0.0,0.0));
#4551=DIRECTION('',(0.0,1.0,0.0));
#4552=ORIENTED_EDGE('',*,*,#6630,.F.);
#4553=ORIENTED_EDGE('',*,*,#6631,.F.);
#4554=ORIENTED_EDGE('',*,*,#6632,.T.);
#4555=ORIENTED_EDGE('',*,*,#5902,.F.);
#4556=CARTESIAN_POINT('',(14.4056,6.096,-0.889));
#4557=DIRECTION('',(-0.0,1.0,0.0));
#4558=DIRECTION('',(1.0,0.0,0.0));
#4559=ORIENTED_EDGE('',*,*,#5903,.T.);
#4560=ORIENTED_EDGE('',*,*,#6632,.F.);
#4561=ORIENTED_EDGE('',*,*,#6633,.F.);
#4562=ORIENTED_EDGE('',*,*,#6340,.F.);
#4563=CARTESIAN_POINT('',(14.4056,8.6868,-1.524));
#4564=DIRECTION('',(1.0,0.0,0.0));
#4565=DIRECTION('',(0.0,1.0,0.0));
#4566=ORIENTED_EDGE('',*,*,#6633,.T.);
#4567=ORIENTED_EDGE('',*,*,#6631,.T.);
#4568=ORIENTED_EDGE('',*,*,#6629,.F.);
#4569=ORIENTED_EDGE('',*,*,#6341,.T.);
#4570=CARTESIAN_POINT('',(14.4056,4.064,-2.062175746993));
#4571=DIRECTION('',(0.0,0.500000000000017,-0.866025403784429));
#4572=DIRECTION('',(-1.0,0.0,0.0));
#4573=ORIENTED_EDGE('',*,*,#6634,.T.);
#4574=ORIENTED_EDGE('',*,*,#6635,.T.);
#4575=ORIENTED_EDGE('',*,*,#5905,.F.);
#4576=ORIENTED_EDGE('',*,*,#6339,.T.);
#4577=CARTESIAN_POINT('',(17.248,8.6868,-1.524));
#4578=DIRECTION('',(1.0,0.0,0.0));
#4579=DIRECTION('',(0.0,1.0,0.0));
#4580=ORIENTED_EDGE('',*,*,#6635,.F.);
#4581=ORIENTED_EDGE('',*,*,#6636,.F.);
#4582=ORIENTED_EDGE('',*,*,#6637,.T.);
#4583=ORIENTED_EDGE('',*,*,#5906,.F.);
#4584=CARTESIAN_POINT('',(18.3656,6.096,-0.889));
#4585=DIRECTION('',(-0.0,1.0,0.0));
#4586=DIRECTION('',(1.0,0.0,0.0));
#4587=ORIENTED_EDGE('',*,*,#5907,.T.);
#4588=ORIENTED_EDGE('',*,*,#6637,.F.);
#4589=ORIENTED_EDGE('',*,*,#6638,.F.);
#4590=ORIENTED_EDGE('',*,*,#6337,.F.);
#4591=CARTESIAN_POINT('',(18.3656,8.6868,-1.524));
#4592=DIRECTION('',(1.0,0.0,0.0));
#4593=DIRECTION('',(0.0,1.0,0.0));
#4594=ORIENTED_EDGE('',*,*,#6638,.T.);
#4595=ORIENTED_EDGE('',*,*,#6636,.T.);
#4596=ORIENTED_EDGE('',*,*,#6634,.F.);
#4597=ORIENTED_EDGE('',*,*,#6338,.T.);
#4598=CARTESIAN_POINT('',(18.3656,4.064,-2.062175746993));
#4599=DIRECTION('',(0.0,0.500000000000017,-0.866025403784429));
#4600=DIRECTION('',(-1.0,0.0,0.0));
#4601=ORIENTED_EDGE('',*,*,#5814,.T.);
#4602=ORIENTED_EDGE('',*,*,#6639,.T.);
#4603=ORIENTED_EDGE('',*,*,#6640,.T.);
#4604=ORIENTED_EDGE('',*,*,#6285,.F.);
#4605=CARTESIAN_POINT('',(-23.7236,4.064,-11.4));
#4606=DIRECTION('',(0.0,0.0,-1.0));
#4607=DIRECTION('',(0.0,-1.0,0.0));
#4608=ORIENTED_EDGE('',*,*,#6641,.T.);
#4609=ORIENTED_EDGE('',*,*,#6642,.T.);
#4610=ORIENTED_EDGE('',*,*,#6643,.F.);
#4611=ORIENTED_EDGE('',*,*,#6289,.F.);
#4612=CARTESIAN_POINT('',(-23.7236,4.064,-11.4));
#4613=DIRECTION('',(0.0,0.0,-1.0));
#4614=DIRECTION('',(0.0,-1.0,0.0));
#4615=ORIENTED_EDGE('',*,*,#6644,.T.);
#4616=ORIENTED_EDGE('',*,*,#6645,.T.);
#4617=ORIENTED_EDGE('',*,*,#6646,.F.);
#4618=ORIENTED_EDGE('',*,*,#6293,.F.);
#4619=CARTESIAN_POINT('',(-23.7236,4.064,-11.4));
#4620=DIRECTION('',(0.0,0.0,-1.0));
#4621=DIRECTION('',(0.0,-1.0,0.0));
#4622=ORIENTED_EDGE('',*,*,#6647,.T.);
#4623=ORIENTED_EDGE('',*,*,#6648,.T.);
#4624=ORIENTED_EDGE('',*,*,#6649,.F.);
#4625=ORIENTED_EDGE('',*,*,#6297,.F.);
#4626=CARTESIAN_POINT('',(-23.7236,4.064,-11.4));
#4627=DIRECTION('',(0.0,0.0,-1.0));
#4628=DIRECTION('',(0.0,-1.0,0.0));
#4629=ORIENTED_EDGE('',*,*,#6650,.T.);
#4630=ORIENTED_EDGE('',*,*,#6651,.T.);
#4631=ORIENTED_EDGE('',*,*,#6652,.F.);
#4632=ORIENTED_EDGE('',*,*,#6301,.F.);
#4633=CARTESIAN_POINT('',(-23.7236,4.064,-11.4));
#4634=DIRECTION('',(0.0,0.0,-1.0));
#4635=DIRECTION('',(0.0,-1.0,0.0));
#4636=ORIENTED_EDGE('',*,*,#6653,.T.);
#4637=ORIENTED_EDGE('',*,*,#6654,.T.);
#4638=ORIENTED_EDGE('',*,*,#6655,.F.);
#4639=ORIENTED_EDGE('',*,*,#6305,.F.);
#4640=CARTESIAN_POINT('',(-23.7236,4.064,-11.4));
#4641=DIRECTION('',(0.0,0.0,-1.0));
#4642=DIRECTION('',(0.0,-1.0,0.0));
#4643=ORIENTED_EDGE('',*,*,#6656,.T.);
#4644=ORIENTED_EDGE('',*,*,#6657,.T.);
#4645=ORIENTED_EDGE('',*,*,#6658,.F.);
#4646=ORIENTED_EDGE('',*,*,#6309,.F.);
#4647=CARTESIAN_POINT('',(-23.7236,4.064,-11.4));
#4648=DIRECTION('',(0.0,0.0,-1.0));
#4649=DIRECTION('',(0.0,-1.0,0.0));
#4650=ORIENTED_EDGE('',*,*,#6659,.T.);
#4651=ORIENTED_EDGE('',*,*,#6660,.T.);
#4652=ORIENTED_EDGE('',*,*,#6661,.F.);
#4653=ORIENTED_EDGE('',*,*,#6313,.F.);
#4654=CARTESIAN_POINT('',(-23.7236,4.064,-11.4));
#4655=DIRECTION('',(0.0,0.0,-1.0));
#4656=DIRECTION('',(0.0,-1.0,0.0));
#4657=ORIENTED_EDGE('',*,*,#6662,.T.);
#4658=ORIENTED_EDGE('',*,*,#6663,.T.);
#4659=ORIENTED_EDGE('',*,*,#6664,.F.);
#4660=ORIENTED_EDGE('',*,*,#6317,.F.);
#4661=CARTESIAN_POINT('',(-23.7236,4.064,-11.4));
#4662=DIRECTION('',(0.0,0.0,-1.0));
#4663=DIRECTION('',(0.0,-1.0,0.0));
#4664=ORIENTED_EDGE('',*,*,#6665,.T.);
#4665=ORIENTED_EDGE('',*,*,#6666,.T.);
#4666=ORIENTED_EDGE('',*,*,#6667,.F.);
#4667=ORIENTED_EDGE('',*,*,#6321,.F.);
#4668=CARTESIAN_POINT('',(-23.7236,4.064,-11.4));
#4669=DIRECTION('',(0.0,0.0,-1.0));
#4670=DIRECTION('',(0.0,-1.0,0.0));
#4671=ORIENTED_EDGE('',*,*,#6325,.F.);
#4672=ORIENTED_EDGE('',*,*,#6668,.T.);
#4673=ORIENTED_EDGE('',*,*,#6669,.T.);
#4674=ORIENTED_EDGE('',*,*,#6670,.F.);
#4675=CARTESIAN_POINT('',(-23.7236,4.064,-11.4));
#4676=DIRECTION('',(0.0,0.0,-1.0));
#4677=DIRECTION('',(0.0,-1.0,0.0));
#4678=ORIENTED_EDGE('',*,*,#6671,.T.);
#4679=ORIENTED_EDGE('',*,*,#6672,.F.);
#4680=ORIENTED_EDGE('',*,*,#6673,.T.);
#4681=ORIENTED_EDGE('',*,*,#6172,.F.);
#4682=ORIENTED_EDGE('',*,*,#6332,.F.);
#4683=ORIENTED_EDGE('',*,*,#6674,.T.);
#4684=CARTESIAN_POINT('',(-23.7236,4.064,-11.4));
#4685=DIRECTION('',(0.0,0.0,-1.0));
#4686=DIRECTION('',(0.0,-1.0,0.0));
#4687=ORIENTED_EDGE('',*,*,#6329,.F.);
#4688=ORIENTED_EDGE('',*,*,#6675,.T.);
#4689=ORIENTED_EDGE('',*,*,#6676,.T.);
#4690=ORIENTED_EDGE('',*,*,#6677,.F.);
#4691=CARTESIAN_POINT('',(-23.7236,4.064,-11.4));
#4692=DIRECTION('',(0.0,0.0,-1.0));
#4693=DIRECTION('',(0.0,-1.0,0.0));
#4694=ORIENTED_EDGE('',*,*,#6678,.T.);
#4695=ORIENTED_EDGE('',*,*,#6264,.F.);
#4696=ORIENTED_EDGE('',*,*,#6286,.T.);
#4697=ORIENTED_EDGE('',*,*,#6640,.F.);
#4698=CARTESIAN_POINT('',(-23.0736,0.0,0.0));
#4699=DIRECTION('',(-1.0,0.0,0.0));
#4700=DIRECTION('',(0.0,0.0,1.0));
#4701=ORIENTED_EDGE('',*,*,#5813,.T.);
#4702=ORIENTED_EDGE('',*,*,#6265,.T.);
#4703=ORIENTED_EDGE('',*,*,#6678,.F.);
#4704=ORIENTED_EDGE('',*,*,#6639,.F.);
#4705=CARTESIAN_POINT('',(-23.7236,9.274,-11.4));
#4706=DIRECTION('',(-0.0,1.0,0.0));
#4707=DIRECTION('',(1.0,0.0,0.0));
#4708=ORIENTED_EDGE('',*,*,#6679,.T.);
#4709=ORIENTED_EDGE('',*,*,#6266,.T.);
#4710=ORIENTED_EDGE('',*,*,#6173,.F.);
#4711=ORIENTED_EDGE('',*,*,#6673,.F.);
#4712=CARTESIAN_POINT('',(-23.7236,9.274,-11.4));
#4713=DIRECTION('',(-0.0,1.0,0.0));
#4714=DIRECTION('',(1.0,0.0,0.0));
#4715=ORIENTED_EDGE('',*,*,#6267,.F.);
#4716=ORIENTED_EDGE('',*,*,#6679,.F.);
#4717=ORIENTED_EDGE('',*,*,#6672,.T.);
#4718=ORIENTED_EDGE('',*,*,#6680,.F.);
#4719=CARTESIAN_POINT('',(23.0736,0.0,0.0));
#4720=DIRECTION('',(1.0,0.0,0.0));
#4721=DIRECTION('',(0.0,1.0,0.0));
#4722=ORIENTED_EDGE('',*,*,#6642,.F.);
#4723=ORIENTED_EDGE('',*,*,#6681,.T.);
#4724=ORIENTED_EDGE('',*,*,#6257,.F.);
#4725=ORIENTED_EDGE('',*,*,#6682,.T.);
#4726=CARTESIAN_POINT('',(23.0736,5.207,-9.42));
#4727=DIRECTION('',(0.0,-1.0,0.0));
#4728=DIRECTION('',(0.0,0.0,-1.0));
#4729=ORIENTED_EDGE('',*,*,#6645,.F.);
#4730=ORIENTED_EDGE('',*,*,#6683,.T.);
#4731=ORIENTED_EDGE('',*,*,#6249,.F.);
#4732=ORIENTED_EDGE('',*,*,#6684,.T.);
#4733=CARTESIAN_POINT('',(23.0736,5.207,-9.42));
#4734=DIRECTION('',(0.0,-1.0,0.0));
#4735=DIRECTION('',(0.0,0.0,-1.0));
#4736=ORIENTED_EDGE('',*,*,#6648,.F.);
#4737=ORIENTED_EDGE('',*,*,#6685,.T.);
#4738=ORIENTED_EDGE('',*,*,#6241,.F.);
#4739=ORIENTED_EDGE('',*,*,#6686,.T.);
#4740=CARTESIAN_POINT('',(23.0736,5.207,-9.42));
#4741=DIRECTION('',(0.0,-1.0,0.0));
#4742=DIRECTION('',(0.0,0.0,-1.0));
#4743=ORIENTED_EDGE('',*,*,#6651,.F.);
#4744=ORIENTED_EDGE('',*,*,#6687,.T.);
#4745=ORIENTED_EDGE('',*,*,#6233,.F.);
#4746=ORIENTED_EDGE('',*,*,#6688,.T.);
#4747=CARTESIAN_POINT('',(23.0736,5.207,-9.42));
#4748=DIRECTION('',(0.0,-1.0,0.0));
#4749=DIRECTION('',(0.0,0.0,-1.0));
#4750=ORIENTED_EDGE('',*,*,#6654,.F.);
#4751=ORIENTED_EDGE('',*,*,#6689,.T.);
#4752=ORIENTED_EDGE('',*,*,#6225,.F.);
#4753=ORIENTED_EDGE('',*,*,#6690,.T.);
#4754=CARTESIAN_POINT('',(23.0736,5.207,-9.42));
#4755=DIRECTION('',(0.0,-1.0,0.0));
#4756=DIRECTION('',(0.0,0.0,-1.0));
#4757=ORIENTED_EDGE('',*,*,#6657,.F.);
#4758=ORIENTED_EDGE('',*,*,#6691,.T.);
#4759=ORIENTED_EDGE('',*,*,#6217,.F.);
#4760=ORIENTED_EDGE('',*,*,#6692,.T.);
#4761=CARTESIAN_POINT('',(23.0736,5.207,-9.42));
#4762=DIRECTION('',(0.0,-1.0,0.0));
#4763=DIRECTION('',(0.0,0.0,-1.0));
#4764=ORIENTED_EDGE('',*,*,#6660,.F.);
#4765=ORIENTED_EDGE('',*,*,#6693,.T.);
#4766=ORIENTED_EDGE('',*,*,#6209,.F.);
#4767=ORIENTED_EDGE('',*,*,#6694,.T.);
#4768=CARTESIAN_POINT('',(23.0736,5.207,-9.42));
#4769=DIRECTION('',(0.0,-1.0,0.0));
#4770=DIRECTION('',(0.0,0.0,-1.0));
#4771=ORIENTED_EDGE('',*,*,#6663,.F.);
#4772=ORIENTED_EDGE('',*,*,#6695,.T.);
#4773=ORIENTED_EDGE('',*,*,#6201,.F.);
#4774=ORIENTED_EDGE('',*,*,#6696,.T.);
#4775=CARTESIAN_POINT('',(23.0736,5.207,-9.42));
#4776=DIRECTION('',(0.0,-1.0,0.0));
#4777=DIRECTION('',(0.0,0.0,-1.0));
#4778=ORIENTED_EDGE('',*,*,#6666,.F.);
#4779=ORIENTED_EDGE('',*,*,#6697,.T.);
#4780=ORIENTED_EDGE('',*,*,#6193,.F.);
#4781=ORIENTED_EDGE('',*,*,#6698,.T.);
#4782=CARTESIAN_POINT('',(23.0736,5.207,-9.42));
#4783=DIRECTION('',(0.0,-1.0,0.0));
#4784=DIRECTION('',(0.0,0.0,-1.0));
#4785=ORIENTED_EDGE('',*,*,#6669,.F.);
#4786=ORIENTED_EDGE('',*,*,#6699,.T.);
#4787=ORIENTED_EDGE('',*,*,#6185,.F.);
#4788=ORIENTED_EDGE('',*,*,#6700,.T.);
#4789=CARTESIAN_POINT('',(23.0736,5.207,-9.42));
#4790=DIRECTION('',(0.0,-1.0,0.0));
#4791=DIRECTION('',(0.0,0.0,-1.0));
#4792=ORIENTED_EDGE('',*,*,#6268,.F.);
#4793=ORIENTED_EDGE('',*,*,#6680,.T.);
#4794=ORIENTED_EDGE('',*,*,#6671,.F.);
#4795=ORIENTED_EDGE('',*,*,#6701,.F.);
#4796=CARTESIAN_POINT('',(23.0736,5.207,-9.42));
#4797=DIRECTION('',(0.0,-1.0,0.0));
#4798=DIRECTION('',(0.0,0.0,-1.0));
#4799=ORIENTED_EDGE('',*,*,#6676,.F.);
#4800=ORIENTED_EDGE('',*,*,#6702,.F.);
#4801=ORIENTED_EDGE('',*,*,#6177,.F.);
#4802=ORIENTED_EDGE('',*,*,#6703,.T.);
#4803=CARTESIAN_POINT('',(23.0736,5.207,-9.42));
#4804=DIRECTION('',(0.0,-1.0,0.0));
#4805=DIRECTION('',(0.0,0.0,-1.0));
#4806=ORIENTED_EDGE('',*,*,#6643,.T.);
#4807=ORIENTED_EDGE('',*,*,#6682,.F.);
#4808=ORIENTED_EDGE('',*,*,#6256,.F.);
#4809=ORIENTED_EDGE('',*,*,#6290,.T.);
#4810=CARTESIAN_POINT('',(-19.1159,4.064,-9.42));
#4811=DIRECTION('',(-1.0,0.0,0.0));
#4812=DIRECTION('',(0.0,0.0,1.0));
#4813=ORIENTED_EDGE('',*,*,#6258,.T.);
#4814=ORIENTED_EDGE('',*,*,#6681,.F.);
#4815=ORIENTED_EDGE('',*,*,#6641,.F.);
#4816=ORIENTED_EDGE('',*,*,#6288,.T.);
#4817=CARTESIAN_POINT('',(-20.7899,4.064,-11.4));
#4818=DIRECTION('',(1.0,0.0,0.0));
#4819=DIRECTION('',(0.0,1.0,0.0));
#4820=ORIENTED_EDGE('',*,*,#6646,.T.);
#4821=ORIENTED_EDGE('',*,*,#6684,.F.);
#4822=ORIENTED_EDGE('',*,*,#6248,.F.);
#4823=ORIENTED_EDGE('',*,*,#6294,.T.);
#4824=CARTESIAN_POINT('',(-15.1559,4.064,-9.42));
#4825=DIRECTION('',(-1.0,0.0,0.0));
#4826=DIRECTION('',(0.0,0.0,1.0));
#4827=ORIENTED_EDGE('',*,*,#6250,.T.);
#4828=ORIENTED_EDGE('',*,*,#6683,.F.);
#4829=ORIENTED_EDGE('',*,*,#6644,.F.);
#4830=ORIENTED_EDGE('',*,*,#6292,.T.);
#4831=CARTESIAN_POINT('',(-16.8299,4.064,-11.4));
#4832=DIRECTION('',(1.0,0.0,0.0));
#4833=DIRECTION('',(0.0,1.0,0.0));
#4834=ORIENTED_EDGE('',*,*,#6649,.T.);
#4835=ORIENTED_EDGE('',*,*,#6686,.F.);
#4836=ORIENTED_EDGE('',*,*,#6240,.F.);
#4837=ORIENTED_EDGE('',*,*,#6298,.T.);
#4838=CARTESIAN_POINT('',(-11.1959,4.064,-9.42));
#4839=DIRECTION('',(-1.0,0.0,0.0));
#4840=DIRECTION('',(0.0,0.0,1.0));
#4841=ORIENTED_EDGE('',*,*,#6242,.T.);
#4842=ORIENTED_EDGE('',*,*,#6685,.F.);
#4843=ORIENTED_EDGE('',*,*,#6647,.F.);
#4844=ORIENTED_EDGE('',*,*,#6296,.T.);
#4845=CARTESIAN_POINT('',(-12.8699,4.064,-11.4));
#4846=DIRECTION('',(1.0,0.0,0.0));
#4847=DIRECTION('',(0.0,1.0,0.0));
#4848=ORIENTED_EDGE('',*,*,#6652,.T.);
#4849=ORIENTED_EDGE('',*,*,#6688,.F.);
#4850=ORIENTED_EDGE('',*,*,#6232,.F.);
#4851=ORIENTED_EDGE('',*,*,#6302,.T.);
#4852=CARTESIAN_POINT('',(-7.2359,4.064,-9.42));
#4853=DIRECTION('',(-1.0,0.0,0.0));
#4854=DIRECTION('',(0.0,0.0,1.0));
#4855=ORIENTED_EDGE('',*,*,#6234,.T.);
#4856=ORIENTED_EDGE('',*,*,#6687,.F.);
#4857=ORIENTED_EDGE('',*,*,#6650,.F.);
#4858=ORIENTED_EDGE('',*,*,#6300,.T.);
#4859=CARTESIAN_POINT('',(-8.9099,4.064,-11.4));
#4860=DIRECTION('',(1.0,0.0,0.0));
#4861=DIRECTION('',(0.0,1.0,0.0));
#4862=ORIENTED_EDGE('',*,*,#6655,.T.);
#4863=ORIENTED_EDGE('',*,*,#6690,.F.);
#4864=ORIENTED_EDGE('',*,*,#6224,.F.);
#4865=ORIENTED_EDGE('',*,*,#6306,.T.);
#4866=CARTESIAN_POINT('',(-3.2759,4.064,-9.42));
#4867=DIRECTION('',(-1.0,0.0,0.0));
#4868=DIRECTION('',(0.0,0.0,1.0));
#4869=ORIENTED_EDGE('',*,*,#6226,.T.);
#4870=ORIENTED_EDGE('',*,*,#6689,.F.);
#4871=ORIENTED_EDGE('',*,*,#6653,.F.);
#4872=ORIENTED_EDGE('',*,*,#6304,.T.);
#4873=CARTESIAN_POINT('',(-4.9499,4.064,-11.4));
#4874=DIRECTION('',(1.0,0.0,0.0));
#4875=DIRECTION('',(0.0,1.0,0.0));
#4876=ORIENTED_EDGE('',*,*,#6658,.T.);
#4877=ORIENTED_EDGE('',*,*,#6692,.F.);
#4878=ORIENTED_EDGE('',*,*,#6216,.F.);
#4879=ORIENTED_EDGE('',*,*,#6310,.T.);
#4880=CARTESIAN_POINT('',(0.6841,4.064,-9.42));
#4881=DIRECTION('',(-1.0,0.0,0.0));
#4882=DIRECTION('',(0.0,0.0,1.0));
#4883=ORIENTED_EDGE('',*,*,#6218,.T.);
#4884=ORIENTED_EDGE('',*,*,#6691,.F.);
#4885=ORIENTED_EDGE('',*,*,#6656,.F.);
#4886=ORIENTED_EDGE('',*,*,#6308,.T.);
#4887=CARTESIAN_POINT('',(-0.9899,4.064,-11.4));
#4888=DIRECTION('',(1.0,0.0,0.0));
#4889=DIRECTION('',(0.0,1.0,0.0));
#4890=ORIENTED_EDGE('',*,*,#6661,.T.);
#4891=ORIENTED_EDGE('',*,*,#6694,.F.);
#4892=ORIENTED_EDGE('',*,*,#6208,.F.);
#4893=ORIENTED_EDGE('',*,*,#6314,.T.);
#4894=CARTESIAN_POINT('',(4.6441,4.064,-9.42));
#4895=DIRECTION('',(-1.0,0.0,0.0));
#4896=DIRECTION('',(0.0,0.0,1.0));
#4897=ORIENTED_EDGE('',*,*,#6210,.T.);
#4898=ORIENTED_EDGE('',*,*,#6693,.F.);
#4899=ORIENTED_EDGE('',*,*,#6659,.F.);
#4900=ORIENTED_EDGE('',*,*,#6312,.T.);
#4901=CARTESIAN_POINT('',(2.9701,4.064,-11.4));
#4902=DIRECTION('',(1.0,0.0,0.0));
#4903=DIRECTION('',(0.0,1.0,0.0));
#4904=ORIENTED_EDGE('',*,*,#6664,.T.);
#4905=ORIENTED_EDGE('',*,*,#6696,.F.);
#4906=ORIENTED_EDGE('',*,*,#6200,.F.);
#4907=ORIENTED_EDGE('',*,*,#6318,.T.);
#4908=CARTESIAN_POINT('',(8.6041,4.064,-9.42));
#4909=DIRECTION('',(-1.0,0.0,0.0));
#4910=DIRECTION('',(0.0,0.0,1.0));
#4911=ORIENTED_EDGE('',*,*,#6202,.T.);
#4912=ORIENTED_EDGE('',*,*,#6695,.F.);
#4913=ORIENTED_EDGE('',*,*,#6662,.F.);
#4914=ORIENTED_EDGE('',*,*,#6316,.T.);
#4915=CARTESIAN_POINT('',(6.9301,4.064,-11.4));
#4916=DIRECTION('',(1.0,0.0,0.0));
#4917=DIRECTION('',(0.0,1.0,0.0));
#4918=ORIENTED_EDGE('',*,*,#6667,.T.);
#4919=ORIENTED_EDGE('',*,*,#6698,.F.);
#4920=ORIENTED_EDGE('',*,*,#6192,.F.);
#4921=ORIENTED_EDGE('',*,*,#6322,.T.);
#4922=CARTESIAN_POINT('',(12.5641,4.064,-9.42));
#4923=DIRECTION('',(-1.0,0.0,0.0));
#4924=DIRECTION('',(0.0,0.0,1.0));
#4925=ORIENTED_EDGE('',*,*,#6194,.T.);
#4926=ORIENTED_EDGE('',*,*,#6697,.F.);
#4927=ORIENTED_EDGE('',*,*,#6665,.F.);
#4928=ORIENTED_EDGE('',*,*,#6320,.T.);
#4929=CARTESIAN_POINT('',(10.8901,4.064,-11.4));
#4930=DIRECTION('',(1.0,0.0,0.0));
#4931=DIRECTION('',(0.0,1.0,0.0));
#4932=ORIENTED_EDGE('',*,*,#6670,.T.);
#4933=ORIENTED_EDGE('',*,*,#6700,.F.);
#4934=ORIENTED_EDGE('',*,*,#6184,.F.);
#4935=ORIENTED_EDGE('',*,*,#6326,.F.);
#4936=CARTESIAN_POINT('',(16.5241,4.064,-9.42));
#4937=DIRECTION('',(-1.0,0.0,0.0));
#4938=DIRECTION('',(0.0,0.0,1.0));
#4939=ORIENTED_EDGE('',*,*,#6186,.T.);
#4940=ORIENTED_EDGE('',*,*,#6699,.F.);
#4941=ORIENTED_EDGE('',*,*,#6668,.F.);
#4942=ORIENTED_EDGE('',*,*,#6324,.T.);
#4943=CARTESIAN_POINT('',(14.8501,4.064,-11.4));
#4944=DIRECTION('',(1.0,0.0,0.0));
#4945=DIRECTION('',(0.0,1.0,0.0));
#4946=ORIENTED_EDGE('',*,*,#6269,.T.);
#4947=ORIENTED_EDGE('',*,*,#6701,.T.);
#4948=ORIENTED_EDGE('',*,*,#6674,.F.);
#4949=ORIENTED_EDGE('',*,*,#6331,.T.);
#4950=CARTESIAN_POINT('',(22.7701,4.064,-11.4));
#4951=DIRECTION('',(1.0,0.0,0.0));
#4952=DIRECTION('',(0.0,1.0,0.0));
#4953=ORIENTED_EDGE('',*,*,#6677,.T.);
#4954=ORIENTED_EDGE('',*,*,#6703,.F.);
#4955=ORIENTED_EDGE('',*,*,#6176,.F.);
#4956=ORIENTED_EDGE('',*,*,#6330,.F.);
#4957=CARTESIAN_POINT('',(20.4841,4.064,-9.42));
#4958=DIRECTION('',(-1.0,0.0,0.0));
#4959=DIRECTION('',(0.0,0.0,1.0));
#4960=ORIENTED_EDGE('',*,*,#6178,.T.);
#4961=ORIENTED_EDGE('',*,*,#6702,.T.);
#4962=ORIENTED_EDGE('',*,*,#6675,.F.);
#4963=ORIENTED_EDGE('',*,*,#6328,.T.);
#4964=CARTESIAN_POINT('',(18.8101,4.064,-11.4));
#4965=DIRECTION('',(1.0,0.0,0.0));
#4966=DIRECTION('',(0.0,1.0,0.0));
#4967=ORIENTED_EDGE('',*,*,#6704,.T.);
#4968=ORIENTED_EDGE('',*,*,#6705,.F.);
#4969=ORIENTED_EDGE('',*,*,#6706,.F.);
#4970=ORIENTED_EDGE('',*,*,#6327,.F.);
#4971=ORIENTED_EDGE('',*,*,#6707,.T.);
#4972=ORIENTED_EDGE('',*,*,#6708,.F.);
#4973=CARTESIAN_POINT('',(17.1718,5.1562,-9.42));
#4974=DIRECTION('',(0.0,0.0,1.0));
#4975=DIRECTION('',(1.0,0.0,0.0));
#4976=ORIENTED_EDGE('',*,*,#6709,.F.);
#4977=ORIENTED_EDGE('',*,*,#6710,.F.);
#4978=ORIENTED_EDGE('',*,*,#6708,.T.);
#4979=ORIENTED_EDGE('',*,*,#6711,.F.);
#4980=CARTESIAN_POINT('',(17.6798,0.3810000000002,-9.42));
#4981=DIRECTION('',(0.832050294337844,0.554700196225229,0.0));
#4982=DIRECTION('',(0.0,0.0,-1.0));
#4983=ORIENTED_EDGE('',*,*,#6707,.F.);
#4984=ORIENTED_EDGE('',*,*,#6182,.T.);
#4985=ORIENTED_EDGE('',*,*,#6712,.F.);
#4986=ORIENTED_EDGE('',*,*,#6713,.F.);
#4987=ORIENTED_EDGE('',*,*,#6711,.T.);
#4988=CARTESIAN_POINT('',(17.1718,8.6868,-1.524));
#4989=DIRECTION('',(1.0,0.0,0.0));
#4990=DIRECTION('',(0.0,1.0,0.0));
#4991=ORIENTED_EDGE('',*,*,#6713,.T.);
#4992=ORIENTED_EDGE('',*,*,#6714,.T.);
#4993=ORIENTED_EDGE('',*,*,#6715,.F.);
#4994=ORIENTED_EDGE('',*,*,#6716,.T.);
#4995=ORIENTED_EDGE('',*,*,#6717,.F.);
#4996=ORIENTED_EDGE('',*,*,#6709,.T.);
#4997=CARTESIAN_POINT('',(17.1718,0.3810000000002,-9.928));
#4998=DIRECTION('',(0.0,0.0,-1.0));
#4999=DIRECTION('',(0.0,-1.0,0.0));
#5000=ORIENTED_EDGE('',*,*,#6717,.T.);
#5001=ORIENTED_EDGE('',*,*,#6718,.F.);
#5002=ORIENTED_EDGE('',*,*,#6704,.F.);
#5003=ORIENTED_EDGE('',*,*,#6710,.T.);
#5004=CARTESIAN_POINT('',(17.1718,0.3810000000002,-9.42));
#5005=DIRECTION('',(0.0,-1.0,0.0));
#5006=DIRECTION('',(0.0,0.0,-1.0));
#5007=ORIENTED_EDGE('',*,*,#6705,.T.);
#5008=ORIENTED_EDGE('',*,*,#6718,.T.);
#5009=ORIENTED_EDGE('',*,*,#6716,.F.);
#5010=ORIENTED_EDGE('',*,*,#6719,.T.);
#5011=CARTESIAN_POINT('',(18.4418,1.143,-9.42));
#5012=DIRECTION('',(-0.832050294337844,0.554700196225229,0.0));
#5013=DIRECTION('',(0.0,0.0,1.0));
#5014=ORIENTED_EDGE('',*,*,#6715,.T.);
#5015=ORIENTED_EDGE('',*,*,#6720,.T.);
#5016=ORIENTED_EDGE('',*,*,#6180,.T.);
#5017=ORIENTED_EDGE('',*,*,#6706,.T.);
#5018=ORIENTED_EDGE('',*,*,#6719,.F.);
#5019=CARTESIAN_POINT('',(18.4418,8.6868,-1.524));
#5020=DIRECTION('',(1.0,0.0,0.0));
#5021=DIRECTION('',(0.0,1.0,0.0));
#5022=ORIENTED_EDGE('',*,*,#6720,.F.);
#5023=ORIENTED_EDGE('',*,*,#6714,.F.);
#5024=ORIENTED_EDGE('',*,*,#6712,.T.);
#5025=ORIENTED_EDGE('',*,*,#6181,.T.);
#5026=CARTESIAN_POINT('',(17.1718,5.1562,-9.3692));
#5027=DIRECTION('',(-1.0,0.0,-0.0));
#5028=DIRECTION('',(0.0,0.0,-1.0));
#5029=ORIENTED_EDGE('',*,*,#6721,.T.);
#5030=ORIENTED_EDGE('',*,*,#6722,.F.);
#5031=ORIENTED_EDGE('',*,*,#6723,.F.);
#5032=ORIENTED_EDGE('',*,*,#6323,.F.);
#5033=ORIENTED_EDGE('',*,*,#6724,.T.);
#5034=ORIENTED_EDGE('',*,*,#6725,.F.);
#5035=CARTESIAN_POINT('',(13.2118,5.1562,-9.42));
#5036=DIRECTION('',(0.0,0.0,1.0));
#5037=DIRECTION('',(1.0,0.0,0.0));
#5038=ORIENTED_EDGE('',*,*,#6726,.F.);
#5039=ORIENTED_EDGE('',*,*,#6727,.F.);
#5040=ORIENTED_EDGE('',*,*,#6725,.T.);
#5041=ORIENTED_EDGE('',*,*,#6728,.F.);
#5042=CARTESIAN_POINT('',(13.7198,0.3809999999998,-9.42));
#5043=DIRECTION('',(0.832050294337844,0.554700196225229,0.0));
#5044=DIRECTION('',(0.0,0.0,-1.0));
#5045=ORIENTED_EDGE('',*,*,#6724,.F.);
#5046=ORIENTED_EDGE('',*,*,#6190,.T.);
#5047=ORIENTED_EDGE('',*,*,#6729,.F.);
#5048=ORIENTED_EDGE('',*,*,#6730,.F.);
#5049=ORIENTED_EDGE('',*,*,#6728,.T.);
#5050=CARTESIAN_POINT('',(13.2118,8.6868,-1.524));
#5051=DIRECTION('',(1.0,0.0,0.0));
#5052=DIRECTION('',(0.0,1.0,0.0));
#5053=ORIENTED_EDGE('',*,*,#6730,.T.);
#5054=ORIENTED_EDGE('',*,*,#6731,.T.);
#5055=ORIENTED_EDGE('',*,*,#6732,.F.);
#5056=ORIENTED_EDGE('',*,*,#6733,.T.);
#5057=ORIENTED_EDGE('',*,*,#6734,.F.);
#5058=ORIENTED_EDGE('',*,*,#6726,.T.);
#5059=CARTESIAN_POINT('',(13.2118,0.3809999999998,-9.928));
#5060=DIRECTION('',(0.0,0.0,-1.0));
#5061=DIRECTION('',(0.0,-1.0,0.0));
#5062=ORIENTED_EDGE('',*,*,#6734,.T.);
#5063=ORIENTED_EDGE('',*,*,#6735,.F.);
#5064=ORIENTED_EDGE('',*,*,#6721,.F.);
#5065=ORIENTED_EDGE('',*,*,#6727,.T.);
#5066=CARTESIAN_POINT('',(13.2118,0.3809999999998,-9.42));
#5067=DIRECTION('',(0.0,-1.0,0.0));
#5068=DIRECTION('',(0.0,0.0,-1.0));
#5069=ORIENTED_EDGE('',*,*,#6722,.T.);
#5070=ORIENTED_EDGE('',*,*,#6735,.T.);
#5071=ORIENTED_EDGE('',*,*,#6733,.F.);
#5072=ORIENTED_EDGE('',*,*,#6736,.T.);
#5073=CARTESIAN_POINT('',(14.4818,1.143,-9.42));
#5074=DIRECTION('',(-0.832050294337844,0.554700196225229,0.0));
#5075=DIRECTION('',(0.0,0.0,1.0));
#5076=ORIENTED_EDGE('',*,*,#6732,.T.);
#5077=ORIENTED_EDGE('',*,*,#6737,.T.);
#5078=ORIENTED_EDGE('',*,*,#6188,.T.);
#5079=ORIENTED_EDGE('',*,*,#6723,.T.);
#5080=ORIENTED_EDGE('',*,*,#6736,.F.);
#5081=CARTESIAN_POINT('',(14.4818,8.6868,-1.524));
#5082=DIRECTION('',(1.0,0.0,0.0));
#5083=DIRECTION('',(0.0,1.0,0.0));
#5084=ORIENTED_EDGE('',*,*,#6737,.F.);
#5085=ORIENTED_EDGE('',*,*,#6731,.F.);
#5086=ORIENTED_EDGE('',*,*,#6729,.T.);
#5087=ORIENTED_EDGE('',*,*,#6189,.T.);
#5088=CARTESIAN_POINT('',(13.2118,5.1562,-9.3692));
#5089=DIRECTION('',(-1.0,0.0,-0.0));
#5090=DIRECTION('',(0.0,0.0,-1.0));
#5091=ORIENTED_EDGE('',*,*,#6738,.T.);
#5092=ORIENTED_EDGE('',*,*,#6739,.F.);
#5093=ORIENTED_EDGE('',*,*,#6740,.F.);
#5094=ORIENTED_EDGE('',*,*,#6319,.F.);
#5095=ORIENTED_EDGE('',*,*,#6741,.T.);
#5096=ORIENTED_EDGE('',*,*,#6742,.F.);
#5097=CARTESIAN_POINT('',(9.2518,5.1562,-9.42));
#5098=DIRECTION('',(0.0,0.0,1.0));
#5099=DIRECTION('',(1.0,0.0,0.0));
#5100=ORIENTED_EDGE('',*,*,#6743,.F.);
#5101=ORIENTED_EDGE('',*,*,#6744,.F.);
#5102=ORIENTED_EDGE('',*,*,#6742,.T.);
#5103=ORIENTED_EDGE('',*,*,#6745,.F.);
#5104=CARTESIAN_POINT('',(9.7598,0.3810000000002,-9.42));
#5105=DIRECTION('',(0.832050294337844,0.554700196225229,0.0));
#5106=DIRECTION('',(0.0,0.0,-1.0));
#5107=ORIENTED_EDGE('',*,*,#6741,.F.);
#5108=ORIENTED_EDGE('',*,*,#6198,.T.);
#5109=ORIENTED_EDGE('',*,*,#6746,.F.);
#5110=ORIENTED_EDGE('',*,*,#6747,.F.);
#5111=ORIENTED_EDGE('',*,*,#6745,.T.);
#5112=CARTESIAN_POINT('',(9.2518,8.6868,-1.524));
#5113=DIRECTION('',(1.0,0.0,0.0));
#5114=DIRECTION('',(0.0,1.0,0.0));
#5115=ORIENTED_EDGE('',*,*,#6747,.T.);
#5116=ORIENTED_EDGE('',*,*,#6748,.T.);
#5117=ORIENTED_EDGE('',*,*,#6749,.F.);
#5118=ORIENTED_EDGE('',*,*,#6750,.T.);
#5119=ORIENTED_EDGE('',*,*,#6751,.F.);
#5120=ORIENTED_EDGE('',*,*,#6743,.T.);
#5121=CARTESIAN_POINT('',(9.2518,0.3810000000002,-9.928));
#5122=DIRECTION('',(0.0,0.0,-1.0));
#5123=DIRECTION('',(0.0,-1.0,0.0));
#5124=ORIENTED_EDGE('',*,*,#6751,.T.);
#5125=ORIENTED_EDGE('',*,*,#6752,.F.);
#5126=ORIENTED_EDGE('',*,*,#6738,.F.);
#5127=ORIENTED_EDGE('',*,*,#6744,.T.);
#5128=CARTESIAN_POINT('',(9.2518,0.3810000000002,-9.42));
#5129=DIRECTION('',(0.0,-1.0,0.0));
#5130=DIRECTION('',(0.0,0.0,-1.0));
#5131=ORIENTED_EDGE('',*,*,#6739,.T.);
#5132=ORIENTED_EDGE('',*,*,#6752,.T.);
#5133=ORIENTED_EDGE('',*,*,#6750,.F.);
#5134=ORIENTED_EDGE('',*,*,#6753,.T.);
#5135=CARTESIAN_POINT('',(10.5218,1.143,-9.42));
#5136=DIRECTION('',(-0.832050294337844,0.554700196225229,0.0));
#5137=DIRECTION('',(0.0,0.0,1.0));
#5138=ORIENTED_EDGE('',*,*,#6749,.T.);
#5139=ORIENTED_EDGE('',*,*,#6754,.T.);
#5140=ORIENTED_EDGE('',*,*,#6196,.T.);
#5141=ORIENTED_EDGE('',*,*,#6740,.T.);
#5142=ORIENTED_EDGE('',*,*,#6753,.F.);
#5143=CARTESIAN_POINT('',(10.5218,8.6868,-1.524));
#5144=DIRECTION('',(1.0,0.0,0.0));
#5145=DIRECTION('',(0.0,1.0,0.0));
#5146=ORIENTED_EDGE('',*,*,#6754,.F.);
#5147=ORIENTED_EDGE('',*,*,#6748,.F.);
#5148=ORIENTED_EDGE('',*,*,#6746,.T.);
#5149=ORIENTED_EDGE('',*,*,#6197,.T.);
#5150=CARTESIAN_POINT('',(9.2518,5.1562,-9.3692));
#5151=DIRECTION('',(-1.0,0.0,-0.0));
#5152=DIRECTION('',(0.0,0.0,-1.0));
#5153=ORIENTED_EDGE('',*,*,#6755,.T.);
#5154=ORIENTED_EDGE('',*,*,#6756,.F.);
#5155=ORIENTED_EDGE('',*,*,#6757,.F.);
#5156=ORIENTED_EDGE('',*,*,#6315,.F.);
#5157=ORIENTED_EDGE('',*,*,#6758,.T.);
#5158=ORIENTED_EDGE('',*,*,#6759,.F.);
#5159=CARTESIAN_POINT('',(5.2918,5.1562,-9.42));
#5160=DIRECTION('',(0.0,0.0,1.0));
#5161=DIRECTION('',(1.0,0.0,0.0));
#5162=ORIENTED_EDGE('',*,*,#6760,.F.);
#5163=ORIENTED_EDGE('',*,*,#6761,.F.);
#5164=ORIENTED_EDGE('',*,*,#6759,.T.);
#5165=ORIENTED_EDGE('',*,*,#6762,.F.);
#5166=CARTESIAN_POINT('',(5.7998,0.381,-9.42));
#5167=DIRECTION('',(0.832050294337844,0.554700196225229,0.0));
#5168=DIRECTION('',(0.0,0.0,-1.0));
#5169=ORIENTED_EDGE('',*,*,#6758,.F.);
#5170=ORIENTED_EDGE('',*,*,#6206,.T.);
#5171=ORIENTED_EDGE('',*,*,#6763,.F.);
#5172=ORIENTED_EDGE('',*,*,#6764,.F.);
#5173=ORIENTED_EDGE('',*,*,#6762,.T.);
#5174=CARTESIAN_POINT('',(5.2918,8.6868,-1.524));
#5175=DIRECTION('',(1.0,0.0,0.0));
#5176=DIRECTION('',(0.0,1.0,0.0));
#5177=ORIENTED_EDGE('',*,*,#6764,.T.);
#5178=ORIENTED_EDGE('',*,*,#6765,.T.);
#5179=ORIENTED_EDGE('',*,*,#6766,.F.);
#5180=ORIENTED_EDGE('',*,*,#6767,.T.);
#5181=ORIENTED_EDGE('',*,*,#6768,.F.);
#5182=ORIENTED_EDGE('',*,*,#6760,.T.);
#5183=CARTESIAN_POINT('',(5.2918,0.381,-9.928));
#5184=DIRECTION('',(0.0,0.0,-1.0));
#5185=DIRECTION('',(0.0,-1.0,0.0));
#5186=ORIENTED_EDGE('',*,*,#6768,.T.);
#5187=ORIENTED_EDGE('',*,*,#6769,.F.);
#5188=ORIENTED_EDGE('',*,*,#6755,.F.);
#5189=ORIENTED_EDGE('',*,*,#6761,.T.);
#5190=CARTESIAN_POINT('',(5.2918,0.381,-9.42));
#5191=DIRECTION('',(0.0,-1.0,0.0));
#5192=DIRECTION('',(0.0,0.0,-1.0));
#5193=ORIENTED_EDGE('',*,*,#6756,.T.);
#5194=ORIENTED_EDGE('',*,*,#6769,.T.);
#5195=ORIENTED_EDGE('',*,*,#6767,.F.);
#5196=ORIENTED_EDGE('',*,*,#6770,.T.);
#5197=CARTESIAN_POINT('',(6.5618,1.143,-9.42));
#5198=DIRECTION('',(-0.832050294337844,0.554700196225229,0.0));
#5199=DIRECTION('',(0.0,0.0,1.0));
#5200=ORIENTED_EDGE('',*,*,#6766,.T.);
#5201=ORIENTED_EDGE('',*,*,#6771,.T.);
#5202=ORIENTED_EDGE('',*,*,#6204,.T.);
#5203=ORIENTED_EDGE('',*,*,#6757,.T.);
#5204=ORIENTED_EDGE('',*,*,#6770,.F.);
#5205=CARTESIAN_POINT('',(6.5618,8.6868,-1.524));
#5206=DIRECTION('',(1.0,0.0,0.0));
#5207=DIRECTION('',(0.0,1.0,0.0));
#5208=ORIENTED_EDGE('',*,*,#6771,.F.);
#5209=ORIENTED_EDGE('',*,*,#6765,.F.);
#5210=ORIENTED_EDGE('',*,*,#6763,.T.);
#5211=ORIENTED_EDGE('',*,*,#6205,.T.);
#5212=CARTESIAN_POINT('',(5.2918,5.1562,-9.3692));
#5213=DIRECTION('',(-1.0,0.0,-0.0));
#5214=DIRECTION('',(0.0,0.0,-1.0));
#5215=ORIENTED_EDGE('',*,*,#6772,.T.);
#5216=ORIENTED_EDGE('',*,*,#6773,.F.);
#5217=ORIENTED_EDGE('',*,*,#6774,.F.);
#5218=ORIENTED_EDGE('',*,*,#6311,.F.);
#5219=ORIENTED_EDGE('',*,*,#6775,.T.);
#5220=ORIENTED_EDGE('',*,*,#6776,.F.);
#5221=CARTESIAN_POINT('',(1.3318,5.1562,-9.42));
#5222=DIRECTION('',(0.0,0.0,1.0));
#5223=DIRECTION('',(1.0,0.0,0.0));
#5224=ORIENTED_EDGE('',*,*,#6777,.F.);
#5225=ORIENTED_EDGE('',*,*,#6778,.F.);
#5226=ORIENTED_EDGE('',*,*,#6776,.T.);
#5227=ORIENTED_EDGE('',*,*,#6779,.F.);
#5228=CARTESIAN_POINT('',(1.8398,0.3809999999999,-9.42));
#5229=DIRECTION('',(0.832050294337844,0.554700196225229,0.0));
#5230=DIRECTION('',(0.0,0.0,-1.0));
#5231=ORIENTED_EDGE('',*,*,#6775,.F.);
#5232=ORIENTED_EDGE('',*,*,#6214,.T.);
#5233=ORIENTED_EDGE('',*,*,#6780,.F.);
#5234=ORIENTED_EDGE('',*,*,#6781,.F.);
#5235=ORIENTED_EDGE('',*,*,#6779,.T.);
#5236=CARTESIAN_POINT('',(1.3318,8.6868,-1.524));
#5237=DIRECTION('',(1.0,0.0,0.0));
#5238=DIRECTION('',(0.0,1.0,0.0));
#5239=ORIENTED_EDGE('',*,*,#6781,.T.);
#5240=ORIENTED_EDGE('',*,*,#6782,.T.);
#5241=ORIENTED_EDGE('',*,*,#6783,.F.);
#5242=ORIENTED_EDGE('',*,*,#6784,.T.);
#5243=ORIENTED_EDGE('',*,*,#6785,.F.);
#5244=ORIENTED_EDGE('',*,*,#6777,.T.);
#5245=CARTESIAN_POINT('',(1.3318,0.3809999999999,-9.928));
#5246=DIRECTION('',(0.0,0.0,-1.0));
#5247=DIRECTION('',(0.0,-1.0,0.0));
#5248=ORIENTED_EDGE('',*,*,#6785,.T.);
#5249=ORIENTED_EDGE('',*,*,#6786,.F.);
#5250=ORIENTED_EDGE('',*,*,#6772,.F.);
#5251=ORIENTED_EDGE('',*,*,#6778,.T.);
#5252=CARTESIAN_POINT('',(1.3318,0.3809999999999,-9.42));
#5253=DIRECTION('',(0.0,-1.0,0.0));
#5254=DIRECTION('',(0.0,0.0,-1.0));
#5255=ORIENTED_EDGE('',*,*,#6773,.T.);
#5256=ORIENTED_EDGE('',*,*,#6786,.T.);
#5257=ORIENTED_EDGE('',*,*,#6784,.F.);
#5258=ORIENTED_EDGE('',*,*,#6787,.T.);
#5259=CARTESIAN_POINT('',(2.6018,1.143,-9.42));
#5260=DIRECTION('',(-0.832050294337844,0.554700196225229,0.0));
#5261=DIRECTION('',(0.0,0.0,1.0));
#5262=ORIENTED_EDGE('',*,*,#6783,.T.);
#5263=ORIENTED_EDGE('',*,*,#6788,.T.);
#5264=ORIENTED_EDGE('',*,*,#6212,.T.);
#5265=ORIENTED_EDGE('',*,*,#6774,.T.);
#5266=ORIENTED_EDGE('',*,*,#6787,.F.);
#5267=CARTESIAN_POINT('',(2.6018,8.6868,-1.524));
#5268=DIRECTION('',(1.0,0.0,0.0));
#5269=DIRECTION('',(0.0,1.0,0.0));
#5270=ORIENTED_EDGE('',*,*,#6788,.F.);
#5271=ORIENTED_EDGE('',*,*,#6782,.F.);
#5272=ORIENTED_EDGE('',*,*,#6780,.T.);
#5273=ORIENTED_EDGE('',*,*,#6213,.T.);
#5274=CARTESIAN_POINT('',(1.3318,5.1562,-9.3692));
#5275=DIRECTION('',(-1.0,0.0,-0.0));
#5276=DIRECTION('',(0.0,0.0,-1.0));
#5277=ORIENTED_EDGE('',*,*,#6789,.T.);
#5278=ORIENTED_EDGE('',*,*,#6790,.F.);
#5279=ORIENTED_EDGE('',*,*,#6791,.F.);
#5280=ORIENTED_EDGE('',*,*,#6307,.F.);
#5281=ORIENTED_EDGE('',*,*,#6792,.T.);
#5282=ORIENTED_EDGE('',*,*,#6793,.F.);
#5283=CARTESIAN_POINT('',(-2.6282,5.1562,-9.42));
#5284=DIRECTION('',(0.0,0.0,1.0));
#5285=DIRECTION('',(1.0,0.0,0.0));
#5286=ORIENTED_EDGE('',*,*,#6794,.F.);
#5287=ORIENTED_EDGE('',*,*,#6795,.F.);
#5288=ORIENTED_EDGE('',*,*,#6793,.T.);
#5289=ORIENTED_EDGE('',*,*,#6796,.F.);
#5290=CARTESIAN_POINT('',(-2.1202,0.3809999999999,-9.42));
#5291=DIRECTION('',(0.832050294337844,0.554700196225229,0.0));
#5292=DIRECTION('',(0.0,0.0,-1.0));
#5293=ORIENTED_EDGE('',*,*,#6792,.F.);
#5294=ORIENTED_EDGE('',*,*,#6222,.T.);
#5295=ORIENTED_EDGE('',*,*,#6797,.F.);
#5296=ORIENTED_EDGE('',*,*,#6798,.F.);
#5297=ORIENTED_EDGE('',*,*,#6796,.T.);
#5298=CARTESIAN_POINT('',(-2.6282,8.6868,-1.524));
#5299=DIRECTION('',(1.0,0.0,0.0));
#5300=DIRECTION('',(0.0,1.0,0.0));
#5301=ORIENTED_EDGE('',*,*,#6798,.T.);
#5302=ORIENTED_EDGE('',*,*,#6799,.T.);
#5303=ORIENTED_EDGE('',*,*,#6800,.F.);
#5304=ORIENTED_EDGE('',*,*,#6801,.T.);
#5305=ORIENTED_EDGE('',*,*,#6802,.F.);
#5306=ORIENTED_EDGE('',*,*,#6794,.T.);
#5307=CARTESIAN_POINT('',(-2.6282,0.3809999999999,-9.928));
#5308=DIRECTION('',(0.0,0.0,-1.0));
#5309=DIRECTION('',(0.0,-1.0,0.0));
#5310=ORIENTED_EDGE('',*,*,#6802,.T.);
#5311=ORIENTED_EDGE('',*,*,#6803,.F.);
#5312=ORIENTED_EDGE('',*,*,#6789,.F.);
#5313=ORIENTED_EDGE('',*,*,#6795,.T.);
#5314=CARTESIAN_POINT('',(-2.6282,0.3809999999999,-9.42));
#5315=DIRECTION('',(0.0,-1.0,0.0));
#5316=DIRECTION('',(0.0,0.0,-1.0));
#5317=ORIENTED_EDGE('',*,*,#6790,.T.);
#5318=ORIENTED_EDGE('',*,*,#6803,.T.);
#5319=ORIENTED_EDGE('',*,*,#6801,.F.);
#5320=ORIENTED_EDGE('',*,*,#6804,.T.);
#5321=CARTESIAN_POINT('',(-1.3582,1.143,-9.42));
#5322=DIRECTION('',(-0.832050294337844,0.554700196225229,0.0));
#5323=DIRECTION('',(0.0,0.0,1.0));
#5324=ORIENTED_EDGE('',*,*,#6800,.T.);
#5325=ORIENTED_EDGE('',*,*,#6805,.T.);
#5326=ORIENTED_EDGE('',*,*,#6220,.T.);
#5327=ORIENTED_EDGE('',*,*,#6791,.T.);
#5328=ORIENTED_EDGE('',*,*,#6804,.F.);
#5329=CARTESIAN_POINT('',(-1.3582,8.6868,-1.524));
#5330=DIRECTION('',(1.0,0.0,0.0));
#5331=DIRECTION('',(0.0,1.0,0.0));
#5332=ORIENTED_EDGE('',*,*,#6805,.F.);
#5333=ORIENTED_EDGE('',*,*,#6799,.F.);
#5334=ORIENTED_EDGE('',*,*,#6797,.T.);
#5335=ORIENTED_EDGE('',*,*,#6221,.T.);
#5336=CARTESIAN_POINT('',(-2.6282,5.1562,-9.3692));
#5337=DIRECTION('',(-1.0,0.0,-0.0));
#5338=DIRECTION('',(0.0,0.0,-1.0));
#5339=ORIENTED_EDGE('',*,*,#6806,.T.);
#5340=ORIENTED_EDGE('',*,*,#6807,.F.);
#5341=ORIENTED_EDGE('',*,*,#6808,.F.);
#5342=ORIENTED_EDGE('',*,*,#6303,.F.);
#5343=ORIENTED_EDGE('',*,*,#6809,.T.);
#5344=ORIENTED_EDGE('',*,*,#6810,.F.);
#5345=CARTESIAN_POINT('',(-6.5882,5.1562,-9.42));
#5346=DIRECTION('',(0.0,0.0,1.0));
#5347=DIRECTION('',(1.0,0.0,0.0));
#5348=ORIENTED_EDGE('',*,*,#6811,.F.);
#5349=ORIENTED_EDGE('',*,*,#6812,.F.);
#5350=ORIENTED_EDGE('',*,*,#6810,.T.);
#5351=ORIENTED_EDGE('',*,*,#6813,.F.);
#5352=CARTESIAN_POINT('',(-6.0802,0.3809999999999,-9.42));
#5353=DIRECTION('',(0.832050294337844,0.554700196225229,0.0));
#5354=DIRECTION('',(0.0,0.0,-1.0));
#5355=ORIENTED_EDGE('',*,*,#6809,.F.);
#5356=ORIENTED_EDGE('',*,*,#6230,.T.);
#5357=ORIENTED_EDGE('',*,*,#6814,.F.);
#5358=ORIENTED_EDGE('',*,*,#6815,.F.);
#5359=ORIENTED_EDGE('',*,*,#6813,.T.);
#5360=CARTESIAN_POINT('',(-6.5882,8.6868,-1.524));
#5361=DIRECTION('',(1.0,0.0,0.0));
#5362=DIRECTION('',(0.0,1.0,0.0));
#5363=ORIENTED_EDGE('',*,*,#6815,.T.);
#5364=ORIENTED_EDGE('',*,*,#6816,.T.);
#5365=ORIENTED_EDGE('',*,*,#6817,.F.);
#5366=ORIENTED_EDGE('',*,*,#6818,.T.);
#5367=ORIENTED_EDGE('',*,*,#6819,.F.);
#5368=ORIENTED_EDGE('',*,*,#6811,.T.);
#5369=CARTESIAN_POINT('',(-6.5882,0.3809999999999,-9.928));
#5370=DIRECTION('',(0.0,0.0,-1.0));
#5371=DIRECTION('',(0.0,-1.0,0.0));
#5372=ORIENTED_EDGE('',*,*,#6819,.T.);
#5373=ORIENTED_EDGE('',*,*,#6820,.F.);
#5374=ORIENTED_EDGE('',*,*,#6806,.F.);
#5375=ORIENTED_EDGE('',*,*,#6812,.T.);
#5376=CARTESIAN_POINT('',(-6.5882,0.3809999999999,-9.42));
#5377=DIRECTION('',(0.0,-1.0,0.0));
#5378=DIRECTION('',(0.0,0.0,-1.0));
#5379=ORIENTED_EDGE('',*,*,#6807,.T.);
#5380=ORIENTED_EDGE('',*,*,#6820,.T.);
#5381=ORIENTED_EDGE('',*,*,#6818,.F.);
#5382=ORIENTED_EDGE('',*,*,#6821,.T.);
#5383=CARTESIAN_POINT('',(-5.3182,1.143,-9.42));
#5384=DIRECTION('',(-0.832050294337844,0.554700196225229,0.0));
#5385=DIRECTION('',(0.0,0.0,1.0));
#5386=ORIENTED_EDGE('',*,*,#6817,.T.);
#5387=ORIENTED_EDGE('',*,*,#6822,.T.);
#5388=ORIENTED_EDGE('',*,*,#6228,.T.);
#5389=ORIENTED_EDGE('',*,*,#6808,.T.);
#5390=ORIENTED_EDGE('',*,*,#6821,.F.);
#5391=CARTESIAN_POINT('',(-5.3182,8.6868,-1.524));
#5392=DIRECTION('',(1.0,0.0,0.0));
#5393=DIRECTION('',(0.0,1.0,0.0));
#5394=ORIENTED_EDGE('',*,*,#6822,.F.);
#5395=ORIENTED_EDGE('',*,*,#6816,.F.);
#5396=ORIENTED_EDGE('',*,*,#6814,.T.);
#5397=ORIENTED_EDGE('',*,*,#6229,.T.);
#5398=CARTESIAN_POINT('',(-6.5882,5.1562,-9.3692));
#5399=DIRECTION('',(-1.0,0.0,-0.0));
#5400=DIRECTION('',(0.0,0.0,-1.0));
#5401=ORIENTED_EDGE('',*,*,#6823,.T.);
#5402=ORIENTED_EDGE('',*,*,#6824,.F.);
#5403=ORIENTED_EDGE('',*,*,#6825,.F.);
#5404=ORIENTED_EDGE('',*,*,#6299,.F.);
#5405=ORIENTED_EDGE('',*,*,#6826,.T.);
#5406=ORIENTED_EDGE('',*,*,#6827,.F.);
#5407=CARTESIAN_POINT('',(-10.5482,5.1562,-9.42));
#5408=DIRECTION('',(0.0,0.0,1.0));
#5409=DIRECTION('',(1.0,0.0,0.0));
#5410=ORIENTED_EDGE('',*,*,#6828,.F.);
#5411=ORIENTED_EDGE('',*,*,#6829,.F.);
#5412=ORIENTED_EDGE('',*,*,#6827,.T.);
#5413=ORIENTED_EDGE('',*,*,#6830,.F.);
#5414=CARTESIAN_POINT('',(-10.0402,0.381,-9.42));
#5415=DIRECTION('',(0.832050294337844,0.554700196225229,0.0));
#5416=DIRECTION('',(0.0,0.0,-1.0));
#5417=ORIENTED_EDGE('',*,*,#6826,.F.);
#5418=ORIENTED_EDGE('',*,*,#6238,.T.);
#5419=ORIENTED_EDGE('',*,*,#6831,.F.);
#5420=ORIENTED_EDGE('',*,*,#6832,.F.);
#5421=ORIENTED_EDGE('',*,*,#6830,.T.);
#5422=CARTESIAN_POINT('',(-10.5482,8.6868,-1.524));
#5423=DIRECTION('',(1.0,0.0,0.0));
#5424=DIRECTION('',(0.0,1.0,0.0));
#5425=ORIENTED_EDGE('',*,*,#6832,.T.);
#5426=ORIENTED_EDGE('',*,*,#6833,.T.);
#5427=ORIENTED_EDGE('',*,*,#6834,.F.);
#5428=ORIENTED_EDGE('',*,*,#6835,.T.);
#5429=ORIENTED_EDGE('',*,*,#6836,.F.);
#5430=ORIENTED_EDGE('',*,*,#6828,.T.);
#5431=CARTESIAN_POINT('',(-10.5482,0.381,-9.928));
#5432=DIRECTION('',(0.0,0.0,-1.0));
#5433=DIRECTION('',(0.0,-1.0,0.0));
#5434=ORIENTED_EDGE('',*,*,#6836,.T.);
#5435=ORIENTED_EDGE('',*,*,#6837,.F.);
#5436=ORIENTED_EDGE('',*,*,#6823,.F.);
#5437=ORIENTED_EDGE('',*,*,#6829,.T.);
#5438=CARTESIAN_POINT('',(-10.5482,0.381,-9.42));
#5439=DIRECTION('',(0.0,-1.0,0.0));
#5440=DIRECTION('',(0.0,0.0,-1.0));
#5441=ORIENTED_EDGE('',*,*,#6824,.T.);
#5442=ORIENTED_EDGE('',*,*,#6837,.T.);
#5443=ORIENTED_EDGE('',*,*,#6835,.F.);
#5444=ORIENTED_EDGE('',*,*,#6838,.T.);
#5445=CARTESIAN_POINT('',(-9.2782,1.143,-9.42));
#5446=DIRECTION('',(-0.832050294337844,0.554700196225229,0.0));
#5447=DIRECTION('',(0.0,0.0,1.0));
#5448=ORIENTED_EDGE('',*,*,#6834,.T.);
#5449=ORIENTED_EDGE('',*,*,#6839,.T.);
#5450=ORIENTED_EDGE('',*,*,#6236,.T.);
#5451=ORIENTED_EDGE('',*,*,#6825,.T.);
#5452=ORIENTED_EDGE('',*,*,#6838,.F.);
#5453=CARTESIAN_POINT('',(-9.2782,8.6868,-1.524));
#5454=DIRECTION('',(1.0,0.0,0.0));
#5455=DIRECTION('',(0.0,1.0,0.0));
#5456=ORIENTED_EDGE('',*,*,#6839,.F.);
#5457=ORIENTED_EDGE('',*,*,#6833,.F.);
#5458=ORIENTED_EDGE('',*,*,#6831,.T.);
#5459=ORIENTED_EDGE('',*,*,#6237,.T.);
#5460=CARTESIAN_POINT('',(-10.5482,5.1562,-9.3692));
#5461=DIRECTION('',(-1.0,0.0,-0.0));
#5462=DIRECTION('',(0.0,0.0,-1.0));
#5463=ORIENTED_EDGE('',*,*,#6840,.T.);
#5464=ORIENTED_EDGE('',*,*,#6841,.F.);
#5465=ORIENTED_EDGE('',*,*,#6842,.F.);
#5466=ORIENTED_EDGE('',*,*,#6295,.F.);
#5467=ORIENTED_EDGE('',*,*,#6843,.T.);
#5468=ORIENTED_EDGE('',*,*,#6844,.F.);
#5469=CARTESIAN_POINT('',(-14.5082,5.1562,-9.42));
#5470=DIRECTION('',(0.0,0.0,1.0));
#5471=DIRECTION('',(1.0,0.0,0.0));
#5472=ORIENTED_EDGE('',*,*,#6845,.F.);
#5473=ORIENTED_EDGE('',*,*,#6846,.F.);
#5474=ORIENTED_EDGE('',*,*,#6844,.T.);
#5475=ORIENTED_EDGE('',*,*,#6847,.F.);
#5476=CARTESIAN_POINT('',(-14.0002,0.381,-9.42));
#5477=DIRECTION('',(0.832050294337844,0.554700196225229,0.0));
#5478=DIRECTION('',(0.0,0.0,-1.0));
#5479=ORIENTED_EDGE('',*,*,#6843,.F.);
#5480=ORIENTED_EDGE('',*,*,#6246,.T.);
#5481=ORIENTED_EDGE('',*,*,#6848,.F.);
#5482=ORIENTED_EDGE('',*,*,#6849,.F.);
#5483=ORIENTED_EDGE('',*,*,#6847,.T.);
#5484=CARTESIAN_POINT('',(-14.5082,8.6868,-1.524));
#5485=DIRECTION('',(1.0,0.0,0.0));
#5486=DIRECTION('',(0.0,1.0,0.0));
#5487=ORIENTED_EDGE('',*,*,#6849,.T.);
#5488=ORIENTED_EDGE('',*,*,#6850,.T.);
#5489=ORIENTED_EDGE('',*,*,#6851,.F.);
#5490=ORIENTED_EDGE('',*,*,#6852,.T.);
#5491=ORIENTED_EDGE('',*,*,#6853,.F.);
#5492=ORIENTED_EDGE('',*,*,#6845,.T.);
#5493=CARTESIAN_POINT('',(-14.5082,0.381,-9.928));
#5494=DIRECTION('',(0.0,0.0,-1.0));
#5495=DIRECTION('',(0.0,-1.0,0.0));
#5496=ORIENTED_EDGE('',*,*,#6853,.T.);
#5497=ORIENTED_EDGE('',*,*,#6854,.F.);
#5498=ORIENTED_EDGE('',*,*,#6840,.F.);
#5499=ORIENTED_EDGE('',*,*,#6846,.T.);
#5500=CARTESIAN_POINT('',(-14.5082,0.381,-9.42));
#5501=DIRECTION('',(0.0,-1.0,0.0));
#5502=DIRECTION('',(0.0,0.0,-1.0));
#5503=ORIENTED_EDGE('',*,*,#6841,.T.);
#5504=ORIENTED_EDGE('',*,*,#6854,.T.);
#5505=ORIENTED_EDGE('',*,*,#6852,.F.);
#5506=ORIENTED_EDGE('',*,*,#6855,.T.);
#5507=CARTESIAN_POINT('',(-13.2382,1.143,-9.42));
#5508=DIRECTION('',(-0.832050294337844,0.554700196225229,0.0));
#5509=DIRECTION('',(0.0,0.0,1.0));
#5510=ORIENTED_EDGE('',*,*,#6851,.T.);
#5511=ORIENTED_EDGE('',*,*,#6856,.T.);
#5512=ORIENTED_EDGE('',*,*,#6244,.T.);
#5513=ORIENTED_EDGE('',*,*,#6842,.T.);
#5514=ORIENTED_EDGE('',*,*,#6855,.F.);
#5515=CARTESIAN_POINT('',(-13.2382,8.6868,-1.524));
#5516=DIRECTION('',(1.0,0.0,0.0));
#5517=DIRECTION('',(0.0,1.0,0.0));
#5518=ORIENTED_EDGE('',*,*,#6856,.F.);
#5519=ORIENTED_EDGE('',*,*,#6850,.F.);
#5520=ORIENTED_EDGE('',*,*,#6848,.T.);
#5521=ORIENTED_EDGE('',*,*,#6245,.T.);
#5522=CARTESIAN_POINT('',(-14.5082,5.1562,-9.3692));
#5523=DIRECTION('',(-1.0,0.0,-0.0));
#5524=DIRECTION('',(0.0,0.0,-1.0));
#5525=ORIENTED_EDGE('',*,*,#6857,.T.);
#5526=ORIENTED_EDGE('',*,*,#6858,.F.);
#5527=ORIENTED_EDGE('',*,*,#6859,.F.);
#5528=ORIENTED_EDGE('',*,*,#6291,.F.);
#5529=ORIENTED_EDGE('',*,*,#6860,.T.);
#5530=ORIENTED_EDGE('',*,*,#6861,.F.);
#5531=CARTESIAN_POINT('',(-18.4682,5.1562,-9.42));
#5532=DIRECTION('',(0.0,0.0,1.0));
#5533=DIRECTION('',(1.0,0.0,0.0));
#5534=ORIENTED_EDGE('',*,*,#6862,.F.);
#5535=ORIENTED_EDGE('',*,*,#6863,.F.);
#5536=ORIENTED_EDGE('',*,*,#6861,.T.);
#5537=ORIENTED_EDGE('',*,*,#6864,.F.);
#5538=CARTESIAN_POINT('',(-17.9602,0.381,-9.42));
#5539=DIRECTION('',(0.832050294337844,0.554700196225229,0.0));
#5540=DIRECTION('',(0.0,0.0,-1.0));
#5541=ORIENTED_EDGE('',*,*,#6860,.F.);
#5542=ORIENTED_EDGE('',*,*,#6254,.T.);
#5543=ORIENTED_EDGE('',*,*,#6865,.F.);
#5544=ORIENTED_EDGE('',*,*,#6866,.F.);
#5545=ORIENTED_EDGE('',*,*,#6864,.T.);
#5546=CARTESIAN_POINT('',(-18.4682,8.6868,-1.524));
#5547=DIRECTION('',(1.0,0.0,0.0));
#5548=DIRECTION('',(0.0,1.0,0.0));
#5549=ORIENTED_EDGE('',*,*,#6866,.T.);
#5550=ORIENTED_EDGE('',*,*,#6867,.T.);
#5551=ORIENTED_EDGE('',*,*,#6868,.F.);
#5552=ORIENTED_EDGE('',*,*,#6869,.T.);
#5553=ORIENTED_EDGE('',*,*,#6870,.F.);
#5554=ORIENTED_EDGE('',*,*,#6862,.T.);
#5555=CARTESIAN_POINT('',(-18.4682,0.381,-9.928));
#5556=DIRECTION('',(0.0,0.0,-1.0));
#5557=DIRECTION('',(0.0,-1.0,0.0));
#5558=ORIENTED_EDGE('',*,*,#6870,.T.);
#5559=ORIENTED_EDGE('',*,*,#6871,.F.);
#5560=ORIENTED_EDGE('',*,*,#6857,.F.);
#5561=ORIENTED_EDGE('',*,*,#6863,.T.);
#5562=CARTESIAN_POINT('',(-18.4682,0.381,-9.42));
#5563=DIRECTION('',(0.0,-1.0,0.0));
#5564=DIRECTION('',(0.0,0.0,-1.0));
#5565=ORIENTED_EDGE('',*,*,#6858,.T.);
#5566=ORIENTED_EDGE('',*,*,#6871,.T.);
#5567=ORIENTED_EDGE('',*,*,#6869,.F.);
#5568=ORIENTED_EDGE('',*,*,#6872,.T.);
#5569=CARTESIAN_POINT('',(-17.1982,1.143,-9.42));
#5570=DIRECTION('',(-0.832050294337844,0.554700196225229,0.0));
#5571=DIRECTION('',(0.0,0.0,1.0));
#5572=ORIENTED_EDGE('',*,*,#6868,.T.);
#5573=ORIENTED_EDGE('',*,*,#6873,.T.);
#5574=ORIENTED_EDGE('',*,*,#6252,.T.);
#5575=ORIENTED_EDGE('',*,*,#6859,.T.);
#5576=ORIENTED_EDGE('',*,*,#6872,.F.);
#5577=CARTESIAN_POINT('',(-17.1982,8.6868,-1.524));
#5578=DIRECTION('',(1.0,0.0,0.0));
#5579=DIRECTION('',(0.0,1.0,0.0));
#5580=ORIENTED_EDGE('',*,*,#6873,.F.);
#5581=ORIENTED_EDGE('',*,*,#6867,.F.);
#5582=ORIENTED_EDGE('',*,*,#6865,.T.);
#5583=ORIENTED_EDGE('',*,*,#6253,.T.);
#5584=CARTESIAN_POINT('',(-18.4682,5.1562,-9.3692));
#5585=DIRECTION('',(-1.0,0.0,-0.0));
#5586=DIRECTION('',(0.0,0.0,-1.0));
#5587=ORIENTED_EDGE('',*,*,#6874,.T.);
#5588=ORIENTED_EDGE('',*,*,#6875,.F.);
#5589=ORIENTED_EDGE('',*,*,#6876,.F.);
#5590=ORIENTED_EDGE('',*,*,#6287,.F.);
#5591=ORIENTED_EDGE('',*,*,#6877,.T.);
#5592=ORIENTED_EDGE('',*,*,#6878,.F.);
#5593=CARTESIAN_POINT('',(-22.4282,5.1562,-9.42));
#5594=DIRECTION('',(0.0,0.0,1.0));
#5595=DIRECTION('',(1.0,0.0,0.0));
#5596=ORIENTED_EDGE('',*,*,#6879,.F.);
#5597=ORIENTED_EDGE('',*,*,#6880,.F.);
#5598=ORIENTED_EDGE('',*,*,#6878,.T.);
#5599=ORIENTED_EDGE('',*,*,#6881,.F.);
#5600=CARTESIAN_POINT('',(-21.9202,0.381,-9.42));
#5601=DIRECTION('',(0.832050294337844,0.554700196225229,0.0));
#5602=DIRECTION('',(0.0,0.0,-1.0));
#5603=ORIENTED_EDGE('',*,*,#6877,.F.);
#5604=ORIENTED_EDGE('',*,*,#6262,.T.);
#5605=ORIENTED_EDGE('',*,*,#6882,.F.);
#5606=ORIENTED_EDGE('',*,*,#6883,.F.);
#5607=ORIENTED_EDGE('',*,*,#6881,.T.);
#5608=CARTESIAN_POINT('',(-22.4282,8.6868,-1.524));
#5609=DIRECTION('',(1.0,0.0,0.0));
#5610=DIRECTION('',(0.0,1.0,0.0));
#5611=ORIENTED_EDGE('',*,*,#6883,.T.);
#5612=ORIENTED_EDGE('',*,*,#6884,.T.);
#5613=ORIENTED_EDGE('',*,*,#6885,.F.);
#5614=ORIENTED_EDGE('',*,*,#6886,.T.);
#5615=ORIENTED_EDGE('',*,*,#6887,.F.);
#5616=ORIENTED_EDGE('',*,*,#6879,.T.);
#5617=CARTESIAN_POINT('',(-22.4282,0.381,-9.928));
#5618=DIRECTION('',(0.0,0.0,-1.0));
#5619=DIRECTION('',(0.0,-1.0,0.0));
#5620=ORIENTED_EDGE('',*,*,#6887,.T.);
#5621=ORIENTED_EDGE('',*,*,#6888,.F.);
#5622=ORIENTED_EDGE('',*,*,#6874,.F.);
#5623=ORIENTED_EDGE('',*,*,#6880,.T.);
#5624=CARTESIAN_POINT('',(-22.4282,0.381,-9.42));
#5625=DIRECTION('',(0.0,-1.0,0.0));
#5626=DIRECTION('',(0.0,0.0,-1.0));
#5627=ORIENTED_EDGE('',*,*,#6875,.T.);
#5628=ORIENTED_EDGE('',*,*,#6888,.T.);
#5629=ORIENTED_EDGE('',*,*,#6886,.F.);
#5630=ORIENTED_EDGE('',*,*,#6889,.T.);
#5631=CARTESIAN_POINT('',(-21.1582,1.143,-9.42));
#5632=DIRECTION('',(-0.832050294337844,0.554700196225229,0.0));
#5633=DIRECTION('',(0.0,0.0,1.0));
#5634=ORIENTED_EDGE('',*,*,#6885,.T.);
#5635=ORIENTED_EDGE('',*,*,#6890,.T.);
#5636=ORIENTED_EDGE('',*,*,#6260,.T.);
#5637=ORIENTED_EDGE('',*,*,#6876,.T.);
#5638=ORIENTED_EDGE('',*,*,#6889,.F.);
#5639=CARTESIAN_POINT('',(-21.1582,8.6868,-1.524));
#5640=DIRECTION('',(1.0,0.0,0.0));
#5641=DIRECTION('',(0.0,1.0,0.0));
#5642=ORIENTED_EDGE('',*,*,#6890,.F.);
#5643=ORIENTED_EDGE('',*,*,#6884,.F.);
#5644=ORIENTED_EDGE('',*,*,#6882,.T.);
#5645=ORIENTED_EDGE('',*,*,#6261,.T.);
#5646=CARTESIAN_POINT('',(-22.4282,5.1562,-9.3692));
#5647=DIRECTION('',(-1.0,0.0,-0.0));
#5648=DIRECTION('',(0.0,0.0,-1.0));
#5649=ORIENTED_EDGE('',*,*,#6891,.T.);
#5650=ORIENTED_EDGE('',*,*,#6892,.T.);
#5651=ORIENTED_EDGE('',*,*,#6271,.T.);
#5652=ORIENTED_EDGE('',*,*,#6283,.T.);
#5653=ORIENTED_EDGE('',*,*,#6893,.F.);
#5654=CARTESIAN_POINT('',(22.4018,8.6868,-1.524));
#5655=DIRECTION('',(1.0,0.0,0.0));
#5656=DIRECTION('',(0.0,1.0,0.0));
#5657=ORIENTED_EDGE('',*,*,#6282,.T.);
#5658=ORIENTED_EDGE('',*,*,#6894,.T.);
#5659=ORIENTED_EDGE('',*,*,#6895,.F.);
#5660=ORIENTED_EDGE('',*,*,#6893,.T.);
#5661=CARTESIAN_POINT('',(22.4018,1.143,-9.42));
#5662=DIRECTION('',(-0.832050294337844,0.554700196225229,0.0));
#5663=DIRECTION('',(0.0,0.0,1.0));
#5664=ORIENTED_EDGE('',*,*,#6276,.T.);
#5665=ORIENTED_EDGE('',*,*,#6896,.T.);
#5666=ORIENTED_EDGE('',*,*,#6891,.F.);
#5667=ORIENTED_EDGE('',*,*,#6895,.T.);
#5668=ORIENTED_EDGE('',*,*,#6897,.F.);
#5669=ORIENTED_EDGE('',*,*,#6278,.T.);
#5670=CARTESIAN_POINT('',(21.1318,0.381,-9.928));
#5671=DIRECTION('',(0.0,0.0,-1.0));
#5672=DIRECTION('',(0.0,-1.0,0.0));
#5673=ORIENTED_EDGE('',*,*,#6897,.T.);
#5674=ORIENTED_EDGE('',*,*,#6894,.F.);
#5675=ORIENTED_EDGE('',*,*,#6281,.F.);
#5676=ORIENTED_EDGE('',*,*,#6279,.T.);
#5677=CARTESIAN_POINT('',(21.1318,0.381,-9.42));
#5678=DIRECTION('',(0.0,-1.0,0.0));
#5679=DIRECTION('',(0.0,0.0,-1.0));
#5680=ORIENTED_EDGE('',*,*,#6892,.F.);
#5681=ORIENTED_EDGE('',*,*,#6896,.F.);
#5682=ORIENTED_EDGE('',*,*,#6275,.T.);
#5683=ORIENTED_EDGE('',*,*,#6272,.T.);
#5684=CARTESIAN_POINT('',(21.1318,5.1562,-9.3692));
#5685=DIRECTION('',(-1.0,0.0,-0.0));
#5686=DIRECTION('',(0.0,0.0,-1.0));
#5687=ORIENTED_EDGE('',*,*,#6898,.T.);
#5688=ORIENTED_EDGE('',*,*,#6899,.T.);
#5689=ORIENTED_EDGE('',*,*,#5820,.F.);
#5690=ORIENTED_EDGE('',*,*,#5853,.T.);
#5691=CARTESIAN_POINT('',(-19.7612,10.414,0.0));
#5692=DIRECTION('',(0.0,0.865031189261823,0.501718089771813));
#5693=DIRECTION('',(1.0,0.0,-0.0));
#5694=ORIENTED_EDGE('',*,*,#5821,.F.);
#5695=ORIENTED_EDGE('',*,*,#6899,.F.);
#5696=ORIENTED_EDGE('',*,*,#6900,.T.);
#5697=ORIENTED_EDGE('',*,*,#5832,.F.);
#5698=CARTESIAN_POINT('',(-19.7612,11.8872,-2.54));
#5699=DIRECTION('',(0.0,0.0,-1.0));
#5700=DIRECTION('',(0.0,-1.0,0.0));
#5701=ORIENTED_EDGE('',*,*,#6900,.F.);
#5702=ORIENTED_EDGE('',*,*,#6898,.F.);
#5703=ORIENTED_EDGE('',*,*,#5833,.T.);
#5704=CARTESIAN_POINT('',(-19.7612,0.0,0.0));
#5705=DIRECTION('',(-1.0,0.0,0.0));
#5706=DIRECTION('',(0.0,0.0,1.0));
#5707=ORIENTED_EDGE('',*,*,#6901,.T.);
#5708=ORIENTED_EDGE('',*,*,#6902,.T.);
#5709=ORIENTED_EDGE('',*,*,#6903,.F.);
#5710=ORIENTED_EDGE('',*,*,#5852,.F.);
#5711=CARTESIAN_POINT('',(-11.8412,10.414,0.0));
#5712=DIRECTION('',(0.0,0.865031189261823,0.501718089771813));
#5713=DIRECTION('',(1.0,0.0,-0.0));
#5714=ORIENTED_EDGE('',*,*,#6903,.T.);
#5715=ORIENTED_EDGE('',*,*,#6904,.T.);
#5716=ORIENTED_EDGE('',*,*,#5835,.F.);
#5717=CARTESIAN_POINT('',(-15.8036,0.0,0.0));
#5718=DIRECTION('',(-1.0,0.0,0.0));
#5719=DIRECTION('',(0.0,0.0,1.0));
#5720=ORIENTED_EDGE('',*,*,#6904,.F.);
#5721=ORIENTED_EDGE('',*,*,#6902,.F.);
#5722=ORIENTED_EDGE('',*,*,#6905,.T.);
#5723=ORIENTED_EDGE('',*,*,#5836,.T.);
#5724=CARTESIAN_POINT('',(-11.8412,11.8872,-2.54));
#5725=DIRECTION('',(0.0,0.0,-1.0));
#5726=DIRECTION('',(0.0,-1.0,0.0));
#5727=ORIENTED_EDGE('',*,*,#6905,.F.);
#5728=ORIENTED_EDGE('',*,*,#6901,.F.);
#5729=ORIENTED_EDGE('',*,*,#5837,.T.);
#5730=CARTESIAN_POINT('',(-11.8412,0.0,0.0));
#5731=DIRECTION('',(-1.0,0.0,0.0));
#5732=DIRECTION('',(0.0,0.0,1.0));
#5733=ORIENTED_EDGE('',*,*,#6906,.T.);
#5734=ORIENTED_EDGE('',*,*,#6907,.T.);
#5735=ORIENTED_EDGE('',*,*,#6908,.F.);
#5736=ORIENTED_EDGE('',*,*,#5851,.F.);
#5737=CARTESIAN_POINT('',(-3.9212,10.414,0.0));
#5738=DIRECTION('',(0.0,0.865031189261823,0.501718089771813));
#5739=DIRECTION('',(1.0,0.0,-0.0));
#5740=ORIENTED_EDGE('',*,*,#6908,.T.);
#5741=ORIENTED_EDGE('',*,*,#6909,.T.);
#5742=ORIENTED_EDGE('',*,*,#5839,.F.);
#5743=CARTESIAN_POINT('',(-7.8836,0.0,0.0));
#5744=DIRECTION('',(-1.0,0.0,0.0));
#5745=DIRECTION('',(0.0,0.0,1.0));
#5746=ORIENTED_EDGE('',*,*,#6909,.F.);
#5747=ORIENTED_EDGE('',*,*,#6907,.F.);
#5748=ORIENTED_EDGE('',*,*,#6910,.T.);
#5749=ORIENTED_EDGE('',*,*,#5840,.T.);
#5750=CARTESIAN_POINT('',(-3.9212,11.8872,-2.54));
#5751=DIRECTION('',(0.0,0.0,-1.0));
#5752=DIRECTION('',(0.0,-1.0,0.0));
#5753=ORIENTED_EDGE('',*,*,#6910,.F.);
#5754=ORIENTED_EDGE('',*,*,#6906,.F.);
#5755=ORIENTED_EDGE('',*,*,#5841,.T.);
#5756=CARTESIAN_POINT('',(-3.9212,0.0,0.0));
#5757=DIRECTION('',(-1.0,0.0,0.0));
#5758=DIRECTION('',(0.0,0.0,1.0));
#5759=ORIENTED_EDGE('',*,*,#5849,.F.);
#5760=ORIENTED_EDGE('',*,*,#6911,.F.);
#5761=ORIENTED_EDGE('',*,*,#5843,.F.);
#5762=CARTESIAN_POINT('',(3.9212,0.0,0.0));
#5763=DIRECTION('',(1.0,0.0,0.0));
#5764=DIRECTION('',(0.0,1.0,0.0));
#5765=ORIENTED_EDGE('',*,*,#6911,.T.);
#5766=ORIENTED_EDGE('',*,*,#5848,.T.);
#5767=ORIENTED_EDGE('',*,*,#5846,.F.);
#5768=ORIENTED_EDGE('',*,*,#5844,.F.);
#5769=CARTESIAN_POINT('',(3.9212,10.414,-2.54));
#5770=DIRECTION('',(0.0,0.0,-1.0));
#5771=DIRECTION('',(0.0,-1.0,0.0));
#5772=AXIS2_PLACEMENT_3D('',#6912,#6913,#6914);
#5773=AXIS2_PLACEMENT_3D('',#6915,#6916,#6917);
#5774=AXIS2_PLACEMENT_3D('',#6918,#6919,#6920);
#5775=AXIS2_PLACEMENT_3D('',#6921,#6922,#6923);
#5776=AXIS2_PLACEMENT_3D('',#6924,#6925,#6926);
#5777=AXIS2_PLACEMENT_3D('',#6927,#6928,#6929);
#5778=AXIS2_PLACEMENT_3D('',#6930,#6931,#6932);
#5779=AXIS2_PLACEMENT_3D('',#6933,#6934,#6935);
#5780=AXIS2_PLACEMENT_3D('',#6936,#6937,#6938);
#5781=AXIS2_PLACEMENT_3D('',#6939,#6940,#6941);
#5782=AXIS2_PLACEMENT_3D('',#6942,#6943,#6944);
#5783=AXIS2_PLACEMENT_3D('',#6945,#6946,#6947);
#5784=AXIS2_PLACEMENT_3D('',#6948,#6949,#6950);
#5785=AXIS2_PLACEMENT_3D('',#6951,#6952,#6953);
#5786=AXIS2_PLACEMENT_3D('',#6954,#6955,#6956);
#5787=AXIS2_PLACEMENT_3D('',#6957,#6958,#6959);
#5788=AXIS2_PLACEMENT_3D('',#6960,#6961,#6962);
#5789=AXIS2_PLACEMENT_3D('',#6963,#6964,#6965);
#5790=AXIS2_PLACEMENT_3D('',#6966,#6967,#6968);
#5791=AXIS2_PLACEMENT_3D('',#6969,#6970,#6971);
#5792=AXIS2_PLACEMENT_3D('',#6972,#6973,#6974);
#5793=AXIS2_PLACEMENT_3D('',#6975,#6976,#6977);
#5794=AXIS2_PLACEMENT_3D('',#6978,#6979,#6980);
#5795=AXIS2_PLACEMENT_3D('',#6981,#6982,#6983);
#5796=CARTESIAN_POINT('',(-25.2476,0.0,-1.8));
#5797=VECTOR('',#6984,50.4952);
#5798=CARTESIAN_POINT('',(-22.94936697373,4.318,0.0));
#5799=VECTOR('',#6985,0.8240546051244);
#5800=CARTESIAN_POINT('',(-22.94936697373,5.142054605124,0.0));
#5801=VECTOR('',#6986,0.1331165131355);
#5802=CARTESIAN_POINT('',(-23.08248348686,5.142054605124,0.0));
#5803=VECTOR('',#6987,0.1810608534059);
#5804=CARTESIAN_POINT('',(-23.2156,5.019323082822,0.0));
#5805=VECTOR('',#6988,0.1402646460348);
#5806=CARTESIAN_POINT('',(-23.2156,4.879058436787,0.0));
#5807=VECTOR('',#6989,0.1810608867001);
#5808=CARTESIAN_POINT('',(-23.08248348686,5.001790008207,0.0));
#5809=VECTOR('',#6990,0.683790008207);
#5810=CARTESIAN_POINT('',(-23.08248348686,4.318,0.0));
#5811=VECTOR('',#6991,0.1331165131355);
#5812=EDGE_CURVE('',#6992,#6993,#6994,.T.);
#5813=EDGE_CURVE('',#6995,#6992,#6996,.T.);
#5814=EDGE_CURVE('',#6997,#6995,#6998,.T.);
#5815=EDGE_CURVE('',#6999,#6997,#7000,.T.);
#5816=EDGE_CURVE('',#7001,#6999,#7002,.T.);
#5817=EDGE_CURVE('',#7003,#7001,#7004,.T.);
#5818=EDGE_CURVE('',#7005,#7003,#7006,.T.);
#5819=EDGE_CURVE('',#7007,#7005,#7008,.T.);
#5820=EDGE_CURVE('',#7007,#7009,#7010,.T.);
#5821=EDGE_CURVE('',#7009,#7011,#7012,.T.);
#5822=EDGE_CURVE('',#6993,#7011,#7013,.T.);
#5823=EDGE_CURVE('',#7014,#7015,#7016,.T.);
#5824=EDGE_CURVE('',#7015,#7017,#7018,.T.);
#5825=EDGE_CURVE('',#7017,#7019,#7020,.T.);
#5826=EDGE_CURVE('',#7021,#7019,#7022,.T.);
#5827=EDGE_CURVE('',#7021,#7023,#7024,.T.);
#5828=EDGE_CURVE('',#7023,#7025,#7026,.T.);
#5829=EDGE_CURVE('',#7027,#7025,#7028,.T.);
#5830=EDGE_CURVE('',#7029,#7027,#7030,.T.);
#5831=EDGE_CURVE('',#6993,#7029,#7031,.T.);
#5832=EDGE_CURVE('',#7011,#7032,#7033,.T.);
#5833=EDGE_CURVE('',#7034,#7032,#7035,.T.);
#5834=EDGE_CURVE('',#7034,#7036,#7037,.T.);
#5835=EDGE_CURVE('',#7036,#7038,#7039,.T.);
#5836=EDGE_CURVE('',#7040,#7038,#7041,.T.);
#5837=EDGE_CURVE('',#7042,#7040,#7043,.T.);
#5838=EDGE_CURVE('',#7042,#7044,#7045,.T.);
#5839=EDGE_CURVE('',#7044,#7046,#7047,.T.);
#5840=EDGE_CURVE('',#7048,#7046,#7049,.T.);
#5841=EDGE_CURVE('',#7050,#7048,#7051,.T.);
#5842=EDGE_CURVE('',#7050,#7052,#7053,.T.);
#5843=EDGE_CURVE('',#7052,#7054,#7055,.T.);
#5844=EDGE_CURVE('',#7054,#7056,#7057,.T.);
#5845=EDGE_CURVE('',#7014,#7056,#7058,.T.);
#5846=EDGE_CURVE('',#7056,#7059,#7060,.T.);
#5847=EDGE_CURVE('',#7059,#7014,#7061,.T.);
#5848=EDGE_CURVE('',#7062,#7059,#7063,.T.);
#5849=EDGE_CURVE('',#7062,#7052,#7064,.T.);
#5850=EDGE_CURVE('',#7052,#7014,#7065,.T.);
#5851=EDGE_CURVE('',#7050,#7044,#7066,.T.);
#5852=EDGE_CURVE('',#7042,#7036,#7067,.T.);
#5853=EDGE_CURVE('',#7007,#7034,#7068,.T.);
#5854=EDGE_CURVE('',#7005,#7069,#7070,.T.);
#5855=EDGE_CURVE('',#7069,#7071,#7072,.T.);
#5856=EDGE_CURVE('',#7071,#7073,#7074,.T.);
#5857=EDGE_CURVE('',#7073,#7075,#7076,.T.);
#5858=EDGE_CURVE('',#7075,#7077,#7078,.T.);
#5859=EDGE_CURVE('',#7079,#7077,#7080,.T.);
#5860=EDGE_CURVE('',#7079,#7081,#7082,.T.);
#5861=EDGE_CURVE('',#7081,#7083,#7084,.T.);
#5862=EDGE_CURVE('',#7083,#7085,#7086,.T.);
#5863=EDGE_CURVE('',#7087,#7085,#7088,.T.);
#5864=EDGE_CURVE('',#7087,#7089,#7090,.T.);
#5865=EDGE_CURVE('',#7089,#7091,#7092,.T.);
#5866=EDGE_CURVE('',#7091,#7093,#7094,.T.);
#5867=EDGE_CURVE('',#7095,#7093,#7096,.T.);
#5868=EDGE_CURVE('',#7095,#7097,#7098,.T.);
#5869=EDGE_CURVE('',#7097,#7099,#7100,.T.);
#5870=EDGE_CURVE('',#7099,#7101,#7102,.T.);
#5871=EDGE_CURVE('',#7103,#7101,#7104,.T.);
#5872=EDGE_CURVE('',#7103,#7105,#7106,.T.);
#5873=EDGE_CURVE('',#7105,#7107,#7108,.T.);
#5874=EDGE_CURVE('',#7107,#7109,#7110,.T.);
#5875=EDGE_CURVE('',#7111,#7109,#7112,.T.);
#5876=EDGE_CURVE('',#7111,#7113,#7114,.T.);
#5877=EDGE_CURVE('',#7113,#7115,#7116,.T.);
#5878=EDGE_CURVE('',#7115,#7117,#7118,.T.);
#5879=EDGE_CURVE('',#7119,#7117,#7120,.T.);
#5880=EDGE_CURVE('',#7119,#7121,#7122,.T.);
#5881=EDGE_CURVE('',#7121,#7123,#7124,.T.);
#5882=EDGE_CURVE('',#7123,#7125,#7126,.T.);
#5883=EDGE_CURVE('',#7127,#7125,#7128,.T.);
#5884=EDGE_CURVE('',#7127,#7129,#7130,.T.);
#5885=EDGE_CURVE('',#7129,#7131,#7132,.T.);
#5886=EDGE_CURVE('',#7131,#7133,#7134,.T.);
#5887=EDGE_CURVE('',#7135,#7133,#7136,.T.);
#5888=EDGE_CURVE('',#7135,#7137,#7138,.T.);
#5889=EDGE_CURVE('',#7137,#7139,#7140,.T.);
#5890=EDGE_CURVE('',#7139,#7141,#7142,.T.);
#5891=EDGE_CURVE('',#7143,#7141,#7144,.T.);
#5892=EDGE_CURVE('',#7143,#7145,#7146,.T.);
#5893=EDGE_CURVE('',#7145,#7147,#7148,.T.);
#5894=EDGE_CURVE('',#7147,#7149,#7150,.T.);
#5895=EDGE_CURVE('',#7151,#7149,#7152,.T.);
#5896=EDGE_CURVE('',#7151,#7153,#7154,.T.);
#5897=EDGE_CURVE('',#7153,#7155,#7156,.T.);
#5898=EDGE_CURVE('',#7155,#7157,#7158,.T.);
#5899=EDGE_CURVE('',#7159,#7157,#7160,.T.);
#5900=EDGE_CURVE('',#7159,#7161,#7162,.T.);
#5901=EDGE_CURVE('',#7161,#7163,#7164,.T.);
#5902=EDGE_CURVE('',#7163,#7165,#7166,.T.);
#5903=EDGE_CURVE('',#7167,#7165,#7168,.T.);
#5904=EDGE_CURVE('',#7167,#7169,#7170,.T.);
#5905=EDGE_CURVE('',#7169,#7171,#7172,.T.);
#5906=EDGE_CURVE('',#7171,#7173,#7174,.T.);
#5907=EDGE_CURVE('',#7175,#7173,#7176,.T.);
#5908=EDGE_CURVE('',#7175,#7177,#7178,.T.);
#5909=EDGE_CURVE('',#7177,#7179,#7180,.T.);
#5910=EDGE_CURVE('',#7179,#7181,#7182,.T.);
#5911=EDGE_CURVE('',#7183,#7181,#7184,.T.);
#5912=EDGE_CURVE('',#7183,#7185,#7186,.T.);
#5913=EDGE_CURVE('',#7187,#7185,#7188,.T.);
#5914=EDGE_CURVE('',#7187,#7189,#7190,.T.);
#5915=EDGE_CURVE('',#7191,#7189,#7192,.T.);
#5916=EDGE_CURVE('',#7191,#7023,#7193,.T.);
#5917=EDGE_CURVE('',#7015,#7021,#7194,.T.);
#5918=EDGE_CURVE('',#7195,#7196,#7197,.T.);
#5919=EDGE_CURVE('',#7198,#7195,#7199,.T.);
#5920=EDGE_CURVE('',#7200,#7198,#7201,.T.);
#5921=EDGE_CURVE('',#7196,#7200,#7202,.T.);
#5922=EDGE_CURVE('',#7203,#7204,#7205,.T.);
#5923=EDGE_CURVE('',#7206,#7203,#7207,.T.);
#5924=EDGE_CURVE('',#7208,#7206,#7209,.T.);
#5925=EDGE_CURVE('',#7204,#7208,#7210,.T.);
#5926=EDGE_CURVE('',#7211,#7212,#7213,.T.);
#5927=EDGE_CURVE('',#7214,#7211,#7215,.T.);
#5928=EDGE_CURVE('',#7216,#7214,#7217,.T.);
#5929=EDGE_CURVE('',#7212,#7216,#7218,.T.);
#5930=EDGE_CURVE('',#7219,#7220,#7221,.T.);
#5931=EDGE_CURVE('',#7222,#7219,#7223,.T.);
#5932=EDGE_CURVE('',#7224,#7222,#7225,.T.);
#5933=EDGE_CURVE('',#7220,#7224,#7226,.T.);
#5934=EDGE_CURVE('',#7227,#7228,#7229,.T.);
#5935=EDGE_CURVE('',#7230,#7227,#7231,.T.);
#5936=EDGE_CURVE('',#7232,#7230,#7233,.T.);
#5937=EDGE_CURVE('',#7228,#7232,#7234,.T.);
#5938=EDGE_CURVE('',#7235,#7236,#7237,.T.);
#5939=EDGE_CURVE('',#7238,#7235,#7239,.T.);
#5940=EDGE_CURVE('',#7240,#7238,#7241,.T.);
#5941=EDGE_CURVE('',#7236,#7240,#7242,.T.);
#5942=EDGE_CURVE('',#7243,#7244,#7245,.T.);
#5943=EDGE_CURVE('',#7246,#7243,#7247,.T.);
#5944=EDGE_CURVE('',#7248,#7246,#7249,.T.);
#5945=EDGE_CURVE('',#7244,#7248,#7250,.T.);
#5946=EDGE_CURVE('',#7251,#7252,#7253,.T.);
#5947=EDGE_CURVE('',#7254,#7251,#7255,.T.);
#5948=EDGE_CURVE('',#7256,#7254,#7257,.T.);
#5949=EDGE_CURVE('',#7252,#7256,#7258,.T.);
#5950=EDGE_CURVE('',#7259,#7260,#7261,.T.);
#5951=EDGE_CURVE('',#7262,#7259,#7263,.T.);
#5952=EDGE_CURVE('',#7264,#7262,#7265,.T.);
#5953=EDGE_CURVE('',#7260,#7264,#7266,.T.);
#5954=EDGE_CURVE('',#7267,#7268,#7269,.T.);
#5955=EDGE_CURVE('',#7270,#7267,#7271,.T.);
#5956=EDGE_CURVE('',#7272,#7270,#7273,.T.);
#5957=EDGE_CURVE('',#7268,#7272,#7274,.T.);
#5958=EDGE_CURVE('',#7275,#7276,#7277,.T.);
#5959=EDGE_CURVE('',#7278,#7275,#7279,.T.);
#5960=EDGE_CURVE('',#7280,#7278,#7281,.T.);
#5961=EDGE_CURVE('',#7276,#7280,#7282,.T.);
#5962=EDGE_CURVE('',#7283,#7284,#7285,.T.);
#5963=EDGE_CURVE('',#7286,#7283,#7287,.T.);
#5964=EDGE_CURVE('',#7288,#7286,#7289,.T.);
#5965=EDGE_CURVE('',#7284,#7288,#7290,.T.);
#5966=EDGE_CURVE('',#7291,#7288,#7292,.T.);
#5967=EDGE_CURVE('',#7293,#7291,#7294,.T.);
#5968=EDGE_CURVE('',#7293,#7284,#7295,.T.);
#5969=EDGE_CURVE('',#7296,#7293,#7297,.T.);
#5970=EDGE_CURVE('',#7296,#7283,#7298,.T.);
#5971=EDGE_CURVE('',#7299,#7296,#7300,.T.);
#5972=EDGE_CURVE('',#7299,#7286,#7301,.T.);
#5973=EDGE_CURVE('',#7291,#7299,#7302,.T.);
#5974=EDGE_CURVE('',#7303,#7291,#7304,.T.);
#5975=EDGE_CURVE('',#7305,#7299,#7306,.T.);
#5976=EDGE_CURVE('',#7303,#7305,#7307,.T.);
#5977=EDGE_CURVE('',#7305,#7308,#7309,.T.);
#5978=EDGE_CURVE('',#7308,#7310,#7311,.T.);
#5979=EDGE_CURVE('',#7310,#7303,#7312,.T.);
#5980=EDGE_CURVE('',#7310,#7293,#7313,.T.);
#5981=EDGE_CURVE('',#7308,#7296,#7314,.T.);
#5982=EDGE_CURVE('',#7315,#7200,#7316,.T.);
#5983=EDGE_CURVE('',#7317,#7315,#7318,.T.);
#5984=EDGE_CURVE('',#7317,#7196,#7319,.T.);
#5985=EDGE_CURVE('',#7320,#7317,#7321,.T.);
#5986=EDGE_CURVE('',#7320,#7195,#7322,.T.);
#5987=EDGE_CURVE('',#7323,#7320,#7324,.T.);
#5988=EDGE_CURVE('',#7323,#7198,#7325,.T.);
#5989=EDGE_CURVE('',#7315,#7323,#7326,.T.);
#5990=EDGE_CURVE('',#7327,#7315,#7328,.T.);
#5991=EDGE_CURVE('',#7329,#7323,#7330,.T.);
#5992=EDGE_CURVE('',#7327,#7329,#7331,.T.);
#5993=EDGE_CURVE('',#7329,#7332,#7333,.T.);
#5994=EDGE_CURVE('',#7332,#7334,#7335,.T.);
#5995=EDGE_CURVE('',#7334,#7327,#7336,.T.);
#5996=EDGE_CURVE('',#7334,#7317,#7337,.T.);
#5997=EDGE_CURVE('',#7332,#7320,#7338,.T.);
#5998=EDGE_CURVE('',#7339,#7208,#7340,.T.);
#5999=EDGE_CURVE('',#7341,#7339,#7342,.T.);
#6000=EDGE_CURVE('',#7341,#7204,#7343,.T.);
#6001=EDGE_CURVE('',#7344,#7341,#7345,.T.);
#6002=EDGE_CURVE('',#7344,#7203,#7346,.T.);
#6003=EDGE_CURVE('',#7347,#7344,#7348,.T.);
#6004=EDGE_CURVE('',#7347,#7206,#7349,.T.);
#6005=EDGE_CURVE('',#7339,#7347,#7350,.T.);
#6006=EDGE_CURVE('',#7351,#7339,#7352,.T.);
#6007=EDGE_CURVE('',#7353,#7347,#7354,.T.);
#6008=EDGE_CURVE('',#7351,#7353,#7355,.T.);
#6009=EDGE_CURVE('',#7353,#7356,#7357,.T.);
#6010=EDGE_CURVE('',#7356,#7358,#7359,.T.);
#6011=EDGE_CURVE('',#7358,#7351,#7360,.T.);
#6012=EDGE_CURVE('',#7358,#7341,#7361,.T.);
#6013=EDGE_CURVE('',#7356,#7344,#7362,.T.);
#6014=EDGE_CURVE('',#7363,#7216,#7364,.T.);
#6015=EDGE_CURVE('',#7365,#7363,#7366,.T.);
#6016=EDGE_CURVE('',#7365,#7212,#7367,.T.);
#6017=EDGE_CURVE('',#7368,#7365,#7369,.T.);
#6018=EDGE_CURVE('',#7368,#7211,#7370,.T.);
#6019=EDGE_CURVE('',#7371,#7368,#7372,.T.);
#6020=EDGE_CURVE('',#7371,#7214,#7373,.T.);
#6021=EDGE_CURVE('',#7363,#7371,#7374,.T.);
#6022=EDGE_CURVE('',#7375,#7363,#7376,.T.);
#6023=EDGE_CURVE('',#7377,#7371,#7378,.T.);
#6024=EDGE_CURVE('',#7375,#7377,#7379,.T.);
#6025=EDGE_CURVE('',#7377,#7380,#7381,.T.);
#6026=EDGE_CURVE('',#7380,#7382,#7383,.T.);
#6027=EDGE_CURVE('',#7382,#7375,#7384,.T.);
#6028=EDGE_CURVE('',#7382,#7365,#7385,.T.);
#6029=EDGE_CURVE('',#7380,#7368,#7386,.T.);
#6030=EDGE_CURVE('',#7387,#7224,#7388,.T.);
#6031=EDGE_CURVE('',#7389,#7387,#7390,.T.);
#6032=EDGE_CURVE('',#7389,#7220,#7391,.T.);
#6033=EDGE_CURVE('',#7392,#7389,#7393,.T.);
#6034=EDGE_CURVE('',#7392,#7219,#7394,.T.);
#6035=EDGE_CURVE('',#7395,#7392,#7396,.T.);
#6036=EDGE_CURVE('',#7395,#7222,#7397,.T.);
#6037=EDGE_CURVE('',#7387,#7395,#7398,.T.);
#6038=EDGE_CURVE('',#7399,#7387,#7400,.T.);
#6039=EDGE_CURVE('',#7401,#7395,#7402,.T.);
#6040=EDGE_CURVE('',#7399,#7401,#7403,.T.);
#6041=EDGE_CURVE('',#7401,#7404,#7405,.T.);
#6042=EDGE_CURVE('',#7404,#7406,#7407,.T.);
#6043=EDGE_CURVE('',#7406,#7399,#7408,.T.);
#6044=EDGE_CURVE('',#7406,#7389,#7409,.T.);
#6045=EDGE_CURVE('',#7404,#7392,#7410,.T.);
#6046=EDGE_CURVE('',#7411,#7232,#7412,.T.);
#6047=EDGE_CURVE('',#7413,#7411,#7414,.T.);
#6048=EDGE_CURVE('',#7413,#7228,#7415,.T.);
#6049=EDGE_CURVE('',#7416,#7413,#7417,.T.);
#6050=EDGE_CURVE('',#7416,#7227,#7418,.T.);
#6051=EDGE_CURVE('',#7419,#7416,#7420,.T.);
#6052=EDGE_CURVE('',#7419,#7230,#7421,.T.);
#6053=EDGE_CURVE('',#7411,#7419,#7422,.T.);
#6054=EDGE_CURVE('',#7423,#7411,#7424,.T.);
#6055=EDGE_CURVE('',#7425,#7419,#7426,.T.);
#6056=EDGE_CURVE('',#7423,#7425,#7427,.T.);
#6057=EDGE_CURVE('',#7425,#7428,#7429,.T.);
#6058=EDGE_CURVE('',#7428,#7430,#7431,.T.);
#6059=EDGE_CURVE('',#7430,#7423,#7432,.T.);
#6060=EDGE_CURVE('',#7430,#7413,#7433,.T.);
#6061=EDGE_CURVE('',#7428,#7416,#7434,.T.);
#6062=EDGE_CURVE('',#7435,#7240,#7436,.T.);
#6063=EDGE_CURVE('',#7437,#7435,#7438,.T.);
#6064=EDGE_CURVE('',#7437,#7236,#7439,.T.);
#6065=EDGE_CURVE('',#7440,#7437,#7441,.T.);
#6066=EDGE_CURVE('',#7440,#7235,#7442,.T.);
#6067=EDGE_CURVE('',#7443,#7440,#7444,.T.);
#6068=EDGE_CURVE('',#7443,#7238,#7445,.T.);
#6069=EDGE_CURVE('',#7435,#7443,#7446,.T.);
#6070=EDGE_CURVE('',#7447,#7435,#7448,.T.);
#6071=EDGE_CURVE('',#7449,#7443,#7450,.T.);
#6072=EDGE_CURVE('',#7447,#7449,#7451,.T.);
#6073=EDGE_CURVE('',#7449,#7452,#7453,.T.);
#6074=EDGE_CURVE('',#7452,#7454,#7455,.T.);
#6075=EDGE_CURVE('',#7454,#7447,#7456,.T.);
#6076=EDGE_CURVE('',#7454,#7437,#7457,.T.);
#6077=EDGE_CURVE('',#7452,#7440,#7458,.T.);
#6078=EDGE_CURVE('',#7459,#7248,#7460,.T.);
#6079=EDGE_CURVE('',#7461,#7459,#7462,.T.);
#6080=EDGE_CURVE('',#7461,#7244,#7463,.T.);
#6081=EDGE_CURVE('',#7464,#7461,#7465,.T.);
#6082=EDGE_CURVE('',#7464,#7243,#7466,.T.);
#6083=EDGE_CURVE('',#7467,#7464,#7468,.T.);
#6084=EDGE_CURVE('',#7467,#7246,#7469,.T.);
#6085=EDGE_CURVE('',#7459,#7467,#7470,.T.);
#6086=EDGE_CURVE('',#7471,#7459,#7472,.T.);
#6087=EDGE_CURVE('',#7473,#7467,#7474,.T.);
#6088=EDGE_CURVE('',#7471,#7473,#7475,.T.);
#6089=EDGE_CURVE('',#7473,#7476,#7477,.T.);
#6090=EDGE_CURVE('',#7476,#7478,#7479,.T.);
#6091=EDGE_CURVE('',#7478,#7471,#7480,.T.);
#6092=EDGE_CURVE('',#7478,#7461,#7481,.T.);
#6093=EDGE_CURVE('',#7476,#7464,#7482,.T.);
#6094=EDGE_CURVE('',#7483,#7256,#7484,.T.);
#6095=EDGE_CURVE('',#7485,#7483,#7486,.T.);
#6096=EDGE_CURVE('',#7485,#7252,#7487,.T.);
#6097=EDGE_CURVE('',#7488,#7485,#7489,.T.);
#6098=EDGE_CURVE('',#7488,#7251,#7490,.T.);
#6099=EDGE_CURVE('',#7491,#7488,#7492,.T.);
#6100=EDGE_CURVE('',#7491,#7254,#7493,.T.);
#6101=EDGE_CURVE('',#7483,#7491,#7494,.T.);
#6102=EDGE_CURVE('',#7495,#7483,#7496,.T.);
#6103=EDGE_CURVE('',#7497,#7491,#7498,.T.);
#6104=EDGE_CURVE('',#7495,#7497,#7499,.T.);
#6105=EDGE_CURVE('',#7497,#7500,#7501,.T.);
#6106=EDGE_CURVE('',#7500,#7502,#7503,.T.);
#6107=EDGE_CURVE('',#7502,#7495,#7504,.T.);
#6108=EDGE_CURVE('',#7502,#7485,#7505,.T.);
#6109=EDGE_CURVE('',#7500,#7488,#7506,.T.);
#6110=EDGE_CURVE('',#7507,#7264,#7508,.T.);
#6111=EDGE_CURVE('',#7509,#7507,#7510,.T.);
#6112=EDGE_CURVE('',#7509,#7260,#7511,.T.);
#6113=EDGE_CURVE('',#7512,#7509,#7513,.T.);
#6114=EDGE_CURVE('',#7512,#7259,#7514,.T.);
#6115=EDGE_CURVE('',#7515,#7512,#7516,.T.);
#6116=EDGE_CURVE('',#7515,#7262,#7517,.T.);
#6117=EDGE_CURVE('',#7507,#7515,#7518,.T.);
#6118=EDGE_CURVE('',#7519,#7507,#7520,.T.);
#6119=EDGE_CURVE('',#7521,#7515,#7522,.T.);
#6120=EDGE_CURVE('',#7519,#7521,#7523,.T.);
#6121=EDGE_CURVE('',#7521,#7524,#7525,.T.);
#6122=EDGE_CURVE('',#7524,#7526,#7527,.T.);
#6123=EDGE_CURVE('',#7526,#7519,#7528,.T.);
#6124=EDGE_CURVE('',#7526,#7509,#7529,.T.);
#6125=EDGE_CURVE('',#7524,#7512,#7530,.T.);
#6126=EDGE_CURVE('',#7531,#7272,#7532,.T.);
#6127=EDGE_CURVE('',#7533,#7531,#7534,.T.);
#6128=EDGE_CURVE('',#7533,#7268,#7535,.T.);
#6129=EDGE_CURVE('',#7536,#7533,#7537,.T.);
#6130=EDGE_CURVE('',#7536,#7267,#7538,.T.);
#6131=EDGE_CURVE('',#7539,#7536,#7540,.T.);
#6132=EDGE_CURVE('',#7539,#7270,#7541,.T.);
#6133=EDGE_CURVE('',#7531,#7539,#7542,.T.);
#6134=EDGE_CURVE('',#7543,#7531,#7544,.T.);
#6135=EDGE_CURVE('',#7545,#7539,#7546,.T.);
#6136=EDGE_CURVE('',#7543,#7545,#7547,.T.);
#6137=EDGE_CURVE('',#7545,#7548,#7549,.T.);
#6138=EDGE_CURVE('',#7548,#7550,#7551,.T.);
#6139=EDGE_CURVE('',#7550,#7543,#7552,.T.);
#6140=EDGE_CURVE('',#7550,#7533,#7553,.T.);
#6141=EDGE_CURVE('',#7548,#7536,#7554,.T.);
#6142=EDGE_CURVE('',#7555,#7280,#7556,.T.);
#6143=EDGE_CURVE('',#7557,#7555,#7558,.T.);
#6144=EDGE_CURVE('',#7557,#7276,#7559,.T.);
#6145=EDGE_CURVE('',#7560,#7557,#7561,.T.);
#6146=EDGE_CURVE('',#7560,#7275,#7562,.T.);
#6147=EDGE_CURVE('',#7563,#7560,#7564,.T.);
#6148=EDGE_CURVE('',#7563,#7278,#7565,.T.);
#6149=EDGE_CURVE('',#7555,#7563,#7566,.T.);
#6150=EDGE_CURVE('',#7567,#7555,#7568,.T.);
#6151=EDGE_CURVE('',#7569,#7563,#7570,.T.);
#6152=EDGE_CURVE('',#7567,#7569,#7571,.T.);
#6153=EDGE_CURVE('',#7569,#7572,#7573,.T.);
#6154=EDGE_CURVE('',#7572,#7574,#7575,.T.);
#6155=EDGE_CURVE('',#7574,#7567,#7576,.T.);
#6156=EDGE_CURVE('',#7574,#7557,#7577,.T.);
#6157=EDGE_CURVE('',#7572,#7560,#7578,.T.);
#6158=EDGE_CURVE('',#7579,#7021,#7580,.T.);
#6159=EDGE_CURVE('',#7581,#7579,#7582,.T.);
#6160=EDGE_CURVE('',#7581,#7015,#7583,.T.);
#6161=EDGE_CURVE('',#7017,#7581,#7584,.T.);
#6162=EDGE_CURVE('',#7019,#7579,#7585,.T.);
#6163=EDGE_CURVE('',#7586,#7191,#7587,.T.);
#6164=EDGE_CURVE('',#7588,#7586,#7589,.T.);
#6165=EDGE_CURVE('',#7588,#7023,#7590,.T.);
#6166=EDGE_CURVE('',#7025,#7588,#7591,.T.);
#6167=EDGE_CURVE('',#7027,#7586,#7592,.T.);
#6168=EDGE_CURVE('',#7189,#7593,#7594,.T.);
#6169=EDGE_CURVE('',#7593,#7595,#7596,.T.);
#6170=EDGE_CURVE('',#7595,#7597,#7598,.T.);
#6171=EDGE_CURVE('',#7597,#7599,#7600,.T.);
#6172=EDGE_CURVE('',#7599,#7601,#7602,.T.);
#6173=EDGE_CURVE('',#7601,#7603,#7604,.T.);
#6174=EDGE_CURVE('',#7603,#7029,#7605,.T.);
#6175=EDGE_CURVE('',#7606,#7607,#7608,.T.);
#6176=EDGE_CURVE('',#7607,#7609,#7610,.T.);
#6177=EDGE_CURVE('',#7609,#7611,#7612,.T.);
#6178=EDGE_CURVE('',#7613,#7611,#7614,.T.);
#6179=EDGE_CURVE('',#7613,#7615,#7616,.T.);
#6180=EDGE_CURVE('',#7617,#7615,#7618,.T.);
#6181=EDGE_CURVE('',#7619,#7617,#7620,.T.);
#6182=EDGE_CURVE('',#7621,#7619,#7622,.T.);
#6183=EDGE_CURVE('',#7621,#7623,#7624,.T.);
#6184=EDGE_CURVE('',#7623,#7625,#7626,.T.);
#6185=EDGE_CURVE('',#7625,#7627,#7628,.T.);
#6186=EDGE_CURVE('',#7629,#7627,#7630,.T.);
#6187=EDGE_CURVE('',#7629,#7631,#7632,.T.);
#6188=EDGE_CURVE('',#7633,#7631,#7634,.T.);
#6189=EDGE_CURVE('',#7635,#7633,#7636,.T.);
#6190=EDGE_CURVE('',#7637,#7635,#7638,.T.);
#6191=EDGE_CURVE('',#7637,#7639,#7640,.T.);
#6192=EDGE_CURVE('',#7639,#7641,#7642,.T.);
#6193=EDGE_CURVE('',#7641,#7643,#7644,.T.);
#6194=EDGE_CURVE('',#7645,#7643,#7646,.T.);
#6195=EDGE_CURVE('',#7645,#7647,#7648,.T.);
#6196=EDGE_CURVE('',#7649,#7647,#7650,.T.);
#6197=EDGE_CURVE('',#7651,#7649,#7652,.T.);
#6198=EDGE_CURVE('',#7653,#7651,#7654,.T.);
#6199=EDGE_CURVE('',#7653,#7655,#7656,.T.);
#6200=EDGE_CURVE('',#7655,#7657,#7658,.T.);
#6201=EDGE_CURVE('',#7657,#7659,#7660,.T.);
#6202=EDGE_CURVE('',#7661,#7659,#7662,.T.);
#6203=EDGE_CURVE('',#7661,#7663,#7664,.T.);
#6204=EDGE_CURVE('',#7665,#7663,#7666,.T.);
#6205=EDGE_CURVE('',#7667,#7665,#7668,.T.);
#6206=EDGE_CURVE('',#7669,#7667,#7670,.T.);
#6207=EDGE_CURVE('',#7669,#7671,#7672,.T.);
#6208=EDGE_CURVE('',#7671,#7673,#7674,.T.);
#6209=EDGE_CURVE('',#7673,#7675,#7676,.T.);
#6210=EDGE_CURVE('',#7677,#7675,#7678,.T.);
#6211=EDGE_CURVE('',#7677,#7679,#7680,.T.);
#6212=EDGE_CURVE('',#7681,#7679,#7682,.T.);
#6213=EDGE_CURVE('',#7683,#7681,#7684,.T.);
#6214=EDGE_CURVE('',#7685,#7683,#7686,.T.);
#6215=EDGE_CURVE('',#7685,#7687,#7688,.T.);
#6216=EDGE_CURVE('',#7687,#7689,#7690,.T.);
#6217=EDGE_CURVE('',#7689,#7691,#7692,.T.);
#6218=EDGE_CURVE('',#7693,#7691,#7694,.T.);
#6219=EDGE_CURVE('',#7693,#7695,#7696,.T.);
#6220=EDGE_CURVE('',#7697,#7695,#7698,.T.);
#6221=EDGE_CURVE('',#7699,#7697,#7700,.T.);
#6222=EDGE_CURVE('',#7701,#7699,#7702,.T.);
#6223=EDGE_CURVE('',#7701,#7703,#7704,.T.);
#6224=EDGE_CURVE('',#7703,#7705,#7706,.T.);
#6225=EDGE_CURVE('',#7705,#7707,#7708,.T.);
#6226=EDGE_CURVE('',#7709,#7707,#7710,.T.);
#6227=EDGE_CURVE('',#7709,#7711,#7712,.T.);
#6228=EDGE_CURVE('',#7713,#7711,#7714,.T.);
#6229=EDGE_CURVE('',#7715,#7713,#7716,.T.);
#6230=EDGE_CURVE('',#7717,#7715,#7718,.T.);
#6231=EDGE_CURVE('',#7717,#7719,#7720,.T.);
#6232=EDGE_CURVE('',#7719,#7721,#7722,.T.);
#6233=EDGE_CURVE('',#7721,#7723,#7724,.T.);
#6234=EDGE_CURVE('',#7725,#7723,#7726,.T.);
#6235=EDGE_CURVE('',#7725,#7727,#7728,.T.);
#6236=EDGE_CURVE('',#7729,#7727,#7730,.T.);
#6237=EDGE_CURVE('',#7731,#7729,#7732,.T.);
#6238=EDGE_CURVE('',#7733,#7731,#7734,.T.);
#6239=EDGE_CURVE('',#7733,#7735,#7736,.T.);
#6240=EDGE_CURVE('',#7735,#7737,#7738,.T.);
#6241=EDGE_CURVE('',#7737,#7739,#7740,.T.);
#6242=EDGE_CURVE('',#7741,#7739,#7742,.T.);
#6243=EDGE_CURVE('',#7741,#7743,#7744,.T.);
#6244=EDGE_CURVE('',#7745,#7743,#7746,.T.);
#6245=EDGE_CURVE('',#7747,#7745,#7748,.T.);
#6246=EDGE_CURVE('',#7749,#7747,#7750,.T.);
#6247=EDGE_CURVE('',#7749,#7751,#7752,.T.);
#6248=EDGE_CURVE('',#7751,#7753,#7754,.T.);
#6249=EDGE_CURVE('',#7753,#7755,#7756,.T.);
#6250=EDGE_CURVE('',#7757,#7755,#7758,.T.);
#6251=EDGE_CURVE('',#7757,#7759,#7760,.T.);
#6252=EDGE_CURVE('',#7761,#7759,#7762,.T.);
#6253=EDGE_CURVE('',#7763,#7761,#7764,.T.);
#6254=EDGE_CURVE('',#7765,#7763,#7766,.T.);
#6255=EDGE_CURVE('',#7765,#7767,#7768,.T.);
#6256=EDGE_CURVE('',#7767,#7769,#7770,.T.);
#6257=EDGE_CURVE('',#7769,#7771,#7772,.T.);
#6258=EDGE_CURVE('',#7773,#7771,#7774,.T.);
#6259=EDGE_CURVE('',#7773,#7775,#7776,.T.);
#6260=EDGE_CURVE('',#7777,#7775,#7778,.T.);
#6261=EDGE_CURVE('',#7779,#7777,#7780,.T.);
#6262=EDGE_CURVE('',#7781,#7779,#7782,.T.);
#6263=EDGE_CURVE('',#7781,#7783,#7784,.T.);
#6264=EDGE_CURVE('',#7783,#7785,#7786,.T.);
#6265=EDGE_CURVE('',#6992,#7785,#7787,.T.);
#6266=EDGE_CURVE('',#7788,#7603,#7789,.T.);
#6267=EDGE_CURVE('',#7788,#7790,#7791,.T.);
#6268=EDGE_CURVE('',#7790,#7792,#7793,.T.);
#6269=EDGE_CURVE('',#7794,#7792,#7795,.T.);
#6270=EDGE_CURVE('',#7794,#7796,#7797,.T.);
#6271=EDGE_CURVE('',#7798,#7796,#7799,.T.);
#6272=EDGE_CURVE('',#7800,#7798,#7801,.T.);
#6273=EDGE_CURVE('',#7606,#7800,#7802,.T.);
#6274=EDGE_CURVE('',#7606,#7803,#7804,.T.);
#6275=EDGE_CURVE('',#7805,#7800,#7806,.T.);
#6276=EDGE_CURVE('',#7807,#7805,#7808,.T.);
#6277=EDGE_CURVE('',#7807,#7803,#7809,.T.);
#6278=EDGE_CURVE('',#7810,#7807,#7811,.T.);
#6279=EDGE_CURVE('',#7812,#7810,#7813,.T.);
#6280=EDGE_CURVE('',#7812,#7803,#7814,.T.);
#6281=EDGE_CURVE('',#7812,#7815,#7816,.T.);
#6282=EDGE_CURVE('',#7817,#7815,#7818,.T.);
#6283=EDGE_CURVE('',#7796,#7817,#7819,.T.);
#6284=EDGE_CURVE('',#7606,#7796,#7820,.T.);
#6285=EDGE_CURVE('',#6997,#7821,#7822,.T.);
#6286=EDGE_CURVE('',#7783,#7821,#7823,.T.);
#6287=EDGE_CURVE('',#7781,#7775,#7824,.T.);
#6288=EDGE_CURVE('',#7825,#7773,#7826,.T.);
#6289=EDGE_CURVE('',#7825,#7827,#7828,.T.);
#6290=EDGE_CURVE('',#7767,#7827,#7829,.T.);
#6291=EDGE_CURVE('',#7765,#7759,#7830,.T.);
#6292=EDGE_CURVE('',#7831,#7757,#7832,.T.);
#6293=EDGE_CURVE('',#7831,#7833,#7834,.T.);
#6294=EDGE_CURVE('',#7751,#7833,#7835,.T.);
#6295=EDGE_CURVE('',#7749,#7743,#7836,.T.);
#6296=EDGE_CURVE('',#7837,#7741,#7838,.T.);
#6297=EDGE_CURVE('',#7837,#7839,#7840,.T.);
#6298=EDGE_CURVE('',#7735,#7839,#7841,.T.);
#6299=EDGE_CURVE('',#7733,#7727,#7842,.T.);
#6300=EDGE_CURVE('',#7843,#7725,#7844,.T.);
#6301=EDGE_CURVE('',#7843,#7845,#7846,.T.);
#6302=EDGE_CURVE('',#7719,#7845,#7847,.T.);
#6303=EDGE_CURVE('',#7717,#7711,#7848,.T.);
#6304=EDGE_CURVE('',#7849,#7709,#7850,.T.);
#6305=EDGE_CURVE('',#7849,#7851,#7852,.T.);
#6306=EDGE_CURVE('',#7703,#7851,#7853,.T.);
#6307=EDGE_CURVE('',#7701,#7695,#7854,.T.);
#6308=EDGE_CURVE('',#7855,#7693,#7856,.T.);
#6309=EDGE_CURVE('',#7855,#7857,#7858,.T.);
#6310=EDGE_CURVE('',#7687,#7857,#7859,.T.);
#6311=EDGE_CURVE('',#7685,#7679,#7860,.T.);
#6312=EDGE_CURVE('',#7861,#7677,#7862,.T.);
#6313=EDGE_CURVE('',#7861,#7863,#7864,.T.);
#6314=EDGE_CURVE('',#7671,#7863,#7865,.T.);
#6315=EDGE_CURVE('',#7669,#7663,#7866,.T.);
#6316=EDGE_CURVE('',#7867,#7661,#7868,.T.);
#6317=EDGE_CURVE('',#7867,#7869,#7870,.T.);
#6318=EDGE_CURVE('',#7655,#7869,#7871,.T.);
#6319=EDGE_CURVE('',#7653,#7647,#7872,.T.);
#6320=EDGE_CURVE('',#7873,#7645,#7874,.T.);
#6321=EDGE_CURVE('',#7873,#7875,#7876,.T.);
#6322=EDGE_CURVE('',#7639,#7875,#7877,.T.);
#6323=EDGE_CURVE('',#7637,#7631,#7878,.T.);
#6324=EDGE_CURVE('',#7879,#7629,#7880,.T.);
#6325=EDGE_CURVE('',#7879,#7881,#7882,.T.);
#6326=EDGE_CURVE('',#7881,#7623,#7883,.T.);
#6327=EDGE_CURVE('',#7621,#7615,#7884,.T.);
#6328=EDGE_CURVE('',#7885,#7613,#7886,.T.);
#6329=EDGE_CURVE('',#7885,#7887,#7888,.T.);
#6330=EDGE_CURVE('',#7887,#7607,#7889,.T.);
#6331=EDGE_CURVE('',#7890,#7794,#7891,.T.);
#6332=EDGE_CURVE('',#7890,#7599,#7892,.T.);
#6333=EDGE_CURVE('',#7597,#7893,#7894,.T.);
#6334=EDGE_CURVE('',#7893,#7895,#7896,.T.);
#6335=EDGE_CURVE('',#7897,#7895,#7898,.T.);
#6336=EDGE_CURVE('',#7177,#7897,#7899,.T.);
#6337=EDGE_CURVE('',#7175,#7900,#7901,.T.);
#6338=EDGE_CURVE('',#7902,#7900,#7903,.T.);
#6339=EDGE_CURVE('',#7169,#7902,#7904,.T.);
#6340=EDGE_CURVE('',#7167,#7905,#7906,.T.);
#6341=EDGE_CURVE('',#7907,#7905,#7908,.T.);
#6342=EDGE_CURVE('',#7161,#7907,#7909,.T.);
#6343=EDGE_CURVE('',#7159,#7910,#7911,.T.);
#6344=EDGE_CURVE('',#7912,#7910,#7913,.T.);
#6345=EDGE_CURVE('',#7153,#7912,#7914,.T.);
#6346=EDGE_CURVE('',#7151,#7915,#7916,.T.);
#6347=EDGE_CURVE('',#7917,#7915,#7918,.T.);
#6348=EDGE_CURVE('',#7145,#7917,#7919,.T.);
#6349=EDGE_CURVE('',#7143,#7920,#7921,.T.);
#6350=EDGE_CURVE('',#7922,#7920,#7923,.T.);
#6351=EDGE_CURVE('',#7137,#7922,#7924,.T.);
#6352=EDGE_CURVE('',#7135,#7925,#7926,.T.);
#6353=EDGE_CURVE('',#7927,#7925,#7928,.T.);
#6354=EDGE_CURVE('',#7129,#7927,#7929,.T.);
#6355=EDGE_CURVE('',#7127,#7930,#7931,.T.);
#6356=EDGE_CURVE('',#7932,#7930,#7933,.T.);
#6357=EDGE_CURVE('',#7121,#7932,#7934,.T.);
#6358=EDGE_CURVE('',#7119,#7935,#7936,.T.);
#6359=EDGE_CURVE('',#7937,#7935,#7938,.T.);
#6360=EDGE_CURVE('',#7113,#7937,#7939,.T.);
#6361=EDGE_CURVE('',#7111,#7940,#7941,.T.);
#6362=EDGE_CURVE('',#7942,#7940,#7943,.T.);
#6363=EDGE_CURVE('',#7105,#7942,#7944,.T.);
#6364=EDGE_CURVE('',#7103,#7945,#7946,.T.);
#6365=EDGE_CURVE('',#7947,#7945,#7948,.T.);
#6366=EDGE_CURVE('',#7097,#7947,#7949,.T.);
#6367=EDGE_CURVE('',#7095,#7950,#7951,.T.);
#6368=EDGE_CURVE('',#7952,#7950,#7953,.T.);
#6369=EDGE_CURVE('',#7089,#7952,#7954,.T.);
#6370=EDGE_CURVE('',#7087,#7955,#7956,.T.);
#6371=EDGE_CURVE('',#7957,#7955,#7958,.T.);
#6372=EDGE_CURVE('',#7081,#7957,#7959,.T.);
#6373=EDGE_CURVE('',#7079,#7960,#7961,.T.);
#6374=EDGE_CURVE('',#7962,#7960,#7963,.T.);
#6375=EDGE_CURVE('',#7964,#7962,#7965,.T.);
#6376=EDGE_CURVE('',#7964,#6999,#7966,.T.);
#6377=EDGE_CURVE('',#7967,#7968,#7969,.T.);
#6378=EDGE_CURVE('',#7967,#7970,#7971,.T.);
#6379=EDGE_CURVE('',#7972,#7970,#7973,.T.);
#6380=EDGE_CURVE('',#7968,#7972,#7974,.T.);
#6381=EDGE_CURVE('',#7975,#7976,#7977,.T.);
#6382=EDGE_CURVE('',#7978,#7975,#7979,.T.);
#6383=EDGE_CURVE('',#7980,#7978,#7981,.T.);
#6384=EDGE_CURVE('',#7976,#7980,#7982,.T.);
#6385=EDGE_CURVE('',#7983,#7984,#7985,.T.);
#6386=EDGE_CURVE('',#7986,#7983,#7987,.T.);
#6387=EDGE_CURVE('',#7988,#7986,#7989,.T.);
#6388=EDGE_CURVE('',#7984,#7988,#7990,.T.);
#6389=EDGE_CURVE('',#7991,#7992,#7993,.T.);
#6390=EDGE_CURVE('',#7994,#7991,#7995,.T.);
#6391=EDGE_CURVE('',#7996,#7994,#7997,.T.);
#6392=EDGE_CURVE('',#7992,#7996,#7998,.T.);
#6393=EDGE_CURVE('',#7999,#8000,#8001,.T.);
#6394=EDGE_CURVE('',#8002,#7999,#8003,.T.);
#6395=EDGE_CURVE('',#8004,#8002,#8005,.T.);
#6396=EDGE_CURVE('',#8000,#8004,#8006,.T.);
#6397=EDGE_CURVE('',#8007,#8008,#8009,.T.);
#6398=EDGE_CURVE('',#8010,#8007,#8011,.T.);
#6399=EDGE_CURVE('',#8012,#8010,#8013,.T.);
#6400=EDGE_CURVE('',#8008,#8012,#8014,.T.);
#6401=EDGE_CURVE('',#8015,#8016,#8017,.T.);
#6402=EDGE_CURVE('',#8018,#8015,#8019,.T.);
#6403=EDGE_CURVE('',#8020,#8018,#8021,.T.);
#6404=EDGE_CURVE('',#8016,#8020,#8022,.T.);
#6405=EDGE_CURVE('',#8023,#8024,#8025,.T.);
#6406=EDGE_CURVE('',#8026,#8023,#8027,.T.);
#6407=EDGE_CURVE('',#8028,#8026,#8029,.T.);
#6408=EDGE_CURVE('',#8024,#8028,#8030,.T.);
#6409=EDGE_CURVE('',#8031,#8032,#8033,.T.);
#6410=EDGE_CURVE('',#8034,#8031,#8035,.T.);
#6411=EDGE_CURVE('',#8036,#8034,#8037,.T.);
#6412=EDGE_CURVE('',#8032,#8036,#8038,.T.);
#6413=EDGE_CURVE('',#8039,#8040,#8041,.T.);
#6414=EDGE_CURVE('',#8042,#8039,#8043,.T.);
#6415=EDGE_CURVE('',#8044,#8042,#8045,.T.);
#6416=EDGE_CURVE('',#8040,#8044,#8046,.T.);
#6417=EDGE_CURVE('',#8047,#8048,#8049,.T.);
#6418=EDGE_CURVE('',#8050,#8047,#8051,.T.);
#6419=EDGE_CURVE('',#8052,#8050,#8053,.T.);
#6420=EDGE_CURVE('',#8048,#8052,#8054,.T.);
#6421=EDGE_CURVE('',#8055,#8056,#8057,.T.);
#6422=EDGE_CURVE('',#8058,#8055,#8059,.T.);
#6423=EDGE_CURVE('',#8060,#8058,#8061,.T.);
#6424=EDGE_CURVE('',#8056,#8060,#8062,.T.);
#6425=EDGE_CURVE('',#7073,#8063,#8064,.T.);
#6426=EDGE_CURVE('',#7071,#8065,#8066,.T.);
#6427=EDGE_CURVE('',#8065,#8063,#8067,.T.);
#6428=EDGE_CURVE('',#7185,#8068,#8069,.T.);
#6429=EDGE_CURVE('',#7183,#8070,#8071,.T.);
#6430=EDGE_CURVE('',#8070,#8068,#8072,.T.);
#6431=EDGE_CURVE('',#7972,#8073,#8074,.T.);
#6432=EDGE_CURVE('',#8075,#8073,#8076,.T.);
#6433=EDGE_CURVE('',#7968,#8075,#8077,.T.);
#6434=EDGE_CURVE('',#8078,#8075,#8079,.T.);
#6435=EDGE_CURVE('',#7967,#8078,#8080,.T.);
#6436=EDGE_CURVE('',#8081,#8078,#8082,.T.);
#6437=EDGE_CURVE('',#7970,#8081,#8083,.T.);
#6438=EDGE_CURVE('',#8073,#8081,#8084,.T.);
#6439=EDGE_CURVE('',#7980,#8085,#8086,.T.);
#6440=EDGE_CURVE('',#8087,#8085,#8088,.T.);
#6441=EDGE_CURVE('',#7976,#8087,#8089,.T.);
#6442=EDGE_CURVE('',#8090,#8087,#8091,.T.);
#6443=EDGE_CURVE('',#7975,#8090,#8092,.T.);
#6444=EDGE_CURVE('',#8093,#8090,#8094,.T.);
#6445=EDGE_CURVE('',#7978,#8093,#8095,.T.);
#6446=EDGE_CURVE('',#8085,#8093,#8096,.T.);
#6447=EDGE_CURVE('',#7988,#8097,#8098,.T.);
#6448=EDGE_CURVE('',#8099,#8097,#8100,.T.);
#6449=EDGE_CURVE('',#7984,#8099,#8101,.T.);
#6450=EDGE_CURVE('',#8102,#8099,#8103,.T.);
#6451=EDGE_CURVE('',#7983,#8102,#8104,.T.);
#6452=EDGE_CURVE('',#8105,#8102,#8106,.T.);
#6453=EDGE_CURVE('',#7986,#8105,#8107,.T.);
#6454=EDGE_CURVE('',#8097,#8105,#8108,.T.);
#6455=EDGE_CURVE('',#7996,#8109,#8110,.T.);
#6456=EDGE_CURVE('',#8111,#8109,#8112,.T.);
#6457=EDGE_CURVE('',#7992,#8111,#8113,.T.);
#6458=EDGE_CURVE('',#8114,#8111,#8115,.T.);
#6459=EDGE_CURVE('',#7991,#8114,#8116,.T.);
#6460=EDGE_CURVE('',#8117,#8114,#8118,.T.);
#6461=EDGE_CURVE('',#7994,#8117,#8119,.T.);
#6462=EDGE_CURVE('',#8109,#8117,#8120,.T.);
#6463=EDGE_CURVE('',#8004,#8121,#8122,.T.);
#6464=EDGE_CURVE('',#8123,#8121,#8124,.T.);
#6465=EDGE_CURVE('',#8000,#8123,#8125,.T.);
#6466=EDGE_CURVE('',#8126,#8123,#8127,.T.);
#6467=EDGE_CURVE('',#7999,#8126,#8128,.T.);
#6468=EDGE_CURVE('',#8129,#8126,#8130,.T.);
#6469=EDGE_CURVE('',#8002,#8129,#8131,.T.);
#6470=EDGE_CURVE('',#8121,#8129,#8132,.T.);
#6471=EDGE_CURVE('',#8012,#8133,#8134,.T.);
#6472=EDGE_CURVE('',#8135,#8133,#8136,.T.);
#6473=EDGE_CURVE('',#8008,#8135,#8137,.T.);
#6474=EDGE_CURVE('',#8138,#8135,#8139,.T.);
#6475=EDGE_CURVE('',#8007,#8138,#8140,.T.);
#6476=EDGE_CURVE('',#8141,#8138,#8142,.T.);
#6477=EDGE_CURVE('',#8010,#8141,#8143,.T.);
#6478=EDGE_CURVE('',#8133,#8141,#8144,.T.);
#6479=EDGE_CURVE('',#8020,#8145,#8146,.T.);
#6480=EDGE_CURVE('',#8147,#8145,#8148,.T.);
#6481=EDGE_CURVE('',#8016,#8147,#8149,.T.);
#6482=EDGE_CURVE('',#8150,#8147,#8151,.T.);
#6483=EDGE_CURVE('',#8015,#8150,#8152,.T.);
#6484=EDGE_CURVE('',#8153,#8150,#8154,.T.);
#6485=EDGE_CURVE('',#8018,#8153,#8155,.T.);
#6486=EDGE_CURVE('',#8145,#8153,#8156,.T.);
#6487=EDGE_CURVE('',#8028,#8157,#8158,.T.);
#6488=EDGE_CURVE('',#8159,#8157,#8160,.T.);
#6489=EDGE_CURVE('',#8024,#8159,#8161,.T.);
#6490=EDGE_CURVE('',#8162,#8159,#8163,.T.);
#6491=EDGE_CURVE('',#8023,#8162,#8164,.T.);
#6492=EDGE_CURVE('',#8165,#8162,#8166,.T.);
#6493=EDGE_CURVE('',#8026,#8165,#8167,.T.);
#6494=EDGE_CURVE('',#8157,#8165,#8168,.T.);
#6495=EDGE_CURVE('',#8036,#8169,#8170,.T.);
#6496=EDGE_CURVE('',#8171,#8169,#8172,.T.);
#6497=EDGE_CURVE('',#8032,#8171,#8173,.T.);
#6498=EDGE_CURVE('',#8174,#8171,#8175,.T.);
#6499=EDGE_CURVE('',#8031,#8174,#8176,.T.);
#6500=EDGE_CURVE('',#8177,#8174,#8178,.T.);
#6501=EDGE_CURVE('',#8034,#8177,#8179,.T.);
#6502=EDGE_CURVE('',#8169,#8177,#8180,.T.);
#6503=EDGE_CURVE('',#8044,#8181,#8182,.T.);
#6504=EDGE_CURVE('',#8183,#8181,#8184,.T.);
#6505=EDGE_CURVE('',#8040,#8183,#8185,.T.);
#6506=EDGE_CURVE('',#8186,#8183,#8187,.T.);
#6507=EDGE_CURVE('',#8039,#8186,#8188,.T.);
#6508=EDGE_CURVE('',#8189,#8186,#8190,.T.);
#6509=EDGE_CURVE('',#8042,#8189,#8191,.T.);
#6510=EDGE_CURVE('',#8181,#8189,#8192,.T.);
#6511=EDGE_CURVE('',#8052,#8193,#8194,.T.);
#6512=EDGE_CURVE('',#8195,#8193,#8196,.T.);
#6513=EDGE_CURVE('',#8048,#8195,#8197,.T.);
#6514=EDGE_CURVE('',#8198,#8195,#8199,.T.);
#6515=EDGE_CURVE('',#8047,#8198,#8200,.T.);
#6516=EDGE_CURVE('',#8201,#8198,#8202,.T.);
#6517=EDGE_CURVE('',#8050,#8201,#8203,.T.);
#6518=EDGE_CURVE('',#8193,#8201,#8204,.T.);
#6519=EDGE_CURVE('',#8060,#8205,#8206,.T.);
#6520=EDGE_CURVE('',#8207,#8205,#8208,.T.);
#6521=EDGE_CURVE('',#8056,#8207,#8209,.T.);
#6522=EDGE_CURVE('',#8210,#8207,#8211,.T.);
#6523=EDGE_CURVE('',#8055,#8210,#8212,.T.);
#6524=EDGE_CURVE('',#8213,#8210,#8214,.T.);
#6525=EDGE_CURVE('',#8058,#8213,#8215,.T.);
#6526=EDGE_CURVE('',#8205,#8213,#8216,.T.);
#6527=EDGE_CURVE('',#8217,#7595,#8218,.T.);
#6528=EDGE_CURVE('',#8217,#8219,#8220,.T.);
#6529=EDGE_CURVE('',#8219,#8221,#8222,.T.);
#6530=EDGE_CURVE('',#8221,#8223,#8224,.T.);
#6531=EDGE_CURVE('',#8223,#8225,#8226,.T.);
#6532=EDGE_CURVE('',#7893,#8225,#8227,.T.);
#6533=EDGE_CURVE('',#7001,#8228,#8229,.T.);
#6534=EDGE_CURVE('',#7964,#8230,#8231,.T.);
#6535=EDGE_CURVE('',#8230,#8232,#8233,.T.);
#6536=EDGE_CURVE('',#8234,#8232,#8235,.T.);
#6537=EDGE_CURVE('',#8234,#8236,#8237,.T.);
#6538=EDGE_CURVE('',#8228,#8236,#8238,.T.);
#6539=EDGE_CURVE('',#7895,#8225,#8239,.T.);
#6540=EDGE_CURVE('',#8240,#7181,#8241,.T.);
#6541=EDGE_CURVE('',#8242,#8240,#8243,.T.);
#6542=EDGE_CURVE('',#8070,#8242,#8244,.T.);
#6543=EDGE_CURVE('',#7897,#8223,#8245,.T.);
#6544=EDGE_CURVE('',#8240,#8246,#8247,.T.);
#6545=EDGE_CURVE('',#8248,#8246,#8249,.T.);
#6546=EDGE_CURVE('',#8248,#8242,#8250,.T.);
#6547=EDGE_CURVE('',#8251,#8221,#8252,.T.);
#6548=EDGE_CURVE('',#8251,#8248,#8253,.T.);
#6549=EDGE_CURVE('',#8246,#7179,#8254,.T.);
#6550=EDGE_CURVE('',#8065,#8255,#8256,.T.);
#6551=EDGE_CURVE('',#8257,#8255,#8258,.T.);
#6552=EDGE_CURVE('',#8257,#8259,#8260,.T.);
#6553=EDGE_CURVE('',#8261,#8259,#8262,.T.);
#6554=EDGE_CURVE('',#8063,#8261,#8263,.T.);
#6555=EDGE_CURVE('',#8264,#8251,#8265,.T.);
#6556=EDGE_CURVE('',#8068,#8264,#8266,.T.);
#6557=EDGE_CURVE('',#7962,#8230,#8267,.T.);
#6558=EDGE_CURVE('',#8261,#8268,#8269,.T.);
#6559=EDGE_CURVE('',#8268,#7075,#8270,.T.);
#6560=EDGE_CURVE('',#7960,#8232,#8271,.T.);
#6561=EDGE_CURVE('',#8259,#8272,#8273,.T.);
#6562=EDGE_CURVE('',#8272,#8268,#8274,.T.);
#6563=EDGE_CURVE('',#8272,#7077,#8275,.T.);
#6564=EDGE_CURVE('',#8257,#8234,#8276,.T.);
#6565=EDGE_CURVE('',#8255,#8236,#8277,.T.);
#6566=EDGE_CURVE('',#7069,#8278,#8279,.T.);
#6567=EDGE_CURVE('',#8278,#8228,#8280,.T.);
#6568=EDGE_CURVE('',#8281,#7593,#8282,.T.);
#6569=EDGE_CURVE('',#8281,#8217,#8283,.T.);
#6570=EDGE_CURVE('',#7003,#8278,#8284,.T.);
#6571=EDGE_CURVE('',#8264,#8219,#8285,.T.);
#6572=EDGE_CURVE('',#7187,#8281,#8286,.T.);
#6573=EDGE_CURVE('',#7957,#8287,#8288,.T.);
#6574=EDGE_CURVE('',#8287,#7083,#8289,.T.);
#6575=EDGE_CURVE('',#8290,#8287,#8291,.T.);
#6576=EDGE_CURVE('',#8290,#7085,#8292,.T.);
#6577=EDGE_CURVE('',#7955,#8290,#8293,.T.);
#6578=EDGE_CURVE('',#7952,#8294,#8295,.T.);
#6579=EDGE_CURVE('',#8294,#7091,#8296,.T.);
#6580=EDGE_CURVE('',#8297,#8294,#8298,.T.);
#6581=EDGE_CURVE('',#8297,#7093,#8299,.T.);
#6582=EDGE_CURVE('',#7950,#8297,#8300,.T.);
#6583=EDGE_CURVE('',#7947,#8301,#8302,.T.);
#6584=EDGE_CURVE('',#8301,#7099,#8303,.T.);
#6585=EDGE_CURVE('',#8304,#8301,#8305,.T.);
#6586=EDGE_CURVE('',#8304,#7101,#8306,.T.);
#6587=EDGE_CURVE('',#7945,#8304,#8307,.T.);
#6588=EDGE_CURVE('',#8308,#7942,#8309,.T.);
#6589=EDGE_CURVE('',#8310,#8308,#8311,.T.);
#6590=EDGE_CURVE('',#7107,#8310,#8312,.T.);
#6591=EDGE_CURVE('',#8310,#8313,#8314,.T.);
#6592=EDGE_CURVE('',#7109,#8313,#8315,.T.);
#6593=EDGE_CURVE('',#8313,#8316,#8317,.T.);
#6594=EDGE_CURVE('',#8316,#7940,#8318,.T.);
#6595=EDGE_CURVE('',#8308,#8316,#8319,.T.);
#6596=EDGE_CURVE('',#7937,#8320,#8321,.T.);
#6597=EDGE_CURVE('',#8320,#7115,#8322,.T.);
#6598=EDGE_CURVE('',#8323,#8320,#8324,.T.);
#6599=EDGE_CURVE('',#8323,#7117,#8325,.T.);
#6600=EDGE_CURVE('',#7935,#8323,#8326,.T.);
#6601=EDGE_CURVE('',#7932,#8327,#8328,.T.);
#6602=EDGE_CURVE('',#8327,#7123,#8329,.T.);
#6603=EDGE_CURVE('',#8330,#8327,#8331,.T.);
#6604=EDGE_CURVE('',#8330,#7125,#8332,.T.);
#6605=EDGE_CURVE('',#7930,#8330,#8333,.T.);
#6606=EDGE_CURVE('',#7927,#8334,#8335,.T.);
#6607=EDGE_CURVE('',#8334,#7131,#8336,.T.);
#6608=EDGE_CURVE('',#8337,#8334,#8338,.T.);
#6609=EDGE_CURVE('',#8337,#7133,#8339,.T.);
#6610=EDGE_CURVE('',#7925,#8337,#8340,.T.);
#6611=EDGE_CURVE('',#7922,#8341,#8342,.T.);
#6612=EDGE_CURVE('',#8341,#7139,#8343,.T.);
#6613=EDGE_CURVE('',#8344,#8341,#8345,.T.);
#6614=EDGE_CURVE('',#8344,#7141,#8346,.T.);
#6615=EDGE_CURVE('',#7920,#8344,#8347,.T.);
#6616=EDGE_CURVE('',#8348,#7917,#8349,.T.);
#6617=EDGE_CURVE('',#8350,#8348,#8351,.T.);
#6618=EDGE_CURVE('',#7147,#8350,#8352,.T.);
#6619=EDGE_CURVE('',#8350,#8353,#8354,.T.);
#6620=EDGE_CURVE('',#7149,#8353,#8355,.T.);
#6621=EDGE_CURVE('',#8353,#8356,#8357,.T.);
#6622=EDGE_CURVE('',#8356,#7915,#8358,.T.);
#6623=EDGE_CURVE('',#8348,#8356,#8359,.T.);
#6624=EDGE_CURVE('',#7912,#8360,#8361,.T.);
#6625=EDGE_CURVE('',#8360,#7155,#8362,.T.);
#6626=EDGE_CURVE('',#8363,#8360,#8364,.T.);
#6627=EDGE_CURVE('',#8363,#7157,#8365,.T.);
#6628=EDGE_CURVE('',#7910,#8363,#8366,.T.);
#6629=EDGE_CURVE('',#7907,#8367,#8368,.T.);
#6630=EDGE_CURVE('',#8367,#7163,#8369,.T.);
#6631=EDGE_CURVE('',#8370,#8367,#8371,.T.);
#6632=EDGE_CURVE('',#8370,#7165,#8372,.T.);
#6633=EDGE_CURVE('',#7905,#8370,#8373,.T.);
#6634=EDGE_CURVE('',#7902,#8374,#8375,.T.);
#6635=EDGE_CURVE('',#8374,#7171,#8376,.T.);
#6636=EDGE_CURVE('',#8377,#8374,#8378,.T.);
#6637=EDGE_CURVE('',#8377,#7173,#8379,.T.);
#6638=EDGE_CURVE('',#7900,#8377,#8380,.T.);
#6639=EDGE_CURVE('',#6995,#8381,#8382,.T.);
#6640=EDGE_CURVE('',#8381,#7821,#8383,.T.);
#6641=EDGE_CURVE('',#7825,#8384,#8385,.T.);
#6642=EDGE_CURVE('',#8384,#8386,#8387,.T.);
#6643=EDGE_CURVE('',#7827,#8386,#8388,.T.);
#6644=EDGE_CURVE('',#7831,#8389,#8390,.T.);
#6645=EDGE_CURVE('',#8389,#8391,#8392,.T.);
#6646=EDGE_CURVE('',#7833,#8391,#8393,.T.);
#6647=EDGE_CURVE('',#7837,#8394,#8395,.T.);
#6648=EDGE_CURVE('',#8394,#8396,#8397,.T.);
#6649=EDGE_CURVE('',#7839,#8396,#8398,.T.);
#6650=EDGE_CURVE('',#7843,#8399,#8400,.T.);
#6651=EDGE_CURVE('',#8399,#8401,#8402,.T.);
#6652=EDGE_CURVE('',#7845,#8401,#8403,.T.);
#6653=EDGE_CURVE('',#7849,#8404,#8405,.T.);
#6654=EDGE_CURVE('',#8404,#8406,#8407,.T.);
#6655=EDGE_CURVE('',#7851,#8406,#8408,.T.);
#6656=EDGE_CURVE('',#7855,#8409,#8410,.T.);
#6657=EDGE_CURVE('',#8409,#8411,#8412,.T.);
#6658=EDGE_CURVE('',#7857,#8411,#8413,.T.);
#6659=EDGE_CURVE('',#7861,#8414,#8415,.T.);
#6660=EDGE_CURVE('',#8414,#8416,#8417,.T.);
#6661=EDGE_CURVE('',#7863,#8416,#8418,.T.);
#6662=EDGE_CURVE('',#7867,#8419,#8420,.T.);
#6663=EDGE_CURVE('',#8419,#8421,#8422,.T.);
#6664=EDGE_CURVE('',#7869,#8421,#8423,.T.);
#6665=EDGE_CURVE('',#7873,#8424,#8425,.T.);
#6666=EDGE_CURVE('',#8424,#8426,#8427,.T.);
#6667=EDGE_CURVE('',#7875,#8426,#8428,.T.);
#6668=EDGE_CURVE('',#7879,#8429,#8430,.T.);
#6669=EDGE_CURVE('',#8429,#8431,#8432,.T.);
#6670=EDGE_CURVE('',#7881,#8431,#8433,.T.);
#6671=EDGE_CURVE('',#8434,#8435,#8436,.T.);
#6672=EDGE_CURVE('',#8437,#8435,#8438,.T.);
#6673=EDGE_CURVE('',#8437,#7601,#8439,.T.);
#6674=EDGE_CURVE('',#7890,#8434,#8440,.T.);
#6675=EDGE_CURVE('',#7885,#8441,#8442,.T.);
#6676=EDGE_CURVE('',#8441,#8443,#8444,.T.);
#6677=EDGE_CURVE('',#7887,#8443,#8445,.T.);
#6678=EDGE_CURVE('',#8381,#7785,#8446,.T.);
#6679=EDGE_CURVE('',#8437,#7788,#8447,.T.);
#6680=EDGE_CURVE('',#7790,#8435,#8448,.T.);
#6681=EDGE_CURVE('',#8384,#7771,#8449,.T.);
#6682=EDGE_CURVE('',#7769,#8386,#8450,.T.);
#6683=EDGE_CURVE('',#8389,#7755,#8451,.T.);
#6684=EDGE_CURVE('',#7753,#8391,#8452,.T.);
#6685=EDGE_CURVE('',#8394,#7739,#8453,.T.);
#6686=EDGE_CURVE('',#7737,#8396,#8454,.T.);
#6687=EDGE_CURVE('',#8399,#7723,#8455,.T.);
#6688=EDGE_CURVE('',#7721,#8401,#8456,.T.);
#6689=EDGE_CURVE('',#8404,#7707,#8457,.T.);
#6690=EDGE_CURVE('',#7705,#8406,#8458,.T.);
#6691=EDGE_CURVE('',#8409,#7691,#8459,.T.);
#6692=EDGE_CURVE('',#7689,#8411,#8460,.T.);
#6693=EDGE_CURVE('',#8414,#7675,#8461,.T.);
#6694=EDGE_CURVE('',#7673,#8416,#8462,.T.);
#6695=EDGE_CURVE('',#8419,#7659,#8463,.T.);
#6696=EDGE_CURVE('',#7657,#8421,#8464,.T.);
#6697=EDGE_CURVE('',#8424,#7643,#8465,.T.);
#6698=EDGE_CURVE('',#7641,#8426,#8466,.T.);
#6699=EDGE_CURVE('',#8429,#7627,#8467,.T.);
#6700=EDGE_CURVE('',#7625,#8431,#8468,.T.);
#6701=EDGE_CURVE('',#7792,#8434,#8469,.T.);
#6702=EDGE_CURVE('',#7611,#8441,#8470,.T.);
#6703=EDGE_CURVE('',#7609,#8443,#8471,.T.);
#6704=EDGE_CURVE('',#8472,#8473,#8474,.T.);
#6705=EDGE_CURVE('',#8475,#8473,#8476,.T.);
#6706=EDGE_CURVE('',#7615,#8475,#8477,.T.);
#6707=EDGE_CURVE('',#7621,#8478,#8479,.T.);
#6708=EDGE_CURVE('',#8472,#8478,#8480,.T.);
#6709=EDGE_CURVE('',#8481,#8482,#8483,.T.);
#6710=EDGE_CURVE('',#8472,#8481,#8484,.T.);
#6711=EDGE_CURVE('',#8482,#8478,#8485,.T.);
#6712=EDGE_CURVE('',#8486,#7619,#8487,.T.);
#6713=EDGE_CURVE('',#8482,#8486,#8488,.T.);
#6714=EDGE_CURVE('',#8486,#8489,#8490,.T.);
#6715=EDGE_CURVE('',#8491,#8489,#8492,.T.);
#6716=EDGE_CURVE('',#8491,#8493,#8494,.T.);
#6717=EDGE_CURVE('',#8481,#8493,#8495,.T.);
#6718=EDGE_CURVE('',#8473,#8493,#8496,.T.);
#6719=EDGE_CURVE('',#8491,#8475,#8497,.T.);
#6720=EDGE_CURVE('',#8489,#7617,#8498,.T.);
#6721=EDGE_CURVE('',#8499,#8500,#8501,.T.);
#6722=EDGE_CURVE('',#8502,#8500,#8503,.T.);
#6723=EDGE_CURVE('',#7631,#8502,#8504,.T.);
#6724=EDGE_CURVE('',#7637,#8505,#8506,.T.);
#6725=EDGE_CURVE('',#8499,#8505,#8507,.T.);
#6726=EDGE_CURVE('',#8508,#8509,#8510,.T.);
#6727=EDGE_CURVE('',#8499,#8508,#8511,.T.);
#6728=EDGE_CURVE('',#8509,#8505,#8512,.T.);
#6729=EDGE_CURVE('',#8513,#7635,#8514,.T.);
#6730=EDGE_CURVE('',#8509,#8513,#8515,.T.);
#6731=EDGE_CURVE('',#8513,#8516,#8517,.T.);
#6732=EDGE_CURVE('',#8518,#8516,#8519,.T.);
#6733=EDGE_CURVE('',#8518,#8520,#8521,.T.);
#6734=EDGE_CURVE('',#8508,#8520,#8522,.T.);
#6735=EDGE_CURVE('',#8500,#8520,#8523,.T.);
#6736=EDGE_CURVE('',#8518,#8502,#8524,.T.);
#6737=EDGE_CURVE('',#8516,#7633,#8525,.T.);
#6738=EDGE_CURVE('',#8526,#8527,#8528,.T.);
#6739=EDGE_CURVE('',#8529,#8527,#8530,.T.);
#6740=EDGE_CURVE('',#7647,#8529,#8531,.T.);
#6741=EDGE_CURVE('',#7653,#8532,#8533,.T.);
#6742=EDGE_CURVE('',#8526,#8532,#8534,.T.);
#6743=EDGE_CURVE('',#8535,#8536,#8537,.T.);
#6744=EDGE_CURVE('',#8526,#8535,#8538,.T.);
#6745=EDGE_CURVE('',#8536,#8532,#8539,.T.);
#6746=EDGE_CURVE('',#8540,#7651,#8541,.T.);
#6747=EDGE_CURVE('',#8536,#8540,#8542,.T.);
#6748=EDGE_CURVE('',#8540,#8543,#8544,.T.);
#6749=EDGE_CURVE('',#8545,#8543,#8546,.T.);
#6750=EDGE_CURVE('',#8545,#8547,#8548,.T.);
#6751=EDGE_CURVE('',#8535,#8547,#8549,.T.);
#6752=EDGE_CURVE('',#8527,#8547,#8550,.T.);
#6753=EDGE_CURVE('',#8545,#8529,#8551,.T.);
#6754=EDGE_CURVE('',#8543,#7649,#8552,.T.);
#6755=EDGE_CURVE('',#8553,#8554,#8555,.T.);
#6756=EDGE_CURVE('',#8556,#8554,#8557,.T.);
#6757=EDGE_CURVE('',#7663,#8556,#8558,.T.);
#6758=EDGE_CURVE('',#7669,#8559,#8560,.T.);
#6759=EDGE_CURVE('',#8553,#8559,#8561,.T.);
#6760=EDGE_CURVE('',#8562,#8563,#8564,.T.);
#6761=EDGE_CURVE('',#8553,#8562,#8565,.T.);
#6762=EDGE_CURVE('',#8563,#8559,#8566,.T.);
#6763=EDGE_CURVE('',#8567,#7667,#8568,.T.);
#6764=EDGE_CURVE('',#8563,#8567,#8569,.T.);
#6765=EDGE_CURVE('',#8567,#8570,#8571,.T.);
#6766=EDGE_CURVE('',#8572,#8570,#8573,.T.);
#6767=EDGE_CURVE('',#8572,#8574,#8575,.T.);
#6768=EDGE_CURVE('',#8562,#8574,#8576,.T.);
#6769=EDGE_CURVE('',#8554,#8574,#8577,.T.);
#6770=EDGE_CURVE('',#8572,#8556,#8578,.T.);
#6771=EDGE_CURVE('',#8570,#7665,#8579,.T.);
#6772=EDGE_CURVE('',#8580,#8581,#8582,.T.);
#6773=EDGE_CURVE('',#8583,#8581,#8584,.T.);
#6774=EDGE_CURVE('',#7679,#8583,#8585,.T.);
#6775=EDGE_CURVE('',#7685,#8586,#8587,.T.);
#6776=EDGE_CURVE('',#8580,#8586,#8588,.T.);
#6777=EDGE_CURVE('',#8589,#8590,#8591,.T.);
#6778=EDGE_CURVE('',#8580,#8589,#8592,.T.);
#6779=EDGE_CURVE('',#8590,#8586,#8593,.T.);
#6780=EDGE_CURVE('',#8594,#7683,#8595,.T.);
#6781=EDGE_CURVE('',#8590,#8594,#8596,.T.);
#6782=EDGE_CURVE('',#8594,#8597,#8598,.T.);
#6783=EDGE_CURVE('',#8599,#8597,#8600,.T.);
#6784=EDGE_CURVE('',#8599,#8601,#8602,.T.);
#6785=EDGE_CURVE('',#8589,#8601,#8603,.T.);
#6786=EDGE_CURVE('',#8581,#8601,#8604,.T.);
#6787=EDGE_CURVE('',#8599,#8583,#8605,.T.);
#6788=EDGE_CURVE('',#8597,#7681,#8606,.T.);
#6789=EDGE_CURVE('',#8607,#8608,#8609,.T.);
#6790=EDGE_CURVE('',#8610,#8608,#8611,.T.);
#6791=EDGE_CURVE('',#7695,#8610,#8612,.T.);
#6792=EDGE_CURVE('',#7701,#8613,#8614,.T.);
#6793=EDGE_CURVE('',#8607,#8613,#8615,.T.);
#6794=EDGE_CURVE('',#8616,#8617,#8618,.T.);
#6795=EDGE_CURVE('',#8607,#8616,#8619,.T.);
#6796=EDGE_CURVE('',#8617,#8613,#8620,.T.);
#6797=EDGE_CURVE('',#8621,#7699,#8622,.T.);
#6798=EDGE_CURVE('',#8617,#8621,#8623,.T.);
#6799=EDGE_CURVE('',#8621,#8624,#8625,.T.);
#6800=EDGE_CURVE('',#8626,#8624,#8627,.T.);
#6801=EDGE_CURVE('',#8626,#8628,#8629,.T.);
#6802=EDGE_CURVE('',#8616,#8628,#8630,.T.);
#6803=EDGE_CURVE('',#8608,#8628,#8631,.T.);
#6804=EDGE_CURVE('',#8626,#8610,#8632,.T.);
#6805=EDGE_CURVE('',#8624,#7697,#8633,.T.);
#6806=EDGE_CURVE('',#8634,#8635,#8636,.T.);
#6807=EDGE_CURVE('',#8637,#8635,#8638,.T.);
#6808=EDGE_CURVE('',#7711,#8637,#8639,.T.);
#6809=EDGE_CURVE('',#7717,#8640,#8641,.T.);
#6810=EDGE_CURVE('',#8634,#8640,#8642,.T.);
#6811=EDGE_CURVE('',#8643,#8644,#8645,.T.);
#6812=EDGE_CURVE('',#8634,#8643,#8646,.T.);
#6813=EDGE_CURVE('',#8644,#8640,#8647,.T.);
#6814=EDGE_CURVE('',#8648,#7715,#8649,.T.);
#6815=EDGE_CURVE('',#8644,#8648,#8650,.T.);
#6816=EDGE_CURVE('',#8648,#8651,#8652,.T.);
#6817=EDGE_CURVE('',#8653,#8651,#8654,.T.);
#6818=EDGE_CURVE('',#8653,#8655,#8656,.T.);
#6819=EDGE_CURVE('',#8643,#8655,#8657,.T.);
#6820=EDGE_CURVE('',#8635,#8655,#8658,.T.);
#6821=EDGE_CURVE('',#8653,#8637,#8659,.T.);
#6822=EDGE_CURVE('',#8651,#7713,#8660,.T.);
#6823=EDGE_CURVE('',#8661,#8662,#8663,.T.);
#6824=EDGE_CURVE('',#8664,#8662,#8665,.T.);
#6825=EDGE_CURVE('',#7727,#8664,#8666,.T.);
#6826=EDGE_CURVE('',#7733,#8667,#8668,.T.);
#6827=EDGE_CURVE('',#8661,#8667,#8669,.T.);
#6828=EDGE_CURVE('',#8670,#8671,#8672,.T.);
#6829=EDGE_CURVE('',#8661,#8670,#8673,.T.);
#6830=EDGE_CURVE('',#8671,#8667,#8674,.T.);
#6831=EDGE_CURVE('',#8675,#7731,#8676,.T.);
#6832=EDGE_CURVE('',#8671,#8675,#8677,.T.);
#6833=EDGE_CURVE('',#8675,#8678,#8679,.T.);
#6834=EDGE_CURVE('',#8680,#8678,#8681,.T.);
#6835=EDGE_CURVE('',#8680,#8682,#8683,.T.);
#6836=EDGE_CURVE('',#8670,#8682,#8684,.T.);
#6837=EDGE_CURVE('',#8662,#8682,#8685,.T.);
#6838=EDGE_CURVE('',#8680,#8664,#8686,.T.);
#6839=EDGE_CURVE('',#8678,#7729,#8687,.T.);
#6840=EDGE_CURVE('',#8688,#8689,#8690,.T.);
#6841=EDGE_CURVE('',#8691,#8689,#8692,.T.);
#6842=EDGE_CURVE('',#7743,#8691,#8693,.T.);
#6843=EDGE_CURVE('',#7749,#8694,#8695,.T.);
#6844=EDGE_CURVE('',#8688,#8694,#8696,.T.);
#6845=EDGE_CURVE('',#8697,#8698,#8699,.T.);
#6846=EDGE_CURVE('',#8688,#8697,#8700,.T.);
#6847=EDGE_CURVE('',#8698,#8694,#8701,.T.);
#6848=EDGE_CURVE('',#8702,#7747,#8703,.T.);
#6849=EDGE_CURVE('',#8698,#8702,#8704,.T.);
#6850=EDGE_CURVE('',#8702,#8705,#8706,.T.);
#6851=EDGE_CURVE('',#8707,#8705,#8708,.T.);
#6852=EDGE_CURVE('',#8707,#8709,#8710,.T.);
#6853=EDGE_CURVE('',#8697,#8709,#8711,.T.);
#6854=EDGE_CURVE('',#8689,#8709,#8712,.T.);
#6855=EDGE_CURVE('',#8707,#8691,#8713,.T.);
#6856=EDGE_CURVE('',#8705,#7745,#8714,.T.);
#6857=EDGE_CURVE('',#8715,#8716,#8717,.T.);
#6858=EDGE_CURVE('',#8718,#8716,#8719,.T.);
#6859=EDGE_CURVE('',#7759,#8718,#8720,.T.);
#6860=EDGE_CURVE('',#7765,#8721,#8722,.T.);
#6861=EDGE_CURVE('',#8715,#8721,#8723,.T.);
#6862=EDGE_CURVE('',#8724,#8725,#8726,.T.);
#6863=EDGE_CURVE('',#8715,#8724,#8727,.T.);
#6864=EDGE_CURVE('',#8725,#8721,#8728,.T.);
#6865=EDGE_CURVE('',#8729,#7763,#8730,.T.);
#6866=EDGE_CURVE('',#8725,#8729,#8731,.T.);
#6867=EDGE_CURVE('',#8729,#8732,#8733,.T.);
#6868=EDGE_CURVE('',#8734,#8732,#8735,.T.);
#6869=EDGE_CURVE('',#8734,#8736,#8737,.T.);
#6870=EDGE_CURVE('',#8724,#8736,#8738,.T.);
#6871=EDGE_CURVE('',#8716,#8736,#8739,.T.);
#6872=EDGE_CURVE('',#8734,#8718,#8740,.T.);
#6873=EDGE_CURVE('',#8732,#7761,#8741,.T.);
#6874=EDGE_CURVE('',#8742,#8743,#8744,.T.);
#6875=EDGE_CURVE('',#8745,#8743,#8746,.T.);
#6876=EDGE_CURVE('',#7775,#8745,#8747,.T.);
#6877=EDGE_CURVE('',#7781,#8748,#8749,.T.);
#6878=EDGE_CURVE('',#8742,#8748,#8750,.T.);
#6879=EDGE_CURVE('',#8751,#8752,#8753,.T.);
#6880=EDGE_CURVE('',#8742,#8751,#8754,.T.);
#6881=EDGE_CURVE('',#8752,#8748,#8755,.T.);
#6882=EDGE_CURVE('',#8756,#7779,#8757,.T.);
#6883=EDGE_CURVE('',#8752,#8756,#8758,.T.);
#6884=EDGE_CURVE('',#8756,#8759,#8760,.T.);
#6885=EDGE_CURVE('',#8761,#8759,#8762,.T.);
#6886=EDGE_CURVE('',#8761,#8763,#8764,.T.);
#6887=EDGE_CURVE('',#8751,#8763,#8765,.T.);
#6888=EDGE_CURVE('',#8743,#8763,#8766,.T.);
#6889=EDGE_CURVE('',#8761,#8745,#8767,.T.);
#6890=EDGE_CURVE('',#8759,#7777,#8768,.T.);
#6891=EDGE_CURVE('',#8769,#8770,#8771,.T.);
#6892=EDGE_CURVE('',#8770,#7798,#8772,.T.);
#6893=EDGE_CURVE('',#8769,#7817,#8773,.T.);
#6894=EDGE_CURVE('',#7815,#8774,#8775,.T.);
#6895=EDGE_CURVE('',#8769,#8774,#8776,.T.);
#6896=EDGE_CURVE('',#7805,#8770,#8777,.T.);
#6897=EDGE_CURVE('',#7810,#8774,#8778,.T.);
#6898=EDGE_CURVE('',#7034,#8779,#8780,.T.);
#6899=EDGE_CURVE('',#8779,#7009,#8781,.T.);
#6900=EDGE_CURVE('',#8779,#7032,#8782,.T.);
#6901=EDGE_CURVE('',#7042,#8783,#8784,.T.);
#6902=EDGE_CURVE('',#8783,#8785,#8786,.T.);
#6903=EDGE_CURVE('',#7036,#8785,#8787,.T.);
#6904=EDGE_CURVE('',#8785,#7038,#8788,.T.);
#6905=EDGE_CURVE('',#8783,#7040,#8789,.T.);
#6906=EDGE_CURVE('',#7050,#8790,#8791,.T.);
#6907=EDGE_CURVE('',#8790,#8792,#8793,.T.);
#6908=EDGE_CURVE('',#7044,#8792,#8794,.T.);
#6909=EDGE_CURVE('',#8792,#7046,#8795,.T.);
#6910=EDGE_CURVE('',#8790,#7048,#8796,.T.);
#6911=EDGE_CURVE('',#7054,#7062,#8797,.T.);
#6912=CARTESIAN_POINT('',(-21.7932,4.064,-9.674));
#6913=DIRECTION('',(0.0,-1.0,0.0));
#6914=DIRECTION('',(0.0,0.0,1.0));
#6915=CARTESIAN_POINT('',(-21.7932,4.064,-9.674));
#6916=DIRECTION('',(0.0,-1.0,0.0));
#6917=DIRECTION('',(0.0,0.0,-1.0));
#6918=CARTESIAN_POINT('',(-17.8332,4.064,-9.674));
#6919=DIRECTION('',(0.0,-1.0,0.0));
#6920=DIRECTION('',(0.0,0.0,1.0));
#6921=CARTESIAN_POINT('',(-17.8332,4.064,-9.674));
#6922=DIRECTION('',(0.0,-1.0,0.0));
#6923=DIRECTION('',(0.0,0.0,-1.0));
#6924=CARTESIAN_POINT('',(-13.8732,4.064,-9.674));
#6925=DIRECTION('',(0.0,-1.0,0.0));
#6926=DIRECTION('',(0.0,0.0,1.0));
#6927=CARTESIAN_POINT('',(-13.8732,4.064,-9.674));
#6928=DIRECTION('',(0.0,-1.0,0.0));
#6929=DIRECTION('',(0.0,0.0,-1.0));
#6930=CARTESIAN_POINT('',(-9.9132,4.064,-9.674));
#6931=DIRECTION('',(0.0,-1.0,0.0));
#6932=DIRECTION('',(0.0,0.0,1.0));
#6933=CARTESIAN_POINT('',(-9.9132,4.064,-9.674));
#6934=DIRECTION('',(0.0,-1.0,0.0));
#6935=DIRECTION('',(0.0,0.0,-1.0));
#6936=CARTESIAN_POINT('',(-5.9532,4.064,-9.674));
#6937=DIRECTION('',(0.0,-1.0,0.0));
#6938=DIRECTION('',(0.0,0.0,1.0));
#6939=CARTESIAN_POINT('',(-5.9532,4.064,-9.674));
#6940=DIRECTION('',(0.0,-1.0,0.0));
#6941=DIRECTION('',(0.0,0.0,-1.0));
#6942=CARTESIAN_POINT('',(-1.9932,4.064,-9.674));
#6943=DIRECTION('',(0.0,-1.0,0.0));
#6944=DIRECTION('',(0.0,0.0,1.0));
#6945=CARTESIAN_POINT('',(-1.9932,4.064,-9.674));
#6946=DIRECTION('',(0.0,-1.0,0.0));
#6947=DIRECTION('',(0.0,0.0,-1.0));
#6948=CARTESIAN_POINT('',(1.9668,4.064,-9.674));
#6949=DIRECTION('',(0.0,-1.0,0.0));
#6950=DIRECTION('',(0.0,0.0,1.0));
#6951=CARTESIAN_POINT('',(1.9668,4.064,-9.674));
#6952=DIRECTION('',(0.0,-1.0,0.0));
#6953=DIRECTION('',(0.0,0.0,-1.0));
#6954=CARTESIAN_POINT('',(5.9268,4.064,-9.674));
#6955=DIRECTION('',(0.0,-1.0,0.0));
#6956=DIRECTION('',(0.0,0.0,1.0));
#6957=CARTESIAN_POINT('',(5.9268,4.064,-9.674));
#6958=DIRECTION('',(0.0,-1.0,0.0));
#6959=DIRECTION('',(0.0,0.0,-1.0));
#6960=CARTESIAN_POINT('',(9.8868,4.064,-9.674));
#6961=DIRECTION('',(0.0,-1.0,0.0));
#6962=DIRECTION('',(0.0,0.0,1.0));
#6963=CARTESIAN_POINT('',(9.8868,4.064,-9.674));
#6964=DIRECTION('',(0.0,-1.0,0.0));
#6965=DIRECTION('',(0.0,0.0,-1.0));
#6966=CARTESIAN_POINT('',(13.8468,4.064,-9.674));
#6967=DIRECTION('',(0.0,-1.0,0.0));
#6968=DIRECTION('',(0.0,0.0,1.0));
#6969=CARTESIAN_POINT('',(13.8468,4.064,-9.674));
#6970=DIRECTION('',(0.0,-1.0,0.0));
#6971=DIRECTION('',(0.0,0.0,-1.0));
#6972=CARTESIAN_POINT('',(17.8068,4.064,-9.166));
#6973=DIRECTION('',(0.0,-1.0,0.0));
#6974=DIRECTION('',(0.0,0.0,1.0));
#6975=CARTESIAN_POINT('',(17.8068,4.064,-9.166));
#6976=DIRECTION('',(0.0,-1.0,0.0));
#6977=DIRECTION('',(0.0,0.0,-1.0));
#6978=CARTESIAN_POINT('',(21.7668,4.064,-9.166));
#6979=DIRECTION('',(0.0,-1.0,0.0));
#6980=DIRECTION('',(0.0,0.0,1.0));
#6981=CARTESIAN_POINT('',(21.7668,4.064,-9.166));
#6982=DIRECTION('',(0.0,-1.0,0.0));
#6983=DIRECTION('',(0.0,0.0,-1.0));
#6984=DIRECTION('',(1.0,0.0,0.0));
#6985=DIRECTION('',(0.0,1.0,0.0));
#6986=DIRECTION('',(-1.0,0.0,0.0));
#6987=DIRECTION('',(-0.735203168611195,-0.677846812240095,0.0));
#6988=DIRECTION('',(0.0,-1.0,0.0));
#6989=DIRECTION('',(0.735203033419392,0.677846958871193,0.0));
#6990=DIRECTION('',(0.0,-1.0,0.0));
#6991=DIRECTION('',(1.0,0.0,0.0));
#6992=VERTEX_POINT('',#8798);
#6993=VERTEX_POINT('',#8799);
#6994=LINE('',#8800,#8801);
#6995=VERTEX_POINT('',#8802);
#6996=LINE('',#8803,#8804);
#6997=VERTEX_POINT('',#8805);
#6998=LINE('',#8806,#8807);
#6999=VERTEX_POINT('',#8808);
#7000=LINE('',#8809,#8810);
#7001=VERTEX_POINT('',#8811);
#7002=LINE('',#8812,#8813);
#7003=VERTEX_POINT('',#8814);
#7004=CIRCLE('',#8815,3.18);
#7005=VERTEX_POINT('',#8816);
#7006=LINE('',#8817,#8818);
#7007=VERTEX_POINT('',#8819);
#7008=LINE('',#8820,#8821);
#7009=VERTEX_POINT('',#8822);
#7010=LINE('',#8823,#8824);
#7011=VERTEX_POINT('',#8825);
#7012=LINE('',#8826,#8827);
#7013=LINE('',#8828,#8829);
#7014=VERTEX_POINT('',#8830);
#7015=VERTEX_POINT('',#8831);
#7016=LINE('',#8832,#8833);
#7017=VERTEX_POINT('',#8834);
#7018=LINE('',#8835,#8836);
#7019=VERTEX_POINT('',#8837);
#7020=LINE('',#8838,#8839);
#7021=VERTEX_POINT('',#8840);
#7022=LINE('',#8841,#8842);
#7023=VERTEX_POINT('',#8843);
#7024=LINE('',#8844,#8845);
#7025=VERTEX_POINT('',#8846);
#7026=LINE('',#8847,#8848);
#7027=VERTEX_POINT('',#8849);
#7028=LINE('',#8850,#8851);
#7029=VERTEX_POINT('',#8852);
#7030=LINE('',#8853,#8854);
#7031=LINE('',#8855,#8856);
#7032=VERTEX_POINT('',#8857);
#7033=LINE('',#8858,#8859);
#7034=VERTEX_POINT('',#8860);
#7035=LINE('',#8861,#8862);
#7036=VERTEX_POINT('',#8863);
#7037=LINE('',#8864,#8865);
#7038=VERTEX_POINT('',#8866);
#7039=LINE('',#8867,#8868);
#7040=VERTEX_POINT('',#8869);
#7041=LINE('',#8870,#8871);
#7042=VERTEX_POINT('',#8872);
#7043=LINE('',#8873,#8874);
#7044=VERTEX_POINT('',#8875);
#7045=LINE('',#8876,#8877);
#7046=VERTEX_POINT('',#8878);
#7047=LINE('',#8879,#8880);
#7048=VERTEX_POINT('',#8881);
#7049=LINE('',#8882,#8883);
#7050=VERTEX_POINT('',#8884);
#7051=LINE('',#8885,#8886);
#7052=VERTEX_POINT('',#8887);
#7053=LINE('',#8888,#8889);
#7054=VERTEX_POINT('',#8890);
#7055=LINE('',#8891,#8892);
#7056=VERTEX_POINT('',#8893);
#7057=LINE('',#8894,#8895);
#7058=LINE('',#8896,#8897);
#7059=VERTEX_POINT('',#8898);
#7060=LINE('',#8899,#8900);
#7061=LINE('',#8901,#8902);
#7062=VERTEX_POINT('',#8903);
#7063=LINE('',#8904,#8905);
#7064=LINE('',#8906,#8907);
#7065=LINE('',#8908,#8909);
#7066=LINE('',#8910,#8911);
#7067=LINE('',#8912,#8913);
#7068=LINE('',#8914,#8915);
#7069=VERTEX_POINT('',#8916);
#7070=LINE('',#8917,#8918);
#7071=VERTEX_POINT('',#8919);
#7072=LINE('',#8920,#8921);
#7073=VERTEX_POINT('',#8922);
#7074=LINE('',#8923,#8924);
#7075=VERTEX_POINT('',#8925);
#7076=LINE('',#8926,#8927);
#7077=VERTEX_POINT('',#8928);
#7078=LINE('',#8929,#8930);
#7079=VERTEX_POINT('',#8931);
#7080=LINE('',#8932,#8933);
#7081=VERTEX_POINT('',#8934);
#7082=LINE('',#8935,#8936);
#7083=VERTEX_POINT('',#8937);
#7084=LINE('',#8938,#8939);
#7085=VERTEX_POINT('',#8940);
#7086=LINE('',#8941,#8942);
#7087=VERTEX_POINT('',#8943);
#7088=LINE('',#8944,#8945);
#7089=VERTEX_POINT('',#8946);
#7090=LINE('',#8947,#8948);
#7091=VERTEX_POINT('',#8949);
#7092=LINE('',#8950,#8951);
#7093=VERTEX_POINT('',#8952);
#7094=LINE('',#8953,#8954);
#7095=VERTEX_POINT('',#8955);
#7096=LINE('',#8956,#8957);
#7097=VERTEX_POINT('',#8958);
#7098=LINE('',#8959,#8960);
#7099=VERTEX_POINT('',#8961);
#7100=LINE('',#8962,#8963);
#7101=VERTEX_POINT('',#8964);
#7102=LINE('',#8965,#8966);
#7103=VERTEX_POINT('',#8967);
#7104=LINE('',#8968,#8969);
#7105=VERTEX_POINT('',#8970);
#7106=LINE('',#8971,#8972);
#7107=VERTEX_POINT('',#8973);
#7108=LINE('',#8974,#8975);
#7109=VERTEX_POINT('',#8976);
#7110=LINE('',#8977,#8978);
#7111=VERTEX_POINT('',#8979);
#7112=LINE('',#8980,#8981);
#7113=VERTEX_POINT('',#8982);
#7114=LINE('',#8983,#8984);
#7115=VERTEX_POINT('',#8985);
#7116=LINE('',#8986,#8987);
#7117=VERTEX_POINT('',#8988);
#7118=LINE('',#8989,#8990);
#7119=VERTEX_POINT('',#8991);
#7120=LINE('',#8992,#8993);
#7121=VERTEX_POINT('',#8994);
#7122=LINE('',#8995,#8996);
#7123=VERTEX_POINT('',#8997);
#7124=LINE('',#8998,#8999);
#7125=VERTEX_POINT('',#9000);
#7126=LINE('',#9001,#9002);
#7127=VERTEX_POINT('',#9003);
#7128=LINE('',#9004,#9005);
#7129=VERTEX_POINT('',#9006);
#7130=LINE('',#9007,#9008);
#7131=VERTEX_POINT('',#9009);
#7132=LINE('',#9010,#9011);
#7133=VERTEX_POINT('',#9012);
#7134=LINE('',#9013,#9014);
#7135=VERTEX_POINT('',#9015);
#7136=LINE('',#9016,#9017);
#7137=VERTEX_POINT('',#9018);
#7138=LINE('',#9019,#9020);
#7139=VERTEX_POINT('',#9021);
#7140=LINE('',#9022,#9023);
#7141=VERTEX_POINT('',#9024);
#7142=LINE('',#9025,#9026);
#7143=VERTEX_POINT('',#9027);
#7144=LINE('',#9028,#9029);
#7145=VERTEX_POINT('',#9030);
#7146=LINE('',#9031,#9032);
#7147=VERTEX_POINT('',#9033);
#7148=LINE('',#9034,#9035);
#7149=VERTEX_POINT('',#9036);
#7150=LINE('',#9037,#9038);
#7151=VERTEX_POINT('',#9039);
#7152=LINE('',#9040,#9041);
#7153=VERTEX_POINT('',#9042);
#7154=LINE('',#9043,#9044);
#7155=VERTEX_POINT('',#9045);
#7156=LINE('',#9046,#9047);
#7157=VERTEX_POINT('',#9048);
#7158=LINE('',#9049,#9050);
#7159=VERTEX_POINT('',#9051);
#7160=LINE('',#9052,#9053);
#7161=VERTEX_POINT('',#9054);
#7162=LINE('',#9055,#9056);
#7163=VERTEX_POINT('',#9057);
#7164=LINE('',#9058,#9059);
#7165=VERTEX_POINT('',#9060);
#7166=LINE('',#9061,#9062);
#7167=VERTEX_POINT('',#9063);
#7168=LINE('',#9064,#9065);
#7169=VERTEX_POINT('',#9066);
#7170=LINE('',#9067,#9068);
#7171=VERTEX_POINT('',#9069);
#7172=LINE('',#9070,#9071);
#7173=VERTEX_POINT('',#9072);
#7174=LINE('',#9073,#9074);
#7175=VERTEX_POINT('',#9075);
#7176=LINE('',#9076,#9077);
#7177=VERTEX_POINT('',#9078);
#7178=LINE('',#9079,#9080);
#7179=VERTEX_POINT('',#9081);
#7180=LINE('',#9082,#9083);
#7181=VERTEX_POINT('',#9084);
#7182=LINE('',#9085,#9086);
#7183=VERTEX_POINT('',#9087);
#7184=LINE('',#9088,#9089);
#7185=VERTEX_POINT('',#9090);
#7186=LINE('',#9091,#9092);
#7187=VERTEX_POINT('',#9093);
#7188=LINE('',#9094,#9095);
#7189=VERTEX_POINT('',#9096);
#7190=LINE('',#9097,#9098);
#7191=VERTEX_POINT('',#9099);
#7192=LINE('',#9100,#9101);
#7193=LINE('',#9102,#9103);
#7194=LINE('',#9104,#9105);
#7195=VERTEX_POINT('',#9106);
#7196=VERTEX_POINT('',#9107);
#7197=LINE('',#9108,#9109);
#7198=VERTEX_POINT('',#9110);
#7199=LINE('',#9111,#9112);
#7200=VERTEX_POINT('',#9113);
#7201=LINE('',#9114,#9115);
#7202=LINE('',#9116,#9117);
#7203=VERTEX_POINT('',#9118);
#7204=VERTEX_POINT('',#9119);
#7205=LINE('',#9120,#9121);
#7206=VERTEX_POINT('',#9122);
#7207=LINE('',#9123,#9124);
#7208=VERTEX_POINT('',#9125);
#7209=LINE('',#9126,#9127);
#7210=LINE('',#9128,#9129);
#7211=VERTEX_POINT('',#9130);
#7212=VERTEX_POINT('',#9131);
#7213=LINE('',#9132,#9133);
#7214=VERTEX_POINT('',#9134);
#7215=LINE('',#9135,#9136);
#7216=VERTEX_POINT('',#9137);
#7217=LINE('',#9138,#9139);
#7218=LINE('',#9140,#9141);
#7219=VERTEX_POINT('',#9142);
#7220=VERTEX_POINT('',#9143);
#7221=LINE('',#9144,#9145);
#7222=VERTEX_POINT('',#9146);
#7223=LINE('',#9147,#9148);
#7224=VERTEX_POINT('',#9149);
#7225=LINE('',#9150,#9151);
#7226=LINE('',#9152,#9153);
#7227=VERTEX_POINT('',#9154);
#7228=VERTEX_POINT('',#9155);
#7229=LINE('',#9156,#9157);
#7230=VERTEX_POINT('',#9158);
#7231=LINE('',#9159,#9160);
#7232=VERTEX_POINT('',#9161);
#7233=LINE('',#9162,#9163);
#7234=LINE('',#9164,#9165);
#7235=VERTEX_POINT('',#9166);
#7236=VERTEX_POINT('',#9167);
#7237=LINE('',#9168,#9169);
#7238=VERTEX_POINT('',#9170);
#7239=LINE('',#9171,#9172);
#7240=VERTEX_POINT('',#9173);
#7241=LINE('',#9174,#9175);
#7242=LINE('',#9176,#9177);
#7243=VERTEX_POINT('',#9178);
#7244=VERTEX_POINT('',#9179);
#7245=LINE('',#9180,#9181);
#7246=VERTEX_POINT('',#9182);
#7247=LINE('',#9183,#9184);
#7248=VERTEX_POINT('',#9185);
#7249=LINE('',#9186,#9187);
#7250=LINE('',#9188,#9189);
#7251=VERTEX_POINT('',#9190);
#7252=VERTEX_POINT('',#9191);
#7253=LINE('',#9192,#9193);
#7254=VERTEX_POINT('',#9194);
#7255=LINE('',#9195,#9196);
#7256=VERTEX_POINT('',#9197);
#7257=LINE('',#9198,#9199);
#7258=LINE('',#9200,#9201);
#7259=VERTEX_POINT('',#9202);
#7260=VERTEX_POINT('',#9203);
#7261=LINE('',#9204,#9205);
#7262=VERTEX_POINT('',#9206);
#7263=LINE('',#9207,#9208);
#7264=VERTEX_POINT('',#9209);
#7265=LINE('',#9210,#9211);
#7266=LINE('',#9212,#9213);
#7267=VERTEX_POINT('',#9214);
#7268=VERTEX_POINT('',#9215);
#7269=LINE('',#9216,#9217);
#7270=VERTEX_POINT('',#9218);
#7271=LINE('',#9219,#9220);
#7272=VERTEX_POINT('',#9221);
#7273=LINE('',#9222,#9223);
#7274=LINE('',#9224,#9225);
#7275=VERTEX_POINT('',#9226);
#7276=VERTEX_POINT('',#9227);
#7277=LINE('',#9228,#9229);
#7278=VERTEX_POINT('',#9230);
#7279=LINE('',#9231,#9232);
#7280=VERTEX_POINT('',#9233);
#7281=LINE('',#9234,#9235);
#7282=LINE('',#9236,#9237);
#7283=VERTEX_POINT('',#9238);
#7284=VERTEX_POINT('',#9239);
#7285=LINE('',#9240,#9241);
#7286=VERTEX_POINT('',#9242);
#7287=LINE('',#9243,#9244);
#7288=VERTEX_POINT('',#9245);
#7289=LINE('',#9246,#9247);
#7290=LINE('',#9248,#9249);
#7291=VERTEX_POINT('',#9250);
#7292=LINE('',#9251,#9252);
#7293=VERTEX_POINT('',#9253);
#7294=LINE('',#9254,#9255);
#7295=LINE('',#9256,#9257);
#7296=VERTEX_POINT('',#9258);
#7297=LINE('',#9259,#9260);
#7298=LINE('',#9261,#9262);
#7299=VERTEX_POINT('',#9263);
#7300=LINE('',#9264,#9265);
#7301=LINE('',#9266,#9267);
#7302=LINE('',#9268,#9269);
#7303=VERTEX_POINT('',#9270);
#7304=LINE('',#9271,#9272);
#7305=VERTEX_POINT('',#9273);
#7306=LINE('',#9274,#9275);
#7307=LINE('',#9276,#9277);
#7308=VERTEX_POINT('',#9278);
#7309=LINE('',#9279,#9280);
#7310=VERTEX_POINT('',#9281);
#7311=LINE('',#9282,#9283);
#7312=LINE('',#9284,#9285);
#7313=LINE('',#9286,#9287);
#7314=LINE('',#9288,#9289);
#7315=VERTEX_POINT('',#9290);
#7316=LINE('',#9291,#9292);
#7317=VERTEX_POINT('',#9293);
#7318=LINE('',#9294,#9295);
#7319=LINE('',#9296,#9297);
#7320=VERTEX_POINT('',#9298);
#7321=LINE('',#9299,#9300);
#7322=LINE('',#9301,#9302);
#7323=VERTEX_POINT('',#9303);
#7324=LINE('',#9304,#9305);
#7325=LINE('',#9306,#9307);
#7326=LINE('',#9308,#9309);
#7327=VERTEX_POINT('',#9310);
#7328=LINE('',#9311,#9312);
#7329=VERTEX_POINT('',#9313);
#7330=LINE('',#9314,#9315);
#7331=LINE('',#9316,#9317);
#7332=VERTEX_POINT('',#9318);
#7333=LINE('',#9319,#9320);
#7334=VERTEX_POINT('',#9321);
#7335=LINE('',#9322,#9323);
#7336=LINE('',#9324,#9325);
#7337=LINE('',#9326,#9327);
#7338=LINE('',#9328,#9329);
#7339=VERTEX_POINT('',#9330);
#7340=LINE('',#9331,#9332);
#7341=VERTEX_POINT('',#9333);
#7342=LINE('',#9334,#9335);
#7343=LINE('',#9336,#9337);
#7344=VERTEX_POINT('',#9338);
#7345=LINE('',#9339,#9340);
#7346=LINE('',#9341,#9342);
#7347=VERTEX_POINT('',#9343);
#7348=LINE('',#9344,#9345);
#7349=LINE('',#9346,#9347);
#7350=LINE('',#9348,#9349);
#7351=VERTEX_POINT('',#9350);
#7352=LINE('',#9351,#9352);
#7353=VERTEX_POINT('',#9353);
#7354=LINE('',#9354,#9355);
#7355=LINE('',#9356,#9357);
#7356=VERTEX_POINT('',#9358);
#7357=LINE('',#9359,#9360);
#7358=VERTEX_POINT('',#9361);
#7359=LINE('',#9362,#9363);
#7360=LINE('',#9364,#9365);
#7361=LINE('',#9366,#9367);
#7362=LINE('',#9368,#9369);
#7363=VERTEX_POINT('',#9370);
#7364=LINE('',#9371,#9372);
#7365=VERTEX_POINT('',#9373);
#7366=LINE('',#9374,#9375);
#7367=LINE('',#9376,#9377);
#7368=VERTEX_POINT('',#9378);
#7369=LINE('',#9379,#9380);
#7370=LINE('',#9381,#9382);
#7371=VERTEX_POINT('',#9383);
#7372=LINE('',#9384,#9385);
#7373=LINE('',#9386,#9387);
#7374=LINE('',#9388,#9389);
#7375=VERTEX_POINT('',#9390);
#7376=LINE('',#9391,#9392);
#7377=VERTEX_POINT('',#9393);
#7378=LINE('',#9394,#9395);
#7379=LINE('',#9396,#9397);
#7380=VERTEX_POINT('',#9398);
#7381=LINE('',#9399,#9400);
#7382=VERTEX_POINT('',#9401);
#7383=LINE('',#9402,#9403);
#7384=LINE('',#9404,#9405);
#7385=LINE('',#9406,#9407);
#7386=LINE('',#9408,#9409);
#7387=VERTEX_POINT('',#9410);
#7388=LINE('',#9411,#9412);
#7389=VERTEX_POINT('',#9413);
#7390=LINE('',#9414,#9415);
#7391=LINE('',#9416,#9417);
#7392=VERTEX_POINT('',#9418);
#7393=LINE('',#9419,#9420);
#7394=LINE('',#9421,#9422);
#7395=VERTEX_POINT('',#9423);
#7396=LINE('',#9424,#9425);
#7397=LINE('',#9426,#9427);
#7398=LINE('',#9428,#9429);
#7399=VERTEX_POINT('',#9430);
#7400=LINE('',#9431,#9432);
#7401=VERTEX_POINT('',#9433);
#7402=LINE('',#9434,#9435);
#7403=LINE('',#9436,#9437);
#7404=VERTEX_POINT('',#9438);
#7405=LINE('',#9439,#9440);
#7406=VERTEX_POINT('',#9441);
#7407=LINE('',#9442,#9443);
#7408=LINE('',#9444,#9445);
#7409=LINE('',#9446,#9447);
#7410=LINE('',#9448,#9449);
#7411=VERTEX_POINT('',#9450);
#7412=LINE('',#9451,#9452);
#7413=VERTEX_POINT('',#9453);
#7414=LINE('',#9454,#9455);
#7415=LINE('',#9456,#9457);
#7416=VERTEX_POINT('',#9458);
#7417=LINE('',#9459,#9460);
#7418=LINE('',#9461,#9462);
#7419=VERTEX_POINT('',#9463);
#7420=LINE('',#9464,#9465);
#7421=LINE('',#9466,#9467);
#7422=LINE('',#9468,#9469);
#7423=VERTEX_POINT('',#9470);
#7424=LINE('',#9471,#9472);
#7425=VERTEX_POINT('',#9473);
#7426=LINE('',#9474,#9475);
#7427=LINE('',#9476,#9477);
#7428=VERTEX_POINT('',#9478);
#7429=LINE('',#9479,#9480);
#7430=VERTEX_POINT('',#9481);
#7431=LINE('',#9482,#9483);
#7432=LINE('',#9484,#9485);
#7433=LINE('',#9486,#9487);
#7434=LINE('',#9488,#9489);
#7435=VERTEX_POINT('',#9490);
#7436=LINE('',#9491,#9492);
#7437=VERTEX_POINT('',#9493);
#7438=LINE('',#9494,#9495);
#7439=LINE('',#9496,#9497);
#7440=VERTEX_POINT('',#9498);
#7441=LINE('',#9499,#9500);
#7442=LINE('',#9501,#9502);
#7443=VERTEX_POINT('',#9503);
#7444=LINE('',#9504,#9505);
#7445=LINE('',#9506,#9507);
#7446=LINE('',#9508,#9509);
#7447=VERTEX_POINT('',#9510);
#7448=LINE('',#9511,#9512);
#7449=VERTEX_POINT('',#9513);
#7450=LINE('',#9514,#9515);
#7451=LINE('',#9516,#9517);
#7452=VERTEX_POINT('',#9518);
#7453=LINE('',#9519,#9520);
#7454=VERTEX_POINT('',#9521);
#7455=LINE('',#9522,#9523);
#7456=LINE('',#9524,#9525);
#7457=LINE('',#9526,#9527);
#7458=LINE('',#9528,#9529);
#7459=VERTEX_POINT('',#9530);
#7460=LINE('',#9531,#9532);
#7461=VERTEX_POINT('',#9533);
#7462=LINE('',#9534,#9535);
#7463=LINE('',#9536,#9537);
#7464=VERTEX_POINT('',#9538);
#7465=LINE('',#9539,#9540);
#7466=LINE('',#9541,#9542);
#7467=VERTEX_POINT('',#9543);
#7468=LINE('',#9544,#9545);
#7469=LINE('',#9546,#9547);
#7470=LINE('',#9548,#9549);
#7471=VERTEX_POINT('',#9550);
#7472=LINE('',#9551,#9552);
#7473=VERTEX_POINT('',#9553);
#7474=LINE('',#9554,#9555);
#7475=LINE('',#9556,#9557);
#7476=VERTEX_POINT('',#9558);
#7477=LINE('',#9559,#9560);
#7478=VERTEX_POINT('',#9561);
#7479=LINE('',#9562,#9563);
#7480=LINE('',#9564,#9565);
#7481=LINE('',#9566,#9567);
#7482=LINE('',#9568,#9569);
#7483=VERTEX_POINT('',#9570);
#7484=LINE('',#9571,#9572);
#7485=VERTEX_POINT('',#9573);
#7486=LINE('',#9574,#9575);
#7487=LINE('',#9576,#9577);
#7488=VERTEX_POINT('',#9578);
#7489=LINE('',#9579,#9580);
#7490=LINE('',#9581,#9582);
#7491=VERTEX_POINT('',#9583);
#7492=LINE('',#9584,#9585);
#7493=LINE('',#9586,#9587);
#7494=LINE('',#9588,#9589);
#7495=VERTEX_POINT('',#9590);
#7496=LINE('',#9591,#9592);
#7497=VERTEX_POINT('',#9593);
#7498=LINE('',#9594,#9595);
#7499=LINE('',#9596,#9597);
#7500=VERTEX_POINT('',#9598);
#7501=LINE('',#9599,#9600);
#7502=VERTEX_POINT('',#9601);
#7503=LINE('',#9602,#9603);
#7504=LINE('',#9604,#9605);
#7505=LINE('',#9606,#9607);
#7506=LINE('',#9608,#9609);
#7507=VERTEX_POINT('',#9610);
#7508=LINE('',#9611,#9612);
#7509=VERTEX_POINT('',#9613);
#7510=LINE('',#9614,#9615);
#7511=LINE('',#9616,#9617);
#7512=VERTEX_POINT('',#9618);
#7513=LINE('',#9619,#9620);
#7514=LINE('',#9621,#9622);
#7515=VERTEX_POINT('',#9623);
#7516=LINE('',#9624,#9625);
#7517=LINE('',#9626,#9627);
#7518=LINE('',#9628,#9629);
#7519=VERTEX_POINT('',#9630);
#7520=LINE('',#9631,#9632);
#7521=VERTEX_POINT('',#9633);
#7522=LINE('',#9634,#9635);
#7523=LINE('',#9636,#9637);
#7524=VERTEX_POINT('',#9638);
#7525=LINE('',#9639,#9640);
#7526=VERTEX_POINT('',#9641);
#7527=LINE('',#9642,#9643);
#7528=LINE('',#9644,#9645);
#7529=LINE('',#9646,#9647);
#7530=LINE('',#9648,#9649);
#7531=VERTEX_POINT('',#9650);
#7532=LINE('',#9651,#9652);
#7533=VERTEX_POINT('',#9653);
#7534=LINE('',#9654,#9655);
#7535=LINE('',#9656,#9657);
#7536=VERTEX_POINT('',#9658);
#7537=LINE('',#9659,#9660);
#7538=LINE('',#9661,#9662);
#7539=VERTEX_POINT('',#9663);
#7540=LINE('',#9664,#9665);
#7541=LINE('',#9666,#9667);
#7542=LINE('',#9668,#9669);
#7543=VERTEX_POINT('',#9670);
#7544=LINE('',#9671,#9672);
#7545=VERTEX_POINT('',#9673);
#7546=LINE('',#9674,#9675);
#7547=LINE('',#9676,#9677);
#7548=VERTEX_POINT('',#9678);
#7549=LINE('',#9679,#9680);
#7550=VERTEX_POINT('',#9681);
#7551=LINE('',#9682,#9683);
#7552=LINE('',#9684,#9685);
#7553=LINE('',#9686,#9687);
#7554=LINE('',#9688,#9689);
#7555=VERTEX_POINT('',#9690);
#7556=LINE('',#9691,#9692);
#7557=VERTEX_POINT('',#9693);
#7558=LINE('',#9694,#9695);
#7559=LINE('',#9696,#9697);
#7560=VERTEX_POINT('',#9698);
#7561=LINE('',#9699,#9700);
#7562=LINE('',#9701,#9702);
#7563=VERTEX_POINT('',#9703);
#7564=LINE('',#9704,#9705);
#7565=LINE('',#9706,#9707);
#7566=LINE('',#9708,#9709);
#7567=VERTEX_POINT('',#9710);
#7568=LINE('',#9711,#9712);
#7569=VERTEX_POINT('',#9713);
#7570=LINE('',#9714,#9715);
#7571=LINE('',#9716,#9717);
#7572=VERTEX_POINT('',#9718);
#7573=LINE('',#9719,#9720);
#7574=VERTEX_POINT('',#9721);
#7575=LINE('',#9722,#9723);
#7576=LINE('',#9724,#9725);
#7577=LINE('',#9726,#9727);
#7578=LINE('',#9728,#9729);
#7579=VERTEX_POINT('',#9730);
#7580=LINE('',#9731,#9732);
#7581=VERTEX_POINT('',#9733);
#7582=LINE('',#9734,#9735);
#7583=LINE('',#9736,#9737);
#7584=LINE('',#9738,#9739);
#7585=LINE('',#9740,#9741);
#7586=VERTEX_POINT('',#9742);
#7587=LINE('',#9743,#9744);
#7588=VERTEX_POINT('',#9745);
#7589=LINE('',#9746,#9747);
#7590=LINE('',#9748,#9749);
#7591=LINE('',#9750,#9751);
#7592=LINE('',#9752,#9753);
#7593=VERTEX_POINT('',#9754);
#7594=LINE('',#9755,#9756);
#7595=VERTEX_POINT('',#9757);
#7596=CIRCLE('',#9758,3.18);
#7597=VERTEX_POINT('',#9759);
#7598=LINE('',#9760,#9761);
#7599=VERTEX_POINT('',#9762);
#7600=LINE('',#9763,#9764);
#7601=VERTEX_POINT('',#9765);
#7602=LINE('',#9766,#9767);
#7603=VERTEX_POINT('',#9768);
#7604=LINE('',#9769,#9770);
#7605=LINE('',#9771,#9772);
#7606=VERTEX_POINT('',#9773);
#7607=VERTEX_POINT('',#9774);
#7608=LINE('',#9775,#9776);
#7609=VERTEX_POINT('',#9777);
#7610=LINE('',#9778,#9779);
#7611=VERTEX_POINT('',#9780);
#7612=LINE('',#9781,#9782);
#7613=VERTEX_POINT('',#9783);
#7614=LINE('',#9784,#9785);
#7615=VERTEX_POINT('',#9786);
#7616=LINE('',#9787,#9788);
#7617=VERTEX_POINT('',#9789);
#7618=LINE('',#9790,#9791);
#7619=VERTEX_POINT('',#9792);
#7620=LINE('',#9793,#9794);
#7621=VERTEX_POINT('',#9795);
#7622=LINE('',#9796,#9797);
#7623=VERTEX_POINT('',#9798);
#7624=LINE('',#9799,#9800);
#7625=VERTEX_POINT('',#9801);
#7626=LINE('',#9802,#9803);
#7627=VERTEX_POINT('',#9804);
#7628=LINE('',#9805,#9806);
#7629=VERTEX_POINT('',#9807);
#7630=LINE('',#9808,#9809);
#7631=VERTEX_POINT('',#9810);
#7632=LINE('',#9811,#9812);
#7633=VERTEX_POINT('',#9813);
#7634=LINE('',#9814,#9815);
#7635=VERTEX_POINT('',#9816);
#7636=LINE('',#9817,#9818);
#7637=VERTEX_POINT('',#9819);
#7638=LINE('',#9820,#9821);
#7639=VERTEX_POINT('',#9822);
#7640=LINE('',#9823,#9824);
#7641=VERTEX_POINT('',#9825);
#7642=LINE('',#9826,#9827);
#7643=VERTEX_POINT('',#9828);
#7644=LINE('',#9829,#9830);
#7645=VERTEX_POINT('',#9831);
#7646=LINE('',#9832,#9833);
#7647=VERTEX_POINT('',#9834);
#7648=LINE('',#9835,#9836);
#7649=VERTEX_POINT('',#9837);
#7650=LINE('',#9838,#9839);
#7651=VERTEX_POINT('',#9840);
#7652=LINE('',#9841,#9842);
#7653=VERTEX_POINT('',#9843);
#7654=LINE('',#9844,#9845);
#7655=VERTEX_POINT('',#9846);
#7656=LINE('',#9847,#9848);
#7657=VERTEX_POINT('',#9849);
#7658=LINE('',#9850,#9851);
#7659=VERTEX_POINT('',#9852);
#7660=LINE('',#9853,#9854);
#7661=VERTEX_POINT('',#9855);
#7662=LINE('',#9856,#9857);
#7663=VERTEX_POINT('',#9858);
#7664=LINE('',#9859,#9860);
#7665=VERTEX_POINT('',#9861);
#7666=LINE('',#9862,#9863);
#7667=VERTEX_POINT('',#9864);
#7668=LINE('',#9865,#9866);
#7669=VERTEX_POINT('',#9867);
#7670=LINE('',#9868,#9869);
#7671=VERTEX_POINT('',#9870);
#7672=LINE('',#9871,#9872);
#7673=VERTEX_POINT('',#9873);
#7674=LINE('',#9874,#9875);
#7675=VERTEX_POINT('',#9876);
#7676=LINE('',#9877,#9878);
#7677=VERTEX_POINT('',#9879);
#7678=LINE('',#9880,#9881);
#7679=VERTEX_POINT('',#9882);
#7680=LINE('',#9883,#9884);
#7681=VERTEX_POINT('',#9885);
#7682=LINE('',#9886,#9887);
#7683=VERTEX_POINT('',#9888);
#7684=LINE('',#9889,#9890);
#7685=VERTEX_POINT('',#9891);
#7686=LINE('',#9892,#9893);
#7687=VERTEX_POINT('',#9894);
#7688=LINE('',#9895,#9896);
#7689=VERTEX_POINT('',#9897);
#7690=LINE('',#9898,#9899);
#7691=VERTEX_POINT('',#9900);
#7692=LINE('',#9901,#9902);
#7693=VERTEX_POINT('',#9903);
#7694=LINE('',#9904,#9905);
#7695=VERTEX_POINT('',#9906);
#7696=LINE('',#9907,#9908);
#7697=VERTEX_POINT('',#9909);
#7698=LINE('',#9910,#9911);
#7699=VERTEX_POINT('',#9912);
#7700=LINE('',#9913,#9914);
#7701=VERTEX_POINT('',#9915);
#7702=LINE('',#9916,#9917);
#7703=VERTEX_POINT('',#9918);
#7704=LINE('',#9919,#9920);
#7705=VERTEX_POINT('',#9921);
#7706=LINE('',#9922,#9923);
#7707=VERTEX_POINT('',#9924);
#7708=LINE('',#9925,#9926);
#7709=VERTEX_POINT('',#9927);
#7710=LINE('',#9928,#9929);
#7711=VERTEX_POINT('',#9930);
#7712=LINE('',#9931,#9932);
#7713=VERTEX_POINT('',#9933);
#7714=LINE('',#9934,#9935);
#7715=VERTEX_POINT('',#9936);
#7716=LINE('',#9937,#9938);
#7717=VERTEX_POINT('',#9939);
#7718=LINE('',#9940,#9941);
#7719=VERTEX_POINT('',#9942);
#7720=LINE('',#9943,#9944);
#7721=VERTEX_POINT('',#9945);
#7722=LINE('',#9946,#9947);
#7723=VERTEX_POINT('',#9948);
#7724=LINE('',#9949,#9950);
#7725=VERTEX_POINT('',#9951);
#7726=LINE('',#9952,#9953);
#7727=VERTEX_POINT('',#9954);
#7728=LINE('',#9955,#9956);
#7729=VERTEX_POINT('',#9957);
#7730=LINE('',#9958,#9959);
#7731=VERTEX_POINT('',#9960);
#7732=LINE('',#9961,#9962);
#7733=VERTEX_POINT('',#9963);
#7734=LINE('',#9964,#9965);
#7735=VERTEX_POINT('',#9966);
#7736=LINE('',#9967,#9968);
#7737=VERTEX_POINT('',#9969);
#7738=LINE('',#9970,#9971);
#7739=VERTEX_POINT('',#9972);
#7740=LINE('',#9973,#9974);
#7741=VERTEX_POINT('',#9975);
#7742=LINE('',#9976,#9977);
#7743=VERTEX_POINT('',#9978);
#7744=LINE('',#9979,#9980);
#7745=VERTEX_POINT('',#9981);
#7746=LINE('',#9982,#9983);
#7747=VERTEX_POINT('',#9984);
#7748=LINE('',#9985,#9986);
#7749=VERTEX_POINT('',#9987);
#7750=LINE('',#9988,#9989);
#7751=VERTEX_POINT('',#9990);
#7752=LINE('',#9991,#9992);
#7753=VERTEX_POINT('',#9993);
#7754=LINE('',#9994,#9995);
#7755=VERTEX_POINT('',#9996);
#7756=LINE('',#9997,#9998);
#7757=VERTEX_POINT('',#9999);
#7758=LINE('',#10000,#10001);
#7759=VERTEX_POINT('',#10002);
#7760=LINE('',#10003,#10004);
#7761=VERTEX_POINT('',#10005);
#7762=LINE('',#10006,#10007);
#7763=VERTEX_POINT('',#10008);
#7764=LINE('',#10009,#10010);
#7765=VERTEX_POINT('',#10011);
#7766=LINE('',#10012,#10013);
#7767=VERTEX_POINT('',#10014);
#7768=LINE('',#10015,#10016);
#7769=VERTEX_POINT('',#10017);
#7770=LINE('',#10018,#10019);
#7771=VERTEX_POINT('',#10020);
#7772=LINE('',#10021,#10022);
#7773=VERTEX_POINT('',#10023);
#7774=LINE('',#10024,#10025);
#7775=VERTEX_POINT('',#10026);
#7776=LINE('',#10027,#10028);
#7777=VERTEX_POINT('',#10029);
#7778=LINE('',#10030,#10031);
#7779=VERTEX_POINT('',#10032);
#7780=LINE('',#10033,#10034);
#7781=VERTEX_POINT('',#10035);
#7782=LINE('',#10036,#10037);
#7783=VERTEX_POINT('',#10038);
#7784=LINE('',#10039,#10040);
#7785=VERTEX_POINT('',#10041);
#7786=LINE('',#10042,#10043);
#7787=LINE('',#10044,#10045);
#7788=VERTEX_POINT('',#10046);
#7789=LINE('',#10047,#10048);
#7790=VERTEX_POINT('',#10049);
#7791=LINE('',#10050,#10051);
#7792=VERTEX_POINT('',#10052);
#7793=LINE('',#10053,#10054);
#7794=VERTEX_POINT('',#10055);
#7795=LINE('',#10056,#10057);
#7796=VERTEX_POINT('',#10058);
#7797=LINE('',#10059,#10060);
#7798=VERTEX_POINT('',#10061);
#7799=LINE('',#10062,#10063);
#7800=VERTEX_POINT('',#10064);
#7801=LINE('',#10065,#10066);
#7802=LINE('',#10067,#10068);
#7803=VERTEX_POINT('',#10069);
#7804=LINE('',#10070,#10071);
#7805=VERTEX_POINT('',#10072);
#7806=CIRCLE('',#10073,0.5588);
#7807=VERTEX_POINT('',#10074);
#7808=LINE('',#10075,#10076);
#7809=LINE('',#10077,#10078);
#7810=VERTEX_POINT('',#10079);
#7811=LINE('',#10080,#10081);
#7812=VERTEX_POINT('',#10082);
#7813=LINE('',#10083,#10084);
#7814=LINE('',#10085,#10086);
#7815=VERTEX_POINT('',#10087);
#7816=LINE('',#10088,#10089);
#7817=VERTEX_POINT('',#10090);
#7818=LINE('',#10091,#10092);
#7819=LINE('',#10093,#10094);
#7820=LINE('',#10095,#10096);
#7821=VERTEX_POINT('',#10097);
#7822=LINE('',#10098,#10099);
#7823=LINE('',#10100,#10101);
#7824=LINE('',#10102,#10103);
#7825=VERTEX_POINT('',#10104);
#7826=LINE('',#10105,#10106);
#7827=VERTEX_POINT('',#10107);
#7828=LINE('',#10108,#10109);
#7829=LINE('',#10110,#10111);
#7830=LINE('',#10112,#10113);
#7831=VERTEX_POINT('',#10114);
#7832=LINE('',#10115,#10116);
#7833=VERTEX_POINT('',#10117);
#7834=LINE('',#10118,#10119);
#7835=LINE('',#10120,#10121);
#7836=LINE('',#10122,#10123);
#7837=VERTEX_POINT('',#10124);
#7838=LINE('',#10125,#10126);
#7839=VERTEX_POINT('',#10127);
#7840=LINE('',#10128,#10129);
#7841=LINE('',#10130,#10131);
#7842=LINE('',#10132,#10133);
#7843=VERTEX_POINT('',#10134);
#7844=LINE('',#10135,#10136);
#7845=VERTEX_POINT('',#10137);
#7846=LINE('',#10138,#10139);
#7847=LINE('',#10140,#10141);
#7848=LINE('',#10142,#10143);
#7849=VERTEX_POINT('',#10144);
#7850=LINE('',#10145,#10146);
#7851=VERTEX_POINT('',#10147);
#7852=LINE('',#10148,#10149);
#7853=LINE('',#10150,#10151);
#7854=LINE('',#10152,#10153);
#7855=VERTEX_POINT('',#10154);
#7856=LINE('',#10155,#10156);
#7857=VERTEX_POINT('',#10157);
#7858=LINE('',#10158,#10159);
#7859=LINE('',#10160,#10161);
#7860=LINE('',#10162,#10163);
#7861=VERTEX_POINT('',#10164);
#7862=LINE('',#10165,#10166);
#7863=VERTEX_POINT('',#10167);
#7864=LINE('',#10168,#10169);
#7865=LINE('',#10170,#10171);
#7866=LINE('',#10172,#10173);
#7867=VERTEX_POINT('',#10174);
#7868=LINE('',#10175,#10176);
#7869=VERTEX_POINT('',#10177);
#7870=LINE('',#10178,#10179);
#7871=LINE('',#10180,#10181);
#7872=LINE('',#10182,#10183);
#7873=VERTEX_POINT('',#10184);
#7874=LINE('',#10185,#10186);
#7875=VERTEX_POINT('',#10187);
#7876=LINE('',#10188,#10189);
#7877=LINE('',#10190,#10191);
#7878=LINE('',#10192,#10193);
#7879=VERTEX_POINT('',#10194);
#7880=LINE('',#10195,#10196);
#7881=VERTEX_POINT('',#10197);
#7882=LINE('',#10198,#10199);
#7883=LINE('',#10200,#10201);
#7884=LINE('',#10202,#10203);
#7885=VERTEX_POINT('',#10204);
#7886=LINE('',#10205,#10206);
#7887=VERTEX_POINT('',#10207);
#7888=LINE('',#10208,#10209);
#7889=LINE('',#10210,#10211);
#7890=VERTEX_POINT('',#10212);
#7891=LINE('',#10213,#10214);
#7892=LINE('',#10215,#10216);
#7893=VERTEX_POINT('',#10217);
#7894=LINE('',#10218,#10219);
#7895=VERTEX_POINT('',#10220);
#7896=LINE('',#10221,#10222);
#7897=VERTEX_POINT('',#10223);
#7898=LINE('',#10224,#10225);
#7899=LINE('',#10226,#10227);
#7900=VERTEX_POINT('',#10228);
#7901=LINE('',#10229,#10230);
#7902=VERTEX_POINT('',#10231);
#7903=LINE('',#10232,#10233);
#7904=LINE('',#10234,#10235);
#7905=VERTEX_POINT('',#10236);
#7906=LINE('',#10237,#10238);
#7907=VERTEX_POINT('',#10239);
#7908=LINE('',#10240,#10241);
#7909=LINE('',#10242,#10243);
#7910=VERTEX_POINT('',#10244);
#7911=LINE('',#10245,#10246);
#7912=VERTEX_POINT('',#10247);
#7913=LINE('',#10248,#10249);
#7914=LINE('',#10250,#10251);
#7915=VERTEX_POINT('',#10252);
#7916=LINE('',#10253,#10254);
#7917=VERTEX_POINT('',#10255);
#7918=LINE('',#10256,#10257);
#7919=LINE('',#10258,#10259);
#7920=VERTEX_POINT('',#10260);
#7921=LINE('',#10261,#10262);
#7922=VERTEX_POINT('',#10263);
#7923=LINE('',#10264,#10265);
#7924=LINE('',#10266,#10267);
#7925=VERTEX_POINT('',#10268);
#7926=LINE('',#10269,#10270);
#7927=VERTEX_POINT('',#10271);
#7928=LINE('',#10272,#10273);
#7929=LINE('',#10274,#10275);
#7930=VERTEX_POINT('',#10276);
#7931=LINE('',#10277,#10278);
#7932=VERTEX_POINT('',#10279);
#7933=LINE('',#10280,#10281);
#7934=LINE('',#10282,#10283);
#7935=VERTEX_POINT('',#10284);
#7936=LINE('',#10285,#10286);
#7937=VERTEX_POINT('',#10287);
#7938=LINE('',#10288,#10289);
#7939=LINE('',#10290,#10291);
#7940=VERTEX_POINT('',#10292);
#7941=LINE('',#10293,#10294);
#7942=VERTEX_POINT('',#10295);
#7943=LINE('',#10296,#10297);
#7944=LINE('',#10298,#10299);
#7945=VERTEX_POINT('',#10300);
#7946=LINE('',#10301,#10302);
#7947=VERTEX_POINT('',#10303);
#7948=LINE('',#10304,#10305);
#7949=LINE('',#10306,#10307);
#7950=VERTEX_POINT('',#10308);
#7951=LINE('',#10309,#10310);
#7952=VERTEX_POINT('',#10311);
#7953=LINE('',#10312,#10313);
#7954=LINE('',#10314,#10315);
#7955=VERTEX_POINT('',#10316);
#7956=LINE('',#10317,#10318);
#7957=VERTEX_POINT('',#10319);
#7958=LINE('',#10320,#10321);
#7959=LINE('',#10322,#10323);
#7960=VERTEX_POINT('',#10324);
#7961=LINE('',#10325,#10326);
#7962=VERTEX_POINT('',#10327);
#7963=LINE('',#10328,#10329);
#7964=VERTEX_POINT('',#10330);
#7965=LINE('',#10331,#10332);
#7966=LINE('',#10333,#10334);
#7967=VERTEX_POINT('',#10335);
#7968=VERTEX_POINT('',#10336);
#7969=LINE('',#10337,#10338);
#7970=VERTEX_POINT('',#10339);
#7971=LINE('',#10340,#10341);
#7972=VERTEX_POINT('',#10342);
#7973=LINE('',#10343,#10344);
#7974=LINE('',#10345,#10346);
#7975=VERTEX_POINT('',#10347);
#7976=VERTEX_POINT('',#10348);
#7977=LINE('',#10349,#10350);
#7978=VERTEX_POINT('',#10351);
#7979=LINE('',#10352,#10353);
#7980=VERTEX_POINT('',#10354);
#7981=LINE('',#10355,#10356);
#7982=LINE('',#10357,#10358);
#7983=VERTEX_POINT('',#10359);
#7984=VERTEX_POINT('',#10360);
#7985=LINE('',#10361,#10362);
#7986=VERTEX_POINT('',#10363);
#7987=LINE('',#10364,#10365);
#7988=VERTEX_POINT('',#10366);
#7989=LINE('',#10367,#10368);
#7990=LINE('',#10369,#10370);
#7991=VERTEX_POINT('',#10371);
#7992=VERTEX_POINT('',#10372);
#7993=LINE('',#10373,#10374);
#7994=VERTEX_POINT('',#10375);
#7995=LINE('',#10376,#10377);
#7996=VERTEX_POINT('',#10378);
#7997=LINE('',#10379,#10380);
#7998=LINE('',#10381,#10382);
#7999=VERTEX_POINT('',#10383);
#8000=VERTEX_POINT('',#10384);
#8001=LINE('',#10385,#10386);
#8002=VERTEX_POINT('',#10387);
#8003=LINE('',#10388,#10389);
#8004=VERTEX_POINT('',#10390);
#8005=LINE('',#10391,#10392);
#8006=LINE('',#10393,#10394);
#8007=VERTEX_POINT('',#10395);
#8008=VERTEX_POINT('',#10396);
#8009=LINE('',#10397,#10398);
#8010=VERTEX_POINT('',#10399);
#8011=LINE('',#10400,#10401);
#8012=VERTEX_POINT('',#10402);
#8013=LINE('',#10403,#10404);
#8014=LINE('',#10405,#10406);
#8015=VERTEX_POINT('',#10407);
#8016=VERTEX_POINT('',#10408);
#8017=LINE('',#10409,#10410);
#8018=VERTEX_POINT('',#10411);
#8019=LINE('',#10412,#10413);
#8020=VERTEX_POINT('',#10414);
#8021=LINE('',#10415,#10416);
#8022=LINE('',#10417,#10418);
#8023=VERTEX_POINT('',#10419);
#8024=VERTEX_POINT('',#10420);
#8025=LINE('',#10421,#10422);
#8026=VERTEX_POINT('',#10423);
#8027=LINE('',#10424,#10425);
#8028=VERTEX_POINT('',#10426);
#8029=LINE('',#10427,#10428);
#8030=LINE('',#10429,#10430);
#8031=VERTEX_POINT('',#10431);
#8032=VERTEX_POINT('',#10432);
#8033=LINE('',#10433,#10434);
#8034=VERTEX_POINT('',#10435);
#8035=LINE('',#10436,#10437);
#8036=VERTEX_POINT('',#10438);
#8037=LINE('',#10439,#10440);
#8038=LINE('',#10441,#10442);
#8039=VERTEX_POINT('',#10443);
#8040=VERTEX_POINT('',#10444);
#8041=LINE('',#10445,#10446);
#8042=VERTEX_POINT('',#10447);
#8043=LINE('',#10448,#10449);
#8044=VERTEX_POINT('',#10450);
#8045=LINE('',#10451,#10452);
#8046=LINE('',#10453,#10454);
#8047=VERTEX_POINT('',#10455);
#8048=VERTEX_POINT('',#10456);
#8049=LINE('',#10457,#10458);
#8050=VERTEX_POINT('',#10459);
#8051=LINE('',#10460,#10461);
#8052=VERTEX_POINT('',#10462);
#8053=LINE('',#10463,#10464);
#8054=LINE('',#10465,#10466);
#8055=VERTEX_POINT('',#10467);
#8056=VERTEX_POINT('',#10468);
#8057=LINE('',#10469,#10470);
#8058=VERTEX_POINT('',#10471);
#8059=LINE('',#10472,#10473);
#8060=VERTEX_POINT('',#10474);
#8061=LINE('',#10475,#10476);
#8062=LINE('',#10477,#10478);
#8063=VERTEX_POINT('',#10479);
#8064=LINE('',#10480,#10481);
#8065=VERTEX_POINT('',#10482);
#8066=LINE('',#10483,#10484);
#8067=LINE('',#10485,#10486);
#8068=VERTEX_POINT('',#10487);
#8069=LINE('',#10488,#10489);
#8070=VERTEX_POINT('',#10490);
#8071=LINE('',#10491,#10492);
#8072=LINE('',#10493,#10494);
#8073=VERTEX_POINT('',#10495);
#8074=LINE('',#10496,#10497);
#8075=VERTEX_POINT('',#10498);
#8076=LINE('',#10499,#10500);
#8077=LINE('',#10501,#10502);
#8078=VERTEX_POINT('',#10503);
#8079=LINE('',#10504,#10505);
#8080=LINE('',#10506,#10507);
#8081=VERTEX_POINT('',#10508);
#8082=LINE('',#10509,#10510);
#8083=LINE('',#10511,#10512);
#8084=LINE('',#10513,#10514);
#8085=VERTEX_POINT('',#10515);
#8086=LINE('',#10516,#10517);
#8087=VERTEX_POINT('',#10518);
#8088=LINE('',#10519,#10520);
#8089=LINE('',#10521,#10522);
#8090=VERTEX_POINT('',#10523);
#8091=LINE('',#10524,#10525);
#8092=LINE('',#10526,#10527);
#8093=VERTEX_POINT('',#10528);
#8094=LINE('',#10529,#10530);
#8095=LINE('',#10531,#10532);
#8096=LINE('',#10533,#10534);
#8097=VERTEX_POINT('',#10535);
#8098=LINE('',#10536,#10537);
#8099=VERTEX_POINT('',#10538);
#8100=LINE('',#10539,#10540);
#8101=LINE('',#10541,#10542);
#8102=VERTEX_POINT('',#10543);
#8103=LINE('',#10544,#10545);
#8104=LINE('',#10546,#10547);
#8105=VERTEX_POINT('',#10548);
#8106=LINE('',#10549,#10550);
#8107=LINE('',#10551,#10552);
#8108=LINE('',#10553,#10554);
#8109=VERTEX_POINT('',#10555);
#8110=LINE('',#10556,#10557);
#8111=VERTEX_POINT('',#10558);
#8112=LINE('',#10559,#10560);
#8113=LINE('',#10561,#10562);
#8114=VERTEX_POINT('',#10563);
#8115=LINE('',#10564,#10565);
#8116=LINE('',#10566,#10567);
#8117=VERTEX_POINT('',#10568);
#8118=LINE('',#10569,#10570);
#8119=LINE('',#10571,#10572);
#8120=LINE('',#10573,#10574);
#8121=VERTEX_POINT('',#10575);
#8122=LINE('',#10576,#10577);
#8123=VERTEX_POINT('',#10578);
#8124=LINE('',#10579,#10580);
#8125=LINE('',#10581,#10582);
#8126=VERTEX_POINT('',#10583);
#8127=LINE('',#10584,#10585);
#8128=LINE('',#10586,#10587);
#8129=VERTEX_POINT('',#10588);
#8130=LINE('',#10589,#10590);
#8131=LINE('',#10591,#10592);
#8132=LINE('',#10593,#10594);
#8133=VERTEX_POINT('',#10595);
#8134=LINE('',#10596,#10597);
#8135=VERTEX_POINT('',#10598);
#8136=LINE('',#10599,#10600);
#8137=LINE('',#10601,#10602);
#8138=VERTEX_POINT('',#10603);
#8139=LINE('',#10604,#10605);
#8140=LINE('',#10606,#10607);
#8141=VERTEX_POINT('',#10608);
#8142=LINE('',#10609,#10610);
#8143=LINE('',#10611,#10612);
#8144=LINE('',#10613,#10614);
#8145=VERTEX_POINT('',#10615);
#8146=LINE('',#10616,#10617);
#8147=VERTEX_POINT('',#10618);
#8148=LINE('',#10619,#10620);
#8149=LINE('',#10621,#10622);
#8150=VERTEX_POINT('',#10623);
#8151=LINE('',#10624,#10625);
#8152=LINE('',#10626,#10627);
#8153=VERTEX_POINT('',#10628);
#8154=LINE('',#10629,#10630);
#8155=LINE('',#10631,#10632);
#8156=LINE('',#10633,#10634);
#8157=VERTEX_POINT('',#10635);
#8158=LINE('',#10636,#10637);
#8159=VERTEX_POINT('',#10638);
#8160=LINE('',#10639,#10640);
#8161=LINE('',#10641,#10642);
#8162=VERTEX_POINT('',#10643);
#8163=LINE('',#10644,#10645);
#8164=LINE('',#10646,#10647);
#8165=VERTEX_POINT('',#10648);
#8166=LINE('',#10649,#10650);
#8167=LINE('',#10651,#10652);
#8168=LINE('',#10653,#10654);
#8169=VERTEX_POINT('',#10655);
#8170=LINE('',#10656,#10657);
#8171=VERTEX_POINT('',#10658);
#8172=LINE('',#10659,#10660);
#8173=LINE('',#10661,#10662);
#8174=VERTEX_POINT('',#10663);
#8175=LINE('',#10664,#10665);
#8176=LINE('',#10666,#10667);
#8177=VERTEX_POINT('',#10668);
#8178=LINE('',#10669,#10670);
#8179=LINE('',#10671,#10672);
#8180=LINE('',#10673,#10674);
#8181=VERTEX_POINT('',#10675);
#8182=LINE('',#10676,#10677);
#8183=VERTEX_POINT('',#10678);
#8184=LINE('',#10679,#10680);
#8185=LINE('',#10681,#10682);
#8186=VERTEX_POINT('',#10683);
#8187=LINE('',#10684,#10685);
#8188=LINE('',#10686,#10687);
#8189=VERTEX_POINT('',#10688);
#8190=LINE('',#10689,#10690);
#8191=LINE('',#10691,#10692);
#8192=LINE('',#10693,#10694);
#8193=VERTEX_POINT('',#10695);
#8194=LINE('',#10696,#10697);
#8195=VERTEX_POINT('',#10698);
#8196=LINE('',#10699,#10700);
#8197=LINE('',#10701,#10702);
#8198=VERTEX_POINT('',#10703);
#8199=LINE('',#10704,#10705);
#8200=LINE('',#10706,#10707);
#8201=VERTEX_POINT('',#10708);
#8202=LINE('',#10709,#10710);
#8203=LINE('',#10711,#10712);
#8204=LINE('',#10713,#10714);
#8205=VERTEX_POINT('',#10715);
#8206=LINE('',#10716,#10717);
#8207=VERTEX_POINT('',#10718);
#8208=LINE('',#10719,#10720);
#8209=LINE('',#10721,#10722);
#8210=VERTEX_POINT('',#10723);
#8211=LINE('',#10724,#10725);
#8212=LINE('',#10726,#10727);
#8213=VERTEX_POINT('',#10728);
#8214=LINE('',#10729,#10730);
#8215=LINE('',#10731,#10732);
#8216=LINE('',#10733,#10734);
#8217=VERTEX_POINT('',#10735);
#8218=LINE('',#10736,#10737);
#8219=VERTEX_POINT('',#10738);
#8220=LINE('',#10739,#10740);
#8221=VERTEX_POINT('',#10741);
#8222=LINE('',#10742,#10743);
#8223=VERTEX_POINT('',#10744);
#8224=LINE('',#10745,#10746);
#8225=VERTEX_POINT('',#10747);
#8226=LINE('',#10748,#10749);
#8227=LINE('',#10750,#10751);
#8228=VERTEX_POINT('',#10752);
#8229=LINE('',#10753,#10754);
#8230=VERTEX_POINT('',#10755);
#8231=LINE('',#10756,#10757);
#8232=VERTEX_POINT('',#10758);
#8233=LINE('',#10759,#10760);
#8234=VERTEX_POINT('',#10761);
#8235=LINE('',#10762,#10763);
#8236=VERTEX_POINT('',#10764);
#8237=LINE('',#10765,#10766);
#8238=LINE('',#10767,#10768);
#8239=LINE('',#10769,#10770);
#8240=VERTEX_POINT('',#10771);
#8241=LINE('',#10772,#10773);
#8242=VERTEX_POINT('',#10774);
#8243=LINE('',#10775,#10776);
#8244=LINE('',#10777,#10778);
#8245=LINE('',#10779,#10780);
#8246=VERTEX_POINT('',#10781);
#8247=LINE('',#10782,#10783);
#8248=VERTEX_POINT('',#10784);
#8249=LINE('',#10785,#10786);
#8250=LINE('',#10787,#10788);
#8251=VERTEX_POINT('',#10789);
#8252=LINE('',#10790,#10791);
#8253=LINE('',#10792,#10793);
#8254=LINE('',#10794,#10795);
#8255=VERTEX_POINT('',#10796);
#8256=LINE('',#10797,#10798);
#8257=VERTEX_POINT('',#10799);
#8258=LINE('',#10800,#10801);
#8259=VERTEX_POINT('',#10802);
#8260=LINE('',#10803,#10804);
#8261=VERTEX_POINT('',#10805);
#8262=LINE('',#10806,#10807);
#8263=LINE('',#10808,#10809);
#8264=VERTEX_POINT('',#10810);
#8265=LINE('',#10811,#10812);
#8266=LINE('',#10813,#10814);
#8267=LINE('',#10815,#10816);
#8268=VERTEX_POINT('',#10817);
#8269=LINE('',#10818,#10819);
#8270=LINE('',#10820,#10821);
#8271=LINE('',#10822,#10823);
#8272=VERTEX_POINT('',#10824);
#8273=LINE('',#10825,#10826);
#8274=LINE('',#10827,#10828);
#8275=LINE('',#10829,#10830);
#8276=LINE('',#10831,#10832);
#8277=LINE('',#10833,#10834);
#8278=VERTEX_POINT('',#10835);
#8279=LINE('',#10836,#10837);
#8280=CIRCLE('',#10838,3.18);
#8281=VERTEX_POINT('',#10839);
#8282=LINE('',#10840,#10841);
#8283=CIRCLE('',#10842,3.18);
#8284=LINE('',#10843,#10844);
#8285=LINE('',#10845,#10846);
#8286=LINE('',#10847,#10848);
#8287=VERTEX_POINT('',#10849);
#8288=LINE('',#10850,#10851);
#8289=LINE('',#10852,#10853);
#8290=VERTEX_POINT('',#10854);
#8291=LINE('',#10855,#10856);
#8292=LINE('',#10857,#10858);
#8293=LINE('',#10859,#10860);
#8294=VERTEX_POINT('',#10861);
#8295=LINE('',#10862,#10863);
#8296=LINE('',#10864,#10865);
#8297=VERTEX_POINT('',#10866);
#8298=LINE('',#10867,#10868);
#8299=LINE('',#10869,#10870);
#8300=LINE('',#10871,#10872);
#8301=VERTEX_POINT('',#10873);
#8302=LINE('',#10874,#10875);
#8303=LINE('',#10876,#10877);
#8304=VERTEX_POINT('',#10878);
#8305=LINE('',#10879,#10880);
#8306=LINE('',#10881,#10882);
#8307=LINE('',#10883,#10884);
#8308=VERTEX_POINT('',#10885);
#8309=LINE('',#10886,#10887);
#8310=VERTEX_POINT('',#10888);
#8311=CIRCLE('',#10889,3.18);
#8312=LINE('',#10890,#10891);
#8313=VERTEX_POINT('',#10892);
#8314=LINE('',#10893,#10894);
#8315=LINE('',#10895,#10896);
#8316=VERTEX_POINT('',#10897);
#8317=CIRCLE('',#10898,3.18);
#8318=LINE('',#10899,#10900);
#8319=LINE('',#10901,#10902);
#8320=VERTEX_POINT('',#10903);
#8321=LINE('',#10904,#10905);
#8322=LINE('',#10906,#10907);
#8323=VERTEX_POINT('',#10908);
#8324=LINE('',#10909,#10910);
#8325=LINE('',#10911,#10912);
#8326=LINE('',#10913,#10914);
#8327=VERTEX_POINT('',#10915);
#8328=LINE('',#10916,#10917);
#8329=LINE('',#10918,#10919);
#8330=VERTEX_POINT('',#10920);
#8331=LINE('',#10921,#10922);
#8332=LINE('',#10923,#10924);
#8333=LINE('',#10925,#10926);
#8334=VERTEX_POINT('',#10927);
#8335=LINE('',#10928,#10929);
#8336=LINE('',#10930,#10931);
#8337=VERTEX_POINT('',#10932);
#8338=LINE('',#10933,#10934);
#8339=LINE('',#10935,#10936);
#8340=LINE('',#10937,#10938);
#8341=VERTEX_POINT('',#10939);
#8342=LINE('',#10940,#10941);
#8343=LINE('',#10942,#10943);
#8344=VERTEX_POINT('',#10944);
#8345=LINE('',#10945,#10946);
#8346=LINE('',#10947,#10948);
#8347=LINE('',#10949,#10950);
#8348=VERTEX_POINT('',#10951);
#8349=LINE('',#10952,#10953);
#8350=VERTEX_POINT('',#10954);
#8351=CIRCLE('',#10955,3.18);
#8352=LINE('',#10956,#10957);
#8353=VERTEX_POINT('',#10958);
#8354=LINE('',#10959,#10960);
#8355=LINE('',#10961,#10962);
#8356=VERTEX_POINT('',#10963);
#8357=CIRCLE('',#10964,3.18);
#8358=LINE('',#10965,#10966);
#8359=LINE('',#10967,#10968);
#8360=VERTEX_POINT('',#10969);
#8361=LINE('',#10970,#10971);
#8362=LINE('',#10972,#10973);
#8363=VERTEX_POINT('',#10974);
#8364=LINE('',#10975,#10976);
#8365=LINE('',#10977,#10978);
#8366=LINE('',#10979,#10980);
#8367=VERTEX_POINT('',#10981);
#8368=LINE('',#10982,#10983);
#8369=LINE('',#10984,#10985);
#8370=VERTEX_POINT('',#10986);
#8371=LINE('',#10987,#10988);
#8372=LINE('',#10989,#10990);
#8373=LINE('',#10991,#10992);
#8374=VERTEX_POINT('',#10993);
#8375=LINE('',#10994,#10995);
#8376=LINE('',#10996,#10997);
#8377=VERTEX_POINT('',#10998);
#8378=LINE('',#10999,#11000);
#8379=LINE('',#11001,#11002);
#8380=LINE('',#11003,#11004);
#8381=VERTEX_POINT('',#11005);
#8382=LINE('',#11006,#11007);
#8383=LINE('',#11008,#11009);
#8384=VERTEX_POINT('',#11010);
#8385=LINE('',#11011,#11012);
#8386=VERTEX_POINT('',#11013);
#8387=LINE('',#11014,#11015);
#8388=LINE('',#11016,#11017);
#8389=VERTEX_POINT('',#11018);
#8390=LINE('',#11019,#11020);
#8391=VERTEX_POINT('',#11021);
#8392=LINE('',#11022,#11023);
#8393=LINE('',#11024,#11025);
#8394=VERTEX_POINT('',#11026);
#8395=LINE('',#11027,#11028);
#8396=VERTEX_POINT('',#11029);
#8397=LINE('',#11030,#11031);
#8398=LINE('',#11032,#11033);
#8399=VERTEX_POINT('',#11034);
#8400=LINE('',#11035,#11036);
#8401=VERTEX_POINT('',#11037);
#8402=LINE('',#11038,#11039);
#8403=LINE('',#11040,#11041);
#8404=VERTEX_POINT('',#11042);
#8405=LINE('',#11043,#11044);
#8406=VERTEX_POINT('',#11045);
#8407=LINE('',#11046,#11047);
#8408=LINE('',#11048,#11049);
#8409=VERTEX_POINT('',#11050);
#8410=LINE('',#11051,#11052);
#8411=VERTEX_POINT('',#11053);
#8412=LINE('',#11054,#11055);
#8413=LINE('',#11056,#11057);
#8414=VERTEX_POINT('',#11058);
#8415=LINE('',#11059,#11060);
#8416=VERTEX_POINT('',#11061);
#8417=LINE('',#11062,#11063);
#8418=LINE('',#11064,#11065);
#8419=VERTEX_POINT('',#11066);
#8420=LINE('',#11067,#11068);
#8421=VERTEX_POINT('',#11069);
#8422=LINE('',#11070,#11071);
#8423=LINE('',#11072,#11073);
#8424=VERTEX_POINT('',#11074);
#8425=LINE('',#11075,#11076);
#8426=VERTEX_POINT('',#11077);
#8427=LINE('',#11078,#11079);
#8428=LINE('',#11080,#11081);
#8429=VERTEX_POINT('',#11082);
#8430=LINE('',#11083,#11084);
#8431=VERTEX_POINT('',#11085);
#8432=LINE('',#11086,#11087);
#8433=LINE('',#11088,#11089);
#8434=VERTEX_POINT('',#11090);
#8435=VERTEX_POINT('',#11091);
#8436=LINE('',#11092,#11093);
#8437=VERTEX_POINT('',#11094);
#8438=LINE('',#11095,#11096);
#8439=LINE('',#11097,#11098);
#8440=LINE('',#11099,#11100);
#8441=VERTEX_POINT('',#11101);
#8442=LINE('',#11102,#11103);
#8443=VERTEX_POINT('',#11104);
#8444=LINE('',#11105,#11106);
#8445=LINE('',#11107,#11108);
#8446=LINE('',#11109,#11110);
#8447=LINE('',#11111,#11112);
#8448=LINE('',#11113,#11114);
#8449=LINE('',#11115,#11116);
#8450=LINE('',#11117,#11118);
#8451=LINE('',#11119,#11120);
#8452=LINE('',#11121,#11122);
#8453=LINE('',#11123,#11124);
#8454=LINE('',#11125,#11126);
#8455=LINE('',#11127,#11128);
#8456=LINE('',#11129,#11130);
#8457=LINE('',#11131,#11132);
#8458=LINE('',#11133,#11134);
#8459=LINE('',#11135,#11136);
#8460=LINE('',#11137,#11138);
#8461=LINE('',#11139,#11140);
#8462=LINE('',#11141,#11142);
#8463=LINE('',#11143,#11144);
#8464=LINE('',#11145,#11146);
#8465=LINE('',#11147,#11148);
#8466=LINE('',#11149,#11150);
#8467=LINE('',#11151,#11152);
#8468=LINE('',#11153,#11154);
#8469=LINE('',#11155,#11156);
#8470=LINE('',#11157,#11158);
#8471=LINE('',#11159,#11160);
#8472=VERTEX_POINT('',#11161);
#8473=VERTEX_POINT('',#11162);
#8474=LINE('',#11163,#11164);
#8475=VERTEX_POINT('',#11165);
#8476=LINE('',#11166,#11167);
#8477=LINE('',#11168,#11169);
#8478=VERTEX_POINT('',#11170);
#8479=LINE('',#11171,#11172);
#8480=LINE('',#11173,#11174);
#8481=VERTEX_POINT('',#11175);
#8482=VERTEX_POINT('',#11176);
#8483=LINE('',#11177,#11178);
#8484=LINE('',#11179,#11180);
#8485=LINE('',#11181,#11182);
#8486=VERTEX_POINT('',#11183);
#8487=CIRCLE('',#11184,0.5588);
#8488=LINE('',#11185,#11186);
#8489=VERTEX_POINT('',#11187);
#8490=LINE('',#11188,#11189);
#8491=VERTEX_POINT('',#11190);
#8492=LINE('',#11191,#11192);
#8493=VERTEX_POINT('',#11193);
#8494=LINE('',#11194,#11195);
#8495=LINE('',#11196,#11197);
#8496=LINE('',#11198,#11199);
#8497=LINE('',#11200,#11201);
#8498=CIRCLE('',#11202,0.5588);
#8499=VERTEX_POINT('',#11203);
#8500=VERTEX_POINT('',#11204);
#8501=LINE('',#11205,#11206);
#8502=VERTEX_POINT('',#11207);
#8503=LINE('',#11208,#11209);
#8504=LINE('',#11210,#11211);
#8505=VERTEX_POINT('',#11212);
#8506=LINE('',#11213,#11214);
#8507=LINE('',#11215,#11216);
#8508=VERTEX_POINT('',#11217);
#8509=VERTEX_POINT('',#11218);
#8510=LINE('',#11219,#11220);
#8511=LINE('',#11221,#11222);
#8512=LINE('',#11223,#11224);
#8513=VERTEX_POINT('',#11225);
#8514=CIRCLE('',#11226,0.5588);
#8515=LINE('',#11227,#11228);
#8516=VERTEX_POINT('',#11229);
#8517=LINE('',#11230,#11231);
#8518=VERTEX_POINT('',#11232);
#8519=LINE('',#11233,#11234);
#8520=VERTEX_POINT('',#11235);
#8521=LINE('',#11236,#11237);
#8522=LINE('',#11238,#11239);
#8523=LINE('',#11240,#11241);
#8524=LINE('',#11242,#11243);
#8525=CIRCLE('',#11244,0.5588);
#8526=VERTEX_POINT('',#11245);
#8527=VERTEX_POINT('',#11246);
#8528=LINE('',#11247,#11248);
#8529=VERTEX_POINT('',#11249);
#8530=LINE('',#11250,#11251);
#8531=LINE('',#11252,#11253);
#8532=VERTEX_POINT('',#11254);
#8533=LINE('',#11255,#11256);
#8534=LINE('',#11257,#11258);
#8535=VERTEX_POINT('',#11259);
#8536=VERTEX_POINT('',#11260);
#8537=LINE('',#11261,#11262);
#8538=LINE('',#11263,#11264);
#8539=LINE('',#11265,#11266);
#8540=VERTEX_POINT('',#11267);
#8541=CIRCLE('',#11268,0.5588);
#8542=LINE('',#11269,#11270);
#8543=VERTEX_POINT('',#11271);
#8544=LINE('',#11272,#11273);
#8545=VERTEX_POINT('',#11274);
#8546=LINE('',#11275,#11276);
#8547=VERTEX_POINT('',#11277);
#8548=LINE('',#11278,#11279);
#8549=LINE('',#11280,#11281);
#8550=LINE('',#11282,#11283);
#8551=LINE('',#11284,#11285);
#8552=CIRCLE('',#11286,0.5588);
#8553=VERTEX_POINT('',#11287);
#8554=VERTEX_POINT('',#11288);
#8555=LINE('',#11289,#11290);
#8556=VERTEX_POINT('',#11291);
#8557=LINE('',#11292,#11293);
#8558=LINE('',#11294,#11295);
#8559=VERTEX_POINT('',#11296);
#8560=LINE('',#11297,#11298);
#8561=LINE('',#11299,#11300);
#8562=VERTEX_POINT('',#11301);
#8563=VERTEX_POINT('',#11302);
#8564=LINE('',#11303,#11304);
#8565=LINE('',#11305,#11306);
#8566=LINE('',#11307,#11308);
#8567=VERTEX_POINT('',#11309);
#8568=CIRCLE('',#11310,0.5588);
#8569=LINE('',#11311,#11312);
#8570=VERTEX_POINT('',#11313);
#8571=LINE('',#11314,#11315);
#8572=VERTEX_POINT('',#11316);
#8573=LINE('',#11317,#11318);
#8574=VERTEX_POINT('',#11319);
#8575=LINE('',#11320,#11321);
#8576=LINE('',#11322,#11323);
#8577=LINE('',#11324,#11325);
#8578=LINE('',#11326,#11327);
#8579=CIRCLE('',#11328,0.5588);
#8580=VERTEX_POINT('',#11329);
#8581=VERTEX_POINT('',#11330);
#8582=LINE('',#11331,#11332);
#8583=VERTEX_POINT('',#11333);
#8584=LINE('',#11334,#11335);
#8585=LINE('',#11336,#11337);
#8586=VERTEX_POINT('',#11338);
#8587=LINE('',#11339,#11340);
#8588=LINE('',#11341,#11342);
#8589=VERTEX_POINT('',#11343);
#8590=VERTEX_POINT('',#11344);
#8591=LINE('',#11345,#11346);
#8592=LINE('',#11347,#11348);
#8593=LINE('',#11349,#11350);
#8594=VERTEX_POINT('',#11351);
#8595=CIRCLE('',#11352,0.5588);
#8596=LINE('',#11353,#11354);
#8597=VERTEX_POINT('',#11355);
#8598=LINE('',#11356,#11357);
#8599=VERTEX_POINT('',#11358);
#8600=LINE('',#11359,#11360);
#8601=VERTEX_POINT('',#11361);
#8602=LINE('',#11362,#11363);
#8603=LINE('',#11364,#11365);
#8604=LINE('',#11366,#11367);
#8605=LINE('',#11368,#11369);
#8606=CIRCLE('',#11370,0.5588);
#8607=VERTEX_POINT('',#11371);
#8608=VERTEX_POINT('',#11372);
#8609=LINE('',#11373,#11374);
#8610=VERTEX_POINT('',#11375);
#8611=LINE('',#11376,#11377);
#8612=LINE('',#11378,#11379);
#8613=VERTEX_POINT('',#11380);
#8614=LINE('',#11381,#11382);
#8615=LINE('',#11383,#11384);
#8616=VERTEX_POINT('',#11385);
#8617=VERTEX_POINT('',#11386);
#8618=LINE('',#11387,#11388);
#8619=LINE('',#11389,#11390);
#8620=LINE('',#11391,#11392);
#8621=VERTEX_POINT('',#11393);
#8622=CIRCLE('',#11394,0.5588);
#8623=LINE('',#11395,#11396);
#8624=VERTEX_POINT('',#11397);
#8625=LINE('',#11398,#11399);
#8626=VERTEX_POINT('',#11400);
#8627=LINE('',#11401,#11402);
#8628=VERTEX_POINT('',#11403);
#8629=LINE('',#11404,#11405);
#8630=LINE('',#11406,#11407);
#8631=LINE('',#11408,#11409);
#8632=LINE('',#11410,#11411);
#8633=CIRCLE('',#11412,0.5588);
#8634=VERTEX_POINT('',#11413);
#8635=VERTEX_POINT('',#11414);
#8636=LINE('',#11415,#11416);
#8637=VERTEX_POINT('',#11417);
#8638=LINE('',#11418,#11419);
#8639=LINE('',#11420,#11421);
#8640=VERTEX_POINT('',#11422);
#8641=LINE('',#11423,#11424);
#8642=LINE('',#11425,#11426);
#8643=VERTEX_POINT('',#11427);
#8644=VERTEX_POINT('',#11428);
#8645=LINE('',#11429,#11430);
#8646=LINE('',#11431,#11432);
#8647=LINE('',#11433,#11434);
#8648=VERTEX_POINT('',#11435);
#8649=CIRCLE('',#11436,0.5588);
#8650=LINE('',#11437,#11438);
#8651=VERTEX_POINT('',#11439);
#8652=LINE('',#11440,#11441);
#8653=VERTEX_POINT('',#11442);
#8654=LINE('',#11443,#11444);
#8655=VERTEX_POINT('',#11445);
#8656=LINE('',#11446,#11447);
#8657=LINE('',#11448,#11449);
#8658=LINE('',#11450,#11451);
#8659=LINE('',#11452,#11453);
#8660=CIRCLE('',#11454,0.5588);
#8661=VERTEX_POINT('',#11455);
#8662=VERTEX_POINT('',#11456);
#8663=LINE('',#11457,#11458);
#8664=VERTEX_POINT('',#11459);
#8665=LINE('',#11460,#11461);
#8666=LINE('',#11462,#11463);
#8667=VERTEX_POINT('',#11464);
#8668=LINE('',#11465,#11466);
#8669=LINE('',#11467,#11468);
#8670=VERTEX_POINT('',#11469);
#8671=VERTEX_POINT('',#11470);
#8672=LINE('',#11471,#11472);
#8673=LINE('',#11473,#11474);
#8674=LINE('',#11475,#11476);
#8675=VERTEX_POINT('',#11477);
#8676=CIRCLE('',#11478,0.5588);
#8677=LINE('',#11479,#11480);
#8678=VERTEX_POINT('',#11481);
#8679=LINE('',#11482,#11483);
#8680=VERTEX_POINT('',#11484);
#8681=LINE('',#11485,#11486);
#8682=VERTEX_POINT('',#11487);
#8683=LINE('',#11488,#11489);
#8684=LINE('',#11490,#11491);
#8685=LINE('',#11492,#11493);
#8686=LINE('',#11494,#11495);
#8687=CIRCLE('',#11496,0.5588);
#8688=VERTEX_POINT('',#11497);
#8689=VERTEX_POINT('',#11498);
#8690=LINE('',#11499,#11500);
#8691=VERTEX_POINT('',#11501);
#8692=LINE('',#11502,#11503);
#8693=LINE('',#11504,#11505);
#8694=VERTEX_POINT('',#11506);
#8695=LINE('',#11507,#11508);
#8696=LINE('',#11509,#11510);
#8697=VERTEX_POINT('',#11511);
#8698=VERTEX_POINT('',#11512);
#8699=LINE('',#11513,#11514);
#8700=LINE('',#11515,#11516);
#8701=LINE('',#11517,#11518);
#8702=VERTEX_POINT('',#11519);
#8703=CIRCLE('',#11520,0.5588);
#8704=LINE('',#11521,#11522);
#8705=VERTEX_POINT('',#11523);
#8706=LINE('',#11524,#11525);
#8707=VERTEX_POINT('',#11526);
#8708=LINE('',#11527,#11528);
#8709=VERTEX_POINT('',#11529);
#8710=LINE('',#11530,#11531);
#8711=LINE('',#11532,#11533);
#8712=LINE('',#11534,#11535);
#8713=LINE('',#11536,#11537);
#8714=CIRCLE('',#11538,0.5588);
#8715=VERTEX_POINT('',#11539);
#8716=VERTEX_POINT('',#11540);
#8717=LINE('',#11541,#11542);
#8718=VERTEX_POINT('',#11543);
#8719=LINE('',#11544,#11545);
#8720=LINE('',#11546,#11547);
#8721=VERTEX_POINT('',#11548);
#8722=LINE('',#11549,#11550);
#8723=LINE('',#11551,#11552);
#8724=VERTEX_POINT('',#11553);
#8725=VERTEX_POINT('',#11554);
#8726=LINE('',#11555,#11556);
#8727=LINE('',#11557,#11558);
#8728=LINE('',#11559,#11560);
#8729=VERTEX_POINT('',#11561);
#8730=CIRCLE('',#11562,0.5588);
#8731=LINE('',#11563,#11564);
#8732=VERTEX_POINT('',#11565);
#8733=LINE('',#11566,#11567);
#8734=VERTEX_POINT('',#11568);
#8735=LINE('',#11569,#11570);
#8736=VERTEX_POINT('',#11571);
#8737=LINE('',#11572,#11573);
#8738=LINE('',#11574,#11575);
#8739=LINE('',#11576,#11577);
#8740=LINE('',#11578,#11579);
#8741=CIRCLE('',#11580,0.5588);
#8742=VERTEX_POINT('',#11581);
#8743=VERTEX_POINT('',#11582);
#8744=LINE('',#11583,#11584);
#8745=VERTEX_POINT('',#11585);
#8746=LINE('',#11586,#11587);
#8747=LINE('',#11588,#11589);
#8748=VERTEX_POINT('',#11590);
#8749=LINE('',#11591,#11592);
#8750=LINE('',#11593,#11594);
#8751=VERTEX_POINT('',#11595);
#8752=VERTEX_POINT('',#11596);
#8753=LINE('',#11597,#11598);
#8754=LINE('',#11599,#11600);
#8755=LINE('',#11601,#11602);
#8756=VERTEX_POINT('',#11603);
#8757=CIRCLE('',#11604,0.5588);
#8758=LINE('',#11605,#11606);
#8759=VERTEX_POINT('',#11607);
#8760=LINE('',#11608,#11609);
#8761=VERTEX_POINT('',#11610);
#8762=LINE('',#11611,#11612);
#8763=VERTEX_POINT('',#11613);
#8764=LINE('',#11614,#11615);
#8765=LINE('',#11616,#11617);
#8766=LINE('',#11618,#11619);
#8767=LINE('',#11620,#11621);
#8768=CIRCLE('',#11622,0.5588);
#8769=VERTEX_POINT('',#11623);
#8770=VERTEX_POINT('',#11624);
#8771=LINE('',#11625,#11626);
#8772=CIRCLE('',#11627,0.5588);
#8773=LINE('',#11628,#11629);
#8774=VERTEX_POINT('',#11630);
#8775=LINE('',#11631,#11632);
#8776=LINE('',#11633,#11634);
#8777=LINE('',#11635,#11636);
#8778=LINE('',#11637,#11638);
#8779=VERTEX_POINT('',#11639);
#8780=LINE('',#11640,#11641);
#8781=LINE('',#11642,#11643);
#8782=LINE('',#11644,#11645);
#8783=VERTEX_POINT('',#11646);
#8784=LINE('',#11647,#11648);
#8785=VERTEX_POINT('',#11649);
#8786=LINE('',#11650,#11651);
#8787=LINE('',#11652,#11653);
#8788=LINE('',#11654,#11655);
#8789=LINE('',#11656,#11657);
#8790=VERTEX_POINT('',#11658);
#8791=LINE('',#11659,#11660);
#8792=VERTEX_POINT('',#11661);
#8793=LINE('',#11662,#11663);
#8794=LINE('',#11664,#11665);
#8795=LINE('',#11666,#11667);
#8796=LINE('',#11668,#11669);
#8797=LINE('',#11670,#11671);
#8798=CARTESIAN_POINT('',(-23.7236,9.274,-9.42));
#8799=CARTESIAN_POINT('',(-23.7236,10.414,-9.42));
#8800=CARTESIAN_POINT('',(-23.7236,9.274,-9.42));
#8801=VECTOR('',#11672,1.14);
#8802=CARTESIAN_POINT('',(-23.7236,9.274,-11.4));
#8803=CARTESIAN_POINT('',(-23.7236,9.274,-11.4));
#8804=VECTOR('',#11673,1.98);
#8805=CARTESIAN_POINT('',(-23.7236,4.064,-11.4));
#8806=CARTESIAN_POINT('',(-23.7236,4.064,-11.4));
#8807=VECTOR('',#11674,5.21);
#8808=CARTESIAN_POINT('',(-23.7236,4.064,-1.91));
#8809=CARTESIAN_POINT('',(-23.7236,4.064,-1.91));
#8810=VECTOR('',#11675,9.49);
#8811=CARTESIAN_POINT('',(-23.7236,2.284,-1.91));
#8812=CARTESIAN_POINT('',(-23.7236,2.284,-1.91));
#8813=VECTOR('',#11676,1.78);
#8814=CARTESIAN_POINT('',(-23.7236,0.0,-4.96116109047));
#8815=AXIS2_PLACEMENT_3D('',#11677,#11678,#11679);
#8816=CARTESIAN_POINT('',(-23.7236,0.0,0.0));
#8817=CARTESIAN_POINT('',(-23.7236,0.0,0.0));
#8818=VECTOR('',#11680,4.96116109047);
#8819=CARTESIAN_POINT('',(-23.7236,10.414,0.0));
#8820=CARTESIAN_POINT('',(-23.7236,10.414,0.0));
#8821=VECTOR('',#11681,10.414);
#8822=CARTESIAN_POINT('',(-23.7236,11.8872,-2.54));
#8823=CARTESIAN_POINT('',(-23.7236,10.414,0.0));
#8824=VECTOR('',#11682,2.936310310577);
#8825=CARTESIAN_POINT('',(-23.7236,10.414,-2.54));
#8826=CARTESIAN_POINT('',(-23.7236,11.8872,-2.54));
#8827=VECTOR('',#11683,1.4732);
#8828=CARTESIAN_POINT('',(-23.7236,10.414,-9.42));
#8829=VECTOR('',#11684,6.88);
#8830=CARTESIAN_POINT('',(7.8836,10.414,0.0));
#8831=CARTESIAN_POINT('',(11.8412,10.414,0.0));
#8832=CARTESIAN_POINT('',(7.8836,10.414,0.0));
#8833=VECTOR('',#11685,3.9576);
#8834=CARTESIAN_POINT('',(11.8412,10.414,-2.54));
#8835=CARTESIAN_POINT('',(11.8412,10.414,0.0));
#8836=VECTOR('',#11686,2.54);
#8837=CARTESIAN_POINT('',(15.8036,10.414,-2.54));
#8838=CARTESIAN_POINT('',(11.8412,10.414,-2.54));
#8839=VECTOR('',#11687,3.9624);
#8840=CARTESIAN_POINT('',(15.8036,10.414,0.0));
#8841=CARTESIAN_POINT('',(15.8036,10.414,0.0));
#8842=VECTOR('',#11688,2.54);
#8843=CARTESIAN_POINT('',(19.7612,10.414,0.0));
#8844=CARTESIAN_POINT('',(15.8036,10.414,0.0));
#8845=VECTOR('',#11689,3.9576);
#8846=CARTESIAN_POINT('',(19.7612,10.414,-2.54));
#8847=CARTESIAN_POINT('',(19.7612,10.414,0.0));
#8848=VECTOR('',#11690,2.54);
#8849=CARTESIAN_POINT('',(23.7236,10.414,-2.54));
#8850=CARTESIAN_POINT('',(23.7236,10.414,-2.54));
#8851=VECTOR('',#11691,3.9624);
#8852=CARTESIAN_POINT('',(23.7236,10.414,-9.42));
#8853=CARTESIAN_POINT('',(23.7236,10.414,-9.42));
#8854=VECTOR('',#11692,6.88);
#8855=CARTESIAN_POINT('',(-23.7236,10.414,-9.42));
#8856=VECTOR('',#11693,47.4472);
#8857=CARTESIAN_POINT('',(-19.7612,10.414,-2.54));
#8858=CARTESIAN_POINT('',(-23.7236,10.414,-2.54));
#8859=VECTOR('',#11694,3.9624);
#8860=CARTESIAN_POINT('',(-19.7612,10.414,0.0));
#8861=CARTESIAN_POINT('',(-19.7612,10.414,0.0));
#8862=VECTOR('',#11695,2.54);
#8863=CARTESIAN_POINT('',(-15.8036,10.414,0.0));
#8864=CARTESIAN_POINT('',(-19.7612,10.414,0.0));
#8865=VECTOR('',#11696,3.9576);
#8866=CARTESIAN_POINT('',(-15.8036,10.414,-2.54));
#8867=CARTESIAN_POINT('',(-15.8036,10.414,0.0));
#8868=VECTOR('',#11697,2.54);
#8869=CARTESIAN_POINT('',(-11.8412,10.414,-2.54));
#8870=CARTESIAN_POINT('',(-11.8412,10.414,-2.54));
#8871=VECTOR('',#11698,3.9624);
#8872=CARTESIAN_POINT('',(-11.8412,10.414,0.0));
#8873=CARTESIAN_POINT('',(-11.8412,10.414,0.0));
#8874=VECTOR('',#11699,2.54);
#8875=CARTESIAN_POINT('',(-7.8836,10.414,0.0));
#8876=CARTESIAN_POINT('',(-11.8412,10.414,0.0));
#8877=VECTOR('',#11700,3.9576);
#8878=CARTESIAN_POINT('',(-7.8836,10.414,-2.54));
#8879=CARTESIAN_POINT('',(-7.8836,10.414,0.0));
#8880=VECTOR('',#11701,2.54);
#8881=CARTESIAN_POINT('',(-3.9212,10.414,-2.54));
#8882=CARTESIAN_POINT('',(-3.9212,10.414,-2.54));
#8883=VECTOR('',#11702,3.9624);
#8884=CARTESIAN_POINT('',(-3.9212,10.414,0.0));
#8885=CARTESIAN_POINT('',(-3.9212,10.414,0.0));
#8886=VECTOR('',#11703,2.54);
#8887=CARTESIAN_POINT('',(3.9212,10.414,0.0));
#8888=CARTESIAN_POINT('',(-3.9212,10.414,0.0));
#8889=VECTOR('',#11704,7.8424);
#8890=CARTESIAN_POINT('',(3.9212,10.414,-2.54));
#8891=CARTESIAN_POINT('',(3.9212,10.414,0.0));
#8892=VECTOR('',#11705,2.54);
#8893=CARTESIAN_POINT('',(7.8836,10.414,-2.54));
#8894=CARTESIAN_POINT('',(3.9212,10.414,-2.54));
#8895=VECTOR('',#11706,3.9624);
#8896=CARTESIAN_POINT('',(7.8836,10.414,0.0));
#8897=VECTOR('',#11707,2.54);
#8898=CARTESIAN_POINT('',(7.8836,11.8872,-2.54));
#8899=CARTESIAN_POINT('',(7.8836,10.414,-2.54));
#8900=VECTOR('',#11708,1.4732);
#8901=CARTESIAN_POINT('',(7.8836,11.8872,-2.54));
#8902=VECTOR('',#11709,2.936310310577);
#8903=CARTESIAN_POINT('',(3.9212,11.8872,-2.54));
#8904=CARTESIAN_POINT('',(3.9212,11.8872,-2.54));
#8905=VECTOR('',#11710,3.9624);
#8906=CARTESIAN_POINT('',(3.9212,11.8872,-2.54));
#8907=VECTOR('',#11711,2.936310310577);
#8908=CARTESIAN_POINT('',(3.9212,10.414,0.0));
#8909=VECTOR('',#11712,3.9624);
#8910=CARTESIAN_POINT('',(-3.9212,10.414,0.0));
#8911=VECTOR('',#11713,3.9624);
#8912=CARTESIAN_POINT('',(-11.8412,10.414,0.0));
#8913=VECTOR('',#11714,3.9624);
#8914=CARTESIAN_POINT('',(-23.7236,10.414,0.0));
#8915=VECTOR('',#11715,3.9624);
#8916=CARTESIAN_POINT('',(-22.5836,0.0,0.0));
#8917=CARTESIAN_POINT('',(-23.7236,0.0,0.0));
#8918=VECTOR('',#11716,1.14);
#8919=CARTESIAN_POINT('',(-22.5836,4.064,0.0));
#8920=CARTESIAN_POINT('',(-22.5836,0.0,0.0));
#8921=VECTOR('',#11717,4.064);
#8922=CARTESIAN_POINT('',(-22.352,4.064,0.0));
#8923=CARTESIAN_POINT('',(-22.5836,4.064,0.0));
#8924=VECTOR('',#11718,0.2316);
#8925=CARTESIAN_POINT('',(-22.352,6.096,0.0));
#8926=CARTESIAN_POINT('',(-22.352,4.064,0.0));
#8927=VECTOR('',#11719,2.032);
#8928=CARTESIAN_POINT('',(-21.2344,6.096,0.0));
#8929=CARTESIAN_POINT('',(-22.352,6.096,0.0));
#8930=VECTOR('',#11720,1.1176);
#8931=CARTESIAN_POINT('',(-21.2344,4.064,0.0));
#8932=CARTESIAN_POINT('',(-21.2344,4.064,0.0));
#8933=VECTOR('',#11721,2.032);
#8934=CARTESIAN_POINT('',(-18.392,4.064,0.0));
#8935=CARTESIAN_POINT('',(-21.2344,4.064,0.0));
#8936=VECTOR('',#11722,2.8424);
#8937=CARTESIAN_POINT('',(-18.392,6.096,0.0));
#8938=CARTESIAN_POINT('',(-18.392,4.064,0.0));
#8939=VECTOR('',#11723,2.032);
#8940=CARTESIAN_POINT('',(-17.2744,6.096,0.0));
#8941=CARTESIAN_POINT('',(-18.392,6.096,0.0));
#8942=VECTOR('',#11724,1.1176);
#8943=CARTESIAN_POINT('',(-17.2744,4.064,0.0));
#8944=CARTESIAN_POINT('',(-17.2744,4.064,0.0));
#8945=VECTOR('',#11725,2.032);
#8946=CARTESIAN_POINT('',(-14.432,4.064,0.0));
#8947=CARTESIAN_POINT('',(-17.2744,4.064,0.0));
#8948=VECTOR('',#11726,2.8424);
#8949=CARTESIAN_POINT('',(-14.432,6.096,0.0));
#8950=CARTESIAN_POINT('',(-14.432,4.064,0.0));
#8951=VECTOR('',#11727,2.032);
#8952=CARTESIAN_POINT('',(-13.3144,6.096,0.0));
#8953=CARTESIAN_POINT('',(-14.432,6.096,0.0));
#8954=VECTOR('',#11728,1.1176);
#8955=CARTESIAN_POINT('',(-13.3144,4.064,0.0));
#8956=CARTESIAN_POINT('',(-13.3144,4.064,0.0));
#8957=VECTOR('',#11729,2.032);
#8958=CARTESIAN_POINT('',(-10.472,4.064,0.0));
#8959=CARTESIAN_POINT('',(-13.3144,4.064,0.0));
#8960=VECTOR('',#11730,2.8424);
#8961=CARTESIAN_POINT('',(-10.472,6.096,0.0));
#8962=CARTESIAN_POINT('',(-10.472,4.064,0.0));
#8963=VECTOR('',#11731,2.032);
#8964=CARTESIAN_POINT('',(-9.3544,6.096,0.0));
#8965=CARTESIAN_POINT('',(-10.472,6.096,0.0));
#8966=VECTOR('',#11732,1.1176);
#8967=CARTESIAN_POINT('',(-9.3544,4.064,0.0));
#8968=CARTESIAN_POINT('',(-9.3544,4.064,0.0));
#8969=VECTOR('',#11733,2.032);
#8970=CARTESIAN_POINT('',(-8.4948,4.064,0.0));
#8971=CARTESIAN_POINT('',(-9.3544,4.064,0.0));
#8972=VECTOR('',#11734,0.8596);
#8973=CARTESIAN_POINT('',(-8.4948,0.0,0.0));
#8974=CARTESIAN_POINT('',(-8.4948,4.064,0.0));
#8975=VECTOR('',#11735,4.064);
#8976=CARTESIAN_POINT('',(-7.3548,0.0,0.0));
#8977=CARTESIAN_POINT('',(-8.4948,0.0,0.0));
#8978=VECTOR('',#11736,1.14);
#8979=CARTESIAN_POINT('',(-7.3548,4.064,0.0));
#8980=CARTESIAN_POINT('',(-7.3548,4.064,0.0));
#8981=VECTOR('',#11737,4.064);
#8982=CARTESIAN_POINT('',(-6.512,4.064,0.0));
#8983=CARTESIAN_POINT('',(-7.3548,4.064,0.0));
#8984=VECTOR('',#11738,0.8428);
#8985=CARTESIAN_POINT('',(-6.512,6.096,0.0));
#8986=CARTESIAN_POINT('',(-6.512,4.064,0.0));
#8987=VECTOR('',#11739,2.032);
#8988=CARTESIAN_POINT('',(-5.3944,6.096,0.0));
#8989=CARTESIAN_POINT('',(-6.512,6.096,0.0));
#8990=VECTOR('',#11740,1.1176);
#8991=CARTESIAN_POINT('',(-5.3944,4.064,0.0));
#8992=CARTESIAN_POINT('',(-5.3944,4.064,0.0));
#8993=VECTOR('',#11741,2.032);
#8994=CARTESIAN_POINT('',(-2.552,4.064,0.0));
#8995=CARTESIAN_POINT('',(-5.3944,4.064,0.0));
#8996=VECTOR('',#11742,2.8424);
#8997=CARTESIAN_POINT('',(-2.552,6.096,0.0));
#8998=CARTESIAN_POINT('',(-2.552,4.064,0.0));
#8999=VECTOR('',#11743,2.032);
#9000=CARTESIAN_POINT('',(-1.4344,6.096,0.0));
#9001=CARTESIAN_POINT('',(-2.552,6.096,0.0));
#9002=VECTOR('',#11744,1.1176);
#9003=CARTESIAN_POINT('',(-1.4344,4.064,0.0));
#9004=CARTESIAN_POINT('',(-1.4344,4.064,0.0));
#9005=VECTOR('',#11745,2.032);
#9006=CARTESIAN_POINT('',(1.408,4.064,0.0));
#9007=CARTESIAN_POINT('',(-1.4344,4.064,0.0));
#9008=VECTOR('',#11746,2.8424);
#9009=CARTESIAN_POINT('',(1.408,6.096,0.0));
#9010=CARTESIAN_POINT('',(1.408,4.064,0.0));
#9011=VECTOR('',#11747,2.032);
#9012=CARTESIAN_POINT('',(2.5256,6.096,0.0));
#9013=CARTESIAN_POINT('',(1.408,6.096,0.0));
#9014=VECTOR('',#11748,1.1176);
#9015=CARTESIAN_POINT('',(2.5256,4.064,0.0));
#9016=CARTESIAN_POINT('',(2.5256,4.064,0.0));
#9017=VECTOR('',#11749,2.032);
#9018=CARTESIAN_POINT('',(5.368,4.064,0.0));
#9019=CARTESIAN_POINT('',(2.5256,4.064,0.0));
#9020=VECTOR('',#11750,2.8424);
#9021=CARTESIAN_POINT('',(5.368,6.096,0.0));
#9022=CARTESIAN_POINT('',(5.368,4.064,0.0));
#9023=VECTOR('',#11751,2.032);
#9024=CARTESIAN_POINT('',(6.4856,6.096,0.0));
#9025=CARTESIAN_POINT('',(5.368,6.096,0.0));
#9026=VECTOR('',#11752,1.1176);
#9027=CARTESIAN_POINT('',(6.4856,4.064,0.0));
#9028=CARTESIAN_POINT('',(6.4856,4.064,0.0));
#9029=VECTOR('',#11753,2.032);
#9030=CARTESIAN_POINT('',(7.3533,4.064,0.0));
#9031=CARTESIAN_POINT('',(6.4856,4.064,0.0));
#9032=VECTOR('',#11754,0.8677);
#9033=CARTESIAN_POINT('',(7.3533,0.0,0.0));
#9034=CARTESIAN_POINT('',(7.3533,4.064,0.0));
#9035=VECTOR('',#11755,4.064);
#9036=CARTESIAN_POINT('',(8.4963,0.0,0.0));
#9037=CARTESIAN_POINT('',(7.3533,0.0,0.0));
#9038=VECTOR('',#11756,1.143);
#9039=CARTESIAN_POINT('',(8.4963,4.064,0.0));
#9040=CARTESIAN_POINT('',(8.4963,4.064,0.0));
#9041=VECTOR('',#11757,4.064);
#9042=CARTESIAN_POINT('',(9.328,4.064,0.0));
#9043=CARTESIAN_POINT('',(8.4963,4.064,0.0));
#9044=VECTOR('',#11758,0.8317);
#9045=CARTESIAN_POINT('',(9.328,6.096,0.0));
#9046=CARTESIAN_POINT('',(9.328,4.064,0.0));
#9047=VECTOR('',#11759,2.032);
#9048=CARTESIAN_POINT('',(10.4456,6.096,0.0));
#9049=CARTESIAN_POINT('',(9.328,6.096,0.0));
#9050=VECTOR('',#11760,1.1176);
#9051=CARTESIAN_POINT('',(10.4456,4.064,0.0));
#9052=CARTESIAN_POINT('',(10.4456,4.064,0.0));
#9053=VECTOR('',#11761,2.032);
#9054=CARTESIAN_POINT('',(13.288,4.064,0.0));
#9055=CARTESIAN_POINT('',(10.4456,4.064,0.0));
#9056=VECTOR('',#11762,2.8424);
#9057=CARTESIAN_POINT('',(13.288,6.096,0.0));
#9058=CARTESIAN_POINT('',(13.288,4.064,0.0));
#9059=VECTOR('',#11763,2.032);
#9060=CARTESIAN_POINT('',(14.4056,6.096,0.0));
#9061=CARTESIAN_POINT('',(13.288,6.096,0.0));
#9062=VECTOR('',#11764,1.1176);
#9063=CARTESIAN_POINT('',(14.4056,4.064,0.0));
#9064=CARTESIAN_POINT('',(14.4056,4.064,0.0));
#9065=VECTOR('',#11765,2.032);
#9066=CARTESIAN_POINT('',(17.248,4.064,0.0));
#9067=CARTESIAN_POINT('',(14.4056,4.064,0.0));
#9068=VECTOR('',#11766,2.8424);
#9069=CARTESIAN_POINT('',(17.248,6.096,0.0));
#9070=CARTESIAN_POINT('',(17.248,4.064,0.0));
#9071=VECTOR('',#11767,2.032);
#9072=CARTESIAN_POINT('',(18.3656,6.096,0.0));
#9073=CARTESIAN_POINT('',(17.248,6.096,0.0));
#9074=VECTOR('',#11768,1.1176);
#9075=CARTESIAN_POINT('',(18.3656,4.064,0.0));
#9076=CARTESIAN_POINT('',(18.3656,4.064,0.0));
#9077=VECTOR('',#11769,2.032);
#9078=CARTESIAN_POINT('',(21.208,4.064,0.0));
#9079=CARTESIAN_POINT('',(18.3656,4.064,0.0));
#9080=VECTOR('',#11770,2.8424);
#9081=CARTESIAN_POINT('',(21.208,6.096,0.0));
#9082=CARTESIAN_POINT('',(21.208,4.064,0.0));
#9083=VECTOR('',#11771,2.032);
#9084=CARTESIAN_POINT('',(22.3256,6.096,0.0));
#9085=CARTESIAN_POINT('',(21.208,6.096,0.0));
#9086=VECTOR('',#11772,1.1176);
#9087=CARTESIAN_POINT('',(22.3256,4.064,0.0));
#9088=CARTESIAN_POINT('',(22.3256,4.064,0.0));
#9089=VECTOR('',#11773,2.032);
#9090=CARTESIAN_POINT('',(22.5836,4.064,0.0));
#9091=CARTESIAN_POINT('',(22.3256,4.064,0.0));
#9092=VECTOR('',#11774,0.258);
#9093=CARTESIAN_POINT('',(22.5836,0.0,0.0));
#9094=CARTESIAN_POINT('',(22.5836,0.0,0.0));
#9095=VECTOR('',#11775,4.064);
#9096=CARTESIAN_POINT('',(23.7236,0.0,0.0));
#9097=CARTESIAN_POINT('',(22.5836,0.0,0.0));
#9098=VECTOR('',#11776,1.14);
#9099=CARTESIAN_POINT('',(23.7236,10.414,0.0));
#9100=CARTESIAN_POINT('',(23.7236,10.414,0.0));
#9101=VECTOR('',#11777,10.414);
#9102=CARTESIAN_POINT('',(23.7236,10.414,0.0));
#9103=VECTOR('',#11778,3.9624);
#9104=CARTESIAN_POINT('',(11.8412,10.414,0.0));
#9105=VECTOR('',#11779,3.9624);
#9106=CARTESIAN_POINT('',(-16.2457,10.1981,0.0));
#9107=CARTESIAN_POINT('',(-19.4207,10.1981,0.0));
#9108=CARTESIAN_POINT('',(-16.2457,10.1981,0.0));
#9109=VECTOR('',#11780,3.175);
#9110=CARTESIAN_POINT('',(-16.2457,7.1755,0.0));
#9111=CARTESIAN_POINT('',(-16.2457,7.1755,0.0));
#9112=VECTOR('',#11781,3.0226);
#9113=CARTESIAN_POINT('',(-19.4207,7.1755,0.0));
#9114=CARTESIAN_POINT('',(-19.4207,7.1755,0.0));
#9115=VECTOR('',#11782,3.175);
#9116=CARTESIAN_POINT('',(-19.4207,10.1981,0.0));
#9117=VECTOR('',#11783,3.0226);
#9118=CARTESIAN_POINT('',(-12.2857,10.1981,0.0));
#9119=CARTESIAN_POINT('',(-15.4607,10.1981,0.0));
#9120=CARTESIAN_POINT('',(-12.2857,10.1981,0.0));
#9121=VECTOR('',#11784,3.175);
#9122=CARTESIAN_POINT('',(-12.2857,7.1755,0.0));
#9123=CARTESIAN_POINT('',(-12.2857,7.1755,0.0));
#9124=VECTOR('',#11785,3.0226);
#9125=CARTESIAN_POINT('',(-15.4607,7.1755,0.0));
#9126=CARTESIAN_POINT('',(-15.4607,7.1755,0.0));
#9127=VECTOR('',#11786,3.175);
#9128=CARTESIAN_POINT('',(-15.4607,10.1981,0.0));
#9129=VECTOR('',#11787,3.0226);
#9130=CARTESIAN_POINT('',(-8.3257,10.1981,0.0));
#9131=CARTESIAN_POINT('',(-11.5007,10.1981,0.0));
#9132=CARTESIAN_POINT('',(-8.3257,10.1981,0.0));
#9133=VECTOR('',#11788,3.175);
#9134=CARTESIAN_POINT('',(-8.3257,7.1755,0.0));
#9135=CARTESIAN_POINT('',(-8.3257,7.1755,0.0));
#9136=VECTOR('',#11789,3.0226);
#9137=CARTESIAN_POINT('',(-11.5007,7.1755,0.0));
#9138=CARTESIAN_POINT('',(-11.5007,7.1755,0.0));
#9139=VECTOR('',#11790,3.175);
#9140=CARTESIAN_POINT('',(-11.5007,10.1981,0.0));
#9141=VECTOR('',#11791,3.0226);
#9142=CARTESIAN_POINT('',(-4.3657,10.1981,0.0));
#9143=CARTESIAN_POINT('',(-7.5407,10.1981,0.0));
#9144=CARTESIAN_POINT('',(-4.3657,10.1981,0.0));
#9145=VECTOR('',#11792,3.175);
#9146=CARTESIAN_POINT('',(-4.3657,7.1755,0.0));
#9147=CARTESIAN_POINT('',(-4.3657,7.1755,0.0));
#9148=VECTOR('',#11793,3.0226);
#9149=CARTESIAN_POINT('',(-7.5407,7.1755,0.0));
#9150=CARTESIAN_POINT('',(-7.5407,7.1755,0.0));
#9151=VECTOR('',#11794,3.175);
#9152=CARTESIAN_POINT('',(-7.5407,10.1981,0.0));
#9153=VECTOR('',#11795,3.0226);
#9154=CARTESIAN_POINT('',(-0.4057,10.1981,0.0));
#9155=CARTESIAN_POINT('',(-3.5807,10.1981,0.0));
#9156=CARTESIAN_POINT('',(-0.4057,10.1981,0.0));
#9157=VECTOR('',#11796,3.175);
#9158=CARTESIAN_POINT('',(-0.4057,7.1755,0.0));
#9159=CARTESIAN_POINT('',(-0.4057,7.1755,0.0));
#9160=VECTOR('',#11797,3.0226);
#9161=CARTESIAN_POINT('',(-3.5807,7.1755,0.0));
#9162=CARTESIAN_POINT('',(-3.5807,7.1755,0.0));
#9163=VECTOR('',#11798,3.175);
#9164=CARTESIAN_POINT('',(-3.5807,10.1981,0.0));
#9165=VECTOR('',#11799,3.0226);
#9166=CARTESIAN_POINT('',(3.5543,10.1981,0.0));
#9167=CARTESIAN_POINT('',(0.3793,10.1981,0.0));
#9168=CARTESIAN_POINT('',(3.5543,10.1981,0.0));
#9169=VECTOR('',#11800,3.175);
#9170=CARTESIAN_POINT('',(3.5543,7.1755,0.0));
#9171=CARTESIAN_POINT('',(3.5543,7.1755,0.0));
#9172=VECTOR('',#11801,3.0226);
#9173=CARTESIAN_POINT('',(0.3793,7.1755,0.0));
#9174=CARTESIAN_POINT('',(0.3793,7.1755,0.0));
#9175=VECTOR('',#11802,3.175);
#9176=CARTESIAN_POINT('',(0.3793,10.1981,0.0));
#9177=VECTOR('',#11803,3.0226);
#9178=CARTESIAN_POINT('',(7.5143,10.1981,0.0));
#9179=CARTESIAN_POINT('',(4.3393,10.1981,0.0));
#9180=CARTESIAN_POINT('',(7.5143,10.1981,0.0));
#9181=VECTOR('',#11804,3.175);
#9182=CARTESIAN_POINT('',(7.5143,7.1755,0.0));
#9183=CARTESIAN_POINT('',(7.5143,7.1755,0.0));
#9184=VECTOR('',#11805,3.0226);
#9185=CARTESIAN_POINT('',(4.3393,7.1755,0.0));
#9186=CARTESIAN_POINT('',(4.3393,7.1755,0.0));
#9187=VECTOR('',#11806,3.175);
#9188=CARTESIAN_POINT('',(4.3393,10.1981,0.0));
#9189=VECTOR('',#11807,3.0226);
#9190=CARTESIAN_POINT('',(11.4743,10.1981,0.0));
#9191=CARTESIAN_POINT('',(8.2993,10.1981,0.0));
#9192=CARTESIAN_POINT('',(11.4743,10.1981,0.0));
#9193=VECTOR('',#11808,3.175);
#9194=CARTESIAN_POINT('',(11.4743,7.1755,0.0));
#9195=CARTESIAN_POINT('',(11.4743,7.1755,0.0));
#9196=VECTOR('',#11809,3.0226);
#9197=CARTESIAN_POINT('',(8.2993,7.1755,0.0));
#9198=CARTESIAN_POINT('',(8.2993,7.1755,0.0));
#9199=VECTOR('',#11810,3.175);
#9200=CARTESIAN_POINT('',(8.2993,10.1981,0.0));
#9201=VECTOR('',#11811,3.0226);
#9202=CARTESIAN_POINT('',(15.4343,10.1981,0.0));
#9203=CARTESIAN_POINT('',(12.2593,10.1981,0.0));
#9204=CARTESIAN_POINT('',(15.4343,10.1981,0.0));
#9205=VECTOR('',#11812,3.175);
#9206=CARTESIAN_POINT('',(15.4343,7.1755,0.0));
#9207=CARTESIAN_POINT('',(15.4343,7.1755,0.0));
#9208=VECTOR('',#11813,3.0226);
#9209=CARTESIAN_POINT('',(12.2593,7.1755,0.0));
#9210=CARTESIAN_POINT('',(12.2593,7.1755,0.0));
#9211=VECTOR('',#11814,3.175);
#9212=CARTESIAN_POINT('',(12.2593,10.1981,0.0));
#9213=VECTOR('',#11815,3.0226);
#9214=CARTESIAN_POINT('',(19.3943,10.1981,0.0));
#9215=CARTESIAN_POINT('',(16.2193,10.1981,0.0));
#9216=CARTESIAN_POINT('',(19.3943,10.1981,0.0));
#9217=VECTOR('',#11816,3.175);
#9218=CARTESIAN_POINT('',(19.3943,7.1755,0.0));
#9219=CARTESIAN_POINT('',(19.3943,7.1755,0.0));
#9220=VECTOR('',#11817,3.0226);
#9221=CARTESIAN_POINT('',(16.2193,7.1755,0.0));
#9222=CARTESIAN_POINT('',(16.2193,7.1755,0.0));
#9223=VECTOR('',#11818,3.175);
#9224=CARTESIAN_POINT('',(16.2193,10.1981,0.0));
#9225=VECTOR('',#11819,3.0226);
#9226=CARTESIAN_POINT('',(23.3543,10.1981,0.0));
#9227=CARTESIAN_POINT('',(20.1793,10.1981,0.0));
#9228=CARTESIAN_POINT('',(23.3543,10.1981,0.0));
#9229=VECTOR('',#11820,3.175);
#9230=CARTESIAN_POINT('',(23.3543,7.1755,0.0));
#9231=CARTESIAN_POINT('',(23.3543,7.1755,0.0));
#9232=VECTOR('',#11821,3.0226);
#9233=CARTESIAN_POINT('',(20.1793,7.1755,0.0));
#9234=CARTESIAN_POINT('',(20.1793,7.1755,0.0));
#9235=VECTOR('',#11822,3.175);
#9236=CARTESIAN_POINT('',(20.1793,10.1981,0.0));
#9237=VECTOR('',#11823,3.0226);
#9238=CARTESIAN_POINT('',(-20.2057,10.1981,0.0));
#9239=CARTESIAN_POINT('',(-23.3807,10.1981,0.0));
#9240=CARTESIAN_POINT('',(-20.2057,10.1981,0.0));
#9241=VECTOR('',#11824,3.175);
#9242=CARTESIAN_POINT('',(-20.2057,7.1755,0.0));
#9243=CARTESIAN_POINT('',(-20.2057,7.1755,0.0));
#9244=VECTOR('',#11825,3.0226);
#9245=CARTESIAN_POINT('',(-23.3807,7.1755,0.0));
#9246=CARTESIAN_POINT('',(-23.3807,7.1755,0.0));
#9247=VECTOR('',#11826,3.175);
#9248=CARTESIAN_POINT('',(-23.3807,10.1981,0.0));
#9249=VECTOR('',#11827,3.0226);
#9250=CARTESIAN_POINT('',(-22.4917,8.1026,-1.143));
#9251=CARTESIAN_POINT('',(-22.4917,8.1026,-1.143));
#9252=VECTOR('',#11828,1.71938489292);
#9253=CARTESIAN_POINT('',(-22.4917,9.271,-1.143));
#9254=CARTESIAN_POINT('',(-22.4917,9.271,-1.143));
#9255=VECTOR('',#11829,1.1684);
#9256=CARTESIAN_POINT('',(-22.4917,9.271,-1.143));
#9257=VECTOR('',#11830,1.71938489292);
#9258=CARTESIAN_POINT('',(-21.0947,9.271,-1.143));
#9259=CARTESIAN_POINT('',(-21.0947,9.271,-1.143));
#9260=VECTOR('',#11831,1.397);
#9261=CARTESIAN_POINT('',(-21.0947,9.271,-1.143));
#9262=VECTOR('',#11832,1.71938489292);
#9263=CARTESIAN_POINT('',(-21.0947,8.1026,-1.143));
#9264=CARTESIAN_POINT('',(-21.0947,8.1026,-1.143));
#9265=VECTOR('',#11833,1.1684);
#9266=CARTESIAN_POINT('',(-21.0947,8.1026,-1.143));
#9267=VECTOR('',#11834,1.71938489292);
#9268=CARTESIAN_POINT('',(-22.4917,8.1026,-1.143));
#9269=VECTOR('',#11835,1.397);
#9270=CARTESIAN_POINT('',(-22.4917,8.1026,-1.905));
#9271=CARTESIAN_POINT('',(-22.4917,8.1026,-1.905));
#9272=VECTOR('',#11836,0.762);
#9273=CARTESIAN_POINT('',(-21.0947,8.1026,-1.905));
#9274=CARTESIAN_POINT('',(-21.0947,8.1026,-1.905));
#9275=VECTOR('',#11837,0.762);
#9276=CARTESIAN_POINT('',(-22.4917,8.1026,-1.905));
#9277=VECTOR('',#11838,1.397);
#9278=CARTESIAN_POINT('',(-21.0947,9.271,-1.905));
#9279=CARTESIAN_POINT('',(-21.0947,8.1026,-1.905));
#9280=VECTOR('',#11839,1.1684);
#9281=CARTESIAN_POINT('',(-22.4917,9.271,-1.905));
#9282=CARTESIAN_POINT('',(-21.0947,9.271,-1.905));
#9283=VECTOR('',#11840,1.397);
#9284=CARTESIAN_POINT('',(-22.4917,9.271,-1.905));
#9285=VECTOR('',#11841,1.1684);
#9286=CARTESIAN_POINT('',(-22.4917,9.271,-1.905));
#9287=VECTOR('',#11842,0.762);
#9288=CARTESIAN_POINT('',(-21.0947,9.271,-1.905));
#9289=VECTOR('',#11843,0.762);
#9290=CARTESIAN_POINT('',(-18.5317,8.1026,-1.143));
#9291=CARTESIAN_POINT('',(-18.5317,8.1026,-1.143));
#9292=VECTOR('',#11844,1.71938489292);
#9293=CARTESIAN_POINT('',(-18.5317,9.271,-1.143));
#9294=CARTESIAN_POINT('',(-18.5317,9.271,-1.143));
#9295=VECTOR('',#11845,1.1684);
#9296=CARTESIAN_POINT('',(-18.5317,9.271,-1.143));
#9297=VECTOR('',#11846,1.71938489292);
#9298=CARTESIAN_POINT('',(-17.1347,9.271,-1.143));
#9299=CARTESIAN_POINT('',(-17.1347,9.271,-1.143));
#9300=VECTOR('',#11847,1.397);
#9301=CARTESIAN_POINT('',(-17.1347,9.271,-1.143));
#9302=VECTOR('',#11848,1.71938489292);
#9303=CARTESIAN_POINT('',(-17.1347,8.1026,-1.143));
#9304=CARTESIAN_POINT('',(-17.1347,8.1026,-1.143));
#9305=VECTOR('',#11849,1.1684);
#9306=CARTESIAN_POINT('',(-17.1347,8.1026,-1.143));
#9307=VECTOR('',#11850,1.71938489292);
#9308=CARTESIAN_POINT('',(-18.5317,8.1026,-1.143));
#9309=VECTOR('',#11851,1.397);
#9310=CARTESIAN_POINT('',(-18.5317,8.1026,-1.905));
#9311=CARTESIAN_POINT('',(-18.5317,8.1026,-1.905));
#9312=VECTOR('',#11852,0.762);
#9313=CARTESIAN_POINT('',(-17.1347,8.1026,-1.905));
#9314=CARTESIAN_POINT('',(-17.1347,8.1026,-1.905));
#9315=VECTOR('',#11853,0.762);
#9316=CARTESIAN_POINT('',(-18.5317,8.1026,-1.905));
#9317=VECTOR('',#11854,1.397);
#9318=CARTESIAN_POINT('',(-17.1347,9.271,-1.905));
#9319=CARTESIAN_POINT('',(-17.1347,8.1026,-1.905));
#9320=VECTOR('',#11855,1.1684);
#9321=CARTESIAN_POINT('',(-18.5317,9.271,-1.905));
#9322=CARTESIAN_POINT('',(-17.1347,9.271,-1.905));
#9323=VECTOR('',#11856,1.397);
#9324=CARTESIAN_POINT('',(-18.5317,9.271,-1.905));
#9325=VECTOR('',#11857,1.1684);
#9326=CARTESIAN_POINT('',(-18.5317,9.271,-1.905));
#9327=VECTOR('',#11858,0.762);
#9328=CARTESIAN_POINT('',(-17.1347,9.271,-1.905));
#9329=VECTOR('',#11859,0.762);
#9330=CARTESIAN_POINT('',(-14.5717,8.1026,-1.143));
#9331=CARTESIAN_POINT('',(-14.5717,8.1026,-1.143));
#9332=VECTOR('',#11860,1.71938489292);
#9333=CARTESIAN_POINT('',(-14.5717,9.271,-1.143));
#9334=CARTESIAN_POINT('',(-14.5717,9.271,-1.143));
#9335=VECTOR('',#11861,1.1684);
#9336=CARTESIAN_POINT('',(-14.5717,9.271,-1.143));
#9337=VECTOR('',#11862,1.71938489292);
#9338=CARTESIAN_POINT('',(-13.1747,9.271,-1.143));
#9339=CARTESIAN_POINT('',(-13.1747,9.271,-1.143));
#9340=VECTOR('',#11863,1.397);
#9341=CARTESIAN_POINT('',(-13.1747,9.271,-1.143));
#9342=VECTOR('',#11864,1.71938489292);
#9343=CARTESIAN_POINT('',(-13.1747,8.1026,-1.143));
#9344=CARTESIAN_POINT('',(-13.1747,8.1026,-1.143));
#9345=VECTOR('',#11865,1.1684);
#9346=CARTESIAN_POINT('',(-13.1747,8.1026,-1.143));
#9347=VECTOR('',#11866,1.71938489292);
#9348=CARTESIAN_POINT('',(-14.5717,8.1026,-1.143));
#9349=VECTOR('',#11867,1.397);
#9350=CARTESIAN_POINT('',(-14.5717,8.1026,-1.905));
#9351=CARTESIAN_POINT('',(-14.5717,8.1026,-1.905));
#9352=VECTOR('',#11868,0.762);
#9353=CARTESIAN_POINT('',(-13.1747,8.1026,-1.905));
#9354=CARTESIAN_POINT('',(-13.1747,8.1026,-1.905));
#9355=VECTOR('',#11869,0.762);
#9356=CARTESIAN_POINT('',(-14.5717,8.1026,-1.905));
#9357=VECTOR('',#11870,1.397);
#9358=CARTESIAN_POINT('',(-13.1747,9.271,-1.905));
#9359=CARTESIAN_POINT('',(-13.1747,8.1026,-1.905));
#9360=VECTOR('',#11871,1.1684);
#9361=CARTESIAN_POINT('',(-14.5717,9.271,-1.905));
#9362=CARTESIAN_POINT('',(-13.1747,9.271,-1.905));
#9363=VECTOR('',#11872,1.397);
#9364=CARTESIAN_POINT('',(-14.5717,9.271,-1.905));
#9365=VECTOR('',#11873,1.1684);
#9366=CARTESIAN_POINT('',(-14.5717,9.271,-1.905));
#9367=VECTOR('',#11874,0.762);
#9368=CARTESIAN_POINT('',(-13.1747,9.271,-1.905));
#9369=VECTOR('',#11875,0.762);
#9370=CARTESIAN_POINT('',(-10.6117,8.1026,-1.143));
#9371=CARTESIAN_POINT('',(-10.6117,8.1026,-1.143));
#9372=VECTOR('',#11876,1.71938489292);
#9373=CARTESIAN_POINT('',(-10.6117,9.271,-1.143));
#9374=CARTESIAN_POINT('',(-10.6117,9.271,-1.143));
#9375=VECTOR('',#11877,1.1684);
#9376=CARTESIAN_POINT('',(-10.6117,9.271,-1.143));
#9377=VECTOR('',#11878,1.71938489292);
#9378=CARTESIAN_POINT('',(-9.2147,9.271,-1.143));
#9379=CARTESIAN_POINT('',(-9.2147,9.271,-1.143));
#9380=VECTOR('',#11879,1.397);
#9381=CARTESIAN_POINT('',(-9.2147,9.271,-1.143));
#9382=VECTOR('',#11880,1.71938489292);
#9383=CARTESIAN_POINT('',(-9.2147,8.1026,-1.143));
#9384=CARTESIAN_POINT('',(-9.2147,8.1026,-1.143));
#9385=VECTOR('',#11881,1.1684);
#9386=CARTESIAN_POINT('',(-9.2147,8.1026,-1.143));
#9387=VECTOR('',#11882,1.71938489292);
#9388=CARTESIAN_POINT('',(-10.6117,8.1026,-1.143));
#9389=VECTOR('',#11883,1.397);
#9390=CARTESIAN_POINT('',(-10.6117,8.1026,-1.905));
#9391=CARTESIAN_POINT('',(-10.6117,8.1026,-1.905));
#9392=VECTOR('',#11884,0.762);
#9393=CARTESIAN_POINT('',(-9.2147,8.1026,-1.905));
#9394=CARTESIAN_POINT('',(-9.2147,8.1026,-1.905));
#9395=VECTOR('',#11885,0.762);
#9396=CARTESIAN_POINT('',(-10.6117,8.1026,-1.905));
#9397=VECTOR('',#11886,1.397);
#9398=CARTESIAN_POINT('',(-9.2147,9.271,-1.905));
#9399=CARTESIAN_POINT('',(-9.2147,8.1026,-1.905));
#9400=VECTOR('',#11887,1.1684);
#9401=CARTESIAN_POINT('',(-10.6117,9.271,-1.905));
#9402=CARTESIAN_POINT('',(-9.2147,9.271,-1.905));
#9403=VECTOR('',#11888,1.397);
#9404=CARTESIAN_POINT('',(-10.6117,9.271,-1.905));
#9405=VECTOR('',#11889,1.1684);
#9406=CARTESIAN_POINT('',(-10.6117,9.271,-1.905));
#9407=VECTOR('',#11890,0.762);
#9408=CARTESIAN_POINT('',(-9.2147,9.271,-1.905));
#9409=VECTOR('',#11891,0.762);
#9410=CARTESIAN_POINT('',(-6.6517,8.1026,-1.143));
#9411=CARTESIAN_POINT('',(-6.6517,8.1026,-1.143));
#9412=VECTOR('',#11892,1.71938489292);
#9413=CARTESIAN_POINT('',(-6.6517,9.271,-1.143));
#9414=CARTESIAN_POINT('',(-6.6517,9.271,-1.143));
#9415=VECTOR('',#11893,1.1684);
#9416=CARTESIAN_POINT('',(-6.6517,9.271,-1.143));
#9417=VECTOR('',#11894,1.71938489292);
#9418=CARTESIAN_POINT('',(-5.2547,9.271,-1.143));
#9419=CARTESIAN_POINT('',(-5.2547,9.271,-1.143));
#9420=VECTOR('',#11895,1.397);
#9421=CARTESIAN_POINT('',(-5.2547,9.271,-1.143));
#9422=VECTOR('',#11896,1.71938489292);
#9423=CARTESIAN_POINT('',(-5.2547,8.1026,-1.143));
#9424=CARTESIAN_POINT('',(-5.2547,8.1026,-1.143));
#9425=VECTOR('',#11897,1.1684);
#9426=CARTESIAN_POINT('',(-5.2547,8.1026,-1.143));
#9427=VECTOR('',#11898,1.71938489292);
#9428=CARTESIAN_POINT('',(-6.6517,8.1026,-1.143));
#9429=VECTOR('',#11899,1.397);
#9430=CARTESIAN_POINT('',(-6.6517,8.1026,-1.905));
#9431=CARTESIAN_POINT('',(-6.6517,8.1026,-1.905));
#9432=VECTOR('',#11900,0.762);
#9433=CARTESIAN_POINT('',(-5.2547,8.1026,-1.905));
#9434=CARTESIAN_POINT('',(-5.2547,8.1026,-1.905));
#9435=VECTOR('',#11901,0.762);
#9436=CARTESIAN_POINT('',(-6.6517,8.1026,-1.905));
#9437=VECTOR('',#11902,1.397);
#9438=CARTESIAN_POINT('',(-5.2547,9.271,-1.905));
#9439=CARTESIAN_POINT('',(-5.2547,8.1026,-1.905));
#9440=VECTOR('',#11903,1.1684);
#9441=CARTESIAN_POINT('',(-6.6517,9.271,-1.905));
#9442=CARTESIAN_POINT('',(-5.2547,9.271,-1.905));
#9443=VECTOR('',#11904,1.397);
#9444=CARTESIAN_POINT('',(-6.6517,9.271,-1.905));
#9445=VECTOR('',#11905,1.1684);
#9446=CARTESIAN_POINT('',(-6.6517,9.271,-1.905));
#9447=VECTOR('',#11906,0.762);
#9448=CARTESIAN_POINT('',(-5.2547,9.271,-1.905));
#9449=VECTOR('',#11907,0.762);
#9450=CARTESIAN_POINT('',(-2.6917,8.1026,-1.143));
#9451=CARTESIAN_POINT('',(-2.6917,8.1026,-1.143));
#9452=VECTOR('',#11908,1.71938489292);
#9453=CARTESIAN_POINT('',(-2.6917,9.271,-1.143));
#9454=CARTESIAN_POINT('',(-2.6917,9.271,-1.143));
#9455=VECTOR('',#11909,1.1684);
#9456=CARTESIAN_POINT('',(-2.6917,9.271,-1.143));
#9457=VECTOR('',#11910,1.71938489292);
#9458=CARTESIAN_POINT('',(-1.2947,9.271,-1.143));
#9459=CARTESIAN_POINT('',(-1.2947,9.271,-1.143));
#9460=VECTOR('',#11911,1.397);
#9461=CARTESIAN_POINT('',(-1.2947,9.271,-1.143));
#9462=VECTOR('',#11912,1.71938489292);
#9463=CARTESIAN_POINT('',(-1.2947,8.1026,-1.143));
#9464=CARTESIAN_POINT('',(-1.2947,8.1026,-1.143));
#9465=VECTOR('',#11913,1.1684);
#9466=CARTESIAN_POINT('',(-1.2947,8.1026,-1.143));
#9467=VECTOR('',#11914,1.71938489292);
#9468=CARTESIAN_POINT('',(-2.6917,8.1026,-1.143));
#9469=VECTOR('',#11915,1.397);
#9470=CARTESIAN_POINT('',(-2.6917,8.1026,-1.905));
#9471=CARTESIAN_POINT('',(-2.6917,8.1026,-1.905));
#9472=VECTOR('',#11916,0.762);
#9473=CARTESIAN_POINT('',(-1.2947,8.1026,-1.905));
#9474=CARTESIAN_POINT('',(-1.2947,8.1026,-1.905));
#9475=VECTOR('',#11917,0.762);
#9476=CARTESIAN_POINT('',(-2.6917,8.1026,-1.905));
#9477=VECTOR('',#11918,1.397);
#9478=CARTESIAN_POINT('',(-1.2947,9.271,-1.905));
#9479=CARTESIAN_POINT('',(-1.2947,8.1026,-1.905));
#9480=VECTOR('',#11919,1.1684);
#9481=CARTESIAN_POINT('',(-2.6917,9.271,-1.905));
#9482=CARTESIAN_POINT('',(-1.2947,9.271,-1.905));
#9483=VECTOR('',#11920,1.397);
#9484=CARTESIAN_POINT('',(-2.6917,9.271,-1.905));
#9485=VECTOR('',#11921,1.1684);
#9486=CARTESIAN_POINT('',(-2.6917,9.271,-1.905));
#9487=VECTOR('',#11922,0.762);
#9488=CARTESIAN_POINT('',(-1.2947,9.271,-1.905));
#9489=VECTOR('',#11923,0.762);
#9490=CARTESIAN_POINT('',(1.2683,8.1026,-1.143));
#9491=CARTESIAN_POINT('',(1.2683,8.1026,-1.143));
#9492=VECTOR('',#11924,1.71938489292);
#9493=CARTESIAN_POINT('',(1.2683,9.271,-1.143));
#9494=CARTESIAN_POINT('',(1.2683,9.271,-1.143));
#9495=VECTOR('',#11925,1.1684);
#9496=CARTESIAN_POINT('',(1.2683,9.271,-1.143));
#9497=VECTOR('',#11926,1.71938489292);
#9498=CARTESIAN_POINT('',(2.6653,9.271,-1.143));
#9499=CARTESIAN_POINT('',(2.6653,9.271,-1.143));
#9500=VECTOR('',#11927,1.397);
#9501=CARTESIAN_POINT('',(2.6653,9.271,-1.143));
#9502=VECTOR('',#11928,1.71938489292);
#9503=CARTESIAN_POINT('',(2.6653,8.1026,-1.143));
#9504=CARTESIAN_POINT('',(2.6653,8.1026,-1.143));
#9505=VECTOR('',#11929,1.1684);
#9506=CARTESIAN_POINT('',(2.6653,8.1026,-1.143));
#9507=VECTOR('',#11930,1.71938489292);
#9508=CARTESIAN_POINT('',(1.2683,8.1026,-1.143));
#9509=VECTOR('',#11931,1.397);
#9510=CARTESIAN_POINT('',(1.2683,8.1026,-1.905));
#9511=CARTESIAN_POINT('',(1.2683,8.1026,-1.905));
#9512=VECTOR('',#11932,0.762);
#9513=CARTESIAN_POINT('',(2.6653,8.1026,-1.905));
#9514=CARTESIAN_POINT('',(2.6653,8.1026,-1.905));
#9515=VECTOR('',#11933,0.762);
#9516=CARTESIAN_POINT('',(1.2683,8.1026,-1.905));
#9517=VECTOR('',#11934,1.397);
#9518=CARTESIAN_POINT('',(2.6653,9.271,-1.905));
#9519=CARTESIAN_POINT('',(2.6653,8.1026,-1.905));
#9520=VECTOR('',#11935,1.1684);
#9521=CARTESIAN_POINT('',(1.2683,9.271,-1.905));
#9522=CARTESIAN_POINT('',(2.6653,9.271,-1.905));
#9523=VECTOR('',#11936,1.397);
#9524=CARTESIAN_POINT('',(1.2683,9.271,-1.905));
#9525=VECTOR('',#11937,1.1684);
#9526=CARTESIAN_POINT('',(1.2683,9.271,-1.905));
#9527=VECTOR('',#11938,0.762);
#9528=CARTESIAN_POINT('',(2.6653,9.271,-1.905));
#9529=VECTOR('',#11939,0.762);
#9530=CARTESIAN_POINT('',(5.2283,8.1026,-1.143));
#9531=CARTESIAN_POINT('',(5.2283,8.1026,-1.143));
#9532=VECTOR('',#11940,1.71938489292);
#9533=CARTESIAN_POINT('',(5.2283,9.271,-1.143));
#9534=CARTESIAN_POINT('',(5.2283,9.271,-1.143));
#9535=VECTOR('',#11941,1.1684);
#9536=CARTESIAN_POINT('',(5.2283,9.271,-1.143));
#9537=VECTOR('',#11942,1.71938489292);
#9538=CARTESIAN_POINT('',(6.6253,9.271,-1.143));
#9539=CARTESIAN_POINT('',(6.6253,9.271,-1.143));
#9540=VECTOR('',#11943,1.397);
#9541=CARTESIAN_POINT('',(6.6253,9.271,-1.143));
#9542=VECTOR('',#11944,1.71938489292);
#9543=CARTESIAN_POINT('',(6.6253,8.1026,-1.143));
#9544=CARTESIAN_POINT('',(6.6253,8.1026,-1.143));
#9545=VECTOR('',#11945,1.1684);
#9546=CARTESIAN_POINT('',(6.6253,8.1026,-1.143));
#9547=VECTOR('',#11946,1.71938489292);
#9548=CARTESIAN_POINT('',(5.2283,8.1026,-1.143));
#9549=VECTOR('',#11947,1.397);
#9550=CARTESIAN_POINT('',(5.2283,8.1026,-1.905));
#9551=CARTESIAN_POINT('',(5.2283,8.1026,-1.905));
#9552=VECTOR('',#11948,0.762);
#9553=CARTESIAN_POINT('',(6.6253,8.1026,-1.905));
#9554=CARTESIAN_POINT('',(6.6253,8.1026,-1.905));
#9555=VECTOR('',#11949,0.762);
#9556=CARTESIAN_POINT('',(5.2283,8.1026,-1.905));
#9557=VECTOR('',#11950,1.397);
#9558=CARTESIAN_POINT('',(6.6253,9.271,-1.905));
#9559=CARTESIAN_POINT('',(6.6253,8.1026,-1.905));
#9560=VECTOR('',#11951,1.1684);
#9561=CARTESIAN_POINT('',(5.2283,9.271,-1.905));
#9562=CARTESIAN_POINT('',(6.6253,9.271,-1.905));
#9563=VECTOR('',#11952,1.397);
#9564=CARTESIAN_POINT('',(5.2283,9.271,-1.905));
#9565=VECTOR('',#11953,1.1684);
#9566=CARTESIAN_POINT('',(5.2283,9.271,-1.905));
#9567=VECTOR('',#11954,0.762);
#9568=CARTESIAN_POINT('',(6.6253,9.271,-1.905));
#9569=VECTOR('',#11955,0.762);
#9570=CARTESIAN_POINT('',(9.1883,8.1026,-1.143));
#9571=CARTESIAN_POINT('',(9.1883,8.1026,-1.143));
#9572=VECTOR('',#11956,1.71938489292);
#9573=CARTESIAN_POINT('',(9.1883,9.271,-1.143));
#9574=CARTESIAN_POINT('',(9.1883,9.271,-1.143));
#9575=VECTOR('',#11957,1.1684);
#9576=CARTESIAN_POINT('',(9.1883,9.271,-1.143));
#9577=VECTOR('',#11958,1.71938489292);
#9578=CARTESIAN_POINT('',(10.5853,9.271,-1.143));
#9579=CARTESIAN_POINT('',(10.5853,9.271,-1.143));
#9580=VECTOR('',#11959,1.397);
#9581=CARTESIAN_POINT('',(10.5853,9.271,-1.143));
#9582=VECTOR('',#11960,1.71938489292);
#9583=CARTESIAN_POINT('',(10.5853,8.1026,-1.143));
#9584=CARTESIAN_POINT('',(10.5853,8.1026,-1.143));
#9585=VECTOR('',#11961,1.1684);
#9586=CARTESIAN_POINT('',(10.5853,8.1026,-1.143));
#9587=VECTOR('',#11962,1.71938489292);
#9588=CARTESIAN_POINT('',(9.1883,8.1026,-1.143));
#9589=VECTOR('',#11963,1.397);
#9590=CARTESIAN_POINT('',(9.1883,8.1026,-1.905));
#9591=CARTESIAN_POINT('',(9.1883,8.1026,-1.905));
#9592=VECTOR('',#11964,0.762);
#9593=CARTESIAN_POINT('',(10.5853,8.1026,-1.905));
#9594=CARTESIAN_POINT('',(10.5853,8.1026,-1.905));
#9595=VECTOR('',#11965,0.762);
#9596=CARTESIAN_POINT('',(9.1883,8.1026,-1.905));
#9597=VECTOR('',#11966,1.397);
#9598=CARTESIAN_POINT('',(10.5853,9.271,-1.905));
#9599=CARTESIAN_POINT('',(10.5853,8.1026,-1.905));
#9600=VECTOR('',#11967,1.1684);
#9601=CARTESIAN_POINT('',(9.1883,9.271,-1.905));
#9602=CARTESIAN_POINT('',(10.5853,9.271,-1.905));
#9603=VECTOR('',#11968,1.397);
#9604=CARTESIAN_POINT('',(9.1883,9.271,-1.905));
#9605=VECTOR('',#11969,1.1684);
#9606=CARTESIAN_POINT('',(9.1883,9.271,-1.905));
#9607=VECTOR('',#11970,0.762);
#9608=CARTESIAN_POINT('',(10.5853,9.271,-1.905));
#9609=VECTOR('',#11971,0.762);
#9610=CARTESIAN_POINT('',(13.1483,8.1026,-1.143));
#9611=CARTESIAN_POINT('',(13.1483,8.1026,-1.143));
#9612=VECTOR('',#11972,1.71938489292);
#9613=CARTESIAN_POINT('',(13.1483,9.271,-1.143));
#9614=CARTESIAN_POINT('',(13.1483,9.271,-1.143));
#9615=VECTOR('',#11973,1.1684);
#9616=CARTESIAN_POINT('',(13.1483,9.271,-1.143));
#9617=VECTOR('',#11974,1.71938489292);
#9618=CARTESIAN_POINT('',(14.5453,9.271,-1.143));
#9619=CARTESIAN_POINT('',(14.5453,9.271,-1.143));
#9620=VECTOR('',#11975,1.397);
#9621=CARTESIAN_POINT('',(14.5453,9.271,-1.143));
#9622=VECTOR('',#11976,1.71938489292);
#9623=CARTESIAN_POINT('',(14.5453,8.1026,-1.143));
#9624=CARTESIAN_POINT('',(14.5453,8.1026,-1.143));
#9625=VECTOR('',#11977,1.1684);
#9626=CARTESIAN_POINT('',(14.5453,8.1026,-1.143));
#9627=VECTOR('',#11978,1.71938489292);
#9628=CARTESIAN_POINT('',(13.1483,8.1026,-1.143));
#9629=VECTOR('',#11979,1.397);
#9630=CARTESIAN_POINT('',(13.1483,8.1026,-1.905));
#9631=CARTESIAN_POINT('',(13.1483,8.1026,-1.905));
#9632=VECTOR('',#11980,0.762);
#9633=CARTESIAN_POINT('',(14.5453,8.1026,-1.905));
#9634=CARTESIAN_POINT('',(14.5453,8.1026,-1.905));
#9635=VECTOR('',#11981,0.762);
#9636=CARTESIAN_POINT('',(13.1483,8.1026,-1.905));
#9637=VECTOR('',#11982,1.397);
#9638=CARTESIAN_POINT('',(14.5453,9.271,-1.905));
#9639=CARTESIAN_POINT('',(14.5453,8.1026,-1.905));
#9640=VECTOR('',#11983,1.1684);
#9641=CARTESIAN_POINT('',(13.1483,9.271,-1.905));
#9642=CARTESIAN_POINT('',(14.5453,9.271,-1.905));
#9643=VECTOR('',#11984,1.397);
#9644=CARTESIAN_POINT('',(13.1483,9.271,-1.905));
#9645=VECTOR('',#11985,1.1684);
#9646=CARTESIAN_POINT('',(13.1483,9.271,-1.905));
#9647=VECTOR('',#11986,0.762);
#9648=CARTESIAN_POINT('',(14.5453,9.271,-1.905));
#9649=VECTOR('',#11987,0.762);
#9650=CARTESIAN_POINT('',(17.1083,8.1026,-1.143));
#9651=CARTESIAN_POINT('',(17.1083,8.1026,-1.143));
#9652=VECTOR('',#11988,1.71938489292);
#9653=CARTESIAN_POINT('',(17.1083,9.271,-1.143));
#9654=CARTESIAN_POINT('',(17.1083,9.271,-1.143));
#9655=VECTOR('',#11989,1.1684);
#9656=CARTESIAN_POINT('',(17.1083,9.271,-1.143));
#9657=VECTOR('',#11990,1.71938489292);
#9658=CARTESIAN_POINT('',(18.5053,9.271,-1.143));
#9659=CARTESIAN_POINT('',(18.5053,9.271,-1.143));
#9660=VECTOR('',#11991,1.397);
#9661=CARTESIAN_POINT('',(18.5053,9.271,-1.143));
#9662=VECTOR('',#11992,1.71938489292);
#9663=CARTESIAN_POINT('',(18.5053,8.1026,-1.143));
#9664=CARTESIAN_POINT('',(18.5053,8.1026,-1.143));
#9665=VECTOR('',#11993,1.1684);
#9666=CARTESIAN_POINT('',(18.5053,8.1026,-1.143));
#9667=VECTOR('',#11994,1.71938489292);
#9668=CARTESIAN_POINT('',(17.1083,8.1026,-1.143));
#9669=VECTOR('',#11995,1.397);
#9670=CARTESIAN_POINT('',(17.1083,8.1026,-1.905));
#9671=CARTESIAN_POINT('',(17.1083,8.1026,-1.905));
#9672=VECTOR('',#11996,0.762);
#9673=CARTESIAN_POINT('',(18.5053,8.1026,-1.905));
#9674=CARTESIAN_POINT('',(18.5053,8.1026,-1.905));
#9675=VECTOR('',#11997,0.762);
#9676=CARTESIAN_POINT('',(17.1083,8.1026,-1.905));
#9677=VECTOR('',#11998,1.397);
#9678=CARTESIAN_POINT('',(18.5053,9.271,-1.905));
#9679=CARTESIAN_POINT('',(18.5053,8.1026,-1.905));
#9680=VECTOR('',#11999,1.1684);
#9681=CARTESIAN_POINT('',(17.1083,9.271,-1.905));
#9682=CARTESIAN_POINT('',(18.5053,9.271,-1.905));
#9683=VECTOR('',#12000,1.397);
#9684=CARTESIAN_POINT('',(17.1083,9.271,-1.905));
#9685=VECTOR('',#12001,1.1684);
#9686=CARTESIAN_POINT('',(17.1083,9.271,-1.905));
#9687=VECTOR('',#12002,0.762);
#9688=CARTESIAN_POINT('',(18.5053,9.271,-1.905));
#9689=VECTOR('',#12003,0.762);
#9690=CARTESIAN_POINT('',(21.0683,8.1026,-1.143));
#9691=CARTESIAN_POINT('',(21.0683,8.1026,-1.143));
#9692=VECTOR('',#12004,1.71938489292);
#9693=CARTESIAN_POINT('',(21.0683,9.271,-1.143));
#9694=CARTESIAN_POINT('',(21.0683,9.271,-1.143));
#9695=VECTOR('',#12005,1.1684);
#9696=CARTESIAN_POINT('',(21.0683,9.271,-1.143));
#9697=VECTOR('',#12006,1.71938489292);
#9698=CARTESIAN_POINT('',(22.4653,9.271,-1.143));
#9699=CARTESIAN_POINT('',(22.4653,9.271,-1.143));
#9700=VECTOR('',#12007,1.397);
#9701=CARTESIAN_POINT('',(22.4653,9.271,-1.143));
#9702=VECTOR('',#12008,1.71938489292);
#9703=CARTESIAN_POINT('',(22.4653,8.1026,-1.143));
#9704=CARTESIAN_POINT('',(22.4653,8.1026,-1.143));
#9705=VECTOR('',#12009,1.1684);
#9706=CARTESIAN_POINT('',(22.4653,8.1026,-1.143));
#9707=VECTOR('',#12010,1.71938489292);
#9708=CARTESIAN_POINT('',(21.0683,8.1026,-1.143));
#9709=VECTOR('',#12011,1.397);
#9710=CARTESIAN_POINT('',(21.0683,8.1026,-1.905));
#9711=CARTESIAN_POINT('',(21.0683,8.1026,-1.905));
#9712=VECTOR('',#12012,0.762);
#9713=CARTESIAN_POINT('',(22.4653,8.1026,-1.905));
#9714=CARTESIAN_POINT('',(22.4653,8.1026,-1.905));
#9715=VECTOR('',#12013,0.762);
#9716=CARTESIAN_POINT('',(21.0683,8.1026,-1.905));
#9717=VECTOR('',#12014,1.397);
#9718=CARTESIAN_POINT('',(22.4653,9.271,-1.905));
#9719=CARTESIAN_POINT('',(22.4653,8.1026,-1.905));
#9720=VECTOR('',#12015,1.1684);
#9721=CARTESIAN_POINT('',(21.0683,9.271,-1.905));
#9722=CARTESIAN_POINT('',(22.4653,9.271,-1.905));
#9723=VECTOR('',#12016,1.397);
#9724=CARTESIAN_POINT('',(21.0683,9.271,-1.905));
#9725=VECTOR('',#12017,1.1684);
#9726=CARTESIAN_POINT('',(21.0683,9.271,-1.905));
#9727=VECTOR('',#12018,0.762);
#9728=CARTESIAN_POINT('',(22.4653,9.271,-1.905));
#9729=VECTOR('',#12019,0.762);
#9730=CARTESIAN_POINT('',(15.8036,11.8872,-2.54));
#9731=CARTESIAN_POINT('',(15.8036,11.8872,-2.54));
#9732=VECTOR('',#12020,2.936310310577);
#9733=CARTESIAN_POINT('',(11.8412,11.8872,-2.54));
#9734=CARTESIAN_POINT('',(11.8412,11.8872,-2.54));
#9735=VECTOR('',#12021,3.9624);
#9736=CARTESIAN_POINT('',(11.8412,11.8872,-2.54));
#9737=VECTOR('',#12022,2.936310310577);
#9738=CARTESIAN_POINT('',(11.8412,10.414,-2.54));
#9739=VECTOR('',#12023,1.4732);
#9740=CARTESIAN_POINT('',(15.8036,10.414,-2.54));
#9741=VECTOR('',#12024,1.4732);
#9742=CARTESIAN_POINT('',(23.7236,11.8872,-2.54));
#9743=CARTESIAN_POINT('',(23.7236,11.8872,-2.54));
#9744=VECTOR('',#12025,2.936310310577);
#9745=CARTESIAN_POINT('',(19.7612,11.8872,-2.54));
#9746=CARTESIAN_POINT('',(19.7612,11.8872,-2.54));
#9747=VECTOR('',#12026,3.9624);
#9748=CARTESIAN_POINT('',(19.7612,11.8872,-2.54));
#9749=VECTOR('',#12027,2.936310310577);
#9750=CARTESIAN_POINT('',(19.7612,10.414,-2.54));
#9751=VECTOR('',#12028,1.4732);
#9752=CARTESIAN_POINT('',(23.7236,10.414,-2.54));
#9753=VECTOR('',#12029,1.4732);
#9754=CARTESIAN_POINT('',(23.7236,0.0,-4.96116109047));
#9755=CARTESIAN_POINT('',(23.7236,0.0,0.0));
#9756=VECTOR('',#12030,4.96116109047);
#9757=CARTESIAN_POINT('',(23.7236,2.284,-1.91));
#9758=AXIS2_PLACEMENT_3D('',#12031,#12032,#12033);
#9759=CARTESIAN_POINT('',(23.7236,4.064,-1.91));
#9760=CARTESIAN_POINT('',(23.7236,2.284,-1.91));
#9761=VECTOR('',#12034,1.78);
#9762=CARTESIAN_POINT('',(23.7236,4.064,-11.4));
#9763=CARTESIAN_POINT('',(23.7236,4.064,-1.91));
#9764=VECTOR('',#12035,9.49);
#9765=CARTESIAN_POINT('',(23.7236,9.274,-11.4));
#9766=CARTESIAN_POINT('',(23.7236,4.064,-11.4));
#9767=VECTOR('',#12036,5.21);
#9768=CARTESIAN_POINT('',(23.7236,9.274,-9.42));
#9769=CARTESIAN_POINT('',(23.7236,9.274,-11.4));
#9770=VECTOR('',#12037,1.98);
#9771=CARTESIAN_POINT('',(23.7236,9.274,-9.42));
#9772=VECTOR('',#12038,1.14);
#9773=CARTESIAN_POINT('',(21.1318,4.064,-9.42));
#9774=CARTESIAN_POINT('',(20.4841,4.064,-9.42));
#9775=CARTESIAN_POINT('',(21.1318,4.064,-9.42));
#9776=VECTOR('',#12039,0.6477);
#9777=CARTESIAN_POINT('',(20.4841,5.207,-9.42));
#9778=CARTESIAN_POINT('',(20.4841,4.064,-9.42));
#9779=VECTOR('',#12040,1.143);
#9780=CARTESIAN_POINT('',(18.8101,5.207,-9.42));
#9781=CARTESIAN_POINT('',(20.4841,5.207,-9.42));
#9782=VECTOR('',#12041,1.674);
#9783=CARTESIAN_POINT('',(18.8101,4.064,-9.42));
#9784=CARTESIAN_POINT('',(18.8101,4.064,-9.42));
#9785=VECTOR('',#12042,1.143);
#9786=CARTESIAN_POINT('',(18.4418,4.064,-9.42));
#9787=CARTESIAN_POINT('',(18.8101,4.064,-9.42));
#9788=VECTOR('',#12043,0.3683);
#9789=CARTESIAN_POINT('',(18.4418,5.712686118425,-9.42));
#9790=CARTESIAN_POINT('',(18.4418,5.712686118425,-9.42));
#9791=VECTOR('',#12044,1.648686118425);
#9792=CARTESIAN_POINT('',(17.1718,5.712686118425,-9.42));
#9793=CARTESIAN_POINT('',(17.1718,5.712686118425,-9.42));
#9794=VECTOR('',#12045,1.27);
#9795=CARTESIAN_POINT('',(17.1718,4.064,-9.42));
#9796=CARTESIAN_POINT('',(17.1718,4.064,-9.42));
#9797=VECTOR('',#12046,1.648686118425);
#9798=CARTESIAN_POINT('',(16.5241,4.064,-9.42));
#9799=CARTESIAN_POINT('',(17.1718,4.064,-9.42));
#9800=VECTOR('',#12047,0.6477);
#9801=CARTESIAN_POINT('',(16.5241,5.207,-9.42));
#9802=CARTESIAN_POINT('',(16.5241,4.064,-9.42));
#9803=VECTOR('',#12048,1.143);
#9804=CARTESIAN_POINT('',(14.8501,5.207,-9.42));
#9805=CARTESIAN_POINT('',(16.5241,5.207,-9.42));
#9806=VECTOR('',#12049,1.674);
#9807=CARTESIAN_POINT('',(14.8501,4.064,-9.42));
#9808=CARTESIAN_POINT('',(14.8501,4.064,-9.42));
#9809=VECTOR('',#12050,1.143);
#9810=CARTESIAN_POINT('',(14.4818,4.064,-9.42));
#9811=CARTESIAN_POINT('',(14.8501,4.064,-9.42));
#9812=VECTOR('',#12051,0.3683);
#9813=CARTESIAN_POINT('',(14.4818,5.712686118425,-9.42));
#9814=CARTESIAN_POINT('',(14.4818,5.712686118425,-9.42));
#9815=VECTOR('',#12052,1.648686118425);
#9816=CARTESIAN_POINT('',(13.2118,5.712686118425,-9.42));
#9817=CARTESIAN_POINT('',(13.2118,5.712686118425,-9.42));
#9818=VECTOR('',#12053,1.27);
#9819=CARTESIAN_POINT('',(13.2118,4.064,-9.42));
#9820=CARTESIAN_POINT('',(13.2118,4.064,-9.42));
#9821=VECTOR('',#12054,1.648686118425);
#9822=CARTESIAN_POINT('',(12.5641,4.064,-9.42));
#9823=CARTESIAN_POINT('',(13.2118,4.064,-9.42));
#9824=VECTOR('',#12055,0.6477);
#9825=CARTESIAN_POINT('',(12.5641,5.207,-9.42));
#9826=CARTESIAN_POINT('',(12.5641,4.064,-9.42));
#9827=VECTOR('',#12056,1.143);
#9828=CARTESIAN_POINT('',(10.8901,5.207,-9.42));
#9829=CARTESIAN_POINT('',(12.5641,5.207,-9.42));
#9830=VECTOR('',#12057,1.674);
#9831=CARTESIAN_POINT('',(10.8901,4.064,-9.42));
#9832=CARTESIAN_POINT('',(10.8901,4.064,-9.42));
#9833=VECTOR('',#12058,1.143);
#9834=CARTESIAN_POINT('',(10.5218,4.064,-9.42));
#9835=CARTESIAN_POINT('',(10.8901,4.064,-9.42));
#9836=VECTOR('',#12059,0.3683);
#9837=CARTESIAN_POINT('',(10.5218,5.712686118425,-9.42));
#9838=CARTESIAN_POINT('',(10.5218,5.712686118425,-9.42));
#9839=VECTOR('',#12060,1.648686118425);
#9840=CARTESIAN_POINT('',(9.2518,5.712686118425,-9.42));
#9841=CARTESIAN_POINT('',(9.2518,5.712686118425,-9.42));
#9842=VECTOR('',#12061,1.27);
#9843=CARTESIAN_POINT('',(9.2518,4.064,-9.42));
#9844=CARTESIAN_POINT('',(9.2518,4.064,-9.42));
#9845=VECTOR('',#12062,1.648686118425);
#9846=CARTESIAN_POINT('',(8.6041,4.064,-9.42));
#9847=CARTESIAN_POINT('',(9.2518,4.064,-9.42));
#9848=VECTOR('',#12063,0.6477);
#9849=CARTESIAN_POINT('',(8.6041,5.207,-9.42));
#9850=CARTESIAN_POINT('',(8.6041,4.064,-9.42));
#9851=VECTOR('',#12064,1.143);
#9852=CARTESIAN_POINT('',(6.9301,5.207,-9.42));
#9853=CARTESIAN_POINT('',(8.6041,5.207,-9.42));
#9854=VECTOR('',#12065,1.674);
#9855=CARTESIAN_POINT('',(6.9301,4.064,-9.42));
#9856=CARTESIAN_POINT('',(6.9301,4.064,-9.42));
#9857=VECTOR('',#12066,1.143);
#9858=CARTESIAN_POINT('',(6.5618,4.064,-9.42));
#9859=CARTESIAN_POINT('',(6.9301,4.064,-9.42));
#9860=VECTOR('',#12067,0.3683);
#9861=CARTESIAN_POINT('',(6.5618,5.712686118425,-9.42));
#9862=CARTESIAN_POINT('',(6.5618,5.712686118425,-9.42));
#9863=VECTOR('',#12068,1.648686118425);
#9864=CARTESIAN_POINT('',(5.2918,5.712686118425,-9.42));
#9865=CARTESIAN_POINT('',(5.2918,5.712686118425,-9.42));
#9866=VECTOR('',#12069,1.27);
#9867=CARTESIAN_POINT('',(5.2918,4.064,-9.42));
#9868=CARTESIAN_POINT('',(5.2918,4.064,-9.42));
#9869=VECTOR('',#12070,1.648686118425);
#9870=CARTESIAN_POINT('',(4.6441,4.064,-9.42));
#9871=CARTESIAN_POINT('',(5.2918,4.064,-9.42));
#9872=VECTOR('',#12071,0.6477);
#9873=CARTESIAN_POINT('',(4.6441,5.207,-9.42));
#9874=CARTESIAN_POINT('',(4.6441,4.064,-9.42));
#9875=VECTOR('',#12072,1.143);
#9876=CARTESIAN_POINT('',(2.9701,5.207,-9.42));
#9877=CARTESIAN_POINT('',(4.6441,5.207,-9.42));
#9878=VECTOR('',#12073,1.674);
#9879=CARTESIAN_POINT('',(2.9701,4.064,-9.42));
#9880=CARTESIAN_POINT('',(2.9701,4.064,-9.42));
#9881=VECTOR('',#12074,1.143);
#9882=CARTESIAN_POINT('',(2.6018,4.064,-9.42));
#9883=CARTESIAN_POINT('',(2.9701,4.064,-9.42));
#9884=VECTOR('',#12075,0.3683);
#9885=CARTESIAN_POINT('',(2.6018,5.712686118425,-9.42));
#9886=CARTESIAN_POINT('',(2.6018,5.712686118425,-9.42));
#9887=VECTOR('',#12076,1.648686118425);
#9888=CARTESIAN_POINT('',(1.3318,5.712686118425,-9.42));
#9889=CARTESIAN_POINT('',(1.3318,5.712686118425,-9.42));
#9890=VECTOR('',#12077,1.27);
#9891=CARTESIAN_POINT('',(1.3318,4.064,-9.42));
#9892=CARTESIAN_POINT('',(1.3318,4.064,-9.42));
#9893=VECTOR('',#12078,1.648686118425);
#9894=CARTESIAN_POINT('',(0.6841,4.064,-9.42));
#9895=CARTESIAN_POINT('',(1.3318,4.064,-9.42));
#9896=VECTOR('',#12079,0.6477);
#9897=CARTESIAN_POINT('',(0.6841,5.207,-9.42));
#9898=CARTESIAN_POINT('',(0.6841,4.064,-9.42));
#9899=VECTOR('',#12080,1.143);
#9900=CARTESIAN_POINT('',(-0.9899,5.207,-9.42));
#9901=CARTESIAN_POINT('',(0.6841,5.207,-9.42));
#9902=VECTOR('',#12081,1.674);
#9903=CARTESIAN_POINT('',(-0.9899,4.064,-9.42));
#9904=CARTESIAN_POINT('',(-0.9899,4.064,-9.42));
#9905=VECTOR('',#12082,1.143);
#9906=CARTESIAN_POINT('',(-1.3582,4.064,-9.42));
#9907=CARTESIAN_POINT('',(-0.9899,4.064,-9.42));
#9908=VECTOR('',#12083,0.3683);
#9909=CARTESIAN_POINT('',(-1.3582,5.712686118425,-9.42));
#9910=CARTESIAN_POINT('',(-1.3582,5.712686118425,-9.42));
#9911=VECTOR('',#12084,1.648686118425);
#9912=CARTESIAN_POINT('',(-2.6282,5.712686118425,-9.42));
#9913=CARTESIAN_POINT('',(-2.6282,5.712686118425,-9.42));
#9914=VECTOR('',#12085,1.27);
#9915=CARTESIAN_POINT('',(-2.6282,4.064,-9.42));
#9916=CARTESIAN_POINT('',(-2.6282,4.064,-9.42));
#9917=VECTOR('',#12086,1.648686118425);
#9918=CARTESIAN_POINT('',(-3.2759,4.064,-9.42));
#9919=CARTESIAN_POINT('',(-2.6282,4.064,-9.42));
#9920=VECTOR('',#12087,0.6477);
#9921=CARTESIAN_POINT('',(-3.2759,5.207,-9.42));
#9922=CARTESIAN_POINT('',(-3.2759,4.064,-9.42));
#9923=VECTOR('',#12088,1.143);
#9924=CARTESIAN_POINT('',(-4.9499,5.207,-9.42));
#9925=CARTESIAN_POINT('',(-3.2759,5.207,-9.42));
#9926=VECTOR('',#12089,1.674);
#9927=CARTESIAN_POINT('',(-4.9499,4.064,-9.42));
#9928=CARTESIAN_POINT('',(-4.9499,4.064,-9.42));
#9929=VECTOR('',#12090,1.143);
#9930=CARTESIAN_POINT('',(-5.3182,4.064,-9.42));
#9931=CARTESIAN_POINT('',(-4.9499,4.064,-9.42));
#9932=VECTOR('',#12091,0.3683);
#9933=CARTESIAN_POINT('',(-5.3182,5.712686118425,-9.42));
#9934=CARTESIAN_POINT('',(-5.3182,5.712686118425,-9.42));
#9935=VECTOR('',#12092,1.648686118425);
#9936=CARTESIAN_POINT('',(-6.5882,5.712686118425,-9.42));
#9937=CARTESIAN_POINT('',(-6.5882,5.712686118425,-9.42));
#9938=VECTOR('',#12093,1.27);
#9939=CARTESIAN_POINT('',(-6.5882,4.064,-9.42));
#9940=CARTESIAN_POINT('',(-6.5882,4.064,-9.42));
#9941=VECTOR('',#12094,1.648686118425);
#9942=CARTESIAN_POINT('',(-7.2359,4.064,-9.42));
#9943=CARTESIAN_POINT('',(-6.5882,4.064,-9.42));
#9944=VECTOR('',#12095,0.6477);
#9945=CARTESIAN_POINT('',(-7.2359,5.207,-9.42));
#9946=CARTESIAN_POINT('',(-7.2359,4.064,-9.42));
#9947=VECTOR('',#12096,1.143);
#9948=CARTESIAN_POINT('',(-8.9099,5.207,-9.42));
#9949=CARTESIAN_POINT('',(-7.2359,5.207,-9.42));
#9950=VECTOR('',#12097,1.674);
#9951=CARTESIAN_POINT('',(-8.9099,4.064,-9.42));
#9952=CARTESIAN_POINT('',(-8.9099,4.064,-9.42));
#9953=VECTOR('',#12098,1.143);
#9954=CARTESIAN_POINT('',(-9.2782,4.064,-9.42));
#9955=CARTESIAN_POINT('',(-8.9099,4.064,-9.42));
#9956=VECTOR('',#12099,0.3683);
#9957=CARTESIAN_POINT('',(-9.2782,5.712686118425,-9.42));
#9958=CARTESIAN_POINT('',(-9.2782,5.712686118425,-9.42));
#9959=VECTOR('',#12100,1.648686118425);
#9960=CARTESIAN_POINT('',(-10.5482,5.712686118425,-9.42));
#9961=CARTESIAN_POINT('',(-10.5482,5.712686118425,-9.42));
#9962=VECTOR('',#12101,1.27);
#9963=CARTESIAN_POINT('',(-10.5482,4.064,-9.42));
#9964=CARTESIAN_POINT('',(-10.5482,4.064,-9.42));
#9965=VECTOR('',#12102,1.648686118425);
#9966=CARTESIAN_POINT('',(-11.1959,4.064,-9.42));
#9967=CARTESIAN_POINT('',(-10.5482,4.064,-9.42));
#9968=VECTOR('',#12103,0.6477);
#9969=CARTESIAN_POINT('',(-11.1959,5.207,-9.42));
#9970=CARTESIAN_POINT('',(-11.1959,4.064,-9.42));
#9971=VECTOR('',#12104,1.143);
#9972=CARTESIAN_POINT('',(-12.8699,5.207,-9.42));
#9973=CARTESIAN_POINT('',(-11.1959,5.207,-9.42));
#9974=VECTOR('',#12105,1.674);
#9975=CARTESIAN_POINT('',(-12.8699,4.064,-9.42));
#9976=CARTESIAN_POINT('',(-12.8699,4.064,-9.42));
#9977=VECTOR('',#12106,1.143);
#9978=CARTESIAN_POINT('',(-13.2382,4.064,-9.42));
#9979=CARTESIAN_POINT('',(-12.8699,4.064,-9.42));
#9980=VECTOR('',#12107,0.3683);
#9981=CARTESIAN_POINT('',(-13.2382,5.712686118425,-9.42));
#9982=CARTESIAN_POINT('',(-13.2382,5.712686118425,-9.42));
#9983=VECTOR('',#12108,1.648686118425);
#9984=CARTESIAN_POINT('',(-14.5082,5.712686118425,-9.42));
#9985=CARTESIAN_POINT('',(-14.5082,5.712686118425,-9.42));
#9986=VECTOR('',#12109,1.27);
#9987=CARTESIAN_POINT('',(-14.5082,4.064,-9.42));
#9988=CARTESIAN_POINT('',(-14.5082,4.064,-9.42));
#9989=VECTOR('',#12110,1.648686118425);
#9990=CARTESIAN_POINT('',(-15.1559,4.064,-9.42));
#9991=CARTESIAN_POINT('',(-14.5082,4.064,-9.42));
#9992=VECTOR('',#12111,0.6477);
#9993=CARTESIAN_POINT('',(-15.1559,5.207,-9.42));
#9994=CARTESIAN_POINT('',(-15.1559,4.064,-9.42));
#9995=VECTOR('',#12112,1.143);
#9996=CARTESIAN_POINT('',(-16.8299,5.207,-9.42));
#9997=CARTESIAN_POINT('',(-15.1559,5.207,-9.42));
#9998=VECTOR('',#12113,1.674);
#9999=CARTESIAN_POINT('',(-16.8299,4.064,-9.42));
#10000=CARTESIAN_POINT('',(-16.8299,4.064,-9.42));
#10001=VECTOR('',#12114,1.143);
#10002=CARTESIAN_POINT('',(-17.1982,4.064,-9.42));
#10003=CARTESIAN_POINT('',(-16.8299,4.064,-9.42));
#10004=VECTOR('',#12115,0.3683);
#10005=CARTESIAN_POINT('',(-17.1982,5.712686118425,-9.42));
#10006=CARTESIAN_POINT('',(-17.1982,5.712686118425,-9.42));
#10007=VECTOR('',#12116,1.648686118425);
#10008=CARTESIAN_POINT('',(-18.4682,5.712686118425,-9.42));
#10009=CARTESIAN_POINT('',(-18.4682,5.712686118425,-9.42));
#10010=VECTOR('',#12117,1.27);
#10011=CARTESIAN_POINT('',(-18.4682,4.064,-9.42));
#10012=CARTESIAN_POINT('',(-18.4682,4.064,-9.42));
#10013=VECTOR('',#12118,1.648686118425);
#10014=CARTESIAN_POINT('',(-19.1159,4.064,-9.42));
#10015=CARTESIAN_POINT('',(-18.4682,4.064,-9.42));
#10016=VECTOR('',#12119,0.6477);
#10017=CARTESIAN_POINT('',(-19.1159,5.207,-9.42));
#10018=CARTESIAN_POINT('',(-19.1159,4.064,-9.42));
#10019=VECTOR('',#12120,1.143);
#10020=CARTESIAN_POINT('',(-20.7899,5.207,-9.42));
#10021=CARTESIAN_POINT('',(-19.1159,5.207,-9.42));
#10022=VECTOR('',#12121,1.674);
#10023=CARTESIAN_POINT('',(-20.7899,4.064,-9.42));
#10024=CARTESIAN_POINT('',(-20.7899,4.064,-9.42));
#10025=VECTOR('',#12122,1.143);
#10026=CARTESIAN_POINT('',(-21.1582,4.064,-9.42));
#10027=CARTESIAN_POINT('',(-20.7899,4.064,-9.42));
#10028=VECTOR('',#12123,0.3683);
#10029=CARTESIAN_POINT('',(-21.1582,5.712686118425,-9.42));
#10030=CARTESIAN_POINT('',(-21.1582,5.712686118425,-9.42));
#10031=VECTOR('',#12124,1.648686118425);
#10032=CARTESIAN_POINT('',(-22.4282,5.712686118425,-9.42));
#10033=CARTESIAN_POINT('',(-22.4282,5.712686118425,-9.42));
#10034=VECTOR('',#12125,1.27);
#10035=CARTESIAN_POINT('',(-22.4282,4.064,-9.42));
#10036=CARTESIAN_POINT('',(-22.4282,4.064,-9.42));
#10037=VECTOR('',#12126,1.648686118425);
#10038=CARTESIAN_POINT('',(-23.07513333333,4.064,-9.42));
#10039=CARTESIAN_POINT('',(-22.4282,4.064,-9.42));
#10040=VECTOR('',#12127,0.6469333333333);
#10041=CARTESIAN_POINT('',(-23.0736,9.274,-9.42));
#10042=CARTESIAN_POINT('',(-23.07513333333,4.064,-9.42));
#10043=VECTOR('',#12128,5.210000225634);
#10044=CARTESIAN_POINT('',(-23.7236,9.274,-9.42));
#10045=VECTOR('',#12129,0.65);
#10046=CARTESIAN_POINT('',(23.0736,9.274,-9.42));
#10047=CARTESIAN_POINT('',(23.0736,9.274,-9.42));
#10048=VECTOR('',#12130,0.65);
#10049=CARTESIAN_POINT('',(23.0736,5.207,-9.42));
#10050=CARTESIAN_POINT('',(23.0736,9.274,-9.42));
#10051=VECTOR('',#12131,4.067);
#10052=CARTESIAN_POINT('',(22.7701,5.207,-9.42));
#10053=CARTESIAN_POINT('',(23.0736,5.207,-9.42));
#10054=VECTOR('',#12132,0.3035);
#10055=CARTESIAN_POINT('',(22.7701,4.064,-9.42));
#10056=CARTESIAN_POINT('',(22.7701,4.064,-9.42));
#10057=VECTOR('',#12133,1.143);
#10058=CARTESIAN_POINT('',(22.4018,4.064,-9.42));
#10059=CARTESIAN_POINT('',(22.7701,4.064,-9.42));
#10060=VECTOR('',#12134,0.3683);
#10061=CARTESIAN_POINT('',(22.4018,5.712686118425,-9.42));
#10062=CARTESIAN_POINT('',(22.4018,5.712686118425,-9.42));
#10063=VECTOR('',#12135,1.648686118425);
#10064=CARTESIAN_POINT('',(21.1318,5.712686118425,-9.42));
#10065=CARTESIAN_POINT('',(21.1318,5.712686118425,-9.42));
#10066=VECTOR('',#12136,1.27);
#10067=CARTESIAN_POINT('',(21.1318,4.064,-9.42));
#10068=VECTOR('',#12137,1.648686118425);
#10069=CARTESIAN_POINT('',(21.1318,1.143,-9.42));
#10070=CARTESIAN_POINT('',(21.1318,4.064,-9.42));
#10071=VECTOR('',#12138,2.921);
#10072=CARTESIAN_POINT('',(21.1318,5.1562,-9.928));
#10073=AXIS2_PLACEMENT_3D('',#12139,#12140,#12141);
#10074=CARTESIAN_POINT('',(21.1318,1.143,-9.928));
#10075=CARTESIAN_POINT('',(21.1318,1.143,-9.928));
#10076=VECTOR('',#12142,4.0132);
#10077=CARTESIAN_POINT('',(21.1318,1.143,-9.928));
#10078=VECTOR('',#12143,0.508);
#10079=CARTESIAN_POINT('',(21.6398,0.381,-9.928));
#10080=CARTESIAN_POINT('',(21.6398,0.381,-9.928));
#10081=VECTOR('',#12144,0.9158100239679);
#10082=CARTESIAN_POINT('',(21.6398,0.381,-9.42));
#10083=CARTESIAN_POINT('',(21.6398,0.381,-9.42));
#10084=VECTOR('',#12145,0.508);
#10085=CARTESIAN_POINT('',(21.6398,0.381,-9.42));
#10086=VECTOR('',#12146,0.9158100239679);
#10087=CARTESIAN_POINT('',(21.8938,0.381,-9.42));
#10088=CARTESIAN_POINT('',(21.6398,0.381,-9.42));
#10089=VECTOR('',#12147,0.254);
#10090=CARTESIAN_POINT('',(22.4018,1.143,-9.42));
#10091=CARTESIAN_POINT('',(22.4018,1.143,-9.42));
#10092=VECTOR('',#12148,0.9158100239679);
#10093=CARTESIAN_POINT('',(22.4018,4.064,-9.42));
#10094=VECTOR('',#12149,2.921);
#10095=CARTESIAN_POINT('',(21.1318,4.064,-9.42));
#10096=VECTOR('',#12150,1.27);
#10097=CARTESIAN_POINT('',(-23.07513333333,4.064,-11.4));
#10098=CARTESIAN_POINT('',(-23.7236,4.064,-11.4));
#10099=VECTOR('',#12151,0.6484666666667);
#10100=CARTESIAN_POINT('',(-23.07513333333,4.064,-9.42));
#10101=VECTOR('',#12152,1.98);
#10102=CARTESIAN_POINT('',(-22.4282,4.064,-9.42));
#10103=VECTOR('',#12153,1.27);
#10104=CARTESIAN_POINT('',(-20.7899,4.064,-11.4));
#10105=CARTESIAN_POINT('',(-20.7899,4.064,-11.4));
#10106=VECTOR('',#12154,1.98);
#10107=CARTESIAN_POINT('',(-19.1159,4.064,-11.4));
#10108=CARTESIAN_POINT('',(-20.7899,4.064,-11.4));
#10109=VECTOR('',#12155,1.674);
#10110=CARTESIAN_POINT('',(-19.1159,4.064,-9.42));
#10111=VECTOR('',#12156,1.98);
#10112=CARTESIAN_POINT('',(-18.4682,4.064,-9.42));
#10113=VECTOR('',#12157,1.27);
#10114=CARTESIAN_POINT('',(-16.8299,4.064,-11.4));
#10115=CARTESIAN_POINT('',(-16.8299,4.064,-11.4));
#10116=VECTOR('',#12158,1.98);
#10117=CARTESIAN_POINT('',(-15.1559,4.064,-11.4));
#10118=CARTESIAN_POINT('',(-16.8299,4.064,-11.4));
#10119=VECTOR('',#12159,1.674);
#10120=CARTESIAN_POINT('',(-15.1559,4.064,-9.42));
#10121=VECTOR('',#12160,1.98);
#10122=CARTESIAN_POINT('',(-14.5082,4.064,-9.42));
#10123=VECTOR('',#12161,1.27);
#10124=CARTESIAN_POINT('',(-12.8699,4.064,-11.4));
#10125=CARTESIAN_POINT('',(-12.8699,4.064,-11.4));
#10126=VECTOR('',#12162,1.98);
#10127=CARTESIAN_POINT('',(-11.1959,4.064,-11.4));
#10128=CARTESIAN_POINT('',(-12.8699,4.064,-11.4));
#10129=VECTOR('',#12163,1.674);
#10130=CARTESIAN_POINT('',(-11.1959,4.064,-9.42));
#10131=VECTOR('',#12164,1.98);
#10132=CARTESIAN_POINT('',(-10.5482,4.064,-9.42));
#10133=VECTOR('',#12165,1.27);
#10134=CARTESIAN_POINT('',(-8.9099,4.064,-11.4));
#10135=CARTESIAN_POINT('',(-8.9099,4.064,-11.4));
#10136=VECTOR('',#12166,1.98);
#10137=CARTESIAN_POINT('',(-7.2359,4.064,-11.4));
#10138=CARTESIAN_POINT('',(-8.9099,4.064,-11.4));
#10139=VECTOR('',#12167,1.674);
#10140=CARTESIAN_POINT('',(-7.2359,4.064,-9.42));
#10141=VECTOR('',#12168,1.98);
#10142=CARTESIAN_POINT('',(-6.5882,4.064,-9.42));
#10143=VECTOR('',#12169,1.27);
#10144=CARTESIAN_POINT('',(-4.9499,4.064,-11.4));
#10145=CARTESIAN_POINT('',(-4.9499,4.064,-11.4));
#10146=VECTOR('',#12170,1.98);
#10147=CARTESIAN_POINT('',(-3.2759,4.064,-11.4));
#10148=CARTESIAN_POINT('',(-4.9499,4.064,-11.4));
#10149=VECTOR('',#12171,1.674);
#10150=CARTESIAN_POINT('',(-3.2759,4.064,-9.42));
#10151=VECTOR('',#12172,1.98);
#10152=CARTESIAN_POINT('',(-2.6282,4.064,-9.42));
#10153=VECTOR('',#12173,1.27);
#10154=CARTESIAN_POINT('',(-0.9899,4.064,-11.4));
#10155=CARTESIAN_POINT('',(-0.9899,4.064,-11.4));
#10156=VECTOR('',#12174,1.98);
#10157=CARTESIAN_POINT('',(0.6841,4.064,-11.4));
#10158=CARTESIAN_POINT('',(-0.9899,4.064,-11.4));
#10159=VECTOR('',#12175,1.674);
#10160=CARTESIAN_POINT('',(0.6841,4.064,-9.42));
#10161=VECTOR('',#12176,1.98);
#10162=CARTESIAN_POINT('',(1.3318,4.064,-9.42));
#10163=VECTOR('',#12177,1.27);
#10164=CARTESIAN_POINT('',(2.9701,4.064,-11.4));
#10165=CARTESIAN_POINT('',(2.9701,4.064,-11.4));
#10166=VECTOR('',#12178,1.98);
#10167=CARTESIAN_POINT('',(4.6441,4.064,-11.4));
#10168=CARTESIAN_POINT('',(2.9701,4.064,-11.4));
#10169=VECTOR('',#12179,1.674);
#10170=CARTESIAN_POINT('',(4.6441,4.064,-9.42));
#10171=VECTOR('',#12180,1.98);
#10172=CARTESIAN_POINT('',(5.2918,4.064,-9.42));
#10173=VECTOR('',#12181,1.27);
#10174=CARTESIAN_POINT('',(6.9301,4.064,-11.4));
#10175=CARTESIAN_POINT('',(6.9301,4.064,-11.4));
#10176=VECTOR('',#12182,1.98);
#10177=CARTESIAN_POINT('',(8.6041,4.064,-11.4));
#10178=CARTESIAN_POINT('',(6.9301,4.064,-11.4));
#10179=VECTOR('',#12183,1.674);
#10180=CARTESIAN_POINT('',(8.6041,4.064,-9.42));
#10181=VECTOR('',#12184,1.98);
#10182=CARTESIAN_POINT('',(9.2518,4.064,-9.42));
#10183=VECTOR('',#12185,1.27);
#10184=CARTESIAN_POINT('',(10.8901,4.064,-11.4));
#10185=CARTESIAN_POINT('',(10.8901,4.064,-11.4));
#10186=VECTOR('',#12186,1.98);
#10187=CARTESIAN_POINT('',(12.5641,4.064,-11.4));
#10188=CARTESIAN_POINT('',(10.8901,4.064,-11.4));
#10189=VECTOR('',#12187,1.674);
#10190=CARTESIAN_POINT('',(12.5641,4.064,-9.42));
#10191=VECTOR('',#12188,1.98);
#10192=CARTESIAN_POINT('',(13.2118,4.064,-9.42));
#10193=VECTOR('',#12189,1.27);
#10194=CARTESIAN_POINT('',(14.8501,4.064,-11.4));
#10195=CARTESIAN_POINT('',(14.8501,4.064,-11.4));
#10196=VECTOR('',#12190,1.98);
#10197=CARTESIAN_POINT('',(16.5241,4.064,-11.4));
#10198=CARTESIAN_POINT('',(14.8501,4.064,-11.4));
#10199=VECTOR('',#12191,1.674);
#10200=CARTESIAN_POINT('',(16.5241,4.064,-11.4));
#10201=VECTOR('',#12192,1.98);
#10202=CARTESIAN_POINT('',(17.1718,4.064,-9.42));
#10203=VECTOR('',#12193,1.27);
#10204=CARTESIAN_POINT('',(18.8101,4.064,-11.4));
#10205=CARTESIAN_POINT('',(18.8101,4.064,-11.4));
#10206=VECTOR('',#12194,1.98);
#10207=CARTESIAN_POINT('',(20.4841,4.064,-11.4));
#10208=CARTESIAN_POINT('',(18.8101,4.064,-11.4));
#10209=VECTOR('',#12195,1.674);
#10210=CARTESIAN_POINT('',(20.4841,4.064,-11.4));
#10211=VECTOR('',#12196,1.98);
#10212=CARTESIAN_POINT('',(22.7701,4.064,-11.4));
#10213=CARTESIAN_POINT('',(22.7701,4.064,-11.4));
#10214=VECTOR('',#12197,1.98);
#10215=CARTESIAN_POINT('',(22.7701,4.064,-11.4));
#10216=VECTOR('',#12198,0.9535);
#10217=CARTESIAN_POINT('',(22.3256,4.064,-1.91));
#10218=CARTESIAN_POINT('',(23.7236,4.064,-1.91));
#10219=VECTOR('',#12199,1.398);
#10220=CARTESIAN_POINT('',(22.3256,4.064,-2.062175746993));
#10221=CARTESIAN_POINT('',(22.3256,4.064,-1.91));
#10222=VECTOR('',#12200,0.1521757469933);
#10223=CARTESIAN_POINT('',(21.208,4.064,-2.062175746993));
#10224=CARTESIAN_POINT('',(21.208,4.064,-2.062175746993));
#10225=VECTOR('',#12201,1.1176);
#10226=CARTESIAN_POINT('',(21.208,4.064,0.0));
#10227=VECTOR('',#12202,2.062175746993);
#10228=CARTESIAN_POINT('',(18.3656,4.064,-2.062175746993));
#10229=CARTESIAN_POINT('',(18.3656,4.064,0.0));
#10230=VECTOR('',#12203,2.062175746993);
#10231=CARTESIAN_POINT('',(17.248,4.064,-2.062175746993));
#10232=CARTESIAN_POINT('',(17.248,4.064,-2.062175746993));
#10233=VECTOR('',#12204,1.1176);
#10234=CARTESIAN_POINT('',(17.248,4.064,0.0));
#10235=VECTOR('',#12205,2.062175746993);
#10236=CARTESIAN_POINT('',(14.4056,4.064,-2.062175746993));
#10237=CARTESIAN_POINT('',(14.4056,4.064,0.0));
#10238=VECTOR('',#12206,2.062175746993);
#10239=CARTESIAN_POINT('',(13.288,4.064,-2.062175746993));
#10240=CARTESIAN_POINT('',(13.288,4.064,-2.062175746993));
#10241=VECTOR('',#12207,1.1176);
#10242=CARTESIAN_POINT('',(13.288,4.064,0.0));
#10243=VECTOR('',#12208,2.062175746993);
#10244=CARTESIAN_POINT('',(10.4456,4.064,-2.062175746993));
#10245=CARTESIAN_POINT('',(10.4456,4.064,0.0));
#10246=VECTOR('',#12209,2.062175746993);
#10247=CARTESIAN_POINT('',(9.328,4.064,-2.062175746993));
#10248=CARTESIAN_POINT('',(9.328,4.064,-2.062175746993));
#10249=VECTOR('',#12210,1.1176);
#10250=CARTESIAN_POINT('',(9.328,4.064,0.0));
#10251=VECTOR('',#12211,2.062175746993);
#10252=CARTESIAN_POINT('',(8.4963,4.064,-1.91));
#10253=CARTESIAN_POINT('',(8.4963,4.064,0.0));
#10254=VECTOR('',#12212,1.91);
#10255=CARTESIAN_POINT('',(7.3533,4.064,-1.91));
#10256=CARTESIAN_POINT('',(7.3533,4.064,-1.91));
#10257=VECTOR('',#12213,1.143);
#10258=CARTESIAN_POINT('',(7.3533,4.064,0.0));
#10259=VECTOR('',#12214,1.91);
#10260=CARTESIAN_POINT('',(6.4856,4.064,-2.062175746993));
#10261=CARTESIAN_POINT('',(6.4856,4.064,0.0));
#10262=VECTOR('',#12215,2.062175746993);
#10263=CARTESIAN_POINT('',(5.368,4.064,-2.062175746993));
#10264=CARTESIAN_POINT('',(5.368,4.064,-2.062175746993));
#10265=VECTOR('',#12216,1.1176);
#10266=CARTESIAN_POINT('',(5.368,4.064,0.0));
#10267=VECTOR('',#12217,2.062175746993);
#10268=CARTESIAN_POINT('',(2.5256,4.064,-2.062175746993));
#10269=CARTESIAN_POINT('',(2.5256,4.064,0.0));
#10270=VECTOR('',#12218,2.062175746993);
#10271=CARTESIAN_POINT('',(1.408,4.064,-2.062175746993));
#10272=CARTESIAN_POINT('',(1.408,4.064,-2.062175746993));
#10273=VECTOR('',#12219,1.1176);
#10274=CARTESIAN_POINT('',(1.408,4.064,0.0));
#10275=VECTOR('',#12220,2.062175746993);
#10276=CARTESIAN_POINT('',(-1.4344,4.064,-2.062175746993));
#10277=CARTESIAN_POINT('',(-1.4344,4.064,0.0));
#10278=VECTOR('',#12221,2.062175746993);
#10279=CARTESIAN_POINT('',(-2.552,4.064,-2.062175746993));
#10280=CARTESIAN_POINT('',(-2.552,4.064,-2.062175746993));
#10281=VECTOR('',#12222,1.1176);
#10282=CARTESIAN_POINT('',(-2.552,4.064,0.0));
#10283=VECTOR('',#12223,2.062175746993);
#10284=CARTESIAN_POINT('',(-5.3944,4.064,-2.062175746993));
#10285=CARTESIAN_POINT('',(-5.3944,4.064,0.0));
#10286=VECTOR('',#12224,2.062175746993);
#10287=CARTESIAN_POINT('',(-6.512,4.064,-2.062175746993));
#10288=CARTESIAN_POINT('',(-6.512,4.064,-2.062175746993));
#10289=VECTOR('',#12225,1.1176);
#10290=CARTESIAN_POINT('',(-6.512,4.064,0.0));
#10291=VECTOR('',#12226,2.062175746993);
#10292=CARTESIAN_POINT('',(-7.3548,4.064,-1.91));
#10293=CARTESIAN_POINT('',(-7.3548,4.064,0.0));
#10294=VECTOR('',#12227,1.91);
#10295=CARTESIAN_POINT('',(-8.4948,4.064,-1.91));
#10296=CARTESIAN_POINT('',(-8.4948,4.064,-1.91));
#10297=VECTOR('',#12228,1.14);
#10298=CARTESIAN_POINT('',(-8.4948,4.064,0.0));
#10299=VECTOR('',#12229,1.91);
#10300=CARTESIAN_POINT('',(-9.3544,4.064,-2.062175746993));
#10301=CARTESIAN_POINT('',(-9.3544,4.064,0.0));
#10302=VECTOR('',#12230,2.062175746993);
#10303=CARTESIAN_POINT('',(-10.472,4.064,-2.062175746993));
#10304=CARTESIAN_POINT('',(-10.472,4.064,-2.062175746993));
#10305=VECTOR('',#12231,1.1176);
#10306=CARTESIAN_POINT('',(-10.472,4.064,0.0));
#10307=VECTOR('',#12232,2.062175746993);
#10308=CARTESIAN_POINT('',(-13.3144,4.064,-2.062175746993));
#10309=CARTESIAN_POINT('',(-13.3144,4.064,0.0));
#10310=VECTOR('',#12233,2.062175746993);
#10311=CARTESIAN_POINT('',(-14.432,4.064,-2.062175746993));
#10312=CARTESIAN_POINT('',(-14.432,4.064,-2.062175746993));
#10313=VECTOR('',#12234,1.1176);
#10314=CARTESIAN_POINT('',(-14.432,4.064,0.0));
#10315=VECTOR('',#12235,2.062175746993);
#10316=CARTESIAN_POINT('',(-17.2744,4.064,-2.062175746993));
#10317=CARTESIAN_POINT('',(-17.2744,4.064,0.0));
#10318=VECTOR('',#12236,2.062175746993);
#10319=CARTESIAN_POINT('',(-18.392,4.064,-2.062175746993));
#10320=CARTESIAN_POINT('',(-18.392,4.064,-2.062175746993));
#10321=VECTOR('',#12237,1.1176);
#10322=CARTESIAN_POINT('',(-18.392,4.064,0.0));
#10323=VECTOR('',#12238,2.062175746993);
#10324=CARTESIAN_POINT('',(-21.2344,4.064,-2.062175746993));
#10325=CARTESIAN_POINT('',(-21.2344,4.064,0.0));
#10326=VECTOR('',#12239,2.062175746993);
#10327=CARTESIAN_POINT('',(-22.352,4.064,-2.062175746993));
#10328=CARTESIAN_POINT('',(-22.352,4.064,-2.062175746993));
#10329=VECTOR('',#12240,1.1176);
#10330=CARTESIAN_POINT('',(-22.352,4.064,-1.91));
#10331=CARTESIAN_POINT('',(-22.352,4.064,-1.91));
#10332=VECTOR('',#12241,0.1521757469933);
#10333=CARTESIAN_POINT('',(-22.352,4.064,-1.91));
#10334=VECTOR('',#12242,1.3716);
#10335=CARTESIAN_POINT('',(-21.2344,4.064,-4.699));
#10336=CARTESIAN_POINT('',(-22.352,4.064,-4.699));
#10337=CARTESIAN_POINT('',(-21.2344,4.064,-4.699));
#10338=VECTOR('',#12243,1.1176);
#10339=CARTESIAN_POINT('',(-21.2344,4.064,-7.874));
#10340=CARTESIAN_POINT('',(-21.2344,4.064,-4.699));
#10341=VECTOR('',#12244,3.175);
#10342=CARTESIAN_POINT('',(-22.352,4.064,-7.874));
#10343=CARTESIAN_POINT('',(-22.352,4.064,-7.874));
#10344=VECTOR('',#12245,1.1176);
#10345=CARTESIAN_POINT('',(-22.352,4.064,-4.699));
#10346=VECTOR('',#12246,3.175);
#10347=CARTESIAN_POINT('',(-17.2744,4.064,-4.699));
#10348=CARTESIAN_POINT('',(-18.392,4.064,-4.699));
#10349=CARTESIAN_POINT('',(-17.2744,4.064,-4.699));
#10350=VECTOR('',#12247,1.1176);
#10351=CARTESIAN_POINT('',(-17.2744,4.064,-7.874));
#10352=CARTESIAN_POINT('',(-17.2744,4.064,-7.874));
#10353=VECTOR('',#12248,3.175);
#10354=CARTESIAN_POINT('',(-18.392,4.064,-7.874));
#10355=CARTESIAN_POINT('',(-18.392,4.064,-7.874));
#10356=VECTOR('',#12249,1.1176);
#10357=CARTESIAN_POINT('',(-18.392,4.064,-4.699));
#10358=VECTOR('',#12250,3.175);
#10359=CARTESIAN_POINT('',(-13.3144,4.064,-4.699));
#10360=CARTESIAN_POINT('',(-14.432,4.064,-4.699));
#10361=CARTESIAN_POINT('',(-13.3144,4.064,-4.699));
#10362=VECTOR('',#12251,1.1176);
#10363=CARTESIAN_POINT('',(-13.3144,4.064,-7.874));
#10364=CARTESIAN_POINT('',(-13.3144,4.064,-7.874));
#10365=VECTOR('',#12252,3.175);
#10366=CARTESIAN_POINT('',(-14.432,4.064,-7.874));
#10367=CARTESIAN_POINT('',(-14.432,4.064,-7.874));
#10368=VECTOR('',#12253,1.1176);
#10369=CARTESIAN_POINT('',(-14.432,4.064,-4.699));
#10370=VECTOR('',#12254,3.175);
#10371=CARTESIAN_POINT('',(-9.3544,4.064,-4.699));
#10372=CARTESIAN_POINT('',(-10.472,4.064,-4.699));
#10373=CARTESIAN_POINT('',(-9.3544,4.064,-4.699));
#10374=VECTOR('',#12255,1.1176);
#10375=CARTESIAN_POINT('',(-9.3544,4.064,-7.874));
#10376=CARTESIAN_POINT('',(-9.3544,4.064,-7.874));
#10377=VECTOR('',#12256,3.175);
#10378=CARTESIAN_POINT('',(-10.472,4.064,-7.874));
#10379=CARTESIAN_POINT('',(-10.472,4.064,-7.874));
#10380=VECTOR('',#12257,1.1176);
#10381=CARTESIAN_POINT('',(-10.472,4.064,-4.699));
#10382=VECTOR('',#12258,3.175);
#10383=CARTESIAN_POINT('',(-5.3944,4.064,-4.699));
#10384=CARTESIAN_POINT('',(-6.512,4.064,-4.699));
#10385=CARTESIAN_POINT('',(-5.3944,4.064,-4.699));
#10386=VECTOR('',#12259,1.1176);
#10387=CARTESIAN_POINT('',(-5.3944,4.064,-7.874));
#10388=CARTESIAN_POINT('',(-5.3944,4.064,-7.874));
#10389=VECTOR('',#12260,3.175);
#10390=CARTESIAN_POINT('',(-6.512,4.064,-7.874));
#10391=CARTESIAN_POINT('',(-6.512,4.064,-7.874));
#10392=VECTOR('',#12261,1.1176);
#10393=CARTESIAN_POINT('',(-6.512,4.064,-4.699));
#10394=VECTOR('',#12262,3.175);
#10395=CARTESIAN_POINT('',(-1.4344,4.064,-4.699));
#10396=CARTESIAN_POINT('',(-2.552,4.064,-4.699));
#10397=CARTESIAN_POINT('',(-1.4344,4.064,-4.699));
#10398=VECTOR('',#12263,1.1176);
#10399=CARTESIAN_POINT('',(-1.4344,4.064,-7.874));
#10400=CARTESIAN_POINT('',(-1.4344,4.064,-7.874));
#10401=VECTOR('',#12264,3.175);
#10402=CARTESIAN_POINT('',(-2.552,4.064,-7.874));
#10403=CARTESIAN_POINT('',(-2.552,4.064,-7.874));
#10404=VECTOR('',#12265,1.1176);
#10405=CARTESIAN_POINT('',(-2.552,4.064,-4.699));
#10406=VECTOR('',#12266,3.175);
#10407=CARTESIAN_POINT('',(2.5256,4.064,-4.699));
#10408=CARTESIAN_POINT('',(1.408,4.064,-4.699));
#10409=CARTESIAN_POINT('',(2.5256,4.064,-4.699));
#10410=VECTOR('',#12267,1.1176);
#10411=CARTESIAN_POINT('',(2.5256,4.064,-7.874));
#10412=CARTESIAN_POINT('',(2.5256,4.064,-7.874));
#10413=VECTOR('',#12268,3.175);
#10414=CARTESIAN_POINT('',(1.408,4.064,-7.874));
#10415=CARTESIAN_POINT('',(1.408,4.064,-7.874));
#10416=VECTOR('',#12269,1.1176);
#10417=CARTESIAN_POINT('',(1.408,4.064,-4.699));
#10418=VECTOR('',#12270,3.175);
#10419=CARTESIAN_POINT('',(6.4856,4.064,-4.699));
#10420=CARTESIAN_POINT('',(5.368,4.064,-4.699));
#10421=CARTESIAN_POINT('',(6.4856,4.064,-4.699));
#10422=VECTOR('',#12271,1.1176);
#10423=CARTESIAN_POINT('',(6.4856,4.064,-7.874));
#10424=CARTESIAN_POINT('',(6.4856,4.064,-7.874));
#10425=VECTOR('',#12272,3.175);
#10426=CARTESIAN_POINT('',(5.368,4.064,-7.874));
#10427=CARTESIAN_POINT('',(5.368,4.064,-7.874));
#10428=VECTOR('',#12273,1.1176);
#10429=CARTESIAN_POINT('',(5.368,4.064,-4.699));
#10430=VECTOR('',#12274,3.175);
#10431=CARTESIAN_POINT('',(10.4456,4.064,-4.699));
#10432=CARTESIAN_POINT('',(9.328,4.064,-4.699));
#10433=CARTESIAN_POINT('',(10.4456,4.064,-4.699));
#10434=VECTOR('',#12275,1.1176);
#10435=CARTESIAN_POINT('',(10.4456,4.064,-7.874));
#10436=CARTESIAN_POINT('',(10.4456,4.064,-7.874));
#10437=VECTOR('',#12276,3.175);
#10438=CARTESIAN_POINT('',(9.328,4.064,-7.874));
#10439=CARTESIAN_POINT('',(9.328,4.064,-7.874));
#10440=VECTOR('',#12277,1.1176);
#10441=CARTESIAN_POINT('',(9.328,4.064,-4.699));
#10442=VECTOR('',#12278,3.175);
#10443=CARTESIAN_POINT('',(14.4056,4.064,-4.699));
#10444=CARTESIAN_POINT('',(13.288,4.064,-4.699));
#10445=CARTESIAN_POINT('',(14.4056,4.064,-4.699));
#10446=VECTOR('',#12279,1.1176);
#10447=CARTESIAN_POINT('',(14.4056,4.064,-7.874));
#10448=CARTESIAN_POINT('',(14.4056,4.064,-7.874));
#10449=VECTOR('',#12280,3.175);
#10450=CARTESIAN_POINT('',(13.288,4.064,-7.874));
#10451=CARTESIAN_POINT('',(13.288,4.064,-7.874));
#10452=VECTOR('',#12281,1.1176);
#10453=CARTESIAN_POINT('',(13.288,4.064,-4.699));
#10454=VECTOR('',#12282,3.175);
#10455=CARTESIAN_POINT('',(18.3656,4.064,-4.699));
#10456=CARTESIAN_POINT('',(17.248,4.064,-4.699));
#10457=CARTESIAN_POINT('',(18.3656,4.064,-4.699));
#10458=VECTOR('',#12283,1.1176);
#10459=CARTESIAN_POINT('',(18.3656,4.064,-7.874));
#10460=CARTESIAN_POINT('',(18.3656,4.064,-7.874));
#10461=VECTOR('',#12284,3.175);
#10462=CARTESIAN_POINT('',(17.248,4.064,-7.874));
#10463=CARTESIAN_POINT('',(17.248,4.064,-7.874));
#10464=VECTOR('',#12285,1.1176);
#10465=CARTESIAN_POINT('',(17.248,4.064,-4.699));
#10466=VECTOR('',#12286,3.175);
#10467=CARTESIAN_POINT('',(22.3256,4.064,-4.699));
#10468=CARTESIAN_POINT('',(21.208,4.064,-4.699));
#10469=CARTESIAN_POINT('',(22.3256,4.064,-4.699));
#10470=VECTOR('',#12287,1.1176);
#10471=CARTESIAN_POINT('',(22.3256,4.064,-7.874));
#10472=CARTESIAN_POINT('',(22.3256,4.064,-7.874));
#10473=VECTOR('',#12288,3.175);
#10474=CARTESIAN_POINT('',(21.208,4.064,-7.874));
#10475=CARTESIAN_POINT('',(21.208,4.064,-7.874));
#10476=VECTOR('',#12289,1.1176);
#10477=CARTESIAN_POINT('',(21.208,4.064,-4.699));
#10478=VECTOR('',#12290,3.175);
#10479=CARTESIAN_POINT('',(-22.352,4.064,-1.61));
#10480=CARTESIAN_POINT('',(-22.352,4.064,0.0));
#10481=VECTOR('',#12291,1.61);
#10482=CARTESIAN_POINT('',(-22.5836,4.064,-1.61));
#10483=CARTESIAN_POINT('',(-22.5836,4.064,0.0));
#10484=VECTOR('',#12292,1.61);
#10485=CARTESIAN_POINT('',(-22.5836,4.064,-1.61));
#10486=VECTOR('',#12293,0.2316);
#10487=CARTESIAN_POINT('',(22.5836,4.064,-1.61));
#10488=CARTESIAN_POINT('',(22.5836,4.064,0.0));
#10489=VECTOR('',#12294,1.61);
#10490=CARTESIAN_POINT('',(22.3256,4.064,-1.61));
#10491=CARTESIAN_POINT('',(22.3256,4.064,0.0));
#10492=VECTOR('',#12295,1.61);
#10493=CARTESIAN_POINT('',(22.3256,4.064,-1.61));
#10494=VECTOR('',#12296,0.258);
#10495=CARTESIAN_POINT('',(-22.352,4.572,-7.874));
#10496=CARTESIAN_POINT('',(-22.352,4.064,-7.874));
#10497=VECTOR('',#12297,0.508);
#10498=CARTESIAN_POINT('',(-22.352,4.572,-4.699));
#10499=CARTESIAN_POINT('',(-22.352,4.572,-4.699));
#10500=VECTOR('',#12298,3.175);
#10501=CARTESIAN_POINT('',(-22.352,4.064,-4.699));
#10502=VECTOR('',#12299,0.508);
#10503=CARTESIAN_POINT('',(-21.2344,4.572,-4.699));
#10504=CARTESIAN_POINT('',(-21.2344,4.572,-4.699));
#10505=VECTOR('',#12300,1.1176);
#10506=CARTESIAN_POINT('',(-21.2344,4.064,-4.699));
#10507=VECTOR('',#12301,0.508);
#10508=CARTESIAN_POINT('',(-21.2344,4.572,-7.874));
#10509=CARTESIAN_POINT('',(-21.2344,4.572,-7.874));
#10510=VECTOR('',#12302,3.175);
#10511=CARTESIAN_POINT('',(-21.2344,4.064,-7.874));
#10512=VECTOR('',#12303,0.508);
#10513=CARTESIAN_POINT('',(-22.352,4.572,-7.874));
#10514=VECTOR('',#12304,1.1176);
#10515=CARTESIAN_POINT('',(-18.392,4.572,-7.874));
#10516=CARTESIAN_POINT('',(-18.392,4.064,-7.874));
#10517=VECTOR('',#12305,0.508);
#10518=CARTESIAN_POINT('',(-18.392,4.572,-4.699));
#10519=CARTESIAN_POINT('',(-18.392,4.572,-4.699));
#10520=VECTOR('',#12306,3.175);
#10521=CARTESIAN_POINT('',(-18.392,4.064,-4.699));
#10522=VECTOR('',#12307,0.508);
#10523=CARTESIAN_POINT('',(-17.2744,4.572,-4.699));
#10524=CARTESIAN_POINT('',(-17.2744,4.572,-4.699));
#10525=VECTOR('',#12308,1.1176);
#10526=CARTESIAN_POINT('',(-17.2744,4.064,-4.699));
#10527=VECTOR('',#12309,0.508);
#10528=CARTESIAN_POINT('',(-17.2744,4.572,-7.874));
#10529=CARTESIAN_POINT('',(-17.2744,4.572,-7.874));
#10530=VECTOR('',#12310,3.175);
#10531=CARTESIAN_POINT('',(-17.2744,4.064,-7.874));
#10532=VECTOR('',#12311,0.508);
#10533=CARTESIAN_POINT('',(-18.392,4.572,-7.874));
#10534=VECTOR('',#12312,1.1176);
#10535=CARTESIAN_POINT('',(-14.432,4.572,-7.874));
#10536=CARTESIAN_POINT('',(-14.432,4.064,-7.874));
#10537=VECTOR('',#12313,0.508);
#10538=CARTESIAN_POINT('',(-14.432,4.572,-4.699));
#10539=CARTESIAN_POINT('',(-14.432,4.572,-4.699));
#10540=VECTOR('',#12314,3.175);
#10541=CARTESIAN_POINT('',(-14.432,4.064,-4.699));
#10542=VECTOR('',#12315,0.508);
#10543=CARTESIAN_POINT('',(-13.3144,4.572,-4.699));
#10544=CARTESIAN_POINT('',(-13.3144,4.572,-4.699));
#10545=VECTOR('',#12316,1.1176);
#10546=CARTESIAN_POINT('',(-13.3144,4.064,-4.699));
#10547=VECTOR('',#12317,0.508);
#10548=CARTESIAN_POINT('',(-13.3144,4.572,-7.874));
#10549=CARTESIAN_POINT('',(-13.3144,4.572,-7.874));
#10550=VECTOR('',#12318,3.175);
#10551=CARTESIAN_POINT('',(-13.3144,4.064,-7.874));
#10552=VECTOR('',#12319,0.508);
#10553=CARTESIAN_POINT('',(-14.432,4.572,-7.874));
#10554=VECTOR('',#12320,1.1176);
#10555=CARTESIAN_POINT('',(-10.472,4.572,-7.874));
#10556=CARTESIAN_POINT('',(-10.472,4.064,-7.874));
#10557=VECTOR('',#12321,0.508);
#10558=CARTESIAN_POINT('',(-10.472,4.572,-4.699));
#10559=CARTESIAN_POINT('',(-10.472,4.572,-4.699));
#10560=VECTOR('',#12322,3.175);
#10561=CARTESIAN_POINT('',(-10.472,4.064,-4.699));
#10562=VECTOR('',#12323,0.508);
#10563=CARTESIAN_POINT('',(-9.3544,4.572,-4.699));
#10564=CARTESIAN_POINT('',(-9.3544,4.572,-4.699));
#10565=VECTOR('',#12324,1.1176);
#10566=CARTESIAN_POINT('',(-9.3544,4.064,-4.699));
#10567=VECTOR('',#12325,0.508);
#10568=CARTESIAN_POINT('',(-9.3544,4.572,-7.874));
#10569=CARTESIAN_POINT('',(-9.3544,4.572,-7.874));
#10570=VECTOR('',#12326,3.175);
#10571=CARTESIAN_POINT('',(-9.3544,4.064,-7.874));
#10572=VECTOR('',#12327,0.508);
#10573=CARTESIAN_POINT('',(-10.472,4.572,-7.874));
#10574=VECTOR('',#12328,1.1176);
#10575=CARTESIAN_POINT('',(-6.512,4.572,-7.874));
#10576=CARTESIAN_POINT('',(-6.512,4.064,-7.874));
#10577=VECTOR('',#12329,0.508);
#10578=CARTESIAN_POINT('',(-6.512,4.572,-4.699));
#10579=CARTESIAN_POINT('',(-6.512,4.572,-4.699));
#10580=VECTOR('',#12330,3.175);
#10581=CARTESIAN_POINT('',(-6.512,4.064,-4.699));
#10582=VECTOR('',#12331,0.508);
#10583=CARTESIAN_POINT('',(-5.3944,4.572,-4.699));
#10584=CARTESIAN_POINT('',(-5.3944,4.572,-4.699));
#10585=VECTOR('',#12332,1.1176);
#10586=CARTESIAN_POINT('',(-5.3944,4.064,-4.699));
#10587=VECTOR('',#12333,0.508);
#10588=CARTESIAN_POINT('',(-5.3944,4.572,-7.874));
#10589=CARTESIAN_POINT('',(-5.3944,4.572,-7.874));
#10590=VECTOR('',#12334,3.175);
#10591=CARTESIAN_POINT('',(-5.3944,4.064,-7.874));
#10592=VECTOR('',#12335,0.508);
#10593=CARTESIAN_POINT('',(-6.512,4.572,-7.874));
#10594=VECTOR('',#12336,1.1176);
#10595=CARTESIAN_POINT('',(-2.552,4.572,-7.874));
#10596=CARTESIAN_POINT('',(-2.552,4.064,-7.874));
#10597=VECTOR('',#12337,0.508);
#10598=CARTESIAN_POINT('',(-2.552,4.572,-4.699));
#10599=CARTESIAN_POINT('',(-2.552,4.572,-4.699));
#10600=VECTOR('',#12338,3.175);
#10601=CARTESIAN_POINT('',(-2.552,4.064,-4.699));
#10602=VECTOR('',#12339,0.508);
#10603=CARTESIAN_POINT('',(-1.4344,4.572,-4.699));
#10604=CARTESIAN_POINT('',(-1.4344,4.572,-4.699));
#10605=VECTOR('',#12340,1.1176);
#10606=CARTESIAN_POINT('',(-1.4344,4.064,-4.699));
#10607=VECTOR('',#12341,0.508);
#10608=CARTESIAN_POINT('',(-1.4344,4.572,-7.874));
#10609=CARTESIAN_POINT('',(-1.4344,4.572,-7.874));
#10610=VECTOR('',#12342,3.175);
#10611=CARTESIAN_POINT('',(-1.4344,4.064,-7.874));
#10612=VECTOR('',#12343,0.508);
#10613=CARTESIAN_POINT('',(-2.552,4.572,-7.874));
#10614=VECTOR('',#12344,1.1176);
#10615=CARTESIAN_POINT('',(1.408,4.572,-7.874));
#10616=CARTESIAN_POINT('',(1.408,4.064,-7.874));
#10617=VECTOR('',#12345,0.508);
#10618=CARTESIAN_POINT('',(1.408,4.572,-4.699));
#10619=CARTESIAN_POINT('',(1.408,4.572,-4.699));
#10620=VECTOR('',#12346,3.175);
#10621=CARTESIAN_POINT('',(1.408,4.064,-4.699));
#10622=VECTOR('',#12347,0.508);
#10623=CARTESIAN_POINT('',(2.5256,4.572,-4.699));
#10624=CARTESIAN_POINT('',(2.5256,4.572,-4.699));
#10625=VECTOR('',#12348,1.1176);
#10626=CARTESIAN_POINT('',(2.5256,4.064,-4.699));
#10627=VECTOR('',#12349,0.508);
#10628=CARTESIAN_POINT('',(2.5256,4.572,-7.874));
#10629=CARTESIAN_POINT('',(2.5256,4.572,-7.874));
#10630=VECTOR('',#12350,3.175);
#10631=CARTESIAN_POINT('',(2.5256,4.064,-7.874));
#10632=VECTOR('',#12351,0.508);
#10633=CARTESIAN_POINT('',(1.408,4.572,-7.874));
#10634=VECTOR('',#12352,1.1176);
#10635=CARTESIAN_POINT('',(5.368,4.572,-7.874));
#10636=CARTESIAN_POINT('',(5.368,4.064,-7.874));
#10637=VECTOR('',#12353,0.508);
#10638=CARTESIAN_POINT('',(5.368,4.572,-4.699));
#10639=CARTESIAN_POINT('',(5.368,4.572,-4.699));
#10640=VECTOR('',#12354,3.175);
#10641=CARTESIAN_POINT('',(5.368,4.064,-4.699));
#10642=VECTOR('',#12355,0.508);
#10643=CARTESIAN_POINT('',(6.4856,4.572,-4.699));
#10644=CARTESIAN_POINT('',(6.4856,4.572,-4.699));
#10645=VECTOR('',#12356,1.1176);
#10646=CARTESIAN_POINT('',(6.4856,4.064,-4.699));
#10647=VECTOR('',#12357,0.508);
#10648=CARTESIAN_POINT('',(6.4856,4.572,-7.874));
#10649=CARTESIAN_POINT('',(6.4856,4.572,-7.874));
#10650=VECTOR('',#12358,3.175);
#10651=CARTESIAN_POINT('',(6.4856,4.064,-7.874));
#10652=VECTOR('',#12359,0.508);
#10653=CARTESIAN_POINT('',(5.368,4.572,-7.874));
#10654=VECTOR('',#12360,1.1176);
#10655=CARTESIAN_POINT('',(9.328,4.572,-7.874));
#10656=CARTESIAN_POINT('',(9.328,4.064,-7.874));
#10657=VECTOR('',#12361,0.508);
#10658=CARTESIAN_POINT('',(9.328,4.572,-4.699));
#10659=CARTESIAN_POINT('',(9.328,4.572,-4.699));
#10660=VECTOR('',#12362,3.175);
#10661=CARTESIAN_POINT('',(9.328,4.064,-4.699));
#10662=VECTOR('',#12363,0.508);
#10663=CARTESIAN_POINT('',(10.4456,4.572,-4.699));
#10664=CARTESIAN_POINT('',(10.4456,4.572,-4.699));
#10665=VECTOR('',#12364,1.1176);
#10666=CARTESIAN_POINT('',(10.4456,4.064,-4.699));
#10667=VECTOR('',#12365,0.508);
#10668=CARTESIAN_POINT('',(10.4456,4.572,-7.874));
#10669=CARTESIAN_POINT('',(10.4456,4.572,-7.874));
#10670=VECTOR('',#12366,3.175);
#10671=CARTESIAN_POINT('',(10.4456,4.064,-7.874));
#10672=VECTOR('',#12367,0.508);
#10673=CARTESIAN_POINT('',(9.328,4.572,-7.874));
#10674=VECTOR('',#12368,1.1176);
#10675=CARTESIAN_POINT('',(13.288,4.572,-7.874));
#10676=CARTESIAN_POINT('',(13.288,4.064,-7.874));
#10677=VECTOR('',#12369,0.508);
#10678=CARTESIAN_POINT('',(13.288,4.572,-4.699));
#10679=CARTESIAN_POINT('',(13.288,4.572,-4.699));
#10680=VECTOR('',#12370,3.175);
#10681=CARTESIAN_POINT('',(13.288,4.064,-4.699));
#10682=VECTOR('',#12371,0.508);
#10683=CARTESIAN_POINT('',(14.4056,4.572,-4.699));
#10684=CARTESIAN_POINT('',(14.4056,4.572,-4.699));
#10685=VECTOR('',#12372,1.1176);
#10686=CARTESIAN_POINT('',(14.4056,4.064,-4.699));
#10687=VECTOR('',#12373,0.508);
#10688=CARTESIAN_POINT('',(14.4056,4.572,-7.874));
#10689=CARTESIAN_POINT('',(14.4056,4.572,-7.874));
#10690=VECTOR('',#12374,3.175);
#10691=CARTESIAN_POINT('',(14.4056,4.064,-7.874));
#10692=VECTOR('',#12375,0.508);
#10693=CARTESIAN_POINT('',(13.288,4.572,-7.874));
#10694=VECTOR('',#12376,1.1176);
#10695=CARTESIAN_POINT('',(17.248,4.572,-7.874));
#10696=CARTESIAN_POINT('',(17.248,4.064,-7.874));
#10697=VECTOR('',#12377,0.508);
#10698=CARTESIAN_POINT('',(17.248,4.572,-4.699));
#10699=CARTESIAN_POINT('',(17.248,4.572,-4.699));
#10700=VECTOR('',#12378,3.175);
#10701=CARTESIAN_POINT('',(17.248,4.064,-4.699));
#10702=VECTOR('',#12379,0.508);
#10703=CARTESIAN_POINT('',(18.3656,4.572,-4.699));
#10704=CARTESIAN_POINT('',(18.3656,4.572,-4.699));
#10705=VECTOR('',#12380,1.1176);
#10706=CARTESIAN_POINT('',(18.3656,4.064,-4.699));
#10707=VECTOR('',#12381,0.508);
#10708=CARTESIAN_POINT('',(18.3656,4.572,-7.874));
#10709=CARTESIAN_POINT('',(18.3656,4.572,-7.874));
#10710=VECTOR('',#12382,3.175);
#10711=CARTESIAN_POINT('',(18.3656,4.064,-7.874));
#10712=VECTOR('',#12383,0.508);
#10713=CARTESIAN_POINT('',(17.248,4.572,-7.874));
#10714=VECTOR('',#12384,1.1176);
#10715=CARTESIAN_POINT('',(21.208,4.572,-7.874));
#10716=CARTESIAN_POINT('',(21.208,4.064,-7.874));
#10717=VECTOR('',#12385,0.508);
#10718=CARTESIAN_POINT('',(21.208,4.572,-4.699));
#10719=CARTESIAN_POINT('',(21.208,4.572,-4.699));
#10720=VECTOR('',#12386,3.175);
#10721=CARTESIAN_POINT('',(21.208,4.064,-4.699));
#10722=VECTOR('',#12387,0.508);
#10723=CARTESIAN_POINT('',(22.3256,4.572,-4.699));
#10724=CARTESIAN_POINT('',(22.3256,4.572,-4.699));
#10725=VECTOR('',#12388,1.1176);
#10726=CARTESIAN_POINT('',(22.3256,4.064,-4.699));
#10727=VECTOR('',#12389,0.508);
#10728=CARTESIAN_POINT('',(22.3256,4.572,-7.874));
#10729=CARTESIAN_POINT('',(22.3256,4.572,-7.874));
#10730=VECTOR('',#12390,3.175);
#10731=CARTESIAN_POINT('',(22.3256,4.064,-7.874));
#10732=VECTOR('',#12391,0.508);
#10733=CARTESIAN_POINT('',(21.208,4.572,-7.874));
#10734=VECTOR('',#12392,1.1176);
#10735=CARTESIAN_POINT('',(22.5836,2.284,-1.91));
#10736=CARTESIAN_POINT('',(22.5836,2.284,-1.91));
#10737=VECTOR('',#12393,1.14);
#10738=CARTESIAN_POINT('',(22.5836,2.794,-1.91));
#10739=CARTESIAN_POINT('',(22.5836,2.284,-1.91));
#10740=VECTOR('',#12394,0.51);
#10741=CARTESIAN_POINT('',(21.208,4.1696,-1.91));
#10742=CARTESIAN_POINT('',(22.5836,2.794,-1.91));
#10743=VECTOR('',#12395,1.9453921764);
#10744=CARTESIAN_POINT('',(21.208,4.327576125472,-1.91));
#10745=CARTESIAN_POINT('',(21.208,4.1696,-1.91));
#10746=VECTOR('',#12396,0.1579761254722);
#10747=CARTESIAN_POINT('',(22.3256,4.327576125472,-1.91));
#10748=CARTESIAN_POINT('',(21.208,4.327576125472,-1.91));
#10749=VECTOR('',#12397,1.1176);
#10750=CARTESIAN_POINT('',(22.3256,4.064,-1.91));
#10751=VECTOR('',#12398,0.2635761254722);
#10752=CARTESIAN_POINT('',(-22.5836,2.284,-1.91));
#10753=CARTESIAN_POINT('',(-23.7236,2.284,-1.91));
#10754=VECTOR('',#12399,1.14);
#10755=CARTESIAN_POINT('',(-22.352,4.327576125472,-1.91));
#10756=CARTESIAN_POINT('',(-22.352,4.064,-1.91));
#10757=VECTOR('',#12400,0.2635761254722);
#10758=CARTESIAN_POINT('',(-21.2344,4.327576125472,-1.91));
#10759=CARTESIAN_POINT('',(-22.352,4.327576125472,-1.91));
#10760=VECTOR('',#12401,1.1176);
#10761=CARTESIAN_POINT('',(-21.2344,4.1432,-1.91));
#10762=CARTESIAN_POINT('',(-21.2344,4.1432,-1.91));
#10763=VECTOR('',#12402,0.1843761254722);
#10764=CARTESIAN_POINT('',(-22.5836,2.794,-1.91));
#10765=CARTESIAN_POINT('',(-21.2344,4.1432,-1.91));
#10766=VECTOR('',#12403,1.908056938354);
#10767=CARTESIAN_POINT('',(-22.5836,2.284,-1.91));
#10768=VECTOR('',#12404,0.51);
#10769=CARTESIAN_POINT('',(22.3256,4.064,-2.062175746993));
#10770=VECTOR('',#12405,0.3043514939866);
#10771=CARTESIAN_POINT('',(22.3256,6.096,-0.889));
#10772=CARTESIAN_POINT('',(22.3256,6.096,-0.889));
#10773=VECTOR('',#12406,0.889);
#10774=CARTESIAN_POINT('',(22.3256,4.847191367743,-1.61));
#10775=CARTESIAN_POINT('',(22.3256,4.847191367743,-1.61));
#10776=VECTOR('',#12407,1.442);
#10777=CARTESIAN_POINT('',(22.3256,4.064,-1.61));
#10778=VECTOR('',#12408,0.7831913677428);
#10779=CARTESIAN_POINT('',(21.208,4.064,-2.062175746993));
#10780=VECTOR('',#12409,0.3043514939866);
#10781=CARTESIAN_POINT('',(21.208,6.096,-0.889));
#10782=CARTESIAN_POINT('',(22.3256,6.096,-0.889));
#10783=VECTOR('',#12410,1.1176);
#10784=CARTESIAN_POINT('',(21.208,4.847191367743,-1.61));
#10785=CARTESIAN_POINT('',(21.208,4.847191367743,-1.61));
#10786=VECTOR('',#12411,1.442);
#10787=CARTESIAN_POINT('',(21.208,4.847191367743,-1.61));
#10788=VECTOR('',#12412,1.1176);
#10789=CARTESIAN_POINT('',(21.208,4.1696,-1.61));
#10790=CARTESIAN_POINT('',(21.208,4.1696,-1.61));
#10791=VECTOR('',#12413,0.3);
#10792=CARTESIAN_POINT('',(21.208,4.1696,-1.61));
#10793=VECTOR('',#12414,0.6775913677429);
#10794=CARTESIAN_POINT('',(21.208,6.096,-0.889));
#10795=VECTOR('',#12415,0.889);
#10796=CARTESIAN_POINT('',(-22.5836,2.794,-1.61));
#10797=CARTESIAN_POINT('',(-22.5836,4.064,-1.61));
#10798=VECTOR('',#12416,1.27);
#10799=CARTESIAN_POINT('',(-21.2344,4.1432,-1.61));
#10800=CARTESIAN_POINT('',(-21.2344,4.1432,-1.61));
#10801=VECTOR('',#12417,1.908056938354);
#10802=CARTESIAN_POINT('',(-21.2344,4.847191367743,-1.61));
#10803=CARTESIAN_POINT('',(-21.2344,4.1432,-1.61));
#10804=VECTOR('',#12418,0.7039913677428);
#10805=CARTESIAN_POINT('',(-22.352,4.847191367743,-1.61));
#10806=CARTESIAN_POINT('',(-22.352,4.847191367743,-1.61));
#10807=VECTOR('',#12419,1.1176);
#10808=CARTESIAN_POINT('',(-22.352,4.064,-1.61));
#10809=VECTOR('',#12420,0.7831913677428);
#10810=CARTESIAN_POINT('',(22.5836,2.794,-1.61));
#10811=CARTESIAN_POINT('',(22.5836,2.794,-1.61));
#10812=VECTOR('',#12421,1.9453921764);
#10813=CARTESIAN_POINT('',(22.5836,4.064,-1.61));
#10814=VECTOR('',#12422,1.27);
#10815=CARTESIAN_POINT('',(-22.352,4.064,-2.062175746993));
#10816=VECTOR('',#12423,0.3043514939866);
#10817=CARTESIAN_POINT('',(-22.352,6.096,-0.889));
#10818=CARTESIAN_POINT('',(-22.352,4.847191367743,-1.61));
#10819=VECTOR('',#12424,1.442);
#10820=CARTESIAN_POINT('',(-22.352,6.096,-0.889));
#10821=VECTOR('',#12425,0.889);
#10822=CARTESIAN_POINT('',(-21.2344,4.064,-2.062175746993));
#10823=VECTOR('',#12426,0.3043514939866);
#10824=CARTESIAN_POINT('',(-21.2344,6.096,-0.889));
#10825=CARTESIAN_POINT('',(-21.2344,4.847191367743,-1.61));
#10826=VECTOR('',#12427,1.442);
#10827=CARTESIAN_POINT('',(-21.2344,6.096,-0.889));
#10828=VECTOR('',#12428,1.1176);
#10829=CARTESIAN_POINT('',(-21.2344,6.096,-0.889));
#10830=VECTOR('',#12429,0.889);
#10831=CARTESIAN_POINT('',(-21.2344,4.1432,-1.61));
#10832=VECTOR('',#12430,0.3);
#10833=CARTESIAN_POINT('',(-22.5836,2.794,-1.61));
#10834=VECTOR('',#12431,0.3);
#10835=CARTESIAN_POINT('',(-22.5836,0.0,-4.96116109047));
#10836=CARTESIAN_POINT('',(-22.5836,0.0,0.0));
#10837=VECTOR('',#12432,4.96116109047);
#10838=AXIS2_PLACEMENT_3D('',#12433,#12434,#12435);
#10839=CARTESIAN_POINT('',(22.5836,0.0,-4.96116109047));
#10840=CARTESIAN_POINT('',(22.5836,0.0,-4.96116109047));
#10841=VECTOR('',#12436,1.14);
#10842=AXIS2_PLACEMENT_3D('',#12437,#12438,#12439);
#10843=CARTESIAN_POINT('',(-23.7236,0.0,-4.96116109047));
#10844=VECTOR('',#12440,1.14);
#10845=CARTESIAN_POINT('',(22.5836,2.794,-1.61));
#10846=VECTOR('',#12441,0.3);
#10847=CARTESIAN_POINT('',(22.5836,0.0,0.0));
#10848=VECTOR('',#12442,4.96116109047);
#10849=CARTESIAN_POINT('',(-18.392,6.096,-0.889));
#10850=CARTESIAN_POINT('',(-18.392,4.064,-2.062175746993));
#10851=VECTOR('',#12443,2.346351493987);
#10852=CARTESIAN_POINT('',(-18.392,6.096,-0.889));
#10853=VECTOR('',#12444,0.889);
#10854=CARTESIAN_POINT('',(-17.2744,6.096,-0.889));
#10855=CARTESIAN_POINT('',(-17.2744,6.096,-0.889));
#10856=VECTOR('',#12445,1.1176);
#10857=CARTESIAN_POINT('',(-17.2744,6.096,-0.889));
#10858=VECTOR('',#12446,0.889);
#10859=CARTESIAN_POINT('',(-17.2744,4.064,-2.062175746993));
#10860=VECTOR('',#12447,2.346351493987);
#10861=CARTESIAN_POINT('',(-14.432,6.096,-0.889));
#10862=CARTESIAN_POINT('',(-14.432,4.064,-2.062175746993));
#10863=VECTOR('',#12448,2.346351493987);
#10864=CARTESIAN_POINT('',(-14.432,6.096,-0.889));
#10865=VECTOR('',#12449,0.889);
#10866=CARTESIAN_POINT('',(-13.3144,6.096,-0.889));
#10867=CARTESIAN_POINT('',(-13.3144,6.096,-0.889));
#10868=VECTOR('',#12450,1.1176);
#10869=CARTESIAN_POINT('',(-13.3144,6.096,-0.889));
#10870=VECTOR('',#12451,0.889);
#10871=CARTESIAN_POINT('',(-13.3144,4.064,-2.062175746993));
#10872=VECTOR('',#12452,2.346351493987);
#10873=CARTESIAN_POINT('',(-10.472,6.096,-0.889));
#10874=CARTESIAN_POINT('',(-10.472,4.064,-2.062175746993));
#10875=VECTOR('',#12453,2.346351493987);
#10876=CARTESIAN_POINT('',(-10.472,6.096,-0.889));
#10877=VECTOR('',#12454,0.889);
#10878=CARTESIAN_POINT('',(-9.3544,6.096,-0.889));
#10879=CARTESIAN_POINT('',(-9.3544,6.096,-0.889));
#10880=VECTOR('',#12455,1.1176);
#10881=CARTESIAN_POINT('',(-9.3544,6.096,-0.889));
#10882=VECTOR('',#12456,0.889);
#10883=CARTESIAN_POINT('',(-9.3544,4.064,-2.062175746993));
#10884=VECTOR('',#12457,2.346351493987);
#10885=CARTESIAN_POINT('',(-8.4948,2.284,-1.91));
#10886=CARTESIAN_POINT('',(-8.4948,2.284,-1.91));
#10887=VECTOR('',#12458,1.78);
#10888=CARTESIAN_POINT('',(-8.4948,0.0,-4.96116109047));
#10889=AXIS2_PLACEMENT_3D('',#12459,#12460,#12461);
#10890=CARTESIAN_POINT('',(-8.4948,0.0,0.0));
#10891=VECTOR('',#12462,4.96116109047);
#10892=CARTESIAN_POINT('',(-7.3548,0.0,-4.96116109047));
#10893=CARTESIAN_POINT('',(-8.4948,0.0,-4.96116109047));
#10894=VECTOR('',#12463,1.14);
#10895=CARTESIAN_POINT('',(-7.3548,0.0,0.0));
#10896=VECTOR('',#12464,4.96116109047);
#10897=CARTESIAN_POINT('',(-7.3548,2.284,-1.91));
#10898=AXIS2_PLACEMENT_3D('',#12465,#12466,#12467);
#10899=CARTESIAN_POINT('',(-7.3548,2.284,-1.91));
#10900=VECTOR('',#12468,1.78);
#10901=CARTESIAN_POINT('',(-8.4948,2.284,-1.91));
#10902=VECTOR('',#12469,1.14);
#10903=CARTESIAN_POINT('',(-6.512,6.096,-0.889));
#10904=CARTESIAN_POINT('',(-6.512,4.064,-2.062175746993));
#10905=VECTOR('',#12470,2.346351493987);
#10906=CARTESIAN_POINT('',(-6.512,6.096,-0.889));
#10907=VECTOR('',#12471,0.889);
#10908=CARTESIAN_POINT('',(-5.3944,6.096,-0.889));
#10909=CARTESIAN_POINT('',(-5.3944,6.096,-0.889));
#10910=VECTOR('',#12472,1.1176);
#10911=CARTESIAN_POINT('',(-5.3944,6.096,-0.889));
#10912=VECTOR('',#12473,0.889);
#10913=CARTESIAN_POINT('',(-5.3944,4.064,-2.062175746993));
#10914=VECTOR('',#12474,2.346351493987);
#10915=CARTESIAN_POINT('',(-2.552,6.096,-0.889));
#10916=CARTESIAN_POINT('',(-2.552,4.064,-2.062175746993));
#10917=VECTOR('',#12475,2.346351493986);
#10918=CARTESIAN_POINT('',(-2.552,6.096,-0.889));
#10919=VECTOR('',#12476,0.889);
#10920=CARTESIAN_POINT('',(-1.4344,6.096,-0.889));
#10921=CARTESIAN_POINT('',(-1.4344,6.096,-0.889));
#10922=VECTOR('',#12477,1.1176);
#10923=CARTESIAN_POINT('',(-1.4344,6.096,-0.889));
#10924=VECTOR('',#12478,0.889);
#10925=CARTESIAN_POINT('',(-1.4344,4.064,-2.062175746993));
#10926=VECTOR('',#12479,2.346351493986);
#10927=CARTESIAN_POINT('',(1.408,6.096,-0.889));
#10928=CARTESIAN_POINT('',(1.408,4.064,-2.062175746993));
#10929=VECTOR('',#12480,2.346351493987);
#10930=CARTESIAN_POINT('',(1.408,6.096,-0.889));
#10931=VECTOR('',#12481,0.889);
#10932=CARTESIAN_POINT('',(2.5256,6.096,-0.889));
#10933=CARTESIAN_POINT('',(2.5256,6.096,-0.889));
#10934=VECTOR('',#12482,1.1176);
#10935=CARTESIAN_POINT('',(2.5256,6.096,-0.889));
#10936=VECTOR('',#12483,0.889);
#10937=CARTESIAN_POINT('',(2.5256,4.064,-2.062175746993));
#10938=VECTOR('',#12484,2.346351493987);
#10939=CARTESIAN_POINT('',(5.368,6.096,-0.889));
#10940=CARTESIAN_POINT('',(5.368,4.064,-2.062175746993));
#10941=VECTOR('',#12485,2.346351493987);
#10942=CARTESIAN_POINT('',(5.368,6.096,-0.889));
#10943=VECTOR('',#12486,0.889);
#10944=CARTESIAN_POINT('',(6.4856,6.096,-0.889));
#10945=CARTESIAN_POINT('',(6.4856,6.096,-0.889));
#10946=VECTOR('',#12487,1.1176);
#10947=CARTESIAN_POINT('',(6.4856,6.096,-0.889));
#10948=VECTOR('',#12488,0.889);
#10949=CARTESIAN_POINT('',(6.4856,4.064,-2.062175746993));
#10950=VECTOR('',#12489,2.346351493987);
#10951=CARTESIAN_POINT('',(7.3533,2.284,-1.91));
#10952=CARTESIAN_POINT('',(7.3533,2.284,-1.91));
#10953=VECTOR('',#12490,1.78);
#10954=CARTESIAN_POINT('',(7.3533,0.0,-4.96116109047));
#10955=AXIS2_PLACEMENT_3D('',#12491,#12492,#12493);
#10956=CARTESIAN_POINT('',(7.3533,0.0,0.0));
#10957=VECTOR('',#12494,4.96116109047);
#10958=CARTESIAN_POINT('',(8.4963,0.0,-4.96116109047));
#10959=CARTESIAN_POINT('',(7.3533,0.0,-4.96116109047));
#10960=VECTOR('',#12495,1.143);
#10961=CARTESIAN_POINT('',(8.4963,0.0,0.0));
#10962=VECTOR('',#12496,4.96116109047);
#10963=CARTESIAN_POINT('',(8.4963,2.284,-1.91));
#10964=AXIS2_PLACEMENT_3D('',#12497,#12498,#12499);
#10965=CARTESIAN_POINT('',(8.4963,2.284,-1.91));
#10966=VECTOR('',#12500,1.78);
#10967=CARTESIAN_POINT('',(7.3533,2.284,-1.91));
#10968=VECTOR('',#12501,1.143);
#10969=CARTESIAN_POINT('',(9.328,6.096,-0.889));
#10970=CARTESIAN_POINT('',(9.328,4.064,-2.062175746993));
#10971=VECTOR('',#12502,2.346351493987);
#10972=CARTESIAN_POINT('',(9.328,6.096,-0.889));
#10973=VECTOR('',#12503,0.889);
#10974=CARTESIAN_POINT('',(10.4456,6.096,-0.889));
#10975=CARTESIAN_POINT('',(10.4456,6.096,-0.889));
#10976=VECTOR('',#12504,1.1176);
#10977=CARTESIAN_POINT('',(10.4456,6.096,-0.889));
#10978=VECTOR('',#12505,0.889);
#10979=CARTESIAN_POINT('',(10.4456,4.064,-2.062175746993));
#10980=VECTOR('',#12506,2.346351493987);
#10981=CARTESIAN_POINT('',(13.288,6.096,-0.889));
#10982=CARTESIAN_POINT('',(13.288,4.064,-2.062175746993));
#10983=VECTOR('',#12507,2.346351493986);
#10984=CARTESIAN_POINT('',(13.288,6.096,-0.889));
#10985=VECTOR('',#12508,0.889);
#10986=CARTESIAN_POINT('',(14.4056,6.096,-0.889));
#10987=CARTESIAN_POINT('',(14.4056,6.096,-0.889));
#10988=VECTOR('',#12509,1.1176);
#10989=CARTESIAN_POINT('',(14.4056,6.096,-0.889));
#10990=VECTOR('',#12510,0.889);
#10991=CARTESIAN_POINT('',(14.4056,4.064,-2.062175746993));
#10992=VECTOR('',#12511,2.346351493986);
#10993=CARTESIAN_POINT('',(17.248,6.096,-0.889));
#10994=CARTESIAN_POINT('',(17.248,4.064,-2.062175746993));
#10995=VECTOR('',#12512,2.346351493987);
#10996=CARTESIAN_POINT('',(17.248,6.096,-0.889));
#10997=VECTOR('',#12513,0.889);
#10998=CARTESIAN_POINT('',(18.3656,6.096,-0.889));
#10999=CARTESIAN_POINT('',(18.3656,6.096,-0.889));
#11000=VECTOR('',#12514,1.1176);
#11001=CARTESIAN_POINT('',(18.3656,6.096,-0.889));
#11002=VECTOR('',#12515,0.889);
#11003=CARTESIAN_POINT('',(18.3656,4.064,-2.062175746993));
#11004=VECTOR('',#12516,2.346351493987);
#11005=CARTESIAN_POINT('',(-23.0736,9.274,-11.4));
#11006=CARTESIAN_POINT('',(-23.7236,9.274,-11.4));
#11007=VECTOR('',#12517,0.65);
#11008=CARTESIAN_POINT('',(-23.0736,9.274,-11.4));
#11009=VECTOR('',#12518,5.210000225634);
#11010=CARTESIAN_POINT('',(-20.7899,5.207,-11.4));
#11011=CARTESIAN_POINT('',(-20.7899,4.064,-11.4));
#11012=VECTOR('',#12519,1.143);
#11013=CARTESIAN_POINT('',(-19.1159,5.207,-11.4));
#11014=CARTESIAN_POINT('',(-20.7899,5.207,-11.4));
#11015=VECTOR('',#12520,1.674);
#11016=CARTESIAN_POINT('',(-19.1159,4.064,-11.4));
#11017=VECTOR('',#12521,1.143);
#11018=CARTESIAN_POINT('',(-16.8299,5.207,-11.4));
#11019=CARTESIAN_POINT('',(-16.8299,4.064,-11.4));
#11020=VECTOR('',#12522,1.143);
#11021=CARTESIAN_POINT('',(-15.1559,5.207,-11.4));
#11022=CARTESIAN_POINT('',(-16.8299,5.207,-11.4));
#11023=VECTOR('',#12523,1.674);
#11024=CARTESIAN_POINT('',(-15.1559,4.064,-11.4));
#11025=VECTOR('',#12524,1.143);
#11026=CARTESIAN_POINT('',(-12.8699,5.207,-11.4));
#11027=CARTESIAN_POINT('',(-12.8699,4.064,-11.4));
#11028=VECTOR('',#12525,1.143);
#11029=CARTESIAN_POINT('',(-11.1959,5.207,-11.4));
#11030=CARTESIAN_POINT('',(-12.8699,5.207,-11.4));
#11031=VECTOR('',#12526,1.674);
#11032=CARTESIAN_POINT('',(-11.1959,4.064,-11.4));
#11033=VECTOR('',#12527,1.143);
#11034=CARTESIAN_POINT('',(-8.9099,5.207,-11.4));
#11035=CARTESIAN_POINT('',(-8.9099,4.064,-11.4));
#11036=VECTOR('',#12528,1.143);
#11037=CARTESIAN_POINT('',(-7.2359,5.207,-11.4));
#11038=CARTESIAN_POINT('',(-8.9099,5.207,-11.4));
#11039=VECTOR('',#12529,1.674);
#11040=CARTESIAN_POINT('',(-7.2359,4.064,-11.4));
#11041=VECTOR('',#12530,1.143);
#11042=CARTESIAN_POINT('',(-4.9499,5.207,-11.4));
#11043=CARTESIAN_POINT('',(-4.9499,4.064,-11.4));
#11044=VECTOR('',#12531,1.143);
#11045=CARTESIAN_POINT('',(-3.2759,5.207,-11.4));
#11046=CARTESIAN_POINT('',(-4.9499,5.207,-11.4));
#11047=VECTOR('',#12532,1.674);
#11048=CARTESIAN_POINT('',(-3.2759,4.064,-11.4));
#11049=VECTOR('',#12533,1.143);
#11050=CARTESIAN_POINT('',(-0.9899,5.207,-11.4));
#11051=CARTESIAN_POINT('',(-0.9899,4.064,-11.4));
#11052=VECTOR('',#12534,1.143);
#11053=CARTESIAN_POINT('',(0.6841,5.207,-11.4));
#11054=CARTESIAN_POINT('',(-0.9899,5.207,-11.4));
#11055=VECTOR('',#12535,1.674);
#11056=CARTESIAN_POINT('',(0.6841,4.064,-11.4));
#11057=VECTOR('',#12536,1.143);
#11058=CARTESIAN_POINT('',(2.9701,5.207,-11.4));
#11059=CARTESIAN_POINT('',(2.9701,4.064,-11.4));
#11060=VECTOR('',#12537,1.143);
#11061=CARTESIAN_POINT('',(4.6441,5.207,-11.4));
#11062=CARTESIAN_POINT('',(2.9701,5.207,-11.4));
#11063=VECTOR('',#12538,1.674);
#11064=CARTESIAN_POINT('',(4.6441,4.064,-11.4));
#11065=VECTOR('',#12539,1.143);
#11066=CARTESIAN_POINT('',(6.9301,5.207,-11.4));
#11067=CARTESIAN_POINT('',(6.9301,4.064,-11.4));
#11068=VECTOR('',#12540,1.143);
#11069=CARTESIAN_POINT('',(8.6041,5.207,-11.4));
#11070=CARTESIAN_POINT('',(6.9301,5.207,-11.4));
#11071=VECTOR('',#12541,1.674);
#11072=CARTESIAN_POINT('',(8.6041,4.064,-11.4));
#11073=VECTOR('',#12542,1.143);
#11074=CARTESIAN_POINT('',(10.8901,5.207,-11.4));
#11075=CARTESIAN_POINT('',(10.8901,4.064,-11.4));
#11076=VECTOR('',#12543,1.143);
#11077=CARTESIAN_POINT('',(12.5641,5.207,-11.4));
#11078=CARTESIAN_POINT('',(10.8901,5.207,-11.4));
#11079=VECTOR('',#12544,1.674);
#11080=CARTESIAN_POINT('',(12.5641,4.064,-11.4));
#11081=VECTOR('',#12545,1.143);
#11082=CARTESIAN_POINT('',(14.8501,5.207,-11.4));
#11083=CARTESIAN_POINT('',(14.8501,4.064,-11.4));
#11084=VECTOR('',#12546,1.143);
#11085=CARTESIAN_POINT('',(16.5241,5.207,-11.4));
#11086=CARTESIAN_POINT('',(14.8501,5.207,-11.4));
#11087=VECTOR('',#12547,1.674);
#11088=CARTESIAN_POINT('',(16.5241,4.064,-11.4));
#11089=VECTOR('',#12548,1.143);
#11090=CARTESIAN_POINT('',(22.7701,5.207,-11.4));
#11091=CARTESIAN_POINT('',(23.0736,5.207,-11.4));
#11092=CARTESIAN_POINT('',(22.7701,5.207,-11.4));
#11093=VECTOR('',#12549,0.3035);
#11094=CARTESIAN_POINT('',(23.0736,9.274,-11.4));
#11095=CARTESIAN_POINT('',(23.0736,9.274,-11.4));
#11096=VECTOR('',#12550,4.067);
#11097=CARTESIAN_POINT('',(23.0736,9.274,-11.4));
#11098=VECTOR('',#12551,0.65);
#11099=CARTESIAN_POINT('',(22.7701,4.064,-11.4));
#11100=VECTOR('',#12552,1.143);
#11101=CARTESIAN_POINT('',(18.8101,5.207,-11.4));
#11102=CARTESIAN_POINT('',(18.8101,4.064,-11.4));
#11103=VECTOR('',#12553,1.143);
#11104=CARTESIAN_POINT('',(20.4841,5.207,-11.4));
#11105=CARTESIAN_POINT('',(18.8101,5.207,-11.4));
#11106=VECTOR('',#12554,1.674);
#11107=CARTESIAN_POINT('',(20.4841,4.064,-11.4));
#11108=VECTOR('',#12555,1.143);
#11109=CARTESIAN_POINT('',(-23.0736,9.274,-11.4));
#11110=VECTOR('',#12556,1.98);
#11111=CARTESIAN_POINT('',(23.0736,9.274,-11.4));
#11112=VECTOR('',#12557,1.98);
#11113=CARTESIAN_POINT('',(23.0736,5.207,-9.42));
#11114=VECTOR('',#12558,1.98);
#11115=CARTESIAN_POINT('',(-20.7899,5.207,-11.4));
#11116=VECTOR('',#12559,1.98);
#11117=CARTESIAN_POINT('',(-19.1159,5.207,-9.42));
#11118=VECTOR('',#12560,1.98);
#11119=CARTESIAN_POINT('',(-16.8299,5.207,-11.4));
#11120=VECTOR('',#12561,1.98);
#11121=CARTESIAN_POINT('',(-15.1559,5.207,-9.42));
#11122=VECTOR('',#12562,1.98);
#11123=CARTESIAN_POINT('',(-12.8699,5.207,-11.4));
#11124=VECTOR('',#12563,1.98);
#11125=CARTESIAN_POINT('',(-11.1959,5.207,-9.42));
#11126=VECTOR('',#12564,1.98);
#11127=CARTESIAN_POINT('',(-8.9099,5.207,-11.4));
#11128=VECTOR('',#12565,1.98);
#11129=CARTESIAN_POINT('',(-7.2359,5.207,-9.42));
#11130=VECTOR('',#12566,1.98);
#11131=CARTESIAN_POINT('',(-4.9499,5.207,-11.4));
#11132=VECTOR('',#12567,1.98);
#11133=CARTESIAN_POINT('',(-3.2759,5.207,-9.42));
#11134=VECTOR('',#12568,1.98);
#11135=CARTESIAN_POINT('',(-0.9899,5.207,-11.4));
#11136=VECTOR('',#12569,1.98);
#11137=CARTESIAN_POINT('',(0.6841,5.207,-9.42));
#11138=VECTOR('',#12570,1.98);
#11139=CARTESIAN_POINT('',(2.9701,5.207,-11.4));
#11140=VECTOR('',#12571,1.98);
#11141=CARTESIAN_POINT('',(4.6441,5.207,-9.42));
#11142=VECTOR('',#12572,1.98);
#11143=CARTESIAN_POINT('',(6.9301,5.207,-11.4));
#11144=VECTOR('',#12573,1.98);
#11145=CARTESIAN_POINT('',(8.6041,5.207,-9.42));
#11146=VECTOR('',#12574,1.98);
#11147=CARTESIAN_POINT('',(10.8901,5.207,-11.4));
#11148=VECTOR('',#12575,1.98);
#11149=CARTESIAN_POINT('',(12.5641,5.207,-9.42));
#11150=VECTOR('',#12576,1.98);
#11151=CARTESIAN_POINT('',(14.8501,5.207,-11.4));
#11152=VECTOR('',#12577,1.98);
#11153=CARTESIAN_POINT('',(16.5241,5.207,-9.42));
#11154=VECTOR('',#12578,1.98);
#11155=CARTESIAN_POINT('',(22.7701,5.207,-9.42));
#11156=VECTOR('',#12579,1.98);
#11157=CARTESIAN_POINT('',(18.8101,5.207,-9.42));
#11158=VECTOR('',#12580,1.98);
#11159=CARTESIAN_POINT('',(20.4841,5.207,-9.42));
#11160=VECTOR('',#12581,1.98);
#11161=CARTESIAN_POINT('',(17.6798,0.3810000000003,-9.42));
#11162=CARTESIAN_POINT('',(17.9338,0.3810000000003,-9.42));
#11163=CARTESIAN_POINT('',(17.6798,0.3810000000003,-9.42));
#11164=VECTOR('',#12582,0.254);
#11165=CARTESIAN_POINT('',(18.4418,1.143,-9.42));
#11166=CARTESIAN_POINT('',(18.4418,1.143,-9.42));
#11167=VECTOR('',#12583,0.9158100239678);
#11168=CARTESIAN_POINT('',(18.4418,4.064,-9.42));
#11169=VECTOR('',#12584,2.921);
#11170=CARTESIAN_POINT('',(17.1718,1.143,-9.42));
#11171=CARTESIAN_POINT('',(17.1718,4.064,-9.42));
#11172=VECTOR('',#12585,2.921);
#11173=CARTESIAN_POINT('',(17.6798,0.3810000000003,-9.42));
#11174=VECTOR('',#12586,0.9158100239679);
#11175=CARTESIAN_POINT('',(17.6798,0.3810000000003,-9.928));
#11176=CARTESIAN_POINT('',(17.1718,1.143,-9.928));
#11177=CARTESIAN_POINT('',(17.6798,0.3810000000003,-9.928));
#11178=VECTOR('',#12587,0.9158100239679);
#11179=CARTESIAN_POINT('',(17.6798,0.3810000000003,-9.42));
#11180=VECTOR('',#12588,0.508);
#11181=CARTESIAN_POINT('',(17.1718,1.143,-9.928));
#11182=VECTOR('',#12589,0.508);
#11183=CARTESIAN_POINT('',(17.1718,5.1562,-9.928));
#11184=AXIS2_PLACEMENT_3D('',#12590,#12591,#12592);
#11185=CARTESIAN_POINT('',(17.1718,1.143,-9.928));
#11186=VECTOR('',#12593,4.0132);
#11187=CARTESIAN_POINT('',(18.4418,5.1562,-9.928));
#11188=CARTESIAN_POINT('',(17.1718,5.1562,-9.928));
#11189=VECTOR('',#12594,1.27);
#11190=CARTESIAN_POINT('',(18.4418,1.143,-9.928));
#11191=CARTESIAN_POINT('',(18.4418,1.143,-9.928));
#11192=VECTOR('',#12595,4.0132);
#11193=CARTESIAN_POINT('',(17.9338,0.3810000000003,-9.928));
#11194=CARTESIAN_POINT('',(18.4418,1.143,-9.928));
#11195=VECTOR('',#12596,0.9158100239678);
#11196=CARTESIAN_POINT('',(17.6798,0.3810000000003,-9.928));
#11197=VECTOR('',#12597,0.254);
#11198=CARTESIAN_POINT('',(17.9338,0.3810000000003,-9.42));
#11199=VECTOR('',#12598,0.508);
#11200=CARTESIAN_POINT('',(18.4418,1.143,-9.928));
#11201=VECTOR('',#12599,0.508);
#11202=AXIS2_PLACEMENT_3D('',#12600,#12601,#12602);
#11203=CARTESIAN_POINT('',(13.7198,0.3809999999998,-9.42));
#11204=CARTESIAN_POINT('',(13.9738,0.3809999999998,-9.42));
#11205=CARTESIAN_POINT('',(13.7198,0.3809999999998,-9.42));
#11206=VECTOR('',#12603,0.254);
#11207=CARTESIAN_POINT('',(14.4818,1.143,-9.42));
#11208=CARTESIAN_POINT('',(14.4818,1.143,-9.42));
#11209=VECTOR('',#12604,0.9158100239679);
#11210=CARTESIAN_POINT('',(14.4818,4.064,-9.42));
#11211=VECTOR('',#12605,2.921);
#11212=CARTESIAN_POINT('',(13.2118,1.143,-9.42));
#11213=CARTESIAN_POINT('',(13.2118,4.064,-9.42));
#11214=VECTOR('',#12606,2.921);
#11215=CARTESIAN_POINT('',(13.7198,0.3809999999998,-9.42));
#11216=VECTOR('',#12607,0.9158100239678);
#11217=CARTESIAN_POINT('',(13.7198,0.3809999999998,-9.928));
#11218=CARTESIAN_POINT('',(13.2118,1.143,-9.928));
#11219=CARTESIAN_POINT('',(13.7198,0.3809999999998,-9.928));
#11220=VECTOR('',#12608,0.9158100239678);
#11221=CARTESIAN_POINT('',(13.7198,0.3809999999998,-9.42));
#11222=VECTOR('',#12609,0.508);
#11223=CARTESIAN_POINT('',(13.2118,1.143,-9.928));
#11224=VECTOR('',#12610,0.508);
#11225=CARTESIAN_POINT('',(13.2118,5.1562,-9.928));
#11226=AXIS2_PLACEMENT_3D('',#12611,#12612,#12613);
#11227=CARTESIAN_POINT('',(13.2118,1.143,-9.928));
#11228=VECTOR('',#12614,4.0132);
#11229=CARTESIAN_POINT('',(14.4818,5.1562,-9.928));
#11230=CARTESIAN_POINT('',(13.2118,5.1562,-9.928));
#11231=VECTOR('',#12615,1.27);
#11232=CARTESIAN_POINT('',(14.4818,1.143,-9.928));
#11233=CARTESIAN_POINT('',(14.4818,1.143,-9.928));
#11234=VECTOR('',#12616,4.0132);
#11235=CARTESIAN_POINT('',(13.9738,0.3809999999998,-9.928));
#11236=CARTESIAN_POINT('',(14.4818,1.143,-9.928));
#11237=VECTOR('',#12617,0.9158100239679);
#11238=CARTESIAN_POINT('',(13.7198,0.3809999999998,-9.928));
#11239=VECTOR('',#12618,0.254);
#11240=CARTESIAN_POINT('',(13.9738,0.3809999999998,-9.42));
#11241=VECTOR('',#12619,0.508);
#11242=CARTESIAN_POINT('',(14.4818,1.143,-9.928));
#11243=VECTOR('',#12620,0.508);
#11244=AXIS2_PLACEMENT_3D('',#12621,#12622,#12623);
#11245=CARTESIAN_POINT('',(9.7598,0.3810000000002,-9.42));
#11246=CARTESIAN_POINT('',(10.0138,0.3810000000002,-9.42));
#11247=CARTESIAN_POINT('',(9.7598,0.3810000000002,-9.42));
#11248=VECTOR('',#12624,0.254);
#11249=CARTESIAN_POINT('',(10.5218,1.143,-9.42));
#11250=CARTESIAN_POINT('',(10.5218,1.143,-9.42));
#11251=VECTOR('',#12625,0.9158100239679);
#11252=CARTESIAN_POINT('',(10.5218,4.064,-9.42));
#11253=VECTOR('',#12626,2.921);
#11254=CARTESIAN_POINT('',(9.2518,1.143,-9.42));
#11255=CARTESIAN_POINT('',(9.2518,4.064,-9.42));
#11256=VECTOR('',#12627,2.921);
#11257=CARTESIAN_POINT('',(9.7598,0.3810000000002,-9.42));
#11258=VECTOR('',#12628,0.9158100239679);
#11259=CARTESIAN_POINT('',(9.7598,0.3810000000002,-9.928));
#11260=CARTESIAN_POINT('',(9.2518,1.143,-9.928));
#11261=CARTESIAN_POINT('',(9.7598,0.3810000000002,-9.928));
#11262=VECTOR('',#12629,0.9158100239679);
#11263=CARTESIAN_POINT('',(9.7598,0.3810000000002,-9.42));
#11264=VECTOR('',#12630,0.508);
#11265=CARTESIAN_POINT('',(9.2518,1.143,-9.928));
#11266=VECTOR('',#12631,0.508);
#11267=CARTESIAN_POINT('',(9.2518,5.1562,-9.928));
#11268=AXIS2_PLACEMENT_3D('',#12632,#12633,#12634);
#11269=CARTESIAN_POINT('',(9.2518,1.143,-9.928));
#11270=VECTOR('',#12635,4.0132);
#11271=CARTESIAN_POINT('',(10.5218,5.1562,-9.928));
#11272=CARTESIAN_POINT('',(9.2518,5.1562,-9.928));
#11273=VECTOR('',#12636,1.27);
#11274=CARTESIAN_POINT('',(10.5218,1.143,-9.928));
#11275=CARTESIAN_POINT('',(10.5218,1.143,-9.928));
#11276=VECTOR('',#12637,4.0132);
#11277=CARTESIAN_POINT('',(10.0138,0.3810000000002,-9.928));
#11278=CARTESIAN_POINT('',(10.5218,1.143,-9.928));
#11279=VECTOR('',#12638,0.9158100239679);
#11280=CARTESIAN_POINT('',(9.7598,0.3810000000002,-9.928));
#11281=VECTOR('',#12639,0.254);
#11282=CARTESIAN_POINT('',(10.0138,0.3810000000002,-9.42));
#11283=VECTOR('',#12640,0.508);
#11284=CARTESIAN_POINT('',(10.5218,1.143,-9.928));
#11285=VECTOR('',#12641,0.508);
#11286=AXIS2_PLACEMENT_3D('',#12642,#12643,#12644);
#11287=CARTESIAN_POINT('',(5.7998,0.381,-9.42));
#11288=CARTESIAN_POINT('',(6.0538,0.381,-9.42));
#11289=CARTESIAN_POINT('',(5.7998,0.381,-9.42));
#11290=VECTOR('',#12645,0.254);
#11291=CARTESIAN_POINT('',(6.5618,1.143,-9.42));
#11292=CARTESIAN_POINT('',(6.5618,1.143,-9.42));
#11293=VECTOR('',#12646,0.9158100239679);
#11294=CARTESIAN_POINT('',(6.5618,4.064,-9.42));
#11295=VECTOR('',#12647,2.921);
#11296=CARTESIAN_POINT('',(5.2918,1.143,-9.42));
#11297=CARTESIAN_POINT('',(5.2918,4.064,-9.42));
#11298=VECTOR('',#12648,2.921);
#11299=CARTESIAN_POINT('',(5.7998,0.381,-9.42));
#11300=VECTOR('',#12649,0.9158100239679);
#11301=CARTESIAN_POINT('',(5.7998,0.381,-9.928));
#11302=CARTESIAN_POINT('',(5.2918,1.143,-9.928));
#11303=CARTESIAN_POINT('',(5.7998,0.381,-9.928));
#11304=VECTOR('',#12650,0.9158100239679);
#11305=CARTESIAN_POINT('',(5.7998,0.381,-9.42));
#11306=VECTOR('',#12651,0.508);
#11307=CARTESIAN_POINT('',(5.2918,1.143,-9.928));
#11308=VECTOR('',#12652,0.508);
#11309=CARTESIAN_POINT('',(5.2918,5.1562,-9.928));
#11310=AXIS2_PLACEMENT_3D('',#12653,#12654,#12655);
#11311=CARTESIAN_POINT('',(5.2918,1.143,-9.928));
#11312=VECTOR('',#12656,4.0132);
#11313=CARTESIAN_POINT('',(6.5618,5.1562,-9.928));
#11314=CARTESIAN_POINT('',(5.2918,5.1562,-9.928));
#11315=VECTOR('',#12657,1.27);
#11316=CARTESIAN_POINT('',(6.5618,1.143,-9.928));
#11317=CARTESIAN_POINT('',(6.5618,1.143,-9.928));
#11318=VECTOR('',#12658,4.0132);
#11319=CARTESIAN_POINT('',(6.0538,0.381,-9.928));
#11320=CARTESIAN_POINT('',(6.5618,1.143,-9.928));
#11321=VECTOR('',#12659,0.9158100239679);
#11322=CARTESIAN_POINT('',(5.7998,0.381,-9.928));
#11323=VECTOR('',#12660,0.254);
#11324=CARTESIAN_POINT('',(6.0538,0.381,-9.42));
#11325=VECTOR('',#12661,0.508);
#11326=CARTESIAN_POINT('',(6.5618,1.143,-9.928));
#11327=VECTOR('',#12662,0.508);
#11328=AXIS2_PLACEMENT_3D('',#12663,#12664,#12665);
#11329=CARTESIAN_POINT('',(1.8398,0.3809999999999,-9.42));
#11330=CARTESIAN_POINT('',(2.0938,0.3809999999999,-9.42));
#11331=CARTESIAN_POINT('',(1.8398,0.3809999999999,-9.42));
#11332=VECTOR('',#12666,0.254);
#11333=CARTESIAN_POINT('',(2.6018,1.143,-9.42));
#11334=CARTESIAN_POINT('',(2.6018,1.143,-9.42));
#11335=VECTOR('',#12667,0.9158100239679);
#11336=CARTESIAN_POINT('',(2.6018,4.064,-9.42));
#11337=VECTOR('',#12668,2.921);
#11338=CARTESIAN_POINT('',(1.3318,1.143,-9.42));
#11339=CARTESIAN_POINT('',(1.3318,4.064,-9.42));
#11340=VECTOR('',#12669,2.921);
#11341=CARTESIAN_POINT('',(1.8398,0.3809999999999,-9.42));
#11342=VECTOR('',#12670,0.9158100239679);
#11343=CARTESIAN_POINT('',(1.8398,0.3809999999999,-9.928));
#11344=CARTESIAN_POINT('',(1.3318,1.143,-9.928));
#11345=CARTESIAN_POINT('',(1.8398,0.3809999999999,-9.928));
#11346=VECTOR('',#12671,0.9158100239679);
#11347=CARTESIAN_POINT('',(1.8398,0.3809999999999,-9.42));
#11348=VECTOR('',#12672,0.508);
#11349=CARTESIAN_POINT('',(1.3318,1.143,-9.928));
#11350=VECTOR('',#12673,0.508);
#11351=CARTESIAN_POINT('',(1.3318,5.1562,-9.928));
#11352=AXIS2_PLACEMENT_3D('',#12674,#12675,#12676);
#11353=CARTESIAN_POINT('',(1.3318,1.143,-9.928));
#11354=VECTOR('',#12677,4.0132);
#11355=CARTESIAN_POINT('',(2.6018,5.1562,-9.928));
#11356=CARTESIAN_POINT('',(1.3318,5.1562,-9.928));
#11357=VECTOR('',#12678,1.27);
#11358=CARTESIAN_POINT('',(2.6018,1.143,-9.928));
#11359=CARTESIAN_POINT('',(2.6018,1.143,-9.928));
#11360=VECTOR('',#12679,4.0132);
#11361=CARTESIAN_POINT('',(2.0938,0.3809999999999,-9.928));
#11362=CARTESIAN_POINT('',(2.6018,1.143,-9.928));
#11363=VECTOR('',#12680,0.9158100239679);
#11364=CARTESIAN_POINT('',(1.8398,0.3809999999999,-9.928));
#11365=VECTOR('',#12681,0.254);
#11366=CARTESIAN_POINT('',(2.0938,0.3809999999999,-9.42));
#11367=VECTOR('',#12682,0.508);
#11368=CARTESIAN_POINT('',(2.6018,1.143,-9.928));
#11369=VECTOR('',#12683,0.508);
#11370=AXIS2_PLACEMENT_3D('',#12684,#12685,#12686);
#11371=CARTESIAN_POINT('',(-2.1202,0.3809999999999,-9.42));
#11372=CARTESIAN_POINT('',(-1.8662,0.3809999999999,-9.42));
#11373=CARTESIAN_POINT('',(-2.1202,0.3809999999999,-9.42));
#11374=VECTOR('',#12687,0.254);
#11375=CARTESIAN_POINT('',(-1.3582,1.143,-9.42));
#11376=CARTESIAN_POINT('',(-1.3582,1.143,-9.42));
#11377=VECTOR('',#12688,0.9158100239679);
#11378=CARTESIAN_POINT('',(-1.3582,4.064,-9.42));
#11379=VECTOR('',#12689,2.921);
#11380=CARTESIAN_POINT('',(-2.6282,1.143,-9.42));
#11381=CARTESIAN_POINT('',(-2.6282,4.064,-9.42));
#11382=VECTOR('',#12690,2.921);
#11383=CARTESIAN_POINT('',(-2.1202,0.3809999999999,-9.42));
#11384=VECTOR('',#12691,0.9158100239678);
#11385=CARTESIAN_POINT('',(-2.1202,0.3809999999999,-9.928));
#11386=CARTESIAN_POINT('',(-2.6282,1.143,-9.928));
#11387=CARTESIAN_POINT('',(-2.1202,0.3809999999999,-9.928));
#11388=VECTOR('',#12692,0.9158100239678);
#11389=CARTESIAN_POINT('',(-2.1202,0.3809999999999,-9.42));
#11390=VECTOR('',#12693,0.508);
#11391=CARTESIAN_POINT('',(-2.6282,1.143,-9.928));
#11392=VECTOR('',#12694,0.508);
#11393=CARTESIAN_POINT('',(-2.6282,5.1562,-9.928));
#11394=AXIS2_PLACEMENT_3D('',#12695,#12696,#12697);
#11395=CARTESIAN_POINT('',(-2.6282,1.143,-9.928));
#11396=VECTOR('',#12698,4.0132);
#11397=CARTESIAN_POINT('',(-1.3582,5.1562,-9.928));
#11398=CARTESIAN_POINT('',(-2.6282,5.1562,-9.928));
#11399=VECTOR('',#12699,1.27);
#11400=CARTESIAN_POINT('',(-1.3582,1.143,-9.928));
#11401=CARTESIAN_POINT('',(-1.3582,1.143,-9.928));
#11402=VECTOR('',#12700,4.0132);
#11403=CARTESIAN_POINT('',(-1.8662,0.3809999999999,-9.928));
#11404=CARTESIAN_POINT('',(-1.3582,1.143,-9.928));
#11405=VECTOR('',#12701,0.9158100239679);
#11406=CARTESIAN_POINT('',(-2.1202,0.3809999999999,-9.928));
#11407=VECTOR('',#12702,0.254);
#11408=CARTESIAN_POINT('',(-1.8662,0.3809999999999,-9.42));
#11409=VECTOR('',#12703,0.508);
#11410=CARTESIAN_POINT('',(-1.3582,1.143,-9.928));
#11411=VECTOR('',#12704,0.508);
#11412=AXIS2_PLACEMENT_3D('',#12705,#12706,#12707);
#11413=CARTESIAN_POINT('',(-6.0802,0.3809999999999,-9.42));
#11414=CARTESIAN_POINT('',(-5.8262,0.3809999999999,-9.42));
#11415=CARTESIAN_POINT('',(-6.0802,0.3809999999999,-9.42));
#11416=VECTOR('',#12708,0.254);
#11417=CARTESIAN_POINT('',(-5.3182,1.143,-9.42));
#11418=CARTESIAN_POINT('',(-5.3182,1.143,-9.42));
#11419=VECTOR('',#12709,0.9158100239679);
#11420=CARTESIAN_POINT('',(-5.3182,4.064,-9.42));
#11421=VECTOR('',#12710,2.921);
#11422=CARTESIAN_POINT('',(-6.5882,1.143,-9.42));
#11423=CARTESIAN_POINT('',(-6.5882,4.064,-9.42));
#11424=VECTOR('',#12711,2.921);
#11425=CARTESIAN_POINT('',(-6.0802,0.3809999999999,-9.42));
#11426=VECTOR('',#12712,0.9158100239679);
#11427=CARTESIAN_POINT('',(-6.0802,0.3809999999999,-9.928));
#11428=CARTESIAN_POINT('',(-6.5882,1.143,-9.928));
#11429=CARTESIAN_POINT('',(-6.0802,0.3809999999999,-9.928));
#11430=VECTOR('',#12713,0.9158100239679);
#11431=CARTESIAN_POINT('',(-6.0802,0.3809999999999,-9.42));
#11432=VECTOR('',#12714,0.508);
#11433=CARTESIAN_POINT('',(-6.5882,1.143,-9.928));
#11434=VECTOR('',#12715,0.508);
#11435=CARTESIAN_POINT('',(-6.5882,5.1562,-9.928));
#11436=AXIS2_PLACEMENT_3D('',#12716,#12717,#12718);
#11437=CARTESIAN_POINT('',(-6.5882,1.143,-9.928));
#11438=VECTOR('',#12719,4.0132);
#11439=CARTESIAN_POINT('',(-5.3182,5.1562,-9.928));
#11440=CARTESIAN_POINT('',(-6.5882,5.1562,-9.928));
#11441=VECTOR('',#12720,1.27);
#11442=CARTESIAN_POINT('',(-5.3182,1.143,-9.928));
#11443=CARTESIAN_POINT('',(-5.3182,1.143,-9.928));
#11444=VECTOR('',#12721,4.0132);
#11445=CARTESIAN_POINT('',(-5.8262,0.3809999999999,-9.928));
#11446=CARTESIAN_POINT('',(-5.3182,1.143,-9.928));
#11447=VECTOR('',#12722,0.9158100239679);
#11448=CARTESIAN_POINT('',(-6.0802,0.3809999999999,-9.928));
#11449=VECTOR('',#12723,0.254);
#11450=CARTESIAN_POINT('',(-5.8262,0.3809999999999,-9.42));
#11451=VECTOR('',#12724,0.508);
#11452=CARTESIAN_POINT('',(-5.3182,1.143,-9.928));
#11453=VECTOR('',#12725,0.508);
#11454=AXIS2_PLACEMENT_3D('',#12726,#12727,#12728);
#11455=CARTESIAN_POINT('',(-10.0402,0.381,-9.42));
#11456=CARTESIAN_POINT('',(-9.7862,0.381,-9.42));
#11457=CARTESIAN_POINT('',(-10.0402,0.381,-9.42));
#11458=VECTOR('',#12729,0.254);
#11459=CARTESIAN_POINT('',(-9.2782,1.143,-9.42));
#11460=CARTESIAN_POINT('',(-9.2782,1.143,-9.42));
#11461=VECTOR('',#12730,0.9158100239679);
#11462=CARTESIAN_POINT('',(-9.2782,4.064,-9.42));
#11463=VECTOR('',#12731,2.921);
#11464=CARTESIAN_POINT('',(-10.5482,1.143,-9.42));
#11465=CARTESIAN_POINT('',(-10.5482,4.064,-9.42));
#11466=VECTOR('',#12732,2.921);
#11467=CARTESIAN_POINT('',(-10.0402,0.381,-9.42));
#11468=VECTOR('',#12733,0.9158100239679);
#11469=CARTESIAN_POINT('',(-10.0402,0.381,-9.928));
#11470=CARTESIAN_POINT('',(-10.5482,1.143,-9.928));
#11471=CARTESIAN_POINT('',(-10.0402,0.381,-9.928));
#11472=VECTOR('',#12734,0.9158100239679);
#11473=CARTESIAN_POINT('',(-10.0402,0.381,-9.42));
#11474=VECTOR('',#12735,0.508);
#11475=CARTESIAN_POINT('',(-10.5482,1.143,-9.928));
#11476=VECTOR('',#12736,0.508);
#11477=CARTESIAN_POINT('',(-10.5482,5.1562,-9.928));
#11478=AXIS2_PLACEMENT_3D('',#12737,#12738,#12739);
#11479=CARTESIAN_POINT('',(-10.5482,1.143,-9.928));
#11480=VECTOR('',#12740,4.0132);
#11481=CARTESIAN_POINT('',(-9.2782,5.1562,-9.928));
#11482=CARTESIAN_POINT('',(-10.5482,5.1562,-9.928));
#11483=VECTOR('',#12741,1.27);
#11484=CARTESIAN_POINT('',(-9.2782,1.143,-9.928));
#11485=CARTESIAN_POINT('',(-9.2782,1.143,-9.928));
#11486=VECTOR('',#12742,4.0132);
#11487=CARTESIAN_POINT('',(-9.7862,0.381,-9.928));
#11488=CARTESIAN_POINT('',(-9.2782,1.143,-9.928));
#11489=VECTOR('',#12743,0.9158100239679);
#11490=CARTESIAN_POINT('',(-10.0402,0.381,-9.928));
#11491=VECTOR('',#12744,0.254);
#11492=CARTESIAN_POINT('',(-9.7862,0.381,-9.42));
#11493=VECTOR('',#12745,0.508);
#11494=CARTESIAN_POINT('',(-9.2782,1.143,-9.928));
#11495=VECTOR('',#12746,0.508);
#11496=AXIS2_PLACEMENT_3D('',#12747,#12748,#12749);
#11497=CARTESIAN_POINT('',(-14.0002,0.381,-9.42));
#11498=CARTESIAN_POINT('',(-13.7462,0.381,-9.42));
#11499=CARTESIAN_POINT('',(-14.0002,0.381,-9.42));
#11500=VECTOR('',#12750,0.254);
#11501=CARTESIAN_POINT('',(-13.2382,1.143,-9.42));
#11502=CARTESIAN_POINT('',(-13.2382,1.143,-9.42));
#11503=VECTOR('',#12751,0.9158100239679);
#11504=CARTESIAN_POINT('',(-13.2382,4.064,-9.42));
#11505=VECTOR('',#12752,2.921);
#11506=CARTESIAN_POINT('',(-14.5082,1.143,-9.42));
#11507=CARTESIAN_POINT('',(-14.5082,4.064,-9.42));
#11508=VECTOR('',#12753,2.921);
#11509=CARTESIAN_POINT('',(-14.0002,0.381,-9.42));
#11510=VECTOR('',#12754,0.9158100239679);
#11511=CARTESIAN_POINT('',(-14.0002,0.381,-9.928));
#11512=CARTESIAN_POINT('',(-14.5082,1.143,-9.928));
#11513=CARTESIAN_POINT('',(-14.0002,0.381,-9.928));
#11514=VECTOR('',#12755,0.9158100239679);
#11515=CARTESIAN_POINT('',(-14.0002,0.381,-9.42));
#11516=VECTOR('',#12756,0.508);
#11517=CARTESIAN_POINT('',(-14.5082,1.143,-9.928));
#11518=VECTOR('',#12757,0.508);
#11519=CARTESIAN_POINT('',(-14.5082,5.1562,-9.928));
#11520=AXIS2_PLACEMENT_3D('',#12758,#12759,#12760);
#11521=CARTESIAN_POINT('',(-14.5082,1.143,-9.928));
#11522=VECTOR('',#12761,4.0132);
#11523=CARTESIAN_POINT('',(-13.2382,5.1562,-9.928));
#11524=CARTESIAN_POINT('',(-14.5082,5.1562,-9.928));
#11525=VECTOR('',#12762,1.27);
#11526=CARTESIAN_POINT('',(-13.2382,1.143,-9.928));
#11527=CARTESIAN_POINT('',(-13.2382,1.143,-9.928));
#11528=VECTOR('',#12763,4.0132);
#11529=CARTESIAN_POINT('',(-13.7462,0.381,-9.928));
#11530=CARTESIAN_POINT('',(-13.2382,1.143,-9.928));
#11531=VECTOR('',#12764,0.9158100239679);
#11532=CARTESIAN_POINT('',(-14.0002,0.381,-9.928));
#11533=VECTOR('',#12765,0.254);
#11534=CARTESIAN_POINT('',(-13.7462,0.381,-9.42));
#11535=VECTOR('',#12766,0.508);
#11536=CARTESIAN_POINT('',(-13.2382,1.143,-9.928));
#11537=VECTOR('',#12767,0.508);
#11538=AXIS2_PLACEMENT_3D('',#12768,#12769,#12770);
#11539=CARTESIAN_POINT('',(-17.9602,0.381,-9.42));
#11540=CARTESIAN_POINT('',(-17.7062,0.381,-9.42));
#11541=CARTESIAN_POINT('',(-17.9602,0.381,-9.42));
#11542=VECTOR('',#12771,0.254);
#11543=CARTESIAN_POINT('',(-17.1982,1.143,-9.42));
#11544=CARTESIAN_POINT('',(-17.1982,1.143,-9.42));
#11545=VECTOR('',#12772,0.9158100239679);
#11546=CARTESIAN_POINT('',(-17.1982,4.064,-9.42));
#11547=VECTOR('',#12773,2.921);
#11548=CARTESIAN_POINT('',(-18.4682,1.143,-9.42));
#11549=CARTESIAN_POINT('',(-18.4682,4.064,-9.42));
#11550=VECTOR('',#12774,2.921);
#11551=CARTESIAN_POINT('',(-17.9602,0.381,-9.42));
#11552=VECTOR('',#12775,0.9158100239679);
#11553=CARTESIAN_POINT('',(-17.9602,0.381,-9.928));
#11554=CARTESIAN_POINT('',(-18.4682,1.143,-9.928));
#11555=CARTESIAN_POINT('',(-17.9602,0.381,-9.928));
#11556=VECTOR('',#12776,0.9158100239679);
#11557=CARTESIAN_POINT('',(-17.9602,0.381,-9.42));
#11558=VECTOR('',#12777,0.508);
#11559=CARTESIAN_POINT('',(-18.4682,1.143,-9.928));
#11560=VECTOR('',#12778,0.508);
#11561=CARTESIAN_POINT('',(-18.4682,5.1562,-9.928));
#11562=AXIS2_PLACEMENT_3D('',#12779,#12780,#12781);
#11563=CARTESIAN_POINT('',(-18.4682,1.143,-9.928));
#11564=VECTOR('',#12782,4.0132);
#11565=CARTESIAN_POINT('',(-17.1982,5.1562,-9.928));
#11566=CARTESIAN_POINT('',(-18.4682,5.1562,-9.928));
#11567=VECTOR('',#12783,1.27);
#11568=CARTESIAN_POINT('',(-17.1982,1.143,-9.928));
#11569=CARTESIAN_POINT('',(-17.1982,1.143,-9.928));
#11570=VECTOR('',#12784,4.0132);
#11571=CARTESIAN_POINT('',(-17.7062,0.381,-9.928));
#11572=CARTESIAN_POINT('',(-17.1982,1.143,-9.928));
#11573=VECTOR('',#12785,0.9158100239679);
#11574=CARTESIAN_POINT('',(-17.9602,0.381,-9.928));
#11575=VECTOR('',#12786,0.254);
#11576=CARTESIAN_POINT('',(-17.7062,0.381,-9.42));
#11577=VECTOR('',#12787,0.508);
#11578=CARTESIAN_POINT('',(-17.1982,1.143,-9.928));
#11579=VECTOR('',#12788,0.508);
#11580=AXIS2_PLACEMENT_3D('',#12789,#12790,#12791);
#11581=CARTESIAN_POINT('',(-21.9202,0.381,-9.42));
#11582=CARTESIAN_POINT('',(-21.6662,0.381,-9.42));
#11583=CARTESIAN_POINT('',(-21.9202,0.381,-9.42));
#11584=VECTOR('',#12792,0.254);
#11585=CARTESIAN_POINT('',(-21.1582,1.143,-9.42));
#11586=CARTESIAN_POINT('',(-21.1582,1.143,-9.42));
#11587=VECTOR('',#12793,0.9158100239679);
#11588=CARTESIAN_POINT('',(-21.1582,4.064,-9.42));
#11589=VECTOR('',#12794,2.921);
#11590=CARTESIAN_POINT('',(-22.4282,1.143,-9.42));
#11591=CARTESIAN_POINT('',(-22.4282,4.064,-9.42));
#11592=VECTOR('',#12795,2.921);
#11593=CARTESIAN_POINT('',(-21.9202,0.381,-9.42));
#11594=VECTOR('',#12796,0.9158100239679);
#11595=CARTESIAN_POINT('',(-21.9202,0.381,-9.928));
#11596=CARTESIAN_POINT('',(-22.4282,1.143,-9.928));
#11597=CARTESIAN_POINT('',(-21.9202,0.381,-9.928));
#11598=VECTOR('',#12797,0.9158100239679);
#11599=CARTESIAN_POINT('',(-21.9202,0.381,-9.42));
#11600=VECTOR('',#12798,0.508);
#11601=CARTESIAN_POINT('',(-22.4282,1.143,-9.928));
#11602=VECTOR('',#12799,0.508);
#11603=CARTESIAN_POINT('',(-22.4282,5.1562,-9.928));
#11604=AXIS2_PLACEMENT_3D('',#12800,#12801,#12802);
#11605=CARTESIAN_POINT('',(-22.4282,1.143,-9.928));
#11606=VECTOR('',#12803,4.0132);
#11607=CARTESIAN_POINT('',(-21.1582,5.1562,-9.928));
#11608=CARTESIAN_POINT('',(-22.4282,5.1562,-9.928));
#11609=VECTOR('',#12804,1.27);
#11610=CARTESIAN_POINT('',(-21.1582,1.143,-9.928));
#11611=CARTESIAN_POINT('',(-21.1582,1.143,-9.928));
#11612=VECTOR('',#12805,4.0132);
#11613=CARTESIAN_POINT('',(-21.6662,0.381,-9.928));
#11614=CARTESIAN_POINT('',(-21.1582,1.143,-9.928));
#11615=VECTOR('',#12806,0.9158100239679);
#11616=CARTESIAN_POINT('',(-21.9202,0.381,-9.928));
#11617=VECTOR('',#12807,0.254);
#11618=CARTESIAN_POINT('',(-21.6662,0.381,-9.42));
#11619=VECTOR('',#12808,0.508);
#11620=CARTESIAN_POINT('',(-21.1582,1.143,-9.928));
#11621=VECTOR('',#12809,0.508);
#11622=AXIS2_PLACEMENT_3D('',#12810,#12811,#12812);
#11623=CARTESIAN_POINT('',(22.4018,1.143,-9.928));
#11624=CARTESIAN_POINT('',(22.4018,5.1562,-9.928));
#11625=CARTESIAN_POINT('',(22.4018,1.143,-9.928));
#11626=VECTOR('',#12813,4.0132);
#11627=AXIS2_PLACEMENT_3D('',#12814,#12815,#12816);
#11628=CARTESIAN_POINT('',(22.4018,1.143,-9.928));
#11629=VECTOR('',#12817,0.508);
#11630=CARTESIAN_POINT('',(21.8938,0.381,-9.928));
#11631=CARTESIAN_POINT('',(21.8938,0.381,-9.42));
#11632=VECTOR('',#12818,0.508);
#11633=CARTESIAN_POINT('',(22.4018,1.143,-9.928));
#11634=VECTOR('',#12819,0.9158100239679);
#11635=CARTESIAN_POINT('',(21.1318,5.1562,-9.928));
#11636=VECTOR('',#12820,1.27);
#11637=CARTESIAN_POINT('',(21.6398,0.381,-9.928));
#11638=VECTOR('',#12821,0.254);
#11639=CARTESIAN_POINT('',(-19.7612,11.8872,-2.54));
#11640=CARTESIAN_POINT('',(-19.7612,10.414,0.0));
#11641=VECTOR('',#12822,2.936310310577);
#11642=CARTESIAN_POINT('',(-19.7612,11.8872,-2.54));
#11643=VECTOR('',#12823,3.9624);
#11644=CARTESIAN_POINT('',(-19.7612,11.8872,-2.54));
#11645=VECTOR('',#12824,1.4732);
#11646=CARTESIAN_POINT('',(-11.8412,11.8872,-2.54));
#11647=CARTESIAN_POINT('',(-11.8412,10.414,0.0));
#11648=VECTOR('',#12825,2.936310310577);
#11649=CARTESIAN_POINT('',(-15.8036,11.8872,-2.54));
#11650=CARTESIAN_POINT('',(-11.8412,11.8872,-2.54));
#11651=VECTOR('',#12826,3.9624);
#11652=CARTESIAN_POINT('',(-15.8036,10.414,0.0));
#11653=VECTOR('',#12827,2.936310310577);
#11654=CARTESIAN_POINT('',(-15.8036,11.8872,-2.54));
#11655=VECTOR('',#12828,1.4732);
#11656=CARTESIAN_POINT('',(-11.8412,11.8872,-2.54));
#11657=VECTOR('',#12829,1.4732);
#11658=CARTESIAN_POINT('',(-3.9212,11.8872,-2.54));
#11659=CARTESIAN_POINT('',(-3.9212,10.414,0.0));
#11660=VECTOR('',#12830,2.936310310577);
#11661=CARTESIAN_POINT('',(-7.8836,11.8872,-2.54));
#11662=CARTESIAN_POINT('',(-3.9212,11.8872,-2.54));
#11663=VECTOR('',#12831,3.9624);
#11664=CARTESIAN_POINT('',(-7.8836,10.414,0.0));
#11665=VECTOR('',#12832,2.936310310577);
#11666=CARTESIAN_POINT('',(-7.8836,11.8872,-2.54));
#11667=VECTOR('',#12833,1.4732);
#11668=CARTESIAN_POINT('',(-3.9212,11.8872,-2.54));
#11669=VECTOR('',#12834,1.4732);
#11670=CARTESIAN_POINT('',(3.9212,10.414,-2.54));
#11671=VECTOR('',#12835,1.4732);
#11672=DIRECTION('',(0.0,1.0,0.0));
#11673=DIRECTION('',(0.0,0.0,1.0));
#11674=DIRECTION('',(0.0,1.0,0.0));
#11675=DIRECTION('',(0.0,0.0,-1.0));
#11676=DIRECTION('',(0.0,1.0,0.0));
#11677=CARTESIAN_POINT('',(-23.7236,-0.896,-1.91));
#11678=DIRECTION('',(1.0,0.0,0.0));
#11679=DIRECTION('',(0.0,0.281761006289288,-0.959484619644759));
#11680=DIRECTION('',(0.0,0.0,-1.0));
#11681=DIRECTION('',(0.0,-1.0,0.0));
#11682=DIRECTION('',(0.0,0.501718089771813,-0.865031189261823));
#11683=DIRECTION('',(0.0,-1.0,0.0));
#11684=DIRECTION('',(0.0,0.0,1.0));
#11685=DIRECTION('',(1.0,0.0,0.0));
#11686=DIRECTION('',(0.0,0.0,-1.0));
#11687=DIRECTION('',(1.0,0.0,0.0));
#11688=DIRECTION('',(0.0,0.0,-1.0));
#11689=DIRECTION('',(1.0,0.0,0.0));
#11690=DIRECTION('',(0.0,0.0,-1.0));
#11691=DIRECTION('',(-1.0,0.0,0.0));
#11692=DIRECTION('',(0.0,0.0,1.0));
#11693=DIRECTION('',(1.0,0.0,0.0));
#11694=DIRECTION('',(1.0,0.0,0.0));
#11695=DIRECTION('',(0.0,0.0,-1.0));
#11696=DIRECTION('',(1.0,0.0,0.0));
#11697=DIRECTION('',(0.0,0.0,-1.0));
#11698=DIRECTION('',(-1.0,0.0,0.0));
#11699=DIRECTION('',(0.0,0.0,-1.0));
#11700=DIRECTION('',(1.0,0.0,0.0));
#11701=DIRECTION('',(0.0,0.0,-1.0));
#11702=DIRECTION('',(-1.0,0.0,0.0));
#11703=DIRECTION('',(0.0,0.0,-1.0));
#11704=DIRECTION('',(1.0,0.0,0.0));
#11705=DIRECTION('',(0.0,0.0,-1.0));
#11706=DIRECTION('',(1.0,0.0,0.0));
#11707=DIRECTION('',(0.0,0.0,-1.0));
#11708=DIRECTION('',(0.0,1.0,0.0));
#11709=DIRECTION('',(0.0,-0.501718089771813,0.865031189261823));
#11710=DIRECTION('',(1.0,0.0,0.0));
#11711=DIRECTION('',(0.0,-0.501718089771813,0.865031189261823));
#11712=DIRECTION('',(1.0,0.0,0.0));
#11713=DIRECTION('',(-1.0,0.0,0.0));
#11714=DIRECTION('',(-1.0,0.0,0.0));
#11715=DIRECTION('',(1.0,0.0,0.0));
#11716=DIRECTION('',(1.0,0.0,0.0));
#11717=DIRECTION('',(0.0,1.0,0.0));
#11718=DIRECTION('',(1.0,0.0,0.0));
#11719=DIRECTION('',(0.0,1.0,0.0));
#11720=DIRECTION('',(1.0,0.0,0.0));
#11721=DIRECTION('',(0.0,1.0,0.0));
#11722=DIRECTION('',(1.0,0.0,0.0));
#11723=DIRECTION('',(0.0,1.0,0.0));
#11724=DIRECTION('',(1.0,0.0,0.0));
#11725=DIRECTION('',(0.0,1.0,0.0));
#11726=DIRECTION('',(1.0,0.0,0.0));
#11727=DIRECTION('',(0.0,1.0,0.0));
#11728=DIRECTION('',(1.0,0.0,0.0));
#11729=DIRECTION('',(0.0,1.0,0.0));
#11730=DIRECTION('',(1.0,0.0,0.0));
#11731=DIRECTION('',(0.0,1.0,0.0));
#11732=DIRECTION('',(1.0,0.0,0.0));
#11733=DIRECTION('',(0.0,1.0,0.0));
#11734=DIRECTION('',(1.0,0.0,0.0));
#11735=DIRECTION('',(0.0,-1.0,0.0));
#11736=DIRECTION('',(1.0,0.0,0.0));
#11737=DIRECTION('',(0.0,-1.0,0.0));
#11738=DIRECTION('',(1.0,0.0,0.0));
#11739=DIRECTION('',(0.0,1.0,0.0));
#11740=DIRECTION('',(1.0,0.0,0.0));
#11741=DIRECTION('',(0.0,1.0,0.0));
#11742=DIRECTION('',(1.0,0.0,0.0));
#11743=DIRECTION('',(0.0,1.0,0.0));
#11744=DIRECTION('',(1.0,0.0,0.0));
#11745=DIRECTION('',(0.0,1.0,0.0));
#11746=DIRECTION('',(1.0,0.0,0.0));
#11747=DIRECTION('',(0.0,1.0,0.0));
#11748=DIRECTION('',(1.0,0.0,0.0));
#11749=DIRECTION('',(0.0,1.0,0.0));
#11750=DIRECTION('',(1.0,0.0,0.0));
#11751=DIRECTION('',(0.0,1.0,0.0));
#11752=DIRECTION('',(1.0,0.0,0.0));
#11753=DIRECTION('',(0.0,1.0,0.0));
#11754=DIRECTION('',(1.0,0.0,0.0));
#11755=DIRECTION('',(0.0,-1.0,0.0));
#11756=DIRECTION('',(1.0,0.0,0.0));
#11757=DIRECTION('',(0.0,-1.0,0.0));
#11758=DIRECTION('',(1.0,0.0,0.0));
#11759=DIRECTION('',(0.0,1.0,0.0));
#11760=DIRECTION('',(1.0,0.0,0.0));
#11761=DIRECTION('',(0.0,1.0,0.0));
#11762=DIRECTION('',(1.0,0.0,0.0));
#11763=DIRECTION('',(0.0,1.0,0.0));
#11764=DIRECTION('',(1.0,0.0,0.0));
#11765=DIRECTION('',(0.0,1.0,0.0));
#11766=DIRECTION('',(1.0,0.0,0.0));
#11767=DIRECTION('',(0.0,1.0,0.0));
#11768=DIRECTION('',(1.0,0.0,0.0));
#11769=DIRECTION('',(0.0,1.0,0.0));
#11770=DIRECTION('',(1.0,0.0,0.0));
#11771=DIRECTION('',(0.0,1.0,0.0));
#11772=DIRECTION('',(1.0,0.0,0.0));
#11773=DIRECTION('',(0.0,1.0,0.0));
#11774=DIRECTION('',(1.0,0.0,0.0));
#11775=DIRECTION('',(0.0,1.0,0.0));
#11776=DIRECTION('',(1.0,0.0,0.0));
#11777=DIRECTION('',(0.0,-1.0,0.0));
#11778=DIRECTION('',(-1.0,0.0,0.0));
#11779=DIRECTION('',(1.0,0.0,0.0));
#11780=DIRECTION('',(-1.0,0.0,0.0));
#11781=DIRECTION('',(0.0,1.0,0.0));
#11782=DIRECTION('',(1.0,0.0,0.0));
#11783=DIRECTION('',(0.0,-1.0,0.0));
#11784=DIRECTION('',(-1.0,0.0,0.0));
#11785=DIRECTION('',(0.0,1.0,0.0));
#11786=DIRECTION('',(1.0,0.0,0.0));
#11787=DIRECTION('',(0.0,-1.0,0.0));
#11788=DIRECTION('',(-1.0,0.0,0.0));
#11789=DIRECTION('',(0.0,1.0,0.0));
#11790=DIRECTION('',(1.0,0.0,0.0));
#11791=DIRECTION('',(0.0,-1.0,0.0));
#11792=DIRECTION('',(-1.0,0.0,0.0));
#11793=DIRECTION('',(0.0,1.0,0.0));
#11794=DIRECTION('',(1.0,0.0,0.0));
#11795=DIRECTION('',(0.0,-1.0,0.0));
#11796=DIRECTION('',(-1.0,0.0,0.0));
#11797=DIRECTION('',(0.0,1.0,0.0));
#11798=DIRECTION('',(1.0,0.0,0.0));
#11799=DIRECTION('',(0.0,-1.0,0.0));
#11800=DIRECTION('',(-1.0,0.0,0.0));
#11801=DIRECTION('',(0.0,1.0,0.0));
#11802=DIRECTION('',(1.0,0.0,0.0));
#11803=DIRECTION('',(0.0,-1.0,0.0));
#11804=DIRECTION('',(-1.0,0.0,0.0));
#11805=DIRECTION('',(0.0,1.0,0.0));
#11806=DIRECTION('',(1.0,0.0,0.0));
#11807=DIRECTION('',(0.0,-1.0,0.0));
#11808=DIRECTION('',(-1.0,0.0,0.0));
#11809=DIRECTION('',(0.0,1.0,0.0));
#11810=DIRECTION('',(1.0,0.0,0.0));
#11811=DIRECTION('',(0.0,-1.0,0.0));
#11812=DIRECTION('',(-1.0,0.0,0.0));
#11813=DIRECTION('',(0.0,1.0,0.0));
#11814=DIRECTION('',(1.0,0.0,0.0));
#11815=DIRECTION('',(0.0,-1.0,0.0));
#11816=DIRECTION('',(-1.0,0.0,0.0));
#11817=DIRECTION('',(0.0,1.0,0.0));
#11818=DIRECTION('',(1.0,0.0,0.0));
#11819=DIRECTION('',(0.0,-1.0,0.0));
#11820=DIRECTION('',(-1.0,0.0,0.0));
#11821=DIRECTION('',(0.0,1.0,0.0));
#11822=DIRECTION('',(1.0,0.0,0.0));
#11823=DIRECTION('',(0.0,-1.0,0.0));
#11824=DIRECTION('',(-1.0,0.0,0.0));
#11825=DIRECTION('',(0.0,1.0,0.0));
#11826=DIRECTION('',(1.0,0.0,0.0));
#11827=DIRECTION('',(0.0,-1.0,0.0));
#11828=DIRECTION('',(-0.517045371086401,-0.539204458418701,0.664772619968302));
#11829=DIRECTION('',(0.0,-1.0,0.0));
#11830=DIRECTION('',(-0.517045371086401,0.539204458418701,0.664772619968302));
#11831=DIRECTION('',(-1.0,0.0,0.0));
#11832=DIRECTION('',(0.517045371086401,0.539204458418701,0.664772619968302));
#11833=DIRECTION('',(0.0,1.0,0.0));
#11834=DIRECTION('',(0.517045371086401,-0.539204458418701,0.664772619968302));
#11835=DIRECTION('',(1.0,0.0,0.0));
#11836=DIRECTION('',(0.0,0.0,1.0));
#11837=DIRECTION('',(0.0,0.0,1.0));
#11838=DIRECTION('',(1.0,0.0,0.0));
#11839=DIRECTION('',(0.0,1.0,0.0));
#11840=DIRECTION('',(-1.0,0.0,0.0));
#11841=DIRECTION('',(0.0,-1.0,0.0));
#11842=DIRECTION('',(0.0,0.0,1.0));
#11843=DIRECTION('',(0.0,0.0,1.0));
#11844=DIRECTION('',(-0.517045371086401,-0.539204458418701,0.664772619968302));
#11845=DIRECTION('',(0.0,-1.0,0.0));
#11846=DIRECTION('',(-0.517045371086401,0.539204458418701,0.664772619968302));
#11847=DIRECTION('',(-1.0,0.0,0.0));
#11848=DIRECTION('',(0.517045371086401,0.539204458418701,0.664772619968302));
#11849=DIRECTION('',(0.0,1.0,0.0));
#11850=DIRECTION('',(0.517045371086401,-0.539204458418701,0.664772619968302));
#11851=DIRECTION('',(1.0,0.0,0.0));
#11852=DIRECTION('',(0.0,0.0,1.0));
#11853=DIRECTION('',(0.0,0.0,1.0));
#11854=DIRECTION('',(1.0,0.0,0.0));
#11855=DIRECTION('',(0.0,1.0,0.0));
#11856=DIRECTION('',(-1.0,0.0,0.0));
#11857=DIRECTION('',(0.0,-1.0,0.0));
#11858=DIRECTION('',(0.0,0.0,1.0));
#11859=DIRECTION('',(0.0,0.0,1.0));
#11860=DIRECTION('',(-0.517045371086401,-0.539204458418701,0.664772619968302));
#11861=DIRECTION('',(0.0,-1.0,0.0));
#11862=DIRECTION('',(-0.517045371086401,0.539204458418701,0.664772619968302));
#11863=DIRECTION('',(-1.0,0.0,0.0));
#11864=DIRECTION('',(0.517045371086401,0.539204458418701,0.664772619968302));
#11865=DIRECTION('',(0.0,1.0,0.0));
#11866=DIRECTION('',(0.517045371086401,-0.539204458418701,0.664772619968302));
#11867=DIRECTION('',(1.0,0.0,0.0));
#11868=DIRECTION('',(0.0,0.0,1.0));
#11869=DIRECTION('',(0.0,0.0,1.0));
#11870=DIRECTION('',(1.0,0.0,0.0));
#11871=DIRECTION('',(0.0,1.0,0.0));
#11872=DIRECTION('',(-1.0,0.0,0.0));
#11873=DIRECTION('',(0.0,-1.0,0.0));
#11874=DIRECTION('',(0.0,0.0,1.0));
#11875=DIRECTION('',(0.0,0.0,1.0));
#11876=DIRECTION('',(-0.517045371086401,-0.539204458418701,0.664772619968302));
#11877=DIRECTION('',(0.0,-1.0,0.0));
#11878=DIRECTION('',(-0.517045371086401,0.539204458418701,0.664772619968302));
#11879=DIRECTION('',(-1.0,0.0,0.0));
#11880=DIRECTION('',(0.517045371086401,0.539204458418701,0.664772619968302));
#11881=DIRECTION('',(0.0,1.0,0.0));
#11882=DIRECTION('',(0.517045371086401,-0.539204458418701,0.664772619968302));
#11883=DIRECTION('',(1.0,0.0,0.0));
#11884=DIRECTION('',(0.0,0.0,1.0));
#11885=DIRECTION('',(0.0,0.0,1.0));
#11886=DIRECTION('',(1.0,0.0,0.0));
#11887=DIRECTION('',(0.0,1.0,0.0));
#11888=DIRECTION('',(-1.0,0.0,0.0));
#11889=DIRECTION('',(0.0,-1.0,0.0));
#11890=DIRECTION('',(0.0,0.0,1.0));
#11891=DIRECTION('',(0.0,0.0,1.0));
#11892=DIRECTION('',(-0.517045371086401,-0.539204458418701,0.664772619968302));
#11893=DIRECTION('',(0.0,-1.0,0.0));
#11894=DIRECTION('',(-0.517045371086401,0.539204458418701,0.664772619968302));
#11895=DIRECTION('',(-1.0,0.0,0.0));
#11896=DIRECTION('',(0.517045371086401,0.539204458418701,0.664772619968302));
#11897=DIRECTION('',(0.0,1.0,0.0));
#11898=DIRECTION('',(0.517045371086401,-0.539204458418701,0.664772619968302));
#11899=DIRECTION('',(1.0,0.0,0.0));
#11900=DIRECTION('',(0.0,0.0,1.0));
#11901=DIRECTION('',(0.0,0.0,1.0));
#11902=DIRECTION('',(1.0,0.0,0.0));
#11903=DIRECTION('',(0.0,1.0,0.0));
#11904=DIRECTION('',(-1.0,0.0,0.0));
#11905=DIRECTION('',(0.0,-1.0,0.0));
#11906=DIRECTION('',(0.0,0.0,1.0));
#11907=DIRECTION('',(0.0,0.0,1.0));
#11908=DIRECTION('',(-0.517045371086401,-0.539204458418701,0.664772619968302));
#11909=DIRECTION('',(0.0,-1.0,0.0));
#11910=DIRECTION('',(-0.517045371086401,0.539204458418701,0.664772619968302));
#11911=DIRECTION('',(-1.0,0.0,0.0));
#11912=DIRECTION('',(0.517045371086401,0.539204458418701,0.664772619968302));
#11913=DIRECTION('',(0.0,1.0,0.0));
#11914=DIRECTION('',(0.517045371086401,-0.539204458418701,0.664772619968302));
#11915=DIRECTION('',(1.0,0.0,0.0));
#11916=DIRECTION('',(0.0,0.0,1.0));
#11917=DIRECTION('',(0.0,0.0,1.0));
#11918=DIRECTION('',(1.0,0.0,0.0));
#11919=DIRECTION('',(0.0,1.0,0.0));
#11920=DIRECTION('',(-1.0,0.0,0.0));
#11921=DIRECTION('',(0.0,-1.0,0.0));
#11922=DIRECTION('',(0.0,0.0,1.0));
#11923=DIRECTION('',(0.0,0.0,1.0));
#11924=DIRECTION('',(-0.517045371086401,-0.539204458418701,0.664772619968302));
#11925=DIRECTION('',(0.0,-1.0,0.0));
#11926=DIRECTION('',(-0.517045371086401,0.539204458418701,0.664772619968302));
#11927=DIRECTION('',(-1.0,0.0,0.0));
#11928=DIRECTION('',(0.517045371086401,0.539204458418701,0.664772619968302));
#11929=DIRECTION('',(0.0,1.0,0.0));
#11930=DIRECTION('',(0.517045371086401,-0.539204458418701,0.664772619968302));
#11931=DIRECTION('',(1.0,0.0,0.0));
#11932=DIRECTION('',(0.0,0.0,1.0));
#11933=DIRECTION('',(0.0,0.0,1.0));
#11934=DIRECTION('',(1.0,0.0,0.0));
#11935=DIRECTION('',(0.0,1.0,0.0));
#11936=DIRECTION('',(-1.0,0.0,0.0));
#11937=DIRECTION('',(0.0,-1.0,0.0));
#11938=DIRECTION('',(0.0,0.0,1.0));
#11939=DIRECTION('',(0.0,0.0,1.0));
#11940=DIRECTION('',(-0.517045371086401,-0.539204458418701,0.664772619968302));
#11941=DIRECTION('',(0.0,-1.0,0.0));
#11942=DIRECTION('',(-0.517045371086401,0.539204458418701,0.664772619968302));
#11943=DIRECTION('',(-1.0,0.0,0.0));
#11944=DIRECTION('',(0.517045371086401,0.539204458418701,0.664772619968302));
#11945=DIRECTION('',(0.0,1.0,0.0));
#11946=DIRECTION('',(0.517045371086401,-0.539204458418701,0.664772619968302));
#11947=DIRECTION('',(1.0,0.0,0.0));
#11948=DIRECTION('',(0.0,0.0,1.0));
#11949=DIRECTION('',(0.0,0.0,1.0));
#11950=DIRECTION('',(1.0,0.0,0.0));
#11951=DIRECTION('',(0.0,1.0,0.0));
#11952=DIRECTION('',(-1.0,0.0,0.0));
#11953=DIRECTION('',(0.0,-1.0,0.0));
#11954=DIRECTION('',(0.0,0.0,1.0));
#11955=DIRECTION('',(0.0,0.0,1.0));
#11956=DIRECTION('',(-0.517045371086401,-0.539204458418701,0.664772619968302));
#11957=DIRECTION('',(0.0,-1.0,0.0));
#11958=DIRECTION('',(-0.517045371086401,0.539204458418701,0.664772619968302));
#11959=DIRECTION('',(-1.0,0.0,0.0));
#11960=DIRECTION('',(0.517045371086401,0.539204458418701,0.664772619968302));
#11961=DIRECTION('',(0.0,1.0,0.0));
#11962=DIRECTION('',(0.517045371086401,-0.539204458418701,0.664772619968302));
#11963=DIRECTION('',(1.0,0.0,0.0));
#11964=DIRECTION('',(0.0,0.0,1.0));
#11965=DIRECTION('',(0.0,0.0,1.0));
#11966=DIRECTION('',(1.0,0.0,0.0));
#11967=DIRECTION('',(0.0,1.0,0.0));
#11968=DIRECTION('',(-1.0,0.0,0.0));
#11969=DIRECTION('',(0.0,-1.0,0.0));
#11970=DIRECTION('',(0.0,0.0,1.0));
#11971=DIRECTION('',(0.0,0.0,1.0));
#11972=DIRECTION('',(-0.517045371086401,-0.539204458418701,0.664772619968302));
#11973=DIRECTION('',(0.0,-1.0,0.0));
#11974=DIRECTION('',(-0.517045371086401,0.539204458418701,0.664772619968302));
#11975=DIRECTION('',(-1.0,0.0,0.0));
#11976=DIRECTION('',(0.517045371086401,0.539204458418701,0.664772619968302));
#11977=DIRECTION('',(0.0,1.0,0.0));
#11978=DIRECTION('',(0.517045371086401,-0.539204458418701,0.664772619968302));
#11979=DIRECTION('',(1.0,0.0,0.0));
#11980=DIRECTION('',(0.0,0.0,1.0));
#11981=DIRECTION('',(0.0,0.0,1.0));
#11982=DIRECTION('',(1.0,0.0,0.0));
#11983=DIRECTION('',(0.0,1.0,0.0));
#11984=DIRECTION('',(-1.0,0.0,0.0));
#11985=DIRECTION('',(0.0,-1.0,0.0));
#11986=DIRECTION('',(0.0,0.0,1.0));
#11987=DIRECTION('',(0.0,0.0,1.0));
#11988=DIRECTION('',(-0.517045371086401,-0.539204458418701,0.664772619968302));
#11989=DIRECTION('',(0.0,-1.0,0.0));
#11990=DIRECTION('',(-0.517045371086401,0.539204458418701,0.664772619968302));
#11991=DIRECTION('',(-1.0,0.0,0.0));
#11992=DIRECTION('',(0.517045371086401,0.539204458418701,0.664772619968302));
#11993=DIRECTION('',(0.0,1.0,0.0));
#11994=DIRECTION('',(0.517045371086401,-0.539204458418701,0.664772619968302));
#11995=DIRECTION('',(1.0,0.0,0.0));
#11996=DIRECTION('',(0.0,0.0,1.0));
#11997=DIRECTION('',(0.0,0.0,1.0));
#11998=DIRECTION('',(1.0,0.0,0.0));
#11999=DIRECTION('',(0.0,1.0,0.0));
#12000=DIRECTION('',(-1.0,0.0,0.0));
#12001=DIRECTION('',(0.0,-1.0,0.0));
#12002=DIRECTION('',(0.0,0.0,1.0));
#12003=DIRECTION('',(0.0,0.0,1.0));
#12004=DIRECTION('',(-0.517045371086401,-0.539204458418701,0.664772619968302));
#12005=DIRECTION('',(0.0,-1.0,0.0));
#12006=DIRECTION('',(-0.517045371086401,0.539204458418701,0.664772619968302));
#12007=DIRECTION('',(-1.0,0.0,0.0));
#12008=DIRECTION('',(0.517045371086401,0.539204458418701,0.664772619968302));
#12009=DIRECTION('',(0.0,1.0,0.0));
#12010=DIRECTION('',(0.517045371086401,-0.539204458418701,0.664772619968302));
#12011=DIRECTION('',(1.0,0.0,0.0));
#12012=DIRECTION('',(0.0,0.0,1.0));
#12013=DIRECTION('',(0.0,0.0,1.0));
#12014=DIRECTION('',(1.0,0.0,0.0));
#12015=DIRECTION('',(0.0,1.0,0.0));
#12016=DIRECTION('',(-1.0,0.0,0.0));
#12017=DIRECTION('',(0.0,-1.0,0.0));
#12018=DIRECTION('',(0.0,0.0,1.0));
#12019=DIRECTION('',(0.0,0.0,1.0));
#12020=DIRECTION('',(0.0,-0.501718089771813,0.865031189261823));
#12021=DIRECTION('',(1.0,0.0,0.0));
#12022=DIRECTION('',(0.0,-0.501718089771813,0.865031189261823));
#12023=DIRECTION('',(0.0,1.0,0.0));
#12024=DIRECTION('',(0.0,1.0,0.0));
#12025=DIRECTION('',(0.0,-0.501718089771813,0.865031189261823));
#12026=DIRECTION('',(1.0,0.0,0.0));
#12027=DIRECTION('',(0.0,-0.501718089771813,0.865031189261823));
#12028=DIRECTION('',(0.0,1.0,0.0));
#12029=DIRECTION('',(0.0,1.0,0.0));
#12030=DIRECTION('',(0.0,0.0,-1.0));
#12031=CARTESIAN_POINT('',(23.7236,-0.896,-1.91));
#12032=DIRECTION('',(1.0,0.0,0.0));
#12033=DIRECTION('',(0.0,0.281761006289288,-0.959484619644759));
#12034=DIRECTION('',(0.0,1.0,0.0));
#12035=DIRECTION('',(0.0,0.0,-1.0));
#12036=DIRECTION('',(0.0,1.0,0.0));
#12037=DIRECTION('',(0.0,0.0,1.0));
#12038=DIRECTION('',(0.0,1.0,0.0));
#12039=DIRECTION('',(-1.0,0.0,0.0));
#12040=DIRECTION('',(0.0,1.0,0.0));
#12041=DIRECTION('',(-1.0,0.0,0.0));
#12042=DIRECTION('',(0.0,1.0,0.0));
#12043=DIRECTION('',(-1.0,0.0,0.0));
#12044=DIRECTION('',(0.0,-1.0,0.0));
#12045=DIRECTION('',(1.0,0.0,0.0));
#12046=DIRECTION('',(0.0,1.0,0.0));
#12047=DIRECTION('',(-1.0,0.0,0.0));
#12048=DIRECTION('',(0.0,1.0,0.0));
#12049=DIRECTION('',(-1.0,0.0,0.0));
#12050=DIRECTION('',(0.0,1.0,0.0));
#12051=DIRECTION('',(-1.0,0.0,0.0));
#12052=DIRECTION('',(0.0,-1.0,0.0));
#12053=DIRECTION('',(1.0,0.0,0.0));
#12054=DIRECTION('',(0.0,1.0,0.0));
#12055=DIRECTION('',(-1.0,0.0,0.0));
#12056=DIRECTION('',(0.0,1.0,0.0));
#12057=DIRECTION('',(-1.0,0.0,0.0));
#12058=DIRECTION('',(0.0,1.0,0.0));
#12059=DIRECTION('',(-1.0,0.0,0.0));
#12060=DIRECTION('',(0.0,-1.0,0.0));
#12061=DIRECTION('',(1.0,0.0,0.0));
#12062=DIRECTION('',(0.0,1.0,0.0));
#12063=DIRECTION('',(-1.0,0.0,0.0));
#12064=DIRECTION('',(0.0,1.0,0.0));
#12065=DIRECTION('',(-1.0,0.0,0.0));
#12066=DIRECTION('',(0.0,1.0,0.0));
#12067=DIRECTION('',(-1.0,0.0,0.0));
#12068=DIRECTION('',(0.0,-1.0,0.0));
#12069=DIRECTION('',(1.0,0.0,0.0));
#12070=DIRECTION('',(0.0,1.0,0.0));
#12071=DIRECTION('',(-1.0,0.0,0.0));
#12072=DIRECTION('',(0.0,1.0,0.0));
#12073=DIRECTION('',(-1.0,0.0,0.0));
#12074=DIRECTION('',(0.0,1.0,0.0));
#12075=DIRECTION('',(-1.0,0.0,0.0));
#12076=DIRECTION('',(0.0,-1.0,0.0));
#12077=DIRECTION('',(1.0,0.0,0.0));
#12078=DIRECTION('',(0.0,1.0,0.0));
#12079=DIRECTION('',(-1.0,0.0,0.0));
#12080=DIRECTION('',(0.0,1.0,0.0));
#12081=DIRECTION('',(-1.0,0.0,0.0));
#12082=DIRECTION('',(0.0,1.0,0.0));
#12083=DIRECTION('',(-1.0,0.0,0.0));
#12084=DIRECTION('',(0.0,-1.0,0.0));
#12085=DIRECTION('',(1.0,0.0,0.0));
#12086=DIRECTION('',(0.0,1.0,0.0));
#12087=DIRECTION('',(-1.0,0.0,0.0));
#12088=DIRECTION('',(0.0,1.0,0.0));
#12089=DIRECTION('',(-1.0,0.0,0.0));
#12090=DIRECTION('',(0.0,1.0,0.0));
#12091=DIRECTION('',(-1.0,0.0,0.0));
#12092=DIRECTION('',(0.0,-1.0,0.0));
#12093=DIRECTION('',(1.0,0.0,0.0));
#12094=DIRECTION('',(0.0,1.0,0.0));
#12095=DIRECTION('',(-1.0,0.0,0.0));
#12096=DIRECTION('',(0.0,1.0,0.0));
#12097=DIRECTION('',(-1.0,0.0,0.0));
#12098=DIRECTION('',(0.0,1.0,0.0));
#12099=DIRECTION('',(-1.0,0.0,0.0));
#12100=DIRECTION('',(0.0,-1.0,0.0));
#12101=DIRECTION('',(1.0,0.0,0.0));
#12102=DIRECTION('',(0.0,1.0,0.0));
#12103=DIRECTION('',(-1.0,0.0,0.0));
#12104=DIRECTION('',(0.0,1.0,0.0));
#12105=DIRECTION('',(-1.0,0.0,0.0));
#12106=DIRECTION('',(0.0,1.0,0.0));
#12107=DIRECTION('',(-1.0,0.0,0.0));
#12108=DIRECTION('',(0.0,-1.0,0.0));
#12109=DIRECTION('',(1.0,0.0,0.0));
#12110=DIRECTION('',(0.0,1.0,0.0));
#12111=DIRECTION('',(-1.0,0.0,0.0));
#12112=DIRECTION('',(0.0,1.0,0.0));
#12113=DIRECTION('',(-1.0,0.0,0.0));
#12114=DIRECTION('',(0.0,1.0,0.0));
#12115=DIRECTION('',(-1.0,0.0,0.0));
#12116=DIRECTION('',(0.0,-1.0,0.0));
#12117=DIRECTION('',(1.0,0.0,0.0));
#12118=DIRECTION('',(0.0,1.0,0.0));
#12119=DIRECTION('',(-1.0,0.0,0.0));
#12120=DIRECTION('',(0.0,1.0,0.0));
#12121=DIRECTION('',(-1.0,0.0,0.0));
#12122=DIRECTION('',(0.0,1.0,0.0));
#12123=DIRECTION('',(-1.0,0.0,0.0));
#12124=DIRECTION('',(0.0,-1.0,0.0));
#12125=DIRECTION('',(1.0,0.0,0.0));
#12126=DIRECTION('',(0.0,1.0,0.0));
#12127=DIRECTION('',(-1.0,0.0,0.0));
#12128=DIRECTION('',(0.000294305809390013,0.999999956692044,0.0));
#12129=DIRECTION('',(1.0,0.0,0.0));
#12130=DIRECTION('',(1.0,0.0,0.0));
#12131=DIRECTION('',(0.0,-1.0,0.0));
#12132=DIRECTION('',(-1.0,0.0,0.0));
#12133=DIRECTION('',(0.0,1.0,0.0));
#12134=DIRECTION('',(-1.0,0.0,0.0));
#12135=DIRECTION('',(0.0,-1.0,0.0));
#12136=DIRECTION('',(1.0,0.0,0.0));
#12137=DIRECTION('',(0.0,1.0,0.0));
#12138=DIRECTION('',(0.0,-1.0,0.0));
#12139=CARTESIAN_POINT('',(21.1318,5.1562,-9.3692));
#12140=DIRECTION('',(1.0,0.0,0.0));
#12141=DIRECTION('',(0.0,0.0,-1.0));
#12142=DIRECTION('',(0.0,1.0,0.0));
#12143=DIRECTION('',(0.0,0.0,1.0));
#12144=DIRECTION('',(-0.554700196225229,0.832050294337844,0.0));
#12145=DIRECTION('',(0.0,0.0,-1.0));
#12146=DIRECTION('',(-0.554700196225229,0.832050294337844,0.0));
#12147=DIRECTION('',(1.0,0.0,0.0));
#12148=DIRECTION('',(-0.554700196225229,-0.832050294337844,0.0));
#12149=DIRECTION('',(0.0,-1.0,0.0));
#12150=DIRECTION('',(1.0,0.0,0.0));
#12151=DIRECTION('',(1.0,0.0,0.0));
#12152=DIRECTION('',(0.0,0.0,-1.0));
#12153=DIRECTION('',(1.0,0.0,0.0));
#12154=DIRECTION('',(0.0,0.0,1.0));
#12155=DIRECTION('',(1.0,0.0,0.0));
#12156=DIRECTION('',(0.0,0.0,-1.0));
#12157=DIRECTION('',(1.0,0.0,0.0));
#12158=DIRECTION('',(0.0,0.0,1.0));
#12159=DIRECTION('',(1.0,0.0,0.0));
#12160=DIRECTION('',(0.0,0.0,-1.0));
#12161=DIRECTION('',(1.0,0.0,0.0));
#12162=DIRECTION('',(0.0,0.0,1.0));
#12163=DIRECTION('',(1.0,0.0,0.0));
#12164=DIRECTION('',(0.0,0.0,-1.0));
#12165=DIRECTION('',(1.0,0.0,0.0));
#12166=DIRECTION('',(0.0,0.0,1.0));
#12167=DIRECTION('',(1.0,0.0,0.0));
#12168=DIRECTION('',(0.0,0.0,-1.0));
#12169=DIRECTION('',(1.0,0.0,0.0));
#12170=DIRECTION('',(0.0,0.0,1.0));
#12171=DIRECTION('',(1.0,0.0,0.0));
#12172=DIRECTION('',(0.0,0.0,-1.0));
#12173=DIRECTION('',(1.0,0.0,0.0));
#12174=DIRECTION('',(0.0,0.0,1.0));
#12175=DIRECTION('',(1.0,0.0,0.0));
#12176=DIRECTION('',(0.0,0.0,-1.0));
#12177=DIRECTION('',(1.0,0.0,0.0));
#12178=DIRECTION('',(0.0,0.0,1.0));
#12179=DIRECTION('',(1.0,0.0,0.0));
#12180=DIRECTION('',(0.0,0.0,-1.0));
#12181=DIRECTION('',(1.0,0.0,0.0));
#12182=DIRECTION('',(0.0,0.0,1.0));
#12183=DIRECTION('',(1.0,0.0,0.0));
#12184=DIRECTION('',(0.0,0.0,-1.0));
#12185=DIRECTION('',(1.0,0.0,0.0));
#12186=DIRECTION('',(0.0,0.0,1.0));
#12187=DIRECTION('',(1.0,0.0,0.0));
#12188=DIRECTION('',(0.0,0.0,-1.0));
#12189=DIRECTION('',(1.0,0.0,0.0));
#12190=DIRECTION('',(0.0,0.0,1.0));
#12191=DIRECTION('',(1.0,0.0,0.0));
#12192=DIRECTION('',(0.0,0.0,1.0));
#12193=DIRECTION('',(1.0,0.0,0.0));
#12194=DIRECTION('',(0.0,0.0,1.0));
#12195=DIRECTION('',(1.0,0.0,0.0));
#12196=DIRECTION('',(0.0,0.0,1.0));
#12197=DIRECTION('',(0.0,0.0,1.0));
#12198=DIRECTION('',(1.0,0.0,0.0));
#12199=DIRECTION('',(-1.0,0.0,0.0));
#12200=DIRECTION('',(0.0,0.0,-1.0));
#12201=DIRECTION('',(1.0,0.0,0.0));
#12202=DIRECTION('',(0.0,0.0,-1.0));
#12203=DIRECTION('',(0.0,0.0,-1.0));
#12204=DIRECTION('',(1.0,0.0,0.0));
#12205=DIRECTION('',(0.0,0.0,-1.0));
#12206=DIRECTION('',(0.0,0.0,-1.0));
#12207=DIRECTION('',(1.0,0.0,0.0));
#12208=DIRECTION('',(0.0,0.0,-1.0));
#12209=DIRECTION('',(0.0,0.0,-1.0));
#12210=DIRECTION('',(1.0,0.0,0.0));
#12211=DIRECTION('',(0.0,0.0,-1.0));
#12212=DIRECTION('',(0.0,0.0,-1.0));
#12213=DIRECTION('',(1.0,0.0,0.0));
#12214=DIRECTION('',(0.0,0.0,-1.0));
#12215=DIRECTION('',(0.0,0.0,-1.0));
#12216=DIRECTION('',(1.0,0.0,0.0));
#12217=DIRECTION('',(0.0,0.0,-1.0));
#12218=DIRECTION('',(0.0,0.0,-1.0));
#12219=DIRECTION('',(1.0,0.0,0.0));
#12220=DIRECTION('',(0.0,0.0,-1.0));
#12221=DIRECTION('',(0.0,0.0,-1.0));
#12222=DIRECTION('',(1.0,0.0,0.0));
#12223=DIRECTION('',(0.0,0.0,-1.0));
#12224=DIRECTION('',(0.0,0.0,-1.0));
#12225=DIRECTION('',(1.0,0.0,0.0));
#12226=DIRECTION('',(0.0,0.0,-1.0));
#12227=DIRECTION('',(0.0,0.0,-1.0));
#12228=DIRECTION('',(1.0,0.0,0.0));
#12229=DIRECTION('',(0.0,0.0,-1.0));
#12230=DIRECTION('',(0.0,0.0,-1.0));
#12231=DIRECTION('',(1.0,0.0,0.0));
#12232=DIRECTION('',(0.0,0.0,-1.0));
#12233=DIRECTION('',(0.0,0.0,-1.0));
#12234=DIRECTION('',(1.0,0.0,0.0));
#12235=DIRECTION('',(0.0,0.0,-1.0));
#12236=DIRECTION('',(0.0,0.0,-1.0));
#12237=DIRECTION('',(1.0,0.0,0.0));
#12238=DIRECTION('',(0.0,0.0,-1.0));
#12239=DIRECTION('',(0.0,0.0,-1.0));
#12240=DIRECTION('',(1.0,0.0,0.0));
#12241=DIRECTION('',(0.0,0.0,-1.0));
#12242=DIRECTION('',(-1.0,0.0,0.0));
#12243=DIRECTION('',(-1.0,0.0,0.0));
#12244=DIRECTION('',(0.0,0.0,-1.0));
#12245=DIRECTION('',(1.0,0.0,0.0));
#12246=DIRECTION('',(0.0,0.0,-1.0));
#12247=DIRECTION('',(-1.0,0.0,0.0));
#12248=DIRECTION('',(0.0,0.0,1.0));
#12249=DIRECTION('',(1.0,0.0,0.0));
#12250=DIRECTION('',(0.0,0.0,-1.0));
#12251=DIRECTION('',(-1.0,0.0,0.0));
#12252=DIRECTION('',(0.0,0.0,1.0));
#12253=DIRECTION('',(1.0,0.0,0.0));
#12254=DIRECTION('',(0.0,0.0,-1.0));
#12255=DIRECTION('',(-1.0,0.0,0.0));
#12256=DIRECTION('',(0.0,0.0,1.0));
#12257=DIRECTION('',(1.0,0.0,0.0));
#12258=DIRECTION('',(0.0,0.0,-1.0));
#12259=DIRECTION('',(-1.0,0.0,0.0));
#12260=DIRECTION('',(0.0,0.0,1.0));
#12261=DIRECTION('',(1.0,0.0,0.0));
#12262=DIRECTION('',(0.0,0.0,-1.0));
#12263=DIRECTION('',(-1.0,0.0,0.0));
#12264=DIRECTION('',(0.0,0.0,1.0));
#12265=DIRECTION('',(1.0,0.0,0.0));
#12266=DIRECTION('',(0.0,0.0,-1.0));
#12267=DIRECTION('',(-1.0,0.0,0.0));
#12268=DIRECTION('',(0.0,0.0,1.0));
#12269=DIRECTION('',(1.0,0.0,0.0));
#12270=DIRECTION('',(0.0,0.0,-1.0));
#12271=DIRECTION('',(-1.0,0.0,0.0));
#12272=DIRECTION('',(0.0,0.0,1.0));
#12273=DIRECTION('',(1.0,0.0,0.0));
#12274=DIRECTION('',(0.0,0.0,-1.0));
#12275=DIRECTION('',(-1.0,0.0,0.0));
#12276=DIRECTION('',(0.0,0.0,1.0));
#12277=DIRECTION('',(1.0,0.0,0.0));
#12278=DIRECTION('',(0.0,0.0,-1.0));
#12279=DIRECTION('',(-1.0,0.0,0.0));
#12280=DIRECTION('',(0.0,0.0,1.0));
#12281=DIRECTION('',(1.0,0.0,0.0));
#12282=DIRECTION('',(0.0,0.0,-1.0));
#12283=DIRECTION('',(-1.0,0.0,0.0));
#12284=DIRECTION('',(0.0,0.0,1.0));
#12285=DIRECTION('',(1.0,0.0,0.0));
#12286=DIRECTION('',(0.0,0.0,-1.0));
#12287=DIRECTION('',(-1.0,0.0,0.0));
#12288=DIRECTION('',(0.0,0.0,1.0));
#12289=DIRECTION('',(1.0,0.0,0.0));
#12290=DIRECTION('',(0.0,0.0,-1.0));
#12291=DIRECTION('',(0.0,0.0,-1.0));
#12292=DIRECTION('',(0.0,0.0,-1.0));
#12293=DIRECTION('',(1.0,0.0,0.0));
#12294=DIRECTION('',(0.0,0.0,-1.0));
#12295=DIRECTION('',(0.0,0.0,-1.0));
#12296=DIRECTION('',(1.0,0.0,0.0));
#12297=DIRECTION('',(0.0,1.0,0.0));
#12298=DIRECTION('',(0.0,0.0,-1.0));
#12299=DIRECTION('',(0.0,1.0,0.0));
#12300=DIRECTION('',(-1.0,0.0,0.0));
#12301=DIRECTION('',(0.0,1.0,0.0));
#12302=DIRECTION('',(0.0,0.0,1.0));
#12303=DIRECTION('',(0.0,1.0,0.0));
#12304=DIRECTION('',(1.0,0.0,0.0));
#12305=DIRECTION('',(0.0,1.0,0.0));
#12306=DIRECTION('',(0.0,0.0,-1.0));
#12307=DIRECTION('',(0.0,1.0,0.0));
#12308=DIRECTION('',(-1.0,0.0,0.0));
#12309=DIRECTION('',(0.0,1.0,0.0));
#12310=DIRECTION('',(0.0,0.0,1.0));
#12311=DIRECTION('',(0.0,1.0,0.0));
#12312=DIRECTION('',(1.0,0.0,0.0));
#12313=DIRECTION('',(0.0,1.0,0.0));
#12314=DIRECTION('',(0.0,0.0,-1.0));
#12315=DIRECTION('',(0.0,1.0,0.0));
#12316=DIRECTION('',(-1.0,0.0,0.0));
#12317=DIRECTION('',(0.0,1.0,0.0));
#12318=DIRECTION('',(0.0,0.0,1.0));
#12319=DIRECTION('',(0.0,1.0,0.0));
#12320=DIRECTION('',(1.0,0.0,0.0));
#12321=DIRECTION('',(0.0,1.0,0.0));
#12322=DIRECTION('',(0.0,0.0,-1.0));
#12323=DIRECTION('',(0.0,1.0,0.0));
#12324=DIRECTION('',(-1.0,0.0,0.0));
#12325=DIRECTION('',(0.0,1.0,0.0));
#12326=DIRECTION('',(0.0,0.0,1.0));
#12327=DIRECTION('',(0.0,1.0,0.0));
#12328=DIRECTION('',(1.0,0.0,0.0));
#12329=DIRECTION('',(0.0,1.0,0.0));
#12330=DIRECTION('',(0.0,0.0,-1.0));
#12331=DIRECTION('',(0.0,1.0,0.0));
#12332=DIRECTION('',(-1.0,0.0,0.0));
#12333=DIRECTION('',(0.0,1.0,0.0));
#12334=DIRECTION('',(0.0,0.0,1.0));
#12335=DIRECTION('',(0.0,1.0,0.0));
#12336=DIRECTION('',(1.0,0.0,0.0));
#12337=DIRECTION('',(0.0,1.0,0.0));
#12338=DIRECTION('',(0.0,0.0,-1.0));
#12339=DIRECTION('',(0.0,1.0,0.0));
#12340=DIRECTION('',(-1.0,0.0,0.0));
#12341=DIRECTION('',(0.0,1.0,0.0));
#12342=DIRECTION('',(0.0,0.0,1.0));
#12343=DIRECTION('',(0.0,1.0,0.0));
#12344=DIRECTION('',(1.0,0.0,0.0));
#12345=DIRECTION('',(0.0,1.0,0.0));
#12346=DIRECTION('',(0.0,0.0,-1.0));
#12347=DIRECTION('',(0.0,1.0,0.0));
#12348=DIRECTION('',(-1.0,0.0,0.0));
#12349=DIRECTION('',(0.0,1.0,0.0));
#12350=DIRECTION('',(0.0,0.0,1.0));
#12351=DIRECTION('',(0.0,1.0,0.0));
#12352=DIRECTION('',(1.0,0.0,0.0));
#12353=DIRECTION('',(0.0,1.0,0.0));
#12354=DIRECTION('',(0.0,0.0,-1.0));
#12355=DIRECTION('',(0.0,1.0,0.0));
#12356=DIRECTION('',(-1.0,0.0,0.0));
#12357=DIRECTION('',(0.0,1.0,0.0));
#12358=DIRECTION('',(0.0,0.0,1.0));
#12359=DIRECTION('',(0.0,1.0,0.0));
#12360=DIRECTION('',(1.0,0.0,0.0));
#12361=DIRECTION('',(0.0,1.0,0.0));
#12362=DIRECTION('',(0.0,0.0,-1.0));
#12363=DIRECTION('',(0.0,1.0,0.0));
#12364=DIRECTION('',(-1.0,0.0,0.0));
#12365=DIRECTION('',(0.0,1.0,0.0));
#12366=DIRECTION('',(0.0,0.0,1.0));
#12367=DIRECTION('',(0.0,1.0,0.0));
#12368=DIRECTION('',(1.0,0.0,0.0));
#12369=DIRECTION('',(0.0,1.0,0.0));
#12370=DIRECTION('',(0.0,0.0,-1.0));
#12371=DIRECTION('',(0.0,1.0,0.0));
#12372=DIRECTION('',(-1.0,0.0,0.0));
#12373=DIRECTION('',(0.0,1.0,0.0));
#12374=DIRECTION('',(0.0,0.0,1.0));
#12375=DIRECTION('',(0.0,1.0,0.0));
#12376=DIRECTION('',(1.0,0.0,0.0));
#12377=DIRECTION('',(0.0,1.0,0.0));
#12378=DIRECTION('',(0.0,0.0,-1.0));
#12379=DIRECTION('',(0.0,1.0,0.0));
#12380=DIRECTION('',(-1.0,0.0,0.0));
#12381=DIRECTION('',(0.0,1.0,0.0));
#12382=DIRECTION('',(0.0,0.0,1.0));
#12383=DIRECTION('',(0.0,1.0,0.0));
#12384=DIRECTION('',(1.0,0.0,0.0));
#12385=DIRECTION('',(0.0,1.0,0.0));
#12386=DIRECTION('',(0.0,0.0,-1.0));
#12387=DIRECTION('',(0.0,1.0,0.0));
#12388=DIRECTION('',(-1.0,0.0,0.0));
#12389=DIRECTION('',(0.0,1.0,0.0));
#12390=DIRECTION('',(0.0,0.0,1.0));
#12391=DIRECTION('',(0.0,1.0,0.0));
#12392=DIRECTION('',(1.0,0.0,0.0));
#12393=DIRECTION('',(1.0,0.0,0.0));
#12394=DIRECTION('',(0.0,1.0,0.0));
#12395=DIRECTION('',(-0.707106781186548,0.707106781186548,0.0));
#12396=DIRECTION('',(0.0,1.0,0.0));
#12397=DIRECTION('',(1.0,0.0,0.0));
#12398=DIRECTION('',(0.0,1.0,0.0));
#12399=DIRECTION('',(1.0,0.0,0.0));
#12400=DIRECTION('',(0.0,1.0,0.0));
#12401=DIRECTION('',(1.0,0.0,0.0));
#12402=DIRECTION('',(0.0,1.0,0.0));
#12403=DIRECTION('',(-0.707106781186548,-0.707106781186548,0.0));
#12404=DIRECTION('',(-1.39322105051E-14,1.0,0.0));
#12405=DIRECTION('',(0.0,0.866025403784429,0.500000000000017));
#12406=DIRECTION('',(0.0,0.0,1.0));
#12407=DIRECTION('',(0.0,0.866025403784429,0.500000000000017));
#12408=DIRECTION('',(0.0,1.0,0.0));
#12409=DIRECTION('',(0.0,0.866025403784429,0.500000000000017));
#12410=DIRECTION('',(-1.0,0.0,0.0));
#12411=DIRECTION('',(0.0,0.866025403784429,0.500000000000017));
#12412=DIRECTION('',(1.0,0.0,0.0));
#12413=DIRECTION('',(0.0,0.0,-1.0));
#12414=DIRECTION('',(0.0,1.0,0.0));
#12415=DIRECTION('',(0.0,0.0,1.0));
#12416=DIRECTION('',(0.0,-1.0,0.0));
#12417=DIRECTION('',(-0.707106781186548,-0.707106781186548,0.0));
#12418=DIRECTION('',(0.0,1.0,0.0));
#12419=DIRECTION('',(1.0,0.0,0.0));
#12420=DIRECTION('',(0.0,1.0,0.0));
#12421=DIRECTION('',(-0.707106781186548,0.707106781186548,0.0));
#12422=DIRECTION('',(0.0,-1.0,0.0));
#12423=DIRECTION('',(0.0,0.866025403784429,0.500000000000017));
#12424=DIRECTION('',(0.0,0.866025403784429,0.500000000000017));
#12425=DIRECTION('',(0.0,0.0,1.0));
#12426=DIRECTION('',(0.0,0.866025403784429,0.500000000000017));
#12427=DIRECTION('',(0.0,0.866025403784429,0.500000000000017));
#12428=DIRECTION('',(-1.0,0.0,0.0));
#12429=DIRECTION('',(0.0,0.0,1.0));
#12430=DIRECTION('',(0.0,0.0,-1.0));
#12431=DIRECTION('',(0.0,0.0,-1.0));
#12432=DIRECTION('',(0.0,0.0,-1.0));
#12433=CARTESIAN_POINT('',(-22.5836,-0.896,-1.91));
#12434=DIRECTION('',(1.0,0.0,0.0));
#12435=DIRECTION('',(0.0,0.281761006289288,-0.959484619644759));
#12436=DIRECTION('',(1.0,0.0,0.0));
#12437=CARTESIAN_POINT('',(22.5836,-0.896,-1.91));
#12438=DIRECTION('',(1.0,0.0,0.0));
#12439=DIRECTION('',(0.0,0.281761006289288,-0.959484619644759));
#12440=DIRECTION('',(1.0,0.0,0.0));
#12441=DIRECTION('',(0.0,0.0,-1.0));
#12442=DIRECTION('',(0.0,0.0,-1.0));
#12443=DIRECTION('',(0.0,0.866025403784429,0.500000000000017));
#12444=DIRECTION('',(0.0,0.0,1.0));
#12445=DIRECTION('',(-1.0,0.0,0.0));
#12446=DIRECTION('',(0.0,0.0,1.0));
#12447=DIRECTION('',(0.0,0.866025403784429,0.500000000000017));
#12448=DIRECTION('',(0.0,0.866025403784429,0.500000000000017));
#12449=DIRECTION('',(0.0,0.0,1.0));
#12450=DIRECTION('',(-1.0,0.0,0.0));
#12451=DIRECTION('',(0.0,0.0,1.0));
#12452=DIRECTION('',(0.0,0.866025403784429,0.500000000000017));
#12453=DIRECTION('',(0.0,0.866025403784429,0.500000000000017));
#12454=DIRECTION('',(0.0,0.0,1.0));
#12455=DIRECTION('',(-1.0,0.0,0.0));
#12456=DIRECTION('',(0.0,0.0,1.0));
#12457=DIRECTION('',(0.0,0.866025403784429,0.500000000000017));
#12458=DIRECTION('',(0.0,1.0,0.0));
#12459=CARTESIAN_POINT('',(-8.4948,-0.896,-1.91));
#12460=DIRECTION('',(1.0,0.0,0.0));
#12461=DIRECTION('',(0.0,0.281761006289288,-0.959484619644759));
#12462=DIRECTION('',(0.0,0.0,-1.0));
#12463=DIRECTION('',(1.0,0.0,0.0));
#12464=DIRECTION('',(0.0,0.0,-1.0));
#12465=CARTESIAN_POINT('',(-7.3548,-0.896,-1.91));
#12466=DIRECTION('',(1.0,0.0,0.0));
#12467=DIRECTION('',(0.0,0.281761006289288,-0.959484619644759));
#12468=DIRECTION('',(0.0,1.0,0.0));
#12469=DIRECTION('',(1.0,0.0,0.0));
#12470=DIRECTION('',(0.0,0.866025403784429,0.500000000000017));
#12471=DIRECTION('',(0.0,0.0,1.0));
#12472=DIRECTION('',(-1.0,0.0,0.0));
#12473=DIRECTION('',(0.0,0.0,1.0));
#12474=DIRECTION('',(0.0,0.866025403784429,0.500000000000017));
#12475=DIRECTION('',(0.0,0.866025403784429,0.500000000000017));
#12476=DIRECTION('',(0.0,0.0,1.0));
#12477=DIRECTION('',(-1.0,0.0,0.0));
#12478=DIRECTION('',(0.0,0.0,1.0));
#12479=DIRECTION('',(0.0,0.866025403784429,0.500000000000017));
#12480=DIRECTION('',(0.0,0.866025403784429,0.500000000000017));
#12481=DIRECTION('',(0.0,0.0,1.0));
#12482=DIRECTION('',(-1.0,0.0,0.0));
#12483=DIRECTION('',(0.0,0.0,1.0));
#12484=DIRECTION('',(0.0,0.866025403784429,0.500000000000017));
#12485=DIRECTION('',(0.0,0.866025403784429,0.500000000000017));
#12486=DIRECTION('',(0.0,0.0,1.0));
#12487=DIRECTION('',(-1.0,0.0,0.0));
#12488=DIRECTION('',(0.0,0.0,1.0));
#12489=DIRECTION('',(0.0,0.866025403784429,0.500000000000017));
#12490=DIRECTION('',(0.0,1.0,0.0));
#12491=CARTESIAN_POINT('',(7.3533,-0.896,-1.91));
#12492=DIRECTION('',(1.0,0.0,0.0));
#12493=DIRECTION('',(0.0,0.281761006289288,-0.959484619644759));
#12494=DIRECTION('',(0.0,0.0,-1.0));
#12495=DIRECTION('',(1.0,0.0,0.0));
#12496=DIRECTION('',(0.0,0.0,-1.0));
#12497=CARTESIAN_POINT('',(8.4963,-0.896,-1.91));
#12498=DIRECTION('',(1.0,0.0,0.0));
#12499=DIRECTION('',(0.0,0.281761006289288,-0.959484619644759));
#12500=DIRECTION('',(0.0,1.0,0.0));
#12501=DIRECTION('',(1.0,0.0,0.0));
#12502=DIRECTION('',(0.0,0.866025403784429,0.500000000000017));
#12503=DIRECTION('',(0.0,0.0,1.0));
#12504=DIRECTION('',(-1.0,0.0,0.0));
#12505=DIRECTION('',(0.0,0.0,1.0));
#12506=DIRECTION('',(0.0,0.866025403784429,0.500000000000017));
#12507=DIRECTION('',(0.0,0.866025403784429,0.500000000000017));
#12508=DIRECTION('',(0.0,0.0,1.0));
#12509=DIRECTION('',(-1.0,0.0,0.0));
#12510=DIRECTION('',(0.0,0.0,1.0));
#12511=DIRECTION('',(0.0,0.866025403784429,0.500000000000017));
#12512=DIRECTION('',(0.0,0.866025403784429,0.500000000000017));
#12513=DIRECTION('',(0.0,0.0,1.0));
#12514=DIRECTION('',(-1.0,0.0,0.0));
#12515=DIRECTION('',(0.0,0.0,1.0));
#12516=DIRECTION('',(0.0,0.866025403784429,0.500000000000017));
#12517=DIRECTION('',(1.0,0.0,0.0));
#12518=DIRECTION('',(-0.000294305809390013,-0.999999956692044,0.0));
#12519=DIRECTION('',(0.0,1.0,0.0));
#12520=DIRECTION('',(1.0,0.0,0.0));
#12521=DIRECTION('',(0.0,1.0,0.0));
#12522=DIRECTION('',(0.0,1.0,0.0));
#12523=DIRECTION('',(1.0,0.0,0.0));
#12524=DIRECTION('',(0.0,1.0,0.0));
#12525=DIRECTION('',(0.0,1.0,0.0));
#12526=DIRECTION('',(1.0,0.0,0.0));
#12527=DIRECTION('',(0.0,1.0,0.0));
#12528=DIRECTION('',(0.0,1.0,0.0));
#12529=DIRECTION('',(1.0,0.0,0.0));
#12530=DIRECTION('',(0.0,1.0,0.0));
#12531=DIRECTION('',(0.0,1.0,0.0));
#12532=DIRECTION('',(1.0,0.0,0.0));
#12533=DIRECTION('',(0.0,1.0,0.0));
#12534=DIRECTION('',(0.0,1.0,0.0));
#12535=DIRECTION('',(1.0,0.0,0.0));
#12536=DIRECTION('',(0.0,1.0,0.0));
#12537=DIRECTION('',(0.0,1.0,0.0));
#12538=DIRECTION('',(1.0,0.0,0.0));
#12539=DIRECTION('',(0.0,1.0,0.0));
#12540=DIRECTION('',(0.0,1.0,0.0));
#12541=DIRECTION('',(1.0,0.0,0.0));
#12542=DIRECTION('',(0.0,1.0,0.0));
#12543=DIRECTION('',(0.0,1.0,0.0));
#12544=DIRECTION('',(1.0,0.0,0.0));
#12545=DIRECTION('',(0.0,1.0,0.0));
#12546=DIRECTION('',(0.0,1.0,0.0));
#12547=DIRECTION('',(1.0,0.0,0.0));
#12548=DIRECTION('',(0.0,1.0,0.0));
#12549=DIRECTION('',(1.0,0.0,0.0));
#12550=DIRECTION('',(0.0,-1.0,0.0));
#12551=DIRECTION('',(1.0,0.0,0.0));
#12552=DIRECTION('',(0.0,1.0,0.0));
#12553=DIRECTION('',(0.0,1.0,0.0));
#12554=DIRECTION('',(1.0,0.0,0.0));
#12555=DIRECTION('',(0.0,1.0,0.0));
#12556=DIRECTION('',(0.0,0.0,1.0));
#12557=DIRECTION('',(0.0,0.0,1.0));
#12558=DIRECTION('',(0.0,0.0,-1.0));
#12559=DIRECTION('',(0.0,0.0,1.0));
#12560=DIRECTION('',(0.0,0.0,-1.0));
#12561=DIRECTION('',(0.0,0.0,1.0));
#12562=DIRECTION('',(0.0,0.0,-1.0));
#12563=DIRECTION('',(0.0,0.0,1.0));
#12564=DIRECTION('',(0.0,0.0,-1.0));
#12565=DIRECTION('',(0.0,0.0,1.0));
#12566=DIRECTION('',(0.0,0.0,-1.0));
#12567=DIRECTION('',(0.0,0.0,1.0));
#12568=DIRECTION('',(0.0,0.0,-1.0));
#12569=DIRECTION('',(0.0,0.0,1.0));
#12570=DIRECTION('',(0.0,0.0,-1.0));
#12571=DIRECTION('',(0.0,0.0,1.0));
#12572=DIRECTION('',(0.0,0.0,-1.0));
#12573=DIRECTION('',(0.0,0.0,1.0));
#12574=DIRECTION('',(0.0,0.0,-1.0));
#12575=DIRECTION('',(0.0,0.0,1.0));
#12576=DIRECTION('',(0.0,0.0,-1.0));
#12577=DIRECTION('',(0.0,0.0,1.0));
#12578=DIRECTION('',(0.0,0.0,-1.0));
#12579=DIRECTION('',(0.0,0.0,-1.0));
#12580=DIRECTION('',(0.0,0.0,-1.0));
#12581=DIRECTION('',(0.0,0.0,-1.0));
#12582=DIRECTION('',(1.0,0.0,0.0));
#12583=DIRECTION('',(-0.554700196225229,-0.832050294337844,0.0));
#12584=DIRECTION('',(0.0,-1.0,0.0));
#12585=DIRECTION('',(0.0,-1.0,0.0));
#12586=DIRECTION('',(-0.554700196225229,0.832050294337844,0.0));
#12587=DIRECTION('',(-0.554700196225229,0.832050294337844,0.0));
#12588=DIRECTION('',(0.0,0.0,-1.0));
#12589=DIRECTION('',(0.0,0.0,1.0));
#12590=CARTESIAN_POINT('',(17.1718,5.1562,-9.3692));
#12591=DIRECTION('',(1.0,0.0,0.0));
#12592=DIRECTION('',(0.0,0.0,-1.0));
#12593=DIRECTION('',(0.0,1.0,0.0));
#12594=DIRECTION('',(1.0,0.0,0.0));
#12595=DIRECTION('',(0.0,1.0,0.0));
#12596=DIRECTION('',(-0.554700196225229,-0.832050294337844,0.0));
#12597=DIRECTION('',(1.0,0.0,0.0));
#12598=DIRECTION('',(0.0,0.0,-1.0));
#12599=DIRECTION('',(0.0,0.0,1.0));
#12600=CARTESIAN_POINT('',(18.4418,5.1562,-9.3692));
#12601=DIRECTION('',(1.0,0.0,0.0));
#12602=DIRECTION('',(0.0,0.0,-1.0));
#12603=DIRECTION('',(1.0,0.0,0.0));
#12604=DIRECTION('',(-0.554700196225229,-0.832050294337844,0.0));
#12605=DIRECTION('',(0.0,-1.0,0.0));
#12606=DIRECTION('',(0.0,-1.0,0.0));
#12607=DIRECTION('',(-0.554700196225229,0.832050294337844,0.0));
#12608=DIRECTION('',(-0.554700196225229,0.832050294337844,0.0));
#12609=DIRECTION('',(0.0,0.0,-1.0));
#12610=DIRECTION('',(0.0,0.0,1.0));
#12611=CARTESIAN_POINT('',(13.2118,5.1562,-9.3692));
#12612=DIRECTION('',(1.0,0.0,0.0));
#12613=DIRECTION('',(0.0,0.0,-1.0));
#12614=DIRECTION('',(0.0,1.0,0.0));
#12615=DIRECTION('',(1.0,0.0,0.0));
#12616=DIRECTION('',(0.0,1.0,0.0));
#12617=DIRECTION('',(-0.554700196225229,-0.832050294337844,0.0));
#12618=DIRECTION('',(1.0,0.0,0.0));
#12619=DIRECTION('',(1.049029629567E-14,0.0,-1.0));
#12620=DIRECTION('',(0.0,0.0,1.0));
#12621=CARTESIAN_POINT('',(14.4818,5.1562,-9.3692));
#12622=DIRECTION('',(1.0,0.0,0.0));
#12623=DIRECTION('',(0.0,0.0,-1.0));
#12624=DIRECTION('',(1.0,0.0,0.0));
#12625=DIRECTION('',(-0.554700196225229,-0.832050294337844,0.0));
#12626=DIRECTION('',(0.0,-1.0,0.0));
#12627=DIRECTION('',(0.0,-1.0,0.0));
#12628=DIRECTION('',(-0.554700196225229,0.832050294337844,0.0));
#12629=DIRECTION('',(-0.554700196225229,0.832050294337844,0.0));
#12630=DIRECTION('',(0.0,0.0,-1.0));
#12631=DIRECTION('',(0.0,0.0,1.0));
#12632=CARTESIAN_POINT('',(9.2518,5.1562,-9.3692));
#12633=DIRECTION('',(1.0,0.0,0.0));
#12634=DIRECTION('',(0.0,0.0,-1.0));
#12635=DIRECTION('',(0.0,1.0,0.0));
#12636=DIRECTION('',(1.0,0.0,0.0));
#12637=DIRECTION('',(0.0,1.0,0.0));
#12638=DIRECTION('',(-0.554700196225229,-0.832050294337844,0.0));
#12639=DIRECTION('',(1.0,0.0,0.0));
#12640=DIRECTION('',(0.0,0.0,-1.0));
#12641=DIRECTION('',(0.0,0.0,1.0));
#12642=CARTESIAN_POINT('',(10.5218,5.1562,-9.3692));
#12643=DIRECTION('',(1.0,0.0,0.0));
#12644=DIRECTION('',(0.0,0.0,-1.0));
#12645=DIRECTION('',(1.0,0.0,0.0));
#12646=DIRECTION('',(-0.554700196225229,-0.832050294337844,0.0));
#12647=DIRECTION('',(0.0,-1.0,0.0));
#12648=DIRECTION('',(0.0,-1.0,0.0));
#12649=DIRECTION('',(-0.554700196225229,0.832050294337844,0.0));
#12650=DIRECTION('',(-0.554700196225229,0.832050294337844,0.0));
#12651=DIRECTION('',(0.0,0.0,-1.0));
#12652=DIRECTION('',(0.0,0.0,1.0));
#12653=CARTESIAN_POINT('',(5.2918,5.1562,-9.3692));
#12654=DIRECTION('',(1.0,0.0,0.0));
#12655=DIRECTION('',(0.0,0.0,-1.0));
#12656=DIRECTION('',(0.0,1.0,0.0));
#12657=DIRECTION('',(1.0,0.0,0.0));
#12658=DIRECTION('',(0.0,1.0,0.0));
#12659=DIRECTION('',(-0.554700196225229,-0.832050294337844,0.0));
#12660=DIRECTION('',(1.0,0.0,0.0));
#12661=DIRECTION('',(0.0,0.0,-1.0));
#12662=DIRECTION('',(0.0,0.0,1.0));
#12663=CARTESIAN_POINT('',(6.5618,5.1562,-9.3692));
#12664=DIRECTION('',(1.0,0.0,0.0));
#12665=DIRECTION('',(0.0,0.0,-1.0));
#12666=DIRECTION('',(1.0,0.0,0.0));
#12667=DIRECTION('',(-0.554700196225229,-0.832050294337844,0.0));
#12668=DIRECTION('',(0.0,-1.0,0.0));
#12669=DIRECTION('',(0.0,-1.0,0.0));
#12670=DIRECTION('',(-0.554700196225229,0.832050294337844,0.0));
#12671=DIRECTION('',(-0.554700196225229,0.832050294337844,0.0));
#12672=DIRECTION('',(0.0,0.0,-1.0));
#12673=DIRECTION('',(0.0,0.0,1.0));
#12674=CARTESIAN_POINT('',(1.3318,5.1562,-9.3692));
#12675=DIRECTION('',(1.0,0.0,0.0));
#12676=DIRECTION('',(0.0,0.0,-1.0));
#12677=DIRECTION('',(0.0,1.0,0.0));
#12678=DIRECTION('',(1.0,0.0,0.0));
#12679=DIRECTION('',(0.0,1.0,0.0));
#12680=DIRECTION('',(-0.554700196225229,-0.832050294337844,0.0));
#12681=DIRECTION('',(1.0,0.0,0.0));
#12682=DIRECTION('',(0.0,0.0,-1.0));
#12683=DIRECTION('',(0.0,0.0,1.0));
#12684=CARTESIAN_POINT('',(2.6018,5.1562,-9.3692));
#12685=DIRECTION('',(1.0,0.0,0.0));
#12686=DIRECTION('',(0.0,0.0,-1.0));
#12687=DIRECTION('',(1.0,0.0,0.0));
#12688=DIRECTION('',(-0.554700196225229,-0.832050294337844,0.0));
#12689=DIRECTION('',(0.0,-1.0,0.0));
#12690=DIRECTION('',(0.0,-1.0,0.0));
#12691=DIRECTION('',(-0.554700196225229,0.832050294337844,0.0));
#12692=DIRECTION('',(-0.554700196225229,0.832050294337844,0.0));
#12693=DIRECTION('',(0.0,0.0,-1.0));
#12694=DIRECTION('',(0.0,0.0,1.0));
#12695=CARTESIAN_POINT('',(-2.6282,5.1562,-9.3692));
#12696=DIRECTION('',(1.0,0.0,0.0));
#12697=DIRECTION('',(0.0,0.0,-1.0));
#12698=DIRECTION('',(0.0,1.0,0.0));
#12699=DIRECTION('',(1.0,0.0,0.0));
#12700=DIRECTION('',(0.0,1.0,0.0));
#12701=DIRECTION('',(-0.554700196225229,-0.832050294337844,0.0));
#12702=DIRECTION('',(1.0,0.0,0.0));
#12703=DIRECTION('',(0.0,0.0,-1.0));
#12704=DIRECTION('',(0.0,0.0,1.0));
#12705=CARTESIAN_POINT('',(-1.3582,5.1562,-9.3692));
#12706=DIRECTION('',(1.0,0.0,0.0));
#12707=DIRECTION('',(0.0,0.0,-1.0));
#12708=DIRECTION('',(1.0,0.0,0.0));
#12709=DIRECTION('',(-0.554700196225229,-0.832050294337844,0.0));
#12710=DIRECTION('',(0.0,-1.0,0.0));
#12711=DIRECTION('',(0.0,-1.0,0.0));
#12712=DIRECTION('',(-0.554700196225229,0.832050294337844,0.0));
#12713=DIRECTION('',(-0.554700196225229,0.832050294337844,0.0));
#12714=DIRECTION('',(0.0,0.0,-1.0));
#12715=DIRECTION('',(0.0,0.0,1.0));
#12716=CARTESIAN_POINT('',(-6.5882,5.1562,-9.3692));
#12717=DIRECTION('',(1.0,0.0,0.0));
#12718=DIRECTION('',(0.0,0.0,-1.0));
#12719=DIRECTION('',(0.0,1.0,0.0));
#12720=DIRECTION('',(1.0,0.0,0.0));
#12721=DIRECTION('',(0.0,1.0,0.0));
#12722=DIRECTION('',(-0.554700196225229,-0.832050294337844,0.0));
#12723=DIRECTION('',(1.0,0.0,0.0));
#12724=DIRECTION('',(0.0,0.0,-1.0));
#12725=DIRECTION('',(0.0,0.0,1.0));
#12726=CARTESIAN_POINT('',(-5.3182,5.1562,-9.3692));
#12727=DIRECTION('',(1.0,0.0,0.0));
#12728=DIRECTION('',(0.0,0.0,-1.0));
#12729=DIRECTION('',(1.0,0.0,0.0));
#12730=DIRECTION('',(-0.554700196225229,-0.832050294337844,0.0));
#12731=DIRECTION('',(0.0,-1.0,0.0));
#12732=DIRECTION('',(0.0,-1.0,0.0));
#12733=DIRECTION('',(-0.554700196225229,0.832050294337844,0.0));
#12734=DIRECTION('',(-0.554700196225229,0.832050294337844,0.0));
#12735=DIRECTION('',(0.0,0.0,-1.0));
#12736=DIRECTION('',(0.0,0.0,1.0));
#12737=CARTESIAN_POINT('',(-10.5482,5.1562,-9.3692));
#12738=DIRECTION('',(1.0,0.0,0.0));
#12739=DIRECTION('',(0.0,0.0,-1.0));
#12740=DIRECTION('',(0.0,1.0,0.0));
#12741=DIRECTION('',(1.0,0.0,0.0));
#12742=DIRECTION('',(0.0,1.0,0.0));
#12743=DIRECTION('',(-0.554700196225229,-0.832050294337844,0.0));
#12744=DIRECTION('',(1.0,0.0,0.0));
#12745=DIRECTION('',(0.0,0.0,-1.0));
#12746=DIRECTION('',(0.0,0.0,1.0));
#12747=CARTESIAN_POINT('',(-9.2782,5.1562,-9.3692));
#12748=DIRECTION('',(1.0,0.0,0.0));
#12749=DIRECTION('',(0.0,0.0,-1.0));
#12750=DIRECTION('',(1.0,0.0,0.0));
#12751=DIRECTION('',(-0.554700196225229,-0.832050294337844,0.0));
#12752=DIRECTION('',(0.0,-1.0,0.0));
#12753=DIRECTION('',(0.0,-1.0,0.0));
#12754=DIRECTION('',(-0.554700196225229,0.832050294337844,0.0));
#12755=DIRECTION('',(-0.554700196225229,0.832050294337844,0.0));
#12756=DIRECTION('',(0.0,0.0,-1.0));
#12757=DIRECTION('',(0.0,0.0,1.0));
#12758=CARTESIAN_POINT('',(-14.5082,5.1562,-9.3692));
#12759=DIRECTION('',(1.0,0.0,0.0));
#12760=DIRECTION('',(0.0,0.0,-1.0));
#12761=DIRECTION('',(0.0,1.0,0.0));
#12762=DIRECTION('',(1.0,0.0,0.0));
#12763=DIRECTION('',(0.0,1.0,0.0));
#12764=DIRECTION('',(-0.554700196225229,-0.832050294337844,0.0));
#12765=DIRECTION('',(1.0,0.0,0.0));
#12766=DIRECTION('',(0.0,0.0,-1.0));
#12767=DIRECTION('',(0.0,0.0,1.0));
#12768=CARTESIAN_POINT('',(-13.2382,5.1562,-9.3692));
#12769=DIRECTION('',(1.0,0.0,0.0));
#12770=DIRECTION('',(0.0,0.0,-1.0));
#12771=DIRECTION('',(1.0,0.0,0.0));
#12772=DIRECTION('',(-0.554700196225229,-0.832050294337844,0.0));
#12773=DIRECTION('',(0.0,-1.0,0.0));
#12774=DIRECTION('',(0.0,-1.0,0.0));
#12775=DIRECTION('',(-0.554700196225229,0.832050294337844,0.0));
#12776=DIRECTION('',(-0.554700196225229,0.832050294337844,0.0));
#12777=DIRECTION('',(0.0,0.0,-1.0));
#12778=DIRECTION('',(0.0,0.0,1.0));
#12779=CARTESIAN_POINT('',(-18.4682,5.1562,-9.3692));
#12780=DIRECTION('',(1.0,0.0,0.0));
#12781=DIRECTION('',(0.0,0.0,-1.0));
#12782=DIRECTION('',(0.0,1.0,0.0));
#12783=DIRECTION('',(1.0,0.0,0.0));
#12784=DIRECTION('',(0.0,1.0,0.0));
#12785=DIRECTION('',(-0.554700196225229,-0.832050294337844,0.0));
#12786=DIRECTION('',(1.0,0.0,0.0));
#12787=DIRECTION('',(0.0,0.0,-1.0));
#12788=DIRECTION('',(0.0,0.0,1.0));
#12789=CARTESIAN_POINT('',(-17.1982,5.1562,-9.3692));
#12790=DIRECTION('',(1.0,0.0,0.0));
#12791=DIRECTION('',(0.0,0.0,-1.0));
#12792=DIRECTION('',(1.0,0.0,0.0));
#12793=DIRECTION('',(-0.554700196225229,-0.832050294337844,0.0));
#12794=DIRECTION('',(0.0,-1.0,0.0));
#12795=DIRECTION('',(0.0,-1.0,0.0));
#12796=DIRECTION('',(-0.554700196225229,0.832050294337844,0.0));
#12797=DIRECTION('',(-0.554700196225229,0.832050294337844,0.0));
#12798=DIRECTION('',(0.0,0.0,-1.0));
#12799=DIRECTION('',(0.0,0.0,1.0));
#12800=CARTESIAN_POINT('',(-22.4282,5.1562,-9.3692));
#12801=DIRECTION('',(1.0,0.0,0.0));
#12802=DIRECTION('',(0.0,0.0,-1.0));
#12803=DIRECTION('',(0.0,1.0,0.0));
#12804=DIRECTION('',(1.0,0.0,0.0));
#12805=DIRECTION('',(0.0,1.0,0.0));
#12806=DIRECTION('',(-0.554700196225229,-0.832050294337844,0.0));
#12807=DIRECTION('',(1.0,0.0,0.0));
#12808=DIRECTION('',(0.0,0.0,-1.0));
#12809=DIRECTION('',(0.0,0.0,1.0));
#12810=CARTESIAN_POINT('',(-21.1582,5.1562,-9.3692));
#12811=DIRECTION('',(1.0,0.0,0.0));
#12812=DIRECTION('',(0.0,0.0,-1.0));
#12813=DIRECTION('',(0.0,1.0,0.0));
#12814=CARTESIAN_POINT('',(22.4018,5.1562,-9.3692));
#12815=DIRECTION('',(1.0,0.0,0.0));
#12816=DIRECTION('',(0.0,0.0,-1.0));
#12817=DIRECTION('',(0.0,0.0,1.0));
#12818=DIRECTION('',(0.0,0.0,-1.0));
#12819=DIRECTION('',(-0.554700196225229,-0.832050294337844,0.0));
#12820=DIRECTION('',(1.0,0.0,0.0));
#12821=DIRECTION('',(1.0,0.0,0.0));
#12822=DIRECTION('',(0.0,0.501718089771813,-0.865031189261823));
#12823=DIRECTION('',(-1.0,0.0,0.0));
#12824=DIRECTION('',(0.0,-1.0,0.0));
#12825=DIRECTION('',(0.0,0.501718089771813,-0.865031189261823));
#12826=DIRECTION('',(-1.0,0.0,0.0));
#12827=DIRECTION('',(0.0,0.501718089771813,-0.865031189261823));
#12828=DIRECTION('',(0.0,-1.0,0.0));
#12829=DIRECTION('',(0.0,-1.0,0.0));
#12830=DIRECTION('',(0.0,0.501718089771813,-0.865031189261823));
#12831=DIRECTION('',(-1.0,0.0,0.0));
#12832=DIRECTION('',(0.0,0.501718089771813,-0.865031189261823));
#12833=DIRECTION('',(0.0,-1.0,0.0));
#12834=DIRECTION('',(0.0,-1.0,0.0));
#12835=DIRECTION('',(0.0,1.0,0.0));
#12836=PRESENTATION_LAYER_ASSIGNMENT('','',(#26,#49,#50,#51,#52,#53,#54,#55,#56,#57,#58,#59,#60,#61,#62,#67,#68,#69,#70,#71,#72,#73,#74,#75,#76,#77,#78,#79,#80,#81,#82,#83,#84,#85,#86,#87,#88,#89,#90,#91,#92,#93,#94,#95,#96,#97,#98,#99,#100,#101,#102,#103,#104,#105,#106,#107,#108,#109,#110,#111,#112,#113,#114,#115,#116,#117,#118,#119,#120,#121,#122,#123,#124,#125,#126,#127,#128,#129,#130,#131,#132,#133,#134,#135,#136,#137,#138,#139,#140,#141,#142,#143,#144,#145,#146,#147,#148,#149,#150,#151,#152,#153,#154,#155,#156,#157,#158,#159,#160,#161,#162,#163,#164,#165,#166,#167,#168,#169,#170,#171,#172,#173,#174,#175,#176,#177,#178,#179,#180,#181,#182,#183,#184,#185,#186,#187,#188,#189,#190,#191,#192,#193,#194,#195,#196,#197,#198,#199,#200,#201,#202,#203,#204,#205,#206,#207,#208,#209,#210,#211,#212,#213,#214,#215,#216,#217,#218,#219,#220,#221,#222,#223,#224,#225,#226,#227,#228,#229,#230,#231,#232,#233,#234,#235,#236,#237,#238,#239,#240,#241,#242,#243,#244,#245,#246,#247,#248,#249,#250,#251,#252,#253,#254,#255,#256,#257,#258,#259,#260,#261,#262,#263,#264,#265,#266,#267,#268,#269,#270,#271,#272,#273,#274,#275,#276,#277,#278,#279,#280,#281,#282,#283,#284,#285,#286,#287,#288,#289,#290,#291,#292,#293,#294,#295,#296,#297,#298,#299,#300,#301,#302,#303,#304,#305,#306,#307,#308,#309,#310,#311,#312,#313,#314,#315,#316,#317,#318,#319,#320,#321,#322,#323,#324,#325,#326,#327,#328,#329,#330,#331,#332,#333,#334,#335,#336,#337,#338,#339,#340,#341,#342,#343,#344,#345,#346,#347,#348,#349,#350,#351,#352,#353,#354,#355,#356,#357,#358,#359,#360,#361,#362,#363,#364,#365,#366,#367,#368,#369,#370,#371,#372,#373,#374,#375,#376,#377,#378,#379,#380,#381,#382,#383,#384,#385,#386,#387,#388,#389,#390,#391,#392,#393,#394,#395,#396,#397,#398,#399,#400,#401,#402,#403,#404,#405,#406,#407,#408,#409,#410,#411,#412,#413,#414,#415,#416,#417,#418,#419,#420,#421,#422,#423,#424,#425,#426,#427,#428,#429,#430,#431,#432,#433,#434,#435,#436,#437,#438,#439,#440,#441,#442,#443,#444,#445,#446,#447,#448,#449,#450,#451,#452,#453,#454,#455,#456,#457,#458,#459,#460,#461,#462,#463,#464,#465,#466,#467,#468,#469,#470,#471,#472,#473,#474,#475,#476,#477,#478,#479,#480,#481,#482,#483,#484,#485,#486,#1384,#1385,#1386,#1387,#1388,#1389,#1390,#1391,#1392,#1393,#1394,#1395,#1396,#1397,#1398,#1399,#1400,#1401,#1402,#1403,#1404,#1405,#1406,#1407,#1408,#1409,#1410,#1411,#1412,#1413,#1414,#1415,#5812,#5813,#5814,#5815,#5816,#5817,#5818,#5819,#5820,#5821,#5822,#5823,#5824,#5825,#5826,#5827,#5828,#5829,#5830,#5831,#5832,#5833,#5834,#5835,#5836,#5837,#5838,#5839,#5840,#5841,#5842,#5843,#5844,#5845,#5846,#5847,#5848,#5849,#5850,#5851,#5852,#5853,#5854,#5855,#5856,#5857,#5858,#5859,#5860,#5861,#5862,#5863,#5864,#5865,#5866,#5867,#5868,#5869,#5870,#5871,#5872,#5873,#5874,#5875,#5876,#5877,#5878,#5879,#5880,#5881,#5882,#5883,#5884,#5885,#5886,#5887,#5888,#5889,#5890,#5891,#5892,#5893,#5894,#5895,#5896,#5897,#5898,#5899,#5900,#5901,#5902,#5903,#5904,#5905,#5906,#5907,#5908,#5909,#5910,#5911,#5912,#5913,#5914,#5915,#5916,#5917,#5918,#5919,#5920,#5921,#5922,#5923,#5924,#5925,#5926,#5927,#5928,#5929,#5930,#5931,#5932,#5933,#5934,#5935,#5936,#5937,#5938,#5939,#5940,#5941,#5942,#5943,#5944,#5945,#5946,#5947,#5948,#5949,#5950,#5951,#5952,#5953,#5954,#5955,#5956,#5957,#5958,#5959,#5960,#5961,#5962,#5963,#5964,#5965,#5966,#5967,#5968,#5969,#5970,#5971,#5972,#5973,#5974,#5975,#5976,#5977,#5978,#5979,#5980,#5981,#5982,#5983,#5984,#5985,#5986,#5987,#5988,#5989,#5990,#5991,#5992,#5993,#5994,#5995,#5996,#5997,#5998,#5999,#6000,#6001,#6002,#6003,#6004,#6005,#6006,#6007,#6008,#6009,#6010,#6011,#6012,#6013,#6014,#6015,#6016,#6017,#6018,#6019,#6020,#6021,#6022,#6023,#6024,#6025,#6026,#6027,#6028,#6029,#6030,#6031,#6032,#6033,#6034,#6035,#6036,#6037,#6038,#6039,#6040,#6041,#6042,#6043,#6044,#6045,#6046,#6047,#6048,#6049,#6050,#6051,#6052,#6053,#6054,#6055,#6056,#6057,#6058,#6059,#6060,#6061,#6062,#6063,#6064,#6065,#6066,#6067,#6068,#6069,#6070,#6071,#6072,#6073,#6074,#6075,#6076,#6077,#6078,#6079,#6080,#6081,#6082,#6083,#6084,#6085,#6086,#6087,#6088,#6089,#6090,#6091,#6092,#6093,#6094,#6095,#6096,#6097,#6098,#6099,#6100,#6101,#6102,#6103,#6104,#6105,#6106,#6107,#6108,#6109,#6110,#6111,#6112,#6113,#6114,#6115,#6116,#6117,#6118,#6119,#6120,#6121,#6122,#6123,#6124,#6125,#6126,#6127,#6128,#6129,#6130,#6131,#6132,#6133,#6134,#6135,#6136,#6137,#6138,#6139,#6140,#6141,#6142,#6143,#6144,#6145,#6146,#6147,#6148,#6149,#6150,#6151,#6152,#6153,#6154,#6155,#6156,#6157,#6158,#6159,#6160,#6161,#6162,#6163,#6164,#6165,#6166,#6167,#6168,#6169,#6170,#6171,#6172,#6173,#6174,#6175,#6176,#6177,#6178,#6179,#6180,#6181,#6182,#6183,#6184,#6185,#6186,#6187,#6188,#6189,#6190,#6191,#6192,#6193,#6194,#6195,#6196,#6197,#6198,#6199,#6200,#6201,#6202,#6203,#6204,#6205,#6206,#6207,#6208,#6209,#6210,#6211,#6212,#6213,#6214,#6215,#6216,#6217,#6218,#6219,#6220,#6221,#6222,#6223,#6224,#6225,#6226,#6227,#6228,#6229,#6230,#6231,#6232,#6233,#6234,#6235,#6236,#6237,#6238,#6239,#6240,#6241,#6242,#6243,#6244,#6245,#6246,#6247,#6248,#6249,#6250,#6251,#6252,#6253,#6254,#6255,#6256,#6257,#6258,#6259,#6260,#6261,#6262,#6263,#6264,#6265,#6266,#6267,#6268,#6269,#6270,#6271,#6272,#6273,#6274,#6275,#6276,#6277,#6278,#6279,#6280,#6281,#6282,#6283,#6284,#6285,#6286,#6287,#6288,#6289,#6290,#6291,#6292,#6293,#6294,#6295,#6296,#6297,#6298,#6299,#6300,#6301,#6302,#6303,#6304,#6305,#6306,#6307,#6308,#6309,#6310,#6311,#6312,#6313,#6314,#6315,#6316,#6317,#6318,#6319,#6320,#6321,#6322,#6323,#6324,#6325,#6326,#6327,#6328,#6329,#6330,#6331,#6332,#6333,#6334,#6335,#6336,#6337,#6338,#6339,#6340,#6341,#6342,#6343,#6344,#6345,#6346,#6347,#6348,#6349,#6350,#6351,#6352,#6353,#6354,#6355,#6356,#6357,#6358,#6359,#6360,#6361,#6362,#6363,#6364,#6365,#6366,#6367,#6368,#6369,#6370,#6371,#6372,#6373,#6374,#6375,#6376,#6377,#6378,#6379,#6380,#6381,#6382,#6383,#6384,#6385,#6386,#6387,#6388,#6389,#6390,#6391,#6392,#6393,#6394,#6395,#6396,#6397,#6398,#6399,#6400,#6401,#6402,#6403,#6404,#6405,#6406,#6407,#6408,#6409,#6410,#6411,#6412,#6413,#6414,#6415,#6416,#6417,#6418,#6419,#6420,#6421,#6422,#6423,#6424,#6425,#6426,#6427,#6428,#6429,#6430,#6431,#6432,#6433,#6434,#6435,#6436,#6437,#6438,#6439,#6440,#6441,#6442,#6443,#6444,#6445,#6446,#6447,#6448,#6449,#6450,#6451,#6452,#6453,#6454,#6455,#6456,#6457,#6458,#6459,#6460,#6461,#6462,#6463,#6464,#6465,#6466,#6467,#6468,#6469,#6470,#6471,#6472,#6473,#6474,#6475,#6476,#6477,#6478,#6479,#6480,#6481,#6482,#6483,#6484,#6485,#6486,#6487,#6488,#6489,#6490,#6491,#6492,#6493,#6494,#6495,#6496,#6497,#6498,#6499,#6500,#6501,#6502,#6503,#6504,#6505,#6506,#6507,#6508,#6509,#6510,#6511,#6512,#6513,#6514,#6515,#6516,#6517,#6518,#6519,#6520,#6521,#6522,#6523,#6524,#6525,#6526,#6527,#6528,#6529,#6530,#6531,#6532,#6533,#6534,#6535,#6536,#6537,#6538,#6539,#6540,#6541,#6542,#6543,#6544,#6545,#6546,#6547,#6548,#6549,#6550,#6551,#6552,#6553,#6554,#6555,#6556,#6557,#6558,#6559,#6560,#6561,#6562,#6563,#6564,#6565,#6566,#6567,#6568,#6569,#6570,#6571,#6572,#6573,#6574,#6575,#6576,#6577,#6578,#6579,#6580,#6581,#6582,#6583,#6584,#6585,#6586,#6587,#6588,#6589,#6590,#6591,#6592,#6593,#6594,#6595,#6596,#6597,#6598,#6599,#6600,#6601,#6602,#6603,#6604,#6605,#6606,#6607,#6608,#6609,#6610,#6611,#6612,#6613,#6614,#6615,#6616,#6617,#6618,#6619,#6620,#6621,#6622,#6623,#6624,#6625,#6626,#6627,#6628,#6629,#6630,#6631,#6632,#6633,#6634,#6635,#6636,#6637,#6638,#6639,#6640,#6641,#6642,#6643,#6644,#6645,#6646,#6647,#6648,#6649,#6650,#6651,#6652,#6653,#6654,#6655,#6656,#6657,#6658,#6659,#6660,#6661,#6662,#6663,#6664,#6665,#6666,#6667,#6668,#6669,#6670,#6671,#6672,#6673,#6674,#6675,#6676,#6677,#6678,#6679,#6680,#6681,#6682,#6683,#6684,#6685,#6686,#6687,#6688,#6689,#6690,#6691,#6692,#6693,#6694,#6695,#6696,#6697,#6698,#6699,#6700,#6701,#6702,#6703,#6704,#6705,#6706,#6707,#6708,#6709,#6710,#6711,#6712,#6713,#6714,#6715,#6716,#6717,#6718,#6719,#6720,#6721,#6722,#6723,#6724,#6725,#6726,#6727,#6728,#6729,#6730,#6731,#6732,#6733,#6734,#6735,#6736,#6737,#6738,#6739,#6740,#6741,#6742,#6743,#6744,#6745,#6746,#6747,#6748,#6749,#6750,#6751,#6752,#6753,#6754,#6755,#6756,#6757,#6758,#6759,#6760,#6761,#6762,#6763,#6764,#6765,#6766,#6767,#6768,#6769,#6770,#6771,#6772,#6773,#6774,#6775,#6776,#6777,#6778,#6779,#6780,#6781,#6782,#6783,#6784,#6785,#6786,#6787,#6788,#6789,#6790,#6791,#6792,#6793,#6794,#6795,#6796,#6797,#6798,#6799,#6800,#6801,#6802,#6803,#6804,#6805,#6806,#6807,#6808,#6809,#6810,#6811,#6812,#6813,#6814,#6815,#6816,#6817,#6818,#6819,#6820,#6821,#6822,#6823,#6824,#6825,#6826,#6827,#6828,#6829,#6830,#6831,#6832,#6833,#6834,#6835,#6836,#6837,#6838,#6839,#6840,#6841,#6842,#6843,#6844,#6845,#6846,#6847,#6848,#6849,#6850,#6851,#6852,#6853,#6854,#6855,#6856,#6857,#6858,#6859,#6860,#6861,#6862,#6863,#6864,#6865,#6866,#6867,#6868,#6869,#6870,#6871,#6872,#6873,#6874,#6875,#6876,#6877,#6878,#6879,#6880,#6881,#6882,#6883,#6884,#6885,#6886,#6887,#6888,#6889,#6890,#6891,#6892,#6893,#6894,#6895,#6896,#6897,#6898,#6899,#6900,#6901,#6902,#6903,#6904,#6905,#6906,#6907,#6908,#6909,#6910,#6911,#6992,#6993,#6995,#6997,#6999,#7001,#7003,#7005,#7007,#7009,#7011,#7014,#7015,#7017,#7019,#7021,#7023,#7025,#7027,#7029,#7032,#7034,#7036,#7038,#7040,#7042,#7044,#7046,#7048,#7050,#7052,#7054,#7056,#7059,#7062,#7069,#7071,#7073,#7075,#7077,#7079,#7081,#7083,#7085,#7087,#7089,#7091,#7093,#7095,#7097,#7099,#7101,#7103,#7105,#7107,#7109,#7111,#7113,#7115,#7117,#7119,#7121,#7123,#7125,#7127,#7129,#7131,#7133,#7135,#7137,#7139,#7141,#7143,#7145,#7147,#7149,#7151,#7153,#7155,#7157,#7159,#7161,#7163,#7165,#7167,#7169,#7171,#7173,#7175,#7177,#7179,#7181,#7183,#7185,#7187,#7189,#7191,#7195,#7196,#7198,#7200,#7203,#7204,#7206,#7208,#7211,#7212,#7214,#7216,#7219,#7220,#7222,#7224,#7227,#7228,#7230,#7232,#7235,#7236,#7238,#7240,#7243,#7244,#7246,#7248,#7251,#7252,#7254,#7256,#7259,#7260,#7262,#7264,#7267,#7268,#7270,#7272,#7275,#7276,#7278,#7280,#7283,#7284,#7286,#7288,#7291,#7293,#7296,#7299,#7303,#7305,#7308,#7310,#7315,#7317,#7320,#7323,#7327,#7329,#7332,#7334,#7339,#7341,#7344,#7347,#7351,#7353,#7356,#7358,#7363,#7365,#7368,#7371,#7375,#7377,#7380,#7382,#7387,#7389,#7392,#7395,#7399,#7401,#7404,#7406,#7411,#7413,#7416,#7419,#7423,#7425,#7428,#7430,#7435,#7437,#7440,#7443,#7447,#7449,#7452,#7454,#7459,#7461,#7464,#7467,#7471,#7473,#7476,#7478,#7483,#7485,#7488,#7491,#7495,#7497,#7500,#7502,#7507,#7509,#7512,#7515,#7519,#7521,#7524,#7526,#7531,#7533,#7536,#7539,#7543,#7545,#7548,#7550,#7555,#7557,#7560,#7563,#7567,#7569,#7572,#7574,#7579,#7581,#7586,#7588,#7593,#7595,#7597,#7599,#7601,#7603,#7606,#7607,#7609,#7611,#7613,#7615,#7617,#7619,#7621,#7623,#7625,#7627,#7629,#7631,#7633,#7635,#7637,#7639,#7641,#7643,#7645,#7647,#7649,#7651,#7653,#7655,#7657,#7659,#7661,#7663,#7665,#7667,#7669,#7671,#7673,#7675,#7677,#7679,#7681,#7683,#7685,#7687,#7689,#7691,#7693,#7695,#7697,#7699,#7701,#7703,#7705,#7707,#7709,#7711,#7713,#7715,#7717,#7719,#7721,#7723,#7725,#7727,#7729,#7731,#7733,#7735,#7737,#7739,#7741,#7743,#7745,#7747,#7749,#7751,#7753,#7755,#7757,#7759,#7761,#7763,#7765,#7767,#7769,#7771,#7773,#7775,#7777,#7779,#7781,#7783,#7785,#7788,#7790,#7792,#7794,#7796,#7798,#7800,#7803,#7805,#7807,#7810,#7812,#7815,#7817,#7821,#7825,#7827,#7831,#7833,#7837,#7839,#7843,#7845,#7849,#7851,#7855,#7857,#7861,#7863,#7867,#7869,#7873,#7875,#7879,#7881,#7885,#7887,#7890,#7893,#7895,#7897,#7900,#7902,#7905,#7907,#7910,#7912,#7915,#7917,#7920,#7922,#7925,#7927,#7930,#7932,#7935,#7937,#7940,#7942,#7945,#7947,#7950,#7952,#7955,#7957,#7960,#7962,#7964,#7967,#7968,#7970,#7972,#7975,#7976,#7978,#7980,#7983,#7984,#7986,#7988,#7991,#7992,#7994,#7996,#7999,#8000,#8002,#8004,#8007,#8008,#8010,#8012,#8015,#8016,#8018,#8020,#8023,#8024,#8026,#8028,#8031,#8032,#8034,#8036,#8039,#8040,#8042,#8044,#8047,#8048,#8050,#8052,#8055,#8056,#8058,#8060,#8063,#8065,#8068,#8070,#8073,#8075,#8078,#8081,#8085,#8087,#8090,#8093,#8097,#8099,#8102,#8105,#8109,#8111,#8114,#8117,#8121,#8123,#8126,#8129,#8133,#8135,#8138,#8141,#8145,#8147,#8150,#8153,#8157,#8159,#8162,#8165,#8169,#8171,#8174,#8177,#8181,#8183,#8186,#8189,#8193,#8195,#8198,#8201,#8205,#8207,#8210,#8213,#8217,#8219,#8221,#8223,#8225,#8228,#8230,#8232,#8234,#8236,#8240,#8242,#8246,#8248,#8251,#8255,#8257,#8259,#8261,#8264,#8268,#8272,#8278,#8281,#8287,#8290,#8294,#8297,#8301,#8304,#8308,#8310,#8313,#8316,#8320,#8323,#8327,#8330,#8334,#8337,#8341,#8344,#8348,#8350,#8353,#8356,#8360,#8363,#8367,#8370,#8374,#8377,#8381,#8384,#8386,#8389,#8391,#8394,#8396,#8399,#8401,#8404,#8406,#8409,#8411,#8414,#8416,#8419,#8421,#8424,#8426,#8429,#8431,#8434,#8435,#8437,#8441,#8443,#8472,#8473,#8475,#8478,#8481,#8482,#8486,#8489,#8491,#8493,#8499,#8500,#8502,#8505,#8508,#8509,#8513,#8516,#8518,#8520,#8526,#8527,#8529,#8532,#8535,#8536,#8540,#8543,#8545,#8547,#8553,#8554,#8556,#8559,#8562,#8563,#8567,#8570,#8572,#8574,#8580,#8581,#8583,#8586,#8589,#8590,#8594,#8597,#8599,#8601,#8607,#8608,#8610,#8613,#8616,#8617,#8621,#8624,#8626,#8628,#8634,#8635,#8637,#8640,#8643,#8644,#8648,#8651,#8653,#8655,#8661,#8662,#8664,#8667,#8670,#8671,#8675,#8678,#8680,#8682,#8688,#8689,#8691,#8694,#8697,#8698,#8702,#8705,#8707,#8709,#8715,#8716,#8718,#8721,#8724,#8725,#8729,#8732,#8734,#8736,#8742,#8743,#8745,#8748,#8751,#8752,#8756,#8759,#8761,#8763,#8769,#8770,#8774,#8779,#8783,#8785,#8790,#8792));
ENDSEC;
END-ISO-10303-21;
