ISO-10303-21;
HEADER;
FILE_DESCRIPTION(('STEP AP242'),'1');
FILE_NAME('0038001342.stp','2026-05-19T19:57:11',('TraceParts'),('TraceParts S.A.S.'),'Spatial InterOp 3D',' ',' ');
FILE_SCHEMA(('AP242_MANAGED_MODEL_BASED_3D_ENGINEERING_MIM_LF  {1 0 10303 442 1 1 4}'));
ENDSEC;
DATA;
#1=PRODUCT_DEFINITION_CONTEXT('',#10,'design');
#2=APPLICATION_PROTOCOL_DEFINITION('INTERNATIONAL STANDARD','ap242_managed_model_based_3d_engineering',2014,#10);
#3=PRODUCT_CATEGORY_RELATIONSHIP('NONE','NONE',#11,#12);
#4=SHAPE_DEFINITION_REPRESENTATION(#13,#14);
#5=SHAPE_DEFINITION_REPRESENTATION(#13,#15);
#6= (GEOMETRIC_REPRESENTATION_CONTEXT(3)GLOBAL_UNCERTAINTY_ASSIGNED_CONTEXT((#18))GLOBAL_UNIT_ASSIGNED_CONTEXT((#20,#21,#22))REPRESENTATION_CONTEXT('NONE','WORKSPACE'));
#10=APPLICATION_CONTEXT('managed model based 3d engineering');
#11=PRODUCT_CATEGORY('part','NONE');
#12=PRODUCT_RELATED_PRODUCT_CATEGORY('detail',' ',(#24));
#13=PRODUCT_DEFINITION_SHAPE('NONE','NONE',#25);
#14=ADVANCED_BREP_SHAPE_REPRESENTATION('1',(#26,#27),#6);
#15=GEOMETRICALLY_BOUNDED_SURFACE_SHAPE_REPRESENTATION('2',(#28,#29),#6);
#18=UNCERTAINTY_MEASURE_WITH_UNIT(LENGTH_MEASURE(1.0E-06),#20,'','');
#20= (CONVERSION_BASED_UNIT('MILLIMETRE',#32)LENGTH_UNIT()NAMED_UNIT(#35));
#21= (NAMED_UNIT(#37)PLANE_ANGLE_UNIT()SI_UNIT($,.RADIAN.));
#22= (NAMED_UNIT(#37)SOLID_ANGLE_UNIT()SI_UNIT($,.STERADIAN.));
#24=PRODUCT('1','','PART--DESC',(#43));
#25=PRODUCT_DEFINITION('','NONE',#44,#1);
#26=MANIFOLD_SOLID_BREP('1',#45);
#27=AXIS2_PLACEMENT_3D('',#46,#47,#48);
#28=GEOMETRIC_SET('2',(#49,#50,#51,#52,#53,#54,#55,#56,#57,#58,#59,#60));
#29=AXIS2_PLACEMENT_3D('',#61,#62,#63);
#32=LENGTH_MEASURE_WITH_UNIT(LENGTH_MEASURE(1.0),#64);
#35=DIMENSIONAL_EXPONENTS(1.0,0.0,0.0,0.0,0.0,0.0,0.0);
#37=DIMENSIONAL_EXPONENTS(0.0,0.0,0.0,0.0,0.0,0.0,0.0);
#43=PRODUCT_CONTEXT('',#10,'mechanical');
#44=PRODUCT_DEFINITION_FORMATION_WITH_SPECIFIED_SOURCE(' ','NONE',#24,.NOT_KNOWN.);
#45=CLOSED_SHELL('',(#65,#66,#67,#68,#69,#70,#71,#72,#73,#74,#75,#76,#77,#78,#79,#80,#81,#82,#83,#84,#85,#86,#87,#88,#89,#90,#91,#92,#93,#94,#95,#96,#97,#98,#99,#100,#101,#102,#103,#104,#105,#106,#107,#108,#109,#110,#111,#112,#113,#114,#115,#116,#117,#118,#119,#120,#121,#122,#123,#124,#125,#126,#127,#128,#129,#130,#131,#132,#133,#134,#135,#136,#137,#138,#139,#140,#141,#142,#143,#144,#145,#146,#147,#148,#149,#150,#151,#152,#153,#154,#155,#156,#157,#158,#159,#160,#161,#162,#163,#164,#165,#166,#167,#168,#169,#170,#171,#172,#173,#174,#175,#176,#177,#178,#179,#180,#181,#182,#183,#184,#185,#186,#187,#188,#189,#190,#191,#192,#193,#194,#195,#196,#197,#198,#199,#200,#201,#202,#203,#204,#205,#206,#207,#208,#209,#210,#211,#212,#213,#214,#215,#216,#217,#218,#219,#220,#221,#222,#223,#224,#225,#226,#227,#228,#229,#230,#231,#232,#233,#234,#235,#236,#237,#238,#239,#240,#241,#242,#243,#244,#245,#246,#247,#248,#249,#250,#251,#252,#253,#254,#255,#256,#257,#258,#259,#260,#261,#262,#263,#264,#265,#266,#267,#268,#269,#270,#271,#272,#273,#274,#275,#276,#277,#278,#279,#280,#281,#282,#283,#284,#285,#286,#287,#288,#289,#290,#291,#292,#293,#294,#295,#296,#297,#298,#299,#300,#301,#302,#303,#304,#305,#306,#307,#308,#309,#310,#311,#312,#313,#314,#315,#316,#317,#318,#319,#320,#321,#322,#323,#324,#325,#326,#327,#328,#329,#330,#331,#332,#333,#334,#335,#336,#337,#338,#339,#340,#341,#342,#343,#344,#345,#346,#347,#348,#349,#350,#351,#352,#353,#354,#355,#356,#357,#358,#359,#360,#361,#362,#363,#364,#365,#366,#367,#368,#369,#370,#371,#372,#373,#374,#375,#376,#377,#378,#379,#380,#381,#382,#383,#384,#385,#386,#387,#388,#389,#390,#391,#392,#393,#394,#395,#396,#397,#398,#399,#400,#401,#402,#403,#404,#405,#406,#407,#408,#409,#410,#411,#412,#413,#414,#415,#416,#417,#418,#419,#420,#421,#422,#423,#424,#425,#426,#427,#428,#429,#430,#431,#432,#433,#434,#435,#436,#437,#438,#439,#440,#441,#442,#443,#444,#445,#446,#447,#448,#449,#450,#451,#452,#453,#454,#455,#456,#457,#458,#459,#460,#461,#462,#463,#464,#465,#466,#467,#468,#469,#470,#471,#472,#473,#474,#475,#476,#477,#478,#479,#480,#481,#482,#483,#484,#485,#486,#487,#488,#489,#490,#491,#492,#493,#494,#495,#496,#497,#498,#499,#500,#501,#502,#503,#504,#505,#506,#507,#508,#509,#510,#511,#512,#513,#514,#515,#516,#517,#518,#519,#520,#521,#522,#523,#524,#525,#526,#527,#528,#529,#530,#531,#532,#533,#534,#535,#536,#537,#538,#539,#540,#541,#542,#543,#544,#545,#546,#547,#548,#549,#550,#551,#552,#553,#554,#555,#556,#557,#558,#559,#560,#561,#562,#563,#564,#565,#566,#567,#568,#569,#570,#571,#572,#573,#574,#575,#576,#577,#578,#579,#580,#581,#582,#583,#584,#585,#586,#587,#588,#589,#590,#591,#592,#593,#594,#595,#596,#597,#598,#599,#600,#601,#602,#603,#604,#605,#606,#607,#608,#609,#610,#611,#612,#613,#614,#615,#616,#617,#618,#619,#620,#621,#622,#623,#624,#625,#626,#627,#628,#629,#630,#631,#632,#633,#634,#635,#636,#637,#638,#639,#640,#641,#642,#643,#644,#645,#646,#647,#648,#649,#650,#651,#652,#653,#654,#655,#656,#657,#658,#659,#660,#661,#662,#663,#664,#665,#666,#667,#668,#669,#670,#671,#672,#673,#674,#675,#676,#677,#678));
#46=CARTESIAN_POINT('',(0.0,0.0,0.0));
#47=DIRECTION('',(0.0,0.0,1.0));
#48=DIRECTION('',(1.0,0.0,0.0));
#49=COMPOSITE_CURVE('',(#679,#680),.U.);
#50=COMPOSITE_CURVE('',(#681,#682),.U.);
#51=COMPOSITE_CURVE('',(#683,#684),.U.);
#52=COMPOSITE_CURVE('',(#685,#686),.U.);
#53=COMPOSITE_CURVE('',(#687,#688),.U.);
#54=COMPOSITE_CURVE('',(#689,#690),.U.);
#55=COMPOSITE_CURVE('',(#691,#692),.U.);
#56=COMPOSITE_CURVE('',(#693,#694),.U.);
#57=COMPOSITE_CURVE('',(#695,#696),.U.);
#58=COMPOSITE_CURVE('',(#697,#698),.U.);
#59=COMPOSITE_CURVE('',(#699,#700),.U.);
#60=COMPOSITE_CURVE('',(#701,#702),.U.);
#61=CARTESIAN_POINT('',(0.0,0.0,0.0));
#62=DIRECTION('',(0.0,0.0,1.0));
#63=DIRECTION('',(1.0,0.0,0.0));
#64= (NAMED_UNIT(#35)LENGTH_UNIT()SI_UNIT(.MILLI.,.METRE.));
#65=ADVANCED_FACE('',(#704),#705,.T.);
#66=ADVANCED_FACE('',(#706),#707,.T.);
#67=ADVANCED_FACE('',(#708),#709,.F.);
#68=ADVANCED_FACE('',(#710),#711,.F.);
#69=ADVANCED_FACE('',(#712),#713,.T.);
#70=ADVANCED_FACE('',(#714),#715,.T.);
#71=ADVANCED_FACE('',(#716),#717,.F.);
#72=ADVANCED_FACE('',(#718),#719,.F.);
#73=ADVANCED_FACE('',(#720),#721,.T.);
#74=ADVANCED_FACE('',(#722),#723,.T.);
#75=ADVANCED_FACE('',(#724),#725,.F.);
#76=ADVANCED_FACE('',(#726),#727,.F.);
#77=ADVANCED_FACE('',(#728),#729,.T.);
#78=ADVANCED_FACE('',(#730),#731,.T.);
#79=ADVANCED_FACE('',(#732),#733,.F.);
#80=ADVANCED_FACE('',(#734),#735,.F.);
#81=ADVANCED_FACE('',(#736),#737,.T.);
#82=ADVANCED_FACE('',(#738),#739,.T.);
#83=ADVANCED_FACE('',(#740),#741,.F.);
#84=ADVANCED_FACE('',(#742),#743,.F.);
#85=ADVANCED_FACE('',(#744),#745,.T.);
#86=ADVANCED_FACE('',(#746),#747,.T.);
#87=ADVANCED_FACE('',(#748),#749,.F.);
#88=ADVANCED_FACE('',(#750),#751,.F.);
#89=ADVANCED_FACE('',(#752),#753,.T.);
#90=ADVANCED_FACE('',(#754),#755,.T.);
#91=ADVANCED_FACE('',(#756),#757,.F.);
#92=ADVANCED_FACE('',(#758),#759,.F.);
#93=ADVANCED_FACE('',(#760),#761,.T.);
#94=ADVANCED_FACE('',(#762),#763,.T.);
#95=ADVANCED_FACE('',(#764),#765,.F.);
#96=ADVANCED_FACE('',(#766),#767,.F.);
#97=ADVANCED_FACE('',(#768),#769,.T.);
#98=ADVANCED_FACE('',(#770),#771,.T.);
#99=ADVANCED_FACE('',(#772),#773,.F.);
#100=ADVANCED_FACE('',(#774),#775,.F.);
#101=ADVANCED_FACE('',(#776),#777,.T.);
#102=ADVANCED_FACE('',(#778),#779,.T.);
#103=ADVANCED_FACE('',(#780),#781,.F.);
#104=ADVANCED_FACE('',(#782),#783,.F.);
#105=ADVANCED_FACE('',(#784),#785,.T.);
#106=ADVANCED_FACE('',(#786),#787,.T.);
#107=ADVANCED_FACE('',(#788),#789,.F.);
#108=ADVANCED_FACE('',(#790),#791,.F.);
#109=ADVANCED_FACE('',(#792),#793,.T.);
#110=ADVANCED_FACE('',(#794),#795,.T.);
#111=ADVANCED_FACE('',(#796),#797,.F.);
#112=ADVANCED_FACE('',(#798),#799,.F.);
#113=ADVANCED_FACE('',(#800),#801,.F.);
#114=ADVANCED_FACE('',(#802),#803,.T.);
#115=ADVANCED_FACE('',(#804),#805,.T.);
#116=ADVANCED_FACE('',(#806),#807,.F.);
#117=ADVANCED_FACE('',(#808),#809,.T.);
#118=ADVANCED_FACE('',(#810),#811,.T.);
#119=ADVANCED_FACE('',(#812),#813,.T.);
#120=ADVANCED_FACE('',(#814,#815,#816,#817,#818,#819,#820,#821,#822,#823,#824,#825,#826),#827,.T.);
#121=ADVANCED_FACE('',(#828,#829,#830,#831,#832,#833,#834,#835,#836,#837,#838,#839,#840),#841,.T.);
#122=ADVANCED_FACE('',(#842),#843,.F.);
#123=ADVANCED_FACE('',(#844,#845),#846,.T.);
#124=ADVANCED_FACE('',(#847),#848,.T.);
#125=ADVANCED_FACE('',(#849),#850,.F.);
#126=ADVANCED_FACE('',(#851),#852,.F.);
#127=ADVANCED_FACE('',(#853),#854,.F.);
#128=ADVANCED_FACE('',(#855),#856,.T.);
#129=ADVANCED_FACE('',(#857),#858,.T.);
#130=ADVANCED_FACE('',(#859),#860,.T.);
#131=ADVANCED_FACE('',(#861),#862,.T.);
#132=ADVANCED_FACE('',(#863),#864,.T.);
#133=ADVANCED_FACE('',(#865),#866,.F.);
#134=ADVANCED_FACE('',(#867),#868,.T.);
#135=ADVANCED_FACE('',(#869),#870,.T.);
#136=ADVANCED_FACE('',(#871),#872,.F.);
#137=ADVANCED_FACE('',(#873),#874,.T.);
#138=ADVANCED_FACE('',(#875),#876,.F.);
#139=ADVANCED_FACE('',(#877),#878,.T.);
#140=ADVANCED_FACE('',(#879),#880,.F.);
#141=ADVANCED_FACE('',(#881),#882,.T.);
#142=ADVANCED_FACE('',(#883),#884,.T.);
#143=ADVANCED_FACE('',(#885),#886,.T.);
#144=ADVANCED_FACE('',(#887),#888,.T.);
#145=ADVANCED_FACE('',(#889),#890,.T.);
#146=ADVANCED_FACE('',(#891),#892,.T.);
#147=ADVANCED_FACE('',(#893),#894,.T.);
#148=ADVANCED_FACE('',(#895),#896,.T.);
#149=ADVANCED_FACE('',(#897),#898,.F.);
#150=ADVANCED_FACE('',(#899),#900,.F.);
#151=ADVANCED_FACE('',(#901),#902,.T.);
#152=ADVANCED_FACE('',(#903),#904,.T.);
#153=ADVANCED_FACE('',(#905),#906,.F.);
#154=ADVANCED_FACE('',(#907,#908),#909,.T.);
#155=ADVANCED_FACE('',(#910),#911,.T.);
#156=ADVANCED_FACE('',(#912),#913,.F.);
#157=ADVANCED_FACE('',(#914),#915,.F.);
#158=ADVANCED_FACE('',(#916),#917,.F.);
#159=ADVANCED_FACE('',(#918),#919,.F.);
#160=ADVANCED_FACE('',(#920),#921,.T.);
#161=ADVANCED_FACE('',(#922),#923,.F.);
#162=ADVANCED_FACE('',(#924),#925,.T.);
#163=ADVANCED_FACE('',(#926),#927,.T.);
#164=ADVANCED_FACE('',(#928),#929,.T.);
#165=ADVANCED_FACE('',(#930),#931,.T.);
#166=ADVANCED_FACE('',(#932),#933,.T.);
#167=ADVANCED_FACE('',(#934),#935,.T.);
#168=ADVANCED_FACE('',(#936),#937,.T.);
#169=ADVANCED_FACE('',(#938),#939,.T.);
#170=ADVANCED_FACE('',(#940),#941,.T.);
#171=ADVANCED_FACE('',(#942),#943,.T.);
#172=ADVANCED_FACE('',(#944),#945,.T.);
#173=ADVANCED_FACE('',(#946),#947,.T.);
#174=ADVANCED_FACE('',(#948),#949,.T.);
#175=ADVANCED_FACE('',(#950),#951,.F.);
#176=ADVANCED_FACE('',(#952),#953,.T.);
#177=ADVANCED_FACE('',(#954),#955,.F.);
#178=ADVANCED_FACE('',(#956),#957,.T.);
#179=ADVANCED_FACE('',(#958),#959,.F.);
#180=ADVANCED_FACE('',(#960),#961,.F.);
#181=ADVANCED_FACE('',(#962),#963,.F.);
#182=ADVANCED_FACE('',(#964),#965,.F.);
#183=ADVANCED_FACE('',(#966),#967,.F.);
#184=ADVANCED_FACE('',(#968),#969,.F.);
#185=ADVANCED_FACE('',(#970),#971,.F.);
#186=ADVANCED_FACE('',(#972),#973,.F.);
#187=ADVANCED_FACE('',(#974),#975,.F.);
#188=ADVANCED_FACE('',(#976),#977,.F.);
#189=ADVANCED_FACE('',(#978),#979,.T.);
#190=ADVANCED_FACE('',(#980),#981,.T.);
#191=ADVANCED_FACE('',(#982),#983,.T.);
#192=ADVANCED_FACE('',(#984),#985,.T.);
#193=ADVANCED_FACE('',(#986),#987,.F.);
#194=ADVANCED_FACE('',(#988),#989,.F.);
#195=ADVANCED_FACE('',(#990),#991,.F.);
#196=ADVANCED_FACE('',(#992),#993,.F.);
#197=ADVANCED_FACE('',(#994),#995,.F.);
#198=ADVANCED_FACE('',(#996),#997,.F.);
#199=ADVANCED_FACE('',(#998),#999,.F.);
#200=ADVANCED_FACE('',(#1000),#1001,.F.);
#201=ADVANCED_FACE('',(#1002),#1003,.F.);
#202=ADVANCED_FACE('',(#1004),#1005,.F.);
#203=ADVANCED_FACE('',(#1006),#1007,.F.);
#204=ADVANCED_FACE('',(#1008),#1009,.F.);
#205=ADVANCED_FACE('',(#1010),#1011,.F.);
#206=ADVANCED_FACE('',(#1012),#1013,.F.);
#207=ADVANCED_FACE('',(#1014),#1015,.F.);
#208=ADVANCED_FACE('',(#1016),#1017,.F.);
#209=ADVANCED_FACE('',(#1018),#1019,.F.);
#210=ADVANCED_FACE('',(#1020),#1021,.F.);
#211=ADVANCED_FACE('',(#1022),#1023,.F.);
#212=ADVANCED_FACE('',(#1024),#1025,.F.);
#213=ADVANCED_FACE('',(#1026),#1027,.F.);
#214=ADVANCED_FACE('',(#1028),#1029,.F.);
#215=ADVANCED_FACE('',(#1030),#1031,.F.);
#216=ADVANCED_FACE('',(#1032),#1033,.F.);
#217=ADVANCED_FACE('',(#1034),#1035,.F.);
#218=ADVANCED_FACE('',(#1036),#1037,.F.);
#219=ADVANCED_FACE('',(#1038),#1039,.F.);
#220=ADVANCED_FACE('',(#1040),#1041,.F.);
#221=ADVANCED_FACE('',(#1042),#1043,.F.);
#222=ADVANCED_FACE('',(#1044),#1045,.F.);
#223=ADVANCED_FACE('',(#1046),#1047,.F.);
#224=ADVANCED_FACE('',(#1048),#1049,.F.);
#225=ADVANCED_FACE('',(#1050),#1051,.F.);
#226=ADVANCED_FACE('',(#1052),#1053,.F.);
#227=ADVANCED_FACE('',(#1054),#1055,.F.);
#228=ADVANCED_FACE('',(#1056),#1057,.F.);
#229=ADVANCED_FACE('',(#1058),#1059,.F.);
#230=ADVANCED_FACE('',(#1060),#1061,.F.);
#231=ADVANCED_FACE('',(#1062),#1063,.F.);
#232=ADVANCED_FACE('',(#1064),#1065,.F.);
#233=ADVANCED_FACE('',(#1066),#1067,.F.);
#234=ADVANCED_FACE('',(#1068),#1069,.F.);
#235=ADVANCED_FACE('',(#1070),#1071,.F.);
#236=ADVANCED_FACE('',(#1072),#1073,.F.);
#237=ADVANCED_FACE('',(#1074),#1075,.F.);
#238=ADVANCED_FACE('',(#1076),#1077,.F.);
#239=ADVANCED_FACE('',(#1078),#1079,.F.);
#240=ADVANCED_FACE('',(#1080),#1081,.F.);
#241=ADVANCED_FACE('',(#1082),#1083,.F.);
#242=ADVANCED_FACE('',(#1084),#1085,.F.);
#243=ADVANCED_FACE('',(#1086),#1087,.F.);
#244=ADVANCED_FACE('',(#1088),#1089,.F.);
#245=ADVANCED_FACE('',(#1090),#1091,.F.);
#246=ADVANCED_FACE('',(#1092),#1093,.F.);
#247=ADVANCED_FACE('',(#1094),#1095,.F.);
#248=ADVANCED_FACE('',(#1096),#1097,.F.);
#249=ADVANCED_FACE('',(#1098),#1099,.F.);
#250=ADVANCED_FACE('',(#1100),#1101,.F.);
#251=ADVANCED_FACE('',(#1102),#1103,.F.);
#252=ADVANCED_FACE('',(#1104),#1105,.F.);
#253=ADVANCED_FACE('',(#1106),#1107,.F.);
#254=ADVANCED_FACE('',(#1108),#1109,.F.);
#255=ADVANCED_FACE('',(#1110),#1111,.F.);
#256=ADVANCED_FACE('',(#1112),#1113,.F.);
#257=ADVANCED_FACE('',(#1114),#1115,.F.);
#258=ADVANCED_FACE('',(#1116),#1117,.F.);
#259=ADVANCED_FACE('',(#1118),#1119,.F.);
#260=ADVANCED_FACE('',(#1120),#1121,.F.);
#261=ADVANCED_FACE('',(#1122),#1123,.F.);
#262=ADVANCED_FACE('',(#1124),#1125,.F.);
#263=ADVANCED_FACE('',(#1126),#1127,.F.);
#264=ADVANCED_FACE('',(#1128),#1129,.F.);
#265=ADVANCED_FACE('',(#1130),#1131,.F.);
#266=ADVANCED_FACE('',(#1132),#1133,.F.);
#267=ADVANCED_FACE('',(#1134),#1135,.F.);
#268=ADVANCED_FACE('',(#1136),#1137,.F.);
#269=ADVANCED_FACE('',(#1138),#1139,.F.);
#270=ADVANCED_FACE('',(#1140),#1141,.F.);
#271=ADVANCED_FACE('',(#1142),#1143,.T.);
#272=ADVANCED_FACE('',(#1144,#1145),#1146,.T.);
#273=ADVANCED_FACE('',(#1147),#1148,.T.);
#274=ADVANCED_FACE('',(#1149),#1150,.F.);
#275=ADVANCED_FACE('',(#1151),#1152,.F.);
#276=ADVANCED_FACE('',(#1153),#1154,.F.);
#277=ADVANCED_FACE('',(#1155),#1156,.F.);
#278=ADVANCED_FACE('',(#1157),#1158,.T.);
#279=ADVANCED_FACE('',(#1159),#1160,.T.);
#280=ADVANCED_FACE('',(#1161),#1162,.T.);
#281=ADVANCED_FACE('',(#1163),#1164,.T.);
#282=ADVANCED_FACE('',(#1165),#1166,.T.);
#283=ADVANCED_FACE('',(#1167),#1168,.F.);
#284=ADVANCED_FACE('',(#1169),#1170,.T.);
#285=ADVANCED_FACE('',(#1171),#1172,.T.);
#286=ADVANCED_FACE('',(#1173),#1174,.F.);
#287=ADVANCED_FACE('',(#1175),#1176,.T.);
#288=ADVANCED_FACE('',(#1177),#1178,.F.);
#289=ADVANCED_FACE('',(#1179),#1180,.T.);
#290=ADVANCED_FACE('',(#1181),#1182,.F.);
#291=ADVANCED_FACE('',(#1183),#1184,.T.);
#292=ADVANCED_FACE('',(#1185),#1186,.T.);
#293=ADVANCED_FACE('',(#1187),#1188,.T.);
#294=ADVANCED_FACE('',(#1189),#1190,.T.);
#295=ADVANCED_FACE('',(#1191),#1192,.T.);
#296=ADVANCED_FACE('',(#1193),#1194,.T.);
#297=ADVANCED_FACE('',(#1195),#1196,.T.);
#298=ADVANCED_FACE('',(#1197),#1198,.T.);
#299=ADVANCED_FACE('',(#1199),#1200,.F.);
#300=ADVANCED_FACE('',(#1201),#1202,.T.);
#301=ADVANCED_FACE('',(#1203),#1204,.T.);
#302=ADVANCED_FACE('',(#1205),#1206,.T.);
#303=ADVANCED_FACE('',(#1207),#1208,.F.);
#304=ADVANCED_FACE('',(#1209),#1210,.T.);
#305=ADVANCED_FACE('',(#1211),#1212,.T.);
#306=ADVANCED_FACE('',(#1213),#1214,.F.);
#307=ADVANCED_FACE('',(#1215),#1216,.F.);
#308=ADVANCED_FACE('',(#1217),#1218,.T.);
#309=ADVANCED_FACE('',(#1219,#1220),#1221,.T.);
#310=ADVANCED_FACE('',(#1222),#1223,.T.);
#311=ADVANCED_FACE('',(#1224),#1225,.F.);
#312=ADVANCED_FACE('',(#1226),#1227,.F.);
#313=ADVANCED_FACE('',(#1228),#1229,.F.);
#314=ADVANCED_FACE('',(#1230),#1231,.F.);
#315=ADVANCED_FACE('',(#1232),#1233,.T.);
#316=ADVANCED_FACE('',(#1234),#1235,.T.);
#317=ADVANCED_FACE('',(#1236),#1237,.T.);
#318=ADVANCED_FACE('',(#1238),#1239,.T.);
#319=ADVANCED_FACE('',(#1240),#1241,.T.);
#320=ADVANCED_FACE('',(#1242),#1243,.F.);
#321=ADVANCED_FACE('',(#1244),#1245,.T.);
#322=ADVANCED_FACE('',(#1246),#1247,.T.);
#323=ADVANCED_FACE('',(#1248),#1249,.F.);
#324=ADVANCED_FACE('',(#1250),#1251,.T.);
#325=ADVANCED_FACE('',(#1252),#1253,.F.);
#326=ADVANCED_FACE('',(#1254),#1255,.T.);
#327=ADVANCED_FACE('',(#1256),#1257,.F.);
#328=ADVANCED_FACE('',(#1258),#1259,.T.);
#329=ADVANCED_FACE('',(#1260),#1261,.T.);
#330=ADVANCED_FACE('',(#1262),#1263,.T.);
#331=ADVANCED_FACE('',(#1264),#1265,.T.);
#332=ADVANCED_FACE('',(#1266),#1267,.T.);
#333=ADVANCED_FACE('',(#1268),#1269,.T.);
#334=ADVANCED_FACE('',(#1270),#1271,.T.);
#335=ADVANCED_FACE('',(#1272),#1273,.T.);
#336=ADVANCED_FACE('',(#1274),#1275,.F.);
#337=ADVANCED_FACE('',(#1276),#1277,.T.);
#338=ADVANCED_FACE('',(#1278),#1279,.T.);
#339=ADVANCED_FACE('',(#1280),#1281,.T.);
#340=ADVANCED_FACE('',(#1282),#1283,.F.);
#341=ADVANCED_FACE('',(#1284),#1285,.T.);
#342=ADVANCED_FACE('',(#1286),#1287,.T.);
#343=ADVANCED_FACE('',(#1288),#1289,.F.);
#344=ADVANCED_FACE('',(#1290),#1291,.F.);
#345=ADVANCED_FACE('',(#1292),#1293,.T.);
#346=ADVANCED_FACE('',(#1294,#1295),#1296,.T.);
#347=ADVANCED_FACE('',(#1297),#1298,.T.);
#348=ADVANCED_FACE('',(#1299),#1300,.F.);
#349=ADVANCED_FACE('',(#1301),#1302,.F.);
#350=ADVANCED_FACE('',(#1303),#1304,.F.);
#351=ADVANCED_FACE('',(#1305),#1306,.F.);
#352=ADVANCED_FACE('',(#1307),#1308,.T.);
#353=ADVANCED_FACE('',(#1309),#1310,.T.);
#354=ADVANCED_FACE('',(#1311),#1312,.T.);
#355=ADVANCED_FACE('',(#1313),#1314,.T.);
#356=ADVANCED_FACE('',(#1315),#1316,.T.);
#357=ADVANCED_FACE('',(#1317),#1318,.F.);
#358=ADVANCED_FACE('',(#1319),#1320,.T.);
#359=ADVANCED_FACE('',(#1321),#1322,.T.);
#360=ADVANCED_FACE('',(#1323),#1324,.F.);
#361=ADVANCED_FACE('',(#1325),#1326,.T.);
#362=ADVANCED_FACE('',(#1327),#1328,.F.);
#363=ADVANCED_FACE('',(#1329),#1330,.T.);
#364=ADVANCED_FACE('',(#1331),#1332,.F.);
#365=ADVANCED_FACE('',(#1333),#1334,.T.);
#366=ADVANCED_FACE('',(#1335),#1336,.T.);
#367=ADVANCED_FACE('',(#1337),#1338,.T.);
#368=ADVANCED_FACE('',(#1339),#1340,.T.);
#369=ADVANCED_FACE('',(#1341),#1342,.T.);
#370=ADVANCED_FACE('',(#1343),#1344,.T.);
#371=ADVANCED_FACE('',(#1345),#1346,.T.);
#372=ADVANCED_FACE('',(#1347),#1348,.T.);
#373=ADVANCED_FACE('',(#1349),#1350,.F.);
#374=ADVANCED_FACE('',(#1351),#1352,.T.);
#375=ADVANCED_FACE('',(#1353),#1354,.T.);
#376=ADVANCED_FACE('',(#1355),#1356,.T.);
#377=ADVANCED_FACE('',(#1357),#1358,.F.);
#378=ADVANCED_FACE('',(#1359),#1360,.T.);
#379=ADVANCED_FACE('',(#1361),#1362,.T.);
#380=ADVANCED_FACE('',(#1363),#1364,.F.);
#381=ADVANCED_FACE('',(#1365),#1366,.F.);
#382=ADVANCED_FACE('',(#1367),#1368,.T.);
#383=ADVANCED_FACE('',(#1369,#1370),#1371,.T.);
#384=ADVANCED_FACE('',(#1372),#1373,.T.);
#385=ADVANCED_FACE('',(#1374),#1375,.F.);
#386=ADVANCED_FACE('',(#1376),#1377,.F.);
#387=ADVANCED_FACE('',(#1378),#1379,.F.);
#388=ADVANCED_FACE('',(#1380),#1381,.F.);
#389=ADVANCED_FACE('',(#1382),#1383,.T.);
#390=ADVANCED_FACE('',(#1384),#1385,.T.);
#391=ADVANCED_FACE('',(#1386),#1387,.T.);
#392=ADVANCED_FACE('',(#1388),#1389,.T.);
#393=ADVANCED_FACE('',(#1390),#1391,.T.);
#394=ADVANCED_FACE('',(#1392),#1393,.F.);
#395=ADVANCED_FACE('',(#1394),#1395,.T.);
#396=ADVANCED_FACE('',(#1396),#1397,.T.);
#397=ADVANCED_FACE('',(#1398),#1399,.F.);
#398=ADVANCED_FACE('',(#1400),#1401,.T.);
#399=ADVANCED_FACE('',(#1402),#1403,.F.);
#400=ADVANCED_FACE('',(#1404),#1405,.T.);
#401=ADVANCED_FACE('',(#1406),#1407,.F.);
#402=ADVANCED_FACE('',(#1408),#1409,.T.);
#403=ADVANCED_FACE('',(#1410),#1411,.T.);
#404=ADVANCED_FACE('',(#1412),#1413,.T.);
#405=ADVANCED_FACE('',(#1414),#1415,.T.);
#406=ADVANCED_FACE('',(#1416),#1417,.T.);
#407=ADVANCED_FACE('',(#1418),#1419,.T.);
#408=ADVANCED_FACE('',(#1420),#1421,.T.);
#409=ADVANCED_FACE('',(#1422),#1423,.T.);
#410=ADVANCED_FACE('',(#1424),#1425,.F.);
#411=ADVANCED_FACE('',(#1426),#1427,.T.);
#412=ADVANCED_FACE('',(#1428),#1429,.T.);
#413=ADVANCED_FACE('',(#1430),#1431,.T.);
#414=ADVANCED_FACE('',(#1432),#1433,.F.);
#415=ADVANCED_FACE('',(#1434),#1435,.T.);
#416=ADVANCED_FACE('',(#1436),#1437,.T.);
#417=ADVANCED_FACE('',(#1438),#1439,.F.);
#418=ADVANCED_FACE('',(#1440),#1441,.F.);
#419=ADVANCED_FACE('',(#1442),#1443,.T.);
#420=ADVANCED_FACE('',(#1444,#1445),#1446,.T.);
#421=ADVANCED_FACE('',(#1447),#1448,.T.);
#422=ADVANCED_FACE('',(#1449),#1450,.F.);
#423=ADVANCED_FACE('',(#1451),#1452,.F.);
#424=ADVANCED_FACE('',(#1453),#1454,.F.);
#425=ADVANCED_FACE('',(#1455),#1456,.F.);
#426=ADVANCED_FACE('',(#1457),#1458,.T.);
#427=ADVANCED_FACE('',(#1459),#1460,.T.);
#428=ADVANCED_FACE('',(#1461),#1462,.T.);
#429=ADVANCED_FACE('',(#1463),#1464,.T.);
#430=ADVANCED_FACE('',(#1465),#1466,.T.);
#431=ADVANCED_FACE('',(#1467),#1468,.F.);
#432=ADVANCED_FACE('',(#1469),#1470,.T.);
#433=ADVANCED_FACE('',(#1471),#1472,.T.);
#434=ADVANCED_FACE('',(#1473),#1474,.F.);
#435=ADVANCED_FACE('',(#1475),#1476,.T.);
#436=ADVANCED_FACE('',(#1477),#1478,.F.);
#437=ADVANCED_FACE('',(#1479),#1480,.T.);
#438=ADVANCED_FACE('',(#1481),#1482,.F.);
#439=ADVANCED_FACE('',(#1483),#1484,.T.);
#440=ADVANCED_FACE('',(#1485),#1486,.T.);
#441=ADVANCED_FACE('',(#1487),#1488,.T.);
#442=ADVANCED_FACE('',(#1489),#1490,.T.);
#443=ADVANCED_FACE('',(#1491),#1492,.T.);
#444=ADVANCED_FACE('',(#1493),#1494,.T.);
#445=ADVANCED_FACE('',(#1495),#1496,.T.);
#446=ADVANCED_FACE('',(#1497),#1498,.T.);
#447=ADVANCED_FACE('',(#1499),#1500,.F.);
#448=ADVANCED_FACE('',(#1501),#1502,.T.);
#449=ADVANCED_FACE('',(#1503),#1504,.T.);
#450=ADVANCED_FACE('',(#1505),#1506,.T.);
#451=ADVANCED_FACE('',(#1507),#1508,.F.);
#452=ADVANCED_FACE('',(#1509),#1510,.T.);
#453=ADVANCED_FACE('',(#1511),#1512,.T.);
#454=ADVANCED_FACE('',(#1513),#1514,.F.);
#455=ADVANCED_FACE('',(#1515),#1516,.F.);
#456=ADVANCED_FACE('',(#1517),#1518,.T.);
#457=ADVANCED_FACE('',(#1519,#1520),#1521,.T.);
#458=ADVANCED_FACE('',(#1522),#1523,.T.);
#459=ADVANCED_FACE('',(#1524),#1525,.F.);
#460=ADVANCED_FACE('',(#1526),#1527,.F.);
#461=ADVANCED_FACE('',(#1528),#1529,.F.);
#462=ADVANCED_FACE('',(#1530),#1531,.F.);
#463=ADVANCED_FACE('',(#1532),#1533,.T.);
#464=ADVANCED_FACE('',(#1534),#1535,.T.);
#465=ADVANCED_FACE('',(#1536),#1537,.T.);
#466=ADVANCED_FACE('',(#1538),#1539,.T.);
#467=ADVANCED_FACE('',(#1540),#1541,.T.);
#468=ADVANCED_FACE('',(#1542),#1543,.F.);
#469=ADVANCED_FACE('',(#1544),#1545,.T.);
#470=ADVANCED_FACE('',(#1546),#1547,.T.);
#471=ADVANCED_FACE('',(#1548),#1549,.F.);
#472=ADVANCED_FACE('',(#1550),#1551,.T.);
#473=ADVANCED_FACE('',(#1552),#1553,.F.);
#474=ADVANCED_FACE('',(#1554),#1555,.T.);
#475=ADVANCED_FACE('',(#1556),#1557,.F.);
#476=ADVANCED_FACE('',(#1558),#1559,.T.);
#477=ADVANCED_FACE('',(#1560),#1561,.T.);
#478=ADVANCED_FACE('',(#1562),#1563,.T.);
#479=ADVANCED_FACE('',(#1564),#1565,.T.);
#480=ADVANCED_FACE('',(#1566),#1567,.T.);
#481=ADVANCED_FACE('',(#1568),#1569,.T.);
#482=ADVANCED_FACE('',(#1570),#1571,.T.);
#483=ADVANCED_FACE('',(#1572),#1573,.T.);
#484=ADVANCED_FACE('',(#1574),#1575,.F.);
#485=ADVANCED_FACE('',(#1576),#1577,.T.);
#486=ADVANCED_FACE('',(#1578),#1579,.T.);
#487=ADVANCED_FACE('',(#1580),#1581,.T.);
#488=ADVANCED_FACE('',(#1582),#1583,.F.);
#489=ADVANCED_FACE('',(#1584),#1585,.T.);
#490=ADVANCED_FACE('',(#1586),#1587,.T.);
#491=ADVANCED_FACE('',(#1588),#1589,.F.);
#492=ADVANCED_FACE('',(#1590),#1591,.F.);
#493=ADVANCED_FACE('',(#1592),#1593,.T.);
#494=ADVANCED_FACE('',(#1594,#1595),#1596,.T.);
#495=ADVANCED_FACE('',(#1597),#1598,.T.);
#496=ADVANCED_FACE('',(#1599),#1600,.F.);
#497=ADVANCED_FACE('',(#1601),#1602,.F.);
#498=ADVANCED_FACE('',(#1603),#1604,.F.);
#499=ADVANCED_FACE('',(#1605),#1606,.F.);
#500=ADVANCED_FACE('',(#1607),#1608,.T.);
#501=ADVANCED_FACE('',(#1609),#1610,.T.);
#502=ADVANCED_FACE('',(#1611),#1612,.T.);
#503=ADVANCED_FACE('',(#1613),#1614,.T.);
#504=ADVANCED_FACE('',(#1615),#1616,.T.);
#505=ADVANCED_FACE('',(#1617),#1618,.F.);
#506=ADVANCED_FACE('',(#1619),#1620,.T.);
#507=ADVANCED_FACE('',(#1621),#1622,.T.);
#508=ADVANCED_FACE('',(#1623),#1624,.F.);
#509=ADVANCED_FACE('',(#1625),#1626,.T.);
#510=ADVANCED_FACE('',(#1627),#1628,.F.);
#511=ADVANCED_FACE('',(#1629),#1630,.T.);
#512=ADVANCED_FACE('',(#1631),#1632,.F.);
#513=ADVANCED_FACE('',(#1633),#1634,.T.);
#514=ADVANCED_FACE('',(#1635),#1636,.T.);
#515=ADVANCED_FACE('',(#1637),#1638,.T.);
#516=ADVANCED_FACE('',(#1639),#1640,.T.);
#517=ADVANCED_FACE('',(#1641),#1642,.T.);
#518=ADVANCED_FACE('',(#1643),#1644,.T.);
#519=ADVANCED_FACE('',(#1645),#1646,.T.);
#520=ADVANCED_FACE('',(#1647),#1648,.T.);
#521=ADVANCED_FACE('',(#1649),#1650,.F.);
#522=ADVANCED_FACE('',(#1651),#1652,.T.);
#523=ADVANCED_FACE('',(#1653),#1654,.T.);
#524=ADVANCED_FACE('',(#1655),#1656,.T.);
#525=ADVANCED_FACE('',(#1657),#1658,.F.);
#526=ADVANCED_FACE('',(#1659),#1660,.T.);
#527=ADVANCED_FACE('',(#1661),#1662,.T.);
#528=ADVANCED_FACE('',(#1663),#1664,.F.);
#529=ADVANCED_FACE('',(#1665),#1666,.F.);
#530=ADVANCED_FACE('',(#1667),#1668,.T.);
#531=ADVANCED_FACE('',(#1669,#1670),#1671,.T.);
#532=ADVANCED_FACE('',(#1672),#1673,.T.);
#533=ADVANCED_FACE('',(#1674),#1675,.F.);
#534=ADVANCED_FACE('',(#1676),#1677,.F.);
#535=ADVANCED_FACE('',(#1678),#1679,.F.);
#536=ADVANCED_FACE('',(#1680),#1681,.F.);
#537=ADVANCED_FACE('',(#1682),#1683,.T.);
#538=ADVANCED_FACE('',(#1684),#1685,.T.);
#539=ADVANCED_FACE('',(#1686),#1687,.T.);
#540=ADVANCED_FACE('',(#1688),#1689,.T.);
#541=ADVANCED_FACE('',(#1690),#1691,.T.);
#542=ADVANCED_FACE('',(#1692),#1693,.F.);
#543=ADVANCED_FACE('',(#1694),#1695,.T.);
#544=ADVANCED_FACE('',(#1696),#1697,.T.);
#545=ADVANCED_FACE('',(#1698),#1699,.F.);
#546=ADVANCED_FACE('',(#1700),#1701,.T.);
#547=ADVANCED_FACE('',(#1702),#1703,.F.);
#548=ADVANCED_FACE('',(#1704),#1705,.T.);
#549=ADVANCED_FACE('',(#1706),#1707,.F.);
#550=ADVANCED_FACE('',(#1708),#1709,.T.);
#551=ADVANCED_FACE('',(#1710),#1711,.T.);
#552=ADVANCED_FACE('',(#1712),#1713,.T.);
#553=ADVANCED_FACE('',(#1714),#1715,.T.);
#554=ADVANCED_FACE('',(#1716),#1717,.T.);
#555=ADVANCED_FACE('',(#1718),#1719,.T.);
#556=ADVANCED_FACE('',(#1720),#1721,.T.);
#557=ADVANCED_FACE('',(#1722),#1723,.T.);
#558=ADVANCED_FACE('',(#1724),#1725,.F.);
#559=ADVANCED_FACE('',(#1726),#1727,.T.);
#560=ADVANCED_FACE('',(#1728),#1729,.T.);
#561=ADVANCED_FACE('',(#1730),#1731,.T.);
#562=ADVANCED_FACE('',(#1732),#1733,.F.);
#563=ADVANCED_FACE('',(#1734),#1735,.T.);
#564=ADVANCED_FACE('',(#1736),#1737,.T.);
#565=ADVANCED_FACE('',(#1738),#1739,.F.);
#566=ADVANCED_FACE('',(#1740),#1741,.F.);
#567=ADVANCED_FACE('',(#1742),#1743,.T.);
#568=ADVANCED_FACE('',(#1744,#1745),#1746,.T.);
#569=ADVANCED_FACE('',(#1747),#1748,.T.);
#570=ADVANCED_FACE('',(#1749),#1750,.F.);
#571=ADVANCED_FACE('',(#1751),#1752,.F.);
#572=ADVANCED_FACE('',(#1753),#1754,.F.);
#573=ADVANCED_FACE('',(#1755),#1756,.F.);
#574=ADVANCED_FACE('',(#1757),#1758,.T.);
#575=ADVANCED_FACE('',(#1759),#1760,.T.);
#576=ADVANCED_FACE('',(#1761),#1762,.T.);
#577=ADVANCED_FACE('',(#1763),#1764,.T.);
#578=ADVANCED_FACE('',(#1765),#1766,.T.);
#579=ADVANCED_FACE('',(#1767),#1768,.F.);
#580=ADVANCED_FACE('',(#1769),#1770,.T.);
#581=ADVANCED_FACE('',(#1771),#1772,.T.);
#582=ADVANCED_FACE('',(#1773),#1774,.F.);
#583=ADVANCED_FACE('',(#1775),#1776,.T.);
#584=ADVANCED_FACE('',(#1777),#1778,.F.);
#585=ADVANCED_FACE('',(#1779),#1780,.T.);
#586=ADVANCED_FACE('',(#1781),#1782,.F.);
#587=ADVANCED_FACE('',(#1783),#1784,.T.);
#588=ADVANCED_FACE('',(#1785),#1786,.T.);
#589=ADVANCED_FACE('',(#1787),#1788,.T.);
#590=ADVANCED_FACE('',(#1789),#1790,.T.);
#591=ADVANCED_FACE('',(#1791),#1792,.T.);
#592=ADVANCED_FACE('',(#1793),#1794,.T.);
#593=ADVANCED_FACE('',(#1795),#1796,.T.);
#594=ADVANCED_FACE('',(#1797),#1798,.T.);
#595=ADVANCED_FACE('',(#1799),#1800,.F.);
#596=ADVANCED_FACE('',(#1801),#1802,.T.);
#597=ADVANCED_FACE('',(#1803),#1804,.T.);
#598=ADVANCED_FACE('',(#1805),#1806,.T.);
#599=ADVANCED_FACE('',(#1807),#1808,.F.);
#600=ADVANCED_FACE('',(#1809),#1810,.T.);
#601=ADVANCED_FACE('',(#1811),#1812,.T.);
#602=ADVANCED_FACE('',(#1813),#1814,.F.);
#603=ADVANCED_FACE('',(#1815),#1816,.F.);
#604=ADVANCED_FACE('',(#1817),#1818,.T.);
#605=ADVANCED_FACE('',(#1819,#1820),#1821,.T.);
#606=ADVANCED_FACE('',(#1822),#1823,.T.);
#607=ADVANCED_FACE('',(#1824),#1825,.F.);
#608=ADVANCED_FACE('',(#1826),#1827,.F.);
#609=ADVANCED_FACE('',(#1828),#1829,.F.);
#610=ADVANCED_FACE('',(#1830),#1831,.F.);
#611=ADVANCED_FACE('',(#1832),#1833,.T.);
#612=ADVANCED_FACE('',(#1834),#1835,.T.);
#613=ADVANCED_FACE('',(#1836),#1837,.T.);
#614=ADVANCED_FACE('',(#1838),#1839,.T.);
#615=ADVANCED_FACE('',(#1840),#1841,.T.);
#616=ADVANCED_FACE('',(#1842),#1843,.F.);
#617=ADVANCED_FACE('',(#1844),#1845,.T.);
#618=ADVANCED_FACE('',(#1846),#1847,.T.);
#619=ADVANCED_FACE('',(#1848),#1849,.F.);
#620=ADVANCED_FACE('',(#1850),#1851,.T.);
#621=ADVANCED_FACE('',(#1852),#1853,.F.);
#622=ADVANCED_FACE('',(#1854),#1855,.T.);
#623=ADVANCED_FACE('',(#1856),#1857,.F.);
#624=ADVANCED_FACE('',(#1858),#1859,.T.);
#625=ADVANCED_FACE('',(#1860),#1861,.T.);
#626=ADVANCED_FACE('',(#1862),#1863,.T.);
#627=ADVANCED_FACE('',(#1864),#1865,.T.);
#628=ADVANCED_FACE('',(#1866),#1867,.T.);
#629=ADVANCED_FACE('',(#1868),#1869,.T.);
#630=ADVANCED_FACE('',(#1870),#1871,.T.);
#631=ADVANCED_FACE('',(#1872),#1873,.T.);
#632=ADVANCED_FACE('',(#1874),#1875,.F.);
#633=ADVANCED_FACE('',(#1876),#1877,.T.);
#634=ADVANCED_FACE('',(#1878),#1879,.T.);
#635=ADVANCED_FACE('',(#1880),#1881,.T.);
#636=ADVANCED_FACE('',(#1882),#1883,.F.);
#637=ADVANCED_FACE('',(#1884),#1885,.T.);
#638=ADVANCED_FACE('',(#1886),#1887,.T.);
#639=ADVANCED_FACE('',(#1888),#1889,.F.);
#640=ADVANCED_FACE('',(#1890),#1891,.F.);
#641=ADVANCED_FACE('',(#1892),#1893,.T.);
#642=ADVANCED_FACE('',(#1894),#1895,.T.);
#643=ADVANCED_FACE('',(#1896),#1897,.T.);
#644=ADVANCED_FACE('',(#1898),#1899,.T.);
#645=ADVANCED_FACE('',(#1900),#1901,.T.);
#646=ADVANCED_FACE('',(#1902),#1903,.T.);
#647=ADVANCED_FACE('',(#1904),#1905,.F.);
#648=ADVANCED_FACE('',(#1906),#1907,.T.);
#649=ADVANCED_FACE('',(#1908),#1909,.F.);
#650=ADVANCED_FACE('',(#1910),#1911,.T.);
#651=ADVANCED_FACE('',(#1912),#1913,.F.);
#652=ADVANCED_FACE('',(#1914),#1915,.T.);
#653=ADVANCED_FACE('',(#1916),#1917,.T.);
#654=ADVANCED_FACE('',(#1918),#1919,.T.);
#655=ADVANCED_FACE('',(#1920),#1921,.T.);
#656=ADVANCED_FACE('',(#1922),#1923,.T.);
#657=ADVANCED_FACE('',(#1924),#1925,.T.);
#658=ADVANCED_FACE('',(#1926),#1927,.T.);
#659=ADVANCED_FACE('',(#1928),#1929,.T.);
#660=ADVANCED_FACE('',(#1930),#1931,.T.);
#661=ADVANCED_FACE('',(#1932),#1933,.T.);
#662=ADVANCED_FACE('',(#1934),#1935,.F.);
#663=ADVANCED_FACE('',(#1936),#1937,.T.);
#664=ADVANCED_FACE('',(#1938),#1939,.T.);
#665=ADVANCED_FACE('',(#1940),#1941,.F.);
#666=ADVANCED_FACE('',(#1942),#1943,.T.);
#667=ADVANCED_FACE('',(#1944),#1945,.T.);
#668=ADVANCED_FACE('',(#1946),#1947,.T.);
#669=ADVANCED_FACE('',(#1948),#1949,.F.);
#670=ADVANCED_FACE('',(#1950),#1951,.T.);
#671=ADVANCED_FACE('',(#1952),#1953,.T.);
#672=ADVANCED_FACE('',(#1954),#1955,.T.);
#673=ADVANCED_FACE('',(#1956),#1957,.T.);
#674=ADVANCED_FACE('',(#1958),#1959,.T.);
#675=ADVANCED_FACE('',(#1960),#1961,.T.);
#676=ADVANCED_FACE('',(#1962),#1963,.T.);
#677=ADVANCED_FACE('',(#1964),#1965,.T.);
#678=ADVANCED_FACE('',(#1966),#1967,.F.);
#679=COMPOSITE_CURVE_SEGMENT(.CONTINUOUS.,.T.,#1968);
#680=COMPOSITE_CURVE_SEGMENT(.CONTINUOUS.,.T.,#1969);
#681=COMPOSITE_CURVE_SEGMENT(.CONTINUOUS.,.T.,#1970);
#682=COMPOSITE_CURVE_SEGMENT(.CONTINUOUS.,.T.,#1971);
#683=COMPOSITE_CURVE_SEGMENT(.CONTINUOUS.,.T.,#1972);
#684=COMPOSITE_CURVE_SEGMENT(.CONTINUOUS.,.T.,#1973);
#685=COMPOSITE_CURVE_SEGMENT(.CONTINUOUS.,.T.,#1974);
#686=COMPOSITE_CURVE_SEGMENT(.CONTINUOUS.,.T.,#1975);
#687=COMPOSITE_CURVE_SEGMENT(.CONTINUOUS.,.T.,#1976);
#688=COMPOSITE_CURVE_SEGMENT(.CONTINUOUS.,.T.,#1977);
#689=COMPOSITE_CURVE_SEGMENT(.CONTINUOUS.,.T.,#1978);
#690=COMPOSITE_CURVE_SEGMENT(.CONTINUOUS.,.T.,#1979);
#691=COMPOSITE_CURVE_SEGMENT(.CONTINUOUS.,.T.,#1980);
#692=COMPOSITE_CURVE_SEGMENT(.CONTINUOUS.,.T.,#1981);
#693=COMPOSITE_CURVE_SEGMENT(.CONTINUOUS.,.T.,#1982);
#694=COMPOSITE_CURVE_SEGMENT(.CONTINUOUS.,.T.,#1983);
#695=COMPOSITE_CURVE_SEGMENT(.CONTINUOUS.,.T.,#1984);
#696=COMPOSITE_CURVE_SEGMENT(.CONTINUOUS.,.T.,#1985);
#697=COMPOSITE_CURVE_SEGMENT(.CONTINUOUS.,.T.,#1986);
#698=COMPOSITE_CURVE_SEGMENT(.CONTINUOUS.,.T.,#1987);
#699=COMPOSITE_CURVE_SEGMENT(.CONTINUOUS.,.T.,#1988);
#700=COMPOSITE_CURVE_SEGMENT(.CONTINUOUS.,.T.,#1989);
#701=COMPOSITE_CURVE_SEGMENT(.CONTINUOUS.,.T.,#1990);
#702=COMPOSITE_CURVE_SEGMENT(.CONTINUOUS.,.T.,#1991);
#704=FACE_OUTER_BOUND('',#1992,.T.);
#705=CYLINDRICAL_SURFACE('',#1993,0.762);
#706=FACE_OUTER_BOUND('',#1994,.T.);
#707=CYLINDRICAL_SURFACE('',#1995,0.762);
#708=FACE_OUTER_BOUND('',#1996,.T.);
#709=CYLINDRICAL_SURFACE('',#1997,0.5588);
#710=FACE_OUTER_BOUND('',#1998,.T.);
#711=CYLINDRICAL_SURFACE('',#1999,0.5588);
#712=FACE_OUTER_BOUND('',#2000,.T.);
#713=CYLINDRICAL_SURFACE('',#2001,0.762);
#714=FACE_OUTER_BOUND('',#2002,.T.);
#715=CYLINDRICAL_SURFACE('',#2003,0.762);
#716=FACE_OUTER_BOUND('',#2004,.T.);
#717=CYLINDRICAL_SURFACE('',#2005,0.5588);
#718=FACE_OUTER_BOUND('',#2006,.T.);
#719=CYLINDRICAL_SURFACE('',#2007,0.5588);
#720=FACE_OUTER_BOUND('',#2008,.T.);
#721=CYLINDRICAL_SURFACE('',#2009,0.762);
#722=FACE_OUTER_BOUND('',#2010,.T.);
#723=CYLINDRICAL_SURFACE('',#2011,0.762);
#724=FACE_OUTER_BOUND('',#2012,.T.);
#725=CYLINDRICAL_SURFACE('',#2013,0.5588);
#726=FACE_OUTER_BOUND('',#2014,.T.);
#727=CYLINDRICAL_SURFACE('',#2015,0.5588);
#728=FACE_OUTER_BOUND('',#2016,.T.);
#729=CYLINDRICAL_SURFACE('',#2017,0.762);
#730=FACE_OUTER_BOUND('',#2018,.T.);
#731=CYLINDRICAL_SURFACE('',#2019,0.762);
#732=FACE_OUTER_BOUND('',#2020,.T.);
#733=CYLINDRICAL_SURFACE('',#2021,0.5588);
#734=FACE_OUTER_BOUND('',#2022,.T.);
#735=CYLINDRICAL_SURFACE('',#2023,0.5588);
#736=FACE_OUTER_BOUND('',#2024,.T.);
#737=CYLINDRICAL_SURFACE('',#2025,0.762);
#738=FACE_OUTER_BOUND('',#2026,.T.);
#739=CYLINDRICAL_SURFACE('',#2027,0.762);
#740=FACE_OUTER_BOUND('',#2028,.T.);
#741=CYLINDRICAL_SURFACE('',#2029,0.5588);
#742=FACE_OUTER_BOUND('',#2030,.T.);
#743=CYLINDRICAL_SURFACE('',#2031,0.5588);
#744=FACE_OUTER_BOUND('',#2032,.T.);
#745=CYLINDRICAL_SURFACE('',#2033,0.762);
#746=FACE_OUTER_BOUND('',#2034,.T.);
#747=CYLINDRICAL_SURFACE('',#2035,0.762);
#748=FACE_OUTER_BOUND('',#2036,.T.);
#749=CYLINDRICAL_SURFACE('',#2037,0.5588);
#750=FACE_OUTER_BOUND('',#2038,.T.);
#751=CYLINDRICAL_SURFACE('',#2039,0.5588);
#752=FACE_OUTER_BOUND('',#2040,.T.);
#753=CYLINDRICAL_SURFACE('',#2041,0.762);
#754=FACE_OUTER_BOUND('',#2042,.T.);
#755=CYLINDRICAL_SURFACE('',#2043,0.762);
#756=FACE_OUTER_BOUND('',#2044,.T.);
#757=CYLINDRICAL_SURFACE('',#2045,0.5588);
#758=FACE_OUTER_BOUND('',#2046,.T.);
#759=CYLINDRICAL_SURFACE('',#2047,0.5588);
#760=FACE_OUTER_BOUND('',#2048,.T.);
#761=CYLINDRICAL_SURFACE('',#2049,0.762);
#762=FACE_OUTER_BOUND('',#2050,.T.);
#763=CYLINDRICAL_SURFACE('',#2051,0.762);
#764=FACE_OUTER_BOUND('',#2052,.T.);
#765=CYLINDRICAL_SURFACE('',#2053,0.5588);
#766=FACE_OUTER_BOUND('',#2054,.T.);
#767=CYLINDRICAL_SURFACE('',#2055,0.5588);
#768=FACE_OUTER_BOUND('',#2056,.T.);
#769=CYLINDRICAL_SURFACE('',#2057,0.762);
#770=FACE_OUTER_BOUND('',#2058,.T.);
#771=CYLINDRICAL_SURFACE('',#2059,0.762);
#772=FACE_OUTER_BOUND('',#2060,.T.);
#773=CYLINDRICAL_SURFACE('',#2061,0.5588);
#774=FACE_OUTER_BOUND('',#2062,.T.);
#775=CYLINDRICAL_SURFACE('',#2063,0.5588);
#776=FACE_OUTER_BOUND('',#2064,.T.);
#777=CYLINDRICAL_SURFACE('',#2065,0.762);
#778=FACE_OUTER_BOUND('',#2066,.T.);
#779=CYLINDRICAL_SURFACE('',#2067,0.762);
#780=FACE_OUTER_BOUND('',#2068,.T.);
#781=CYLINDRICAL_SURFACE('',#2069,0.5588);
#782=FACE_OUTER_BOUND('',#2070,.T.);
#783=CYLINDRICAL_SURFACE('',#2071,0.5588);
#784=FACE_OUTER_BOUND('',#2072,.T.);
#785=CYLINDRICAL_SURFACE('',#2073,0.762);
#786=FACE_OUTER_BOUND('',#2074,.T.);
#787=CYLINDRICAL_SURFACE('',#2075,0.762);
#788=FACE_OUTER_BOUND('',#2076,.T.);
#789=CYLINDRICAL_SURFACE('',#2077,0.5588);
#790=FACE_OUTER_BOUND('',#2078,.T.);
#791=CYLINDRICAL_SURFACE('',#2079,0.5588);
#792=FACE_OUTER_BOUND('',#2080,.T.);
#793=CYLINDRICAL_SURFACE('',#2081,0.762);
#794=FACE_OUTER_BOUND('',#2082,.T.);
#795=CYLINDRICAL_SURFACE('',#2083,0.762);
#796=FACE_OUTER_BOUND('',#2084,.T.);
#797=CYLINDRICAL_SURFACE('',#2085,0.5588);
#798=FACE_OUTER_BOUND('',#2086,.T.);
#799=CYLINDRICAL_SURFACE('',#2087,0.5588);
#800=FACE_OUTER_BOUND('',#2088,.T.);
#801=PLANE('',#2089);
#802=FACE_OUTER_BOUND('',#2090,.T.);
#803=PLANE('',#2091);
#804=FACE_OUTER_BOUND('',#2092,.T.);
#805=PLANE('',#2093);
#806=FACE_OUTER_BOUND('',#2094,.T.);
#807=PLANE('',#2095);
#808=FACE_OUTER_BOUND('',#2096,.T.);
#809=CYLINDRICAL_SURFACE('',#2097,3.81);
#810=FACE_OUTER_BOUND('',#2098,.T.);
#811=CYLINDRICAL_SURFACE('',#2099,3.81);
#812=FACE_OUTER_BOUND('',#2100,.T.);
#813=PLANE('',#2101);
#814=FACE_OUTER_BOUND('',#2102,.T.);
#815=FACE_BOUND('',#2103,.T.);
#816=FACE_BOUND('',#2104,.T.);
#817=FACE_BOUND('',#2105,.T.);
#818=FACE_BOUND('',#2106,.T.);
#819=FACE_BOUND('',#2107,.T.);
#820=FACE_BOUND('',#2108,.T.);
#821=FACE_BOUND('',#2109,.T.);
#822=FACE_BOUND('',#2110,.T.);
#823=FACE_BOUND('',#2111,.T.);
#824=FACE_BOUND('',#2112,.T.);
#825=FACE_BOUND('',#2113,.T.);
#826=FACE_BOUND('',#2114,.T.);
#827=PLANE('',#2115);
#828=FACE_OUTER_BOUND('',#2116,.T.);
#829=FACE_BOUND('',#2117,.T.);
#830=FACE_BOUND('',#2118,.T.);
#831=FACE_BOUND('',#2119,.T.);
#832=FACE_BOUND('',#2120,.T.);
#833=FACE_BOUND('',#2121,.T.);
#834=FACE_BOUND('',#2122,.T.);
#835=FACE_BOUND('',#2123,.T.);
#836=FACE_BOUND('',#2124,.T.);
#837=FACE_BOUND('',#2125,.T.);
#838=FACE_BOUND('',#2126,.T.);
#839=FACE_BOUND('',#2127,.T.);
#840=FACE_BOUND('',#2128,.T.);
#841=PLANE('',#2129);
#842=FACE_OUTER_BOUND('',#2130,.T.);
#843=PLANE('',#2131);
#844=FACE_OUTER_BOUND('',#2132,.T.);
#845=FACE_BOUND('',#2133,.T.);
#846=PLANE('',#2134);
#847=FACE_OUTER_BOUND('',#2135,.T.);
#848=PLANE('',#2136);
#849=FACE_OUTER_BOUND('',#2137,.T.);
#850=PLANE('',#2138);
#851=FACE_OUTER_BOUND('',#2139,.T.);
#852=PLANE('',#2140);
#853=FACE_OUTER_BOUND('',#2141,.T.);
#854=PLANE('',#2142);
#855=FACE_OUTER_BOUND('',#2143,.T.);
#856=PLANE('',#2144);
#857=FACE_OUTER_BOUND('',#2145,.T.);
#858=PLANE('',#2146);
#859=FACE_OUTER_BOUND('',#2147,.T.);
#860=PLANE('',#2148);
#861=FACE_OUTER_BOUND('',#2149,.T.);
#862=PLANE('',#2150);
#863=FACE_OUTER_BOUND('',#2151,.T.);
#864=PLANE('',#2152);
#865=FACE_OUTER_BOUND('',#2153,.T.);
#866=PLANE('',#2154);
#867=FACE_OUTER_BOUND('',#2155,.T.);
#868=CYLINDRICAL_SURFACE('',#2156,0.7112);
#869=FACE_OUTER_BOUND('',#2157,.T.);
#870=PLANE('',#2158);
#871=FACE_OUTER_BOUND('',#2159,.T.);
#872=CYLINDRICAL_SURFACE('',#2160,0.5588);
#873=FACE_OUTER_BOUND('',#2161,.T.);
#874=PLANE('',#2162);
#875=FACE_OUTER_BOUND('',#2163,.T.);
#876=CYLINDRICAL_SURFACE('',#2164,0.5588);
#877=FACE_OUTER_BOUND('',#2165,.T.);
#878=PLANE('',#2166);
#879=FACE_OUTER_BOUND('',#2167,.T.);
#880=CYLINDRICAL_SURFACE('',#2168,0.5588);
#881=FACE_OUTER_BOUND('',#2169,.T.);
#882=PLANE('',#2170);
#883=FACE_OUTER_BOUND('',#2171,.T.);
#884=PLANE('',#2172);
#885=FACE_OUTER_BOUND('',#2173,.T.);
#886=PLANE('',#2174);
#887=FACE_OUTER_BOUND('',#2175,.T.);
#888=CYLINDRICAL_SURFACE('',#2176,0.762);
#889=FACE_OUTER_BOUND('',#2177,.T.);
#890=PLANE('',#2178);
#891=FACE_OUTER_BOUND('',#2179,.T.);
#892=CYLINDRICAL_SURFACE('',#2180,0.762);
#893=FACE_OUTER_BOUND('',#2181,.T.);
#894=PLANE('',#2182);
#895=FACE_OUTER_BOUND('',#2183,.T.);
#896=CYLINDRICAL_SURFACE('',#2184,0.762);
#897=FACE_OUTER_BOUND('',#2185,.T.);
#898=PLANE('',#2186);
#899=FACE_OUTER_BOUND('',#2187,.T.);
#900=PLANE('',#2188);
#901=FACE_OUTER_BOUND('',#2189,.T.);
#902=PLANE('',#2190);
#903=FACE_OUTER_BOUND('',#2191,.T.);
#904=PLANE('',#2192);
#905=FACE_OUTER_BOUND('',#2193,.T.);
#906=CYLINDRICAL_SURFACE('',#2194,0.508);
#907=FACE_OUTER_BOUND('',#2195,.T.);
#908=FACE_BOUND('',#2196,.T.);
#909=PLANE('',#2197);
#910=FACE_OUTER_BOUND('',#2198,.T.);
#911=PLANE('',#2199);
#912=FACE_OUTER_BOUND('',#2200,.T.);
#913=PLANE('',#2201);
#914=FACE_OUTER_BOUND('',#2202,.T.);
#915=PLANE('',#2203);
#916=FACE_OUTER_BOUND('',#2204,.T.);
#917=PLANE('',#2205);
#918=FACE_OUTER_BOUND('',#2206,.T.);
#919=PLANE('',#2207);
#920=FACE_OUTER_BOUND('',#2208,.T.);
#921=CYLINDRICAL_SURFACE('',#2209,0.508);
#922=FACE_OUTER_BOUND('',#2210,.T.);
#923=PLANE('',#2211);
#924=FACE_OUTER_BOUND('',#2212,.T.);
#925=PLANE('',#2213);
#926=FACE_OUTER_BOUND('',#2214,.T.);
#927=PLANE('',#2215);
#928=FACE_OUTER_BOUND('',#2216,.T.);
#929=PLANE('',#2217);
#930=FACE_OUTER_BOUND('',#2218,.T.);
#931=PLANE('',#2219);
#932=FACE_OUTER_BOUND('',#2220,.T.);
#933=PLANE('',#2221);
#934=FACE_OUTER_BOUND('',#2222,.T.);
#935=PLANE('',#2223);
#936=FACE_OUTER_BOUND('',#2224,.T.);
#937=PLANE('',#2225);
#938=FACE_OUTER_BOUND('',#2226,.T.);
#939=PLANE('',#2227);
#940=FACE_OUTER_BOUND('',#2228,.T.);
#941=PLANE('',#2229);
#942=FACE_OUTER_BOUND('',#2230,.T.);
#943=PLANE('',#2231);
#944=FACE_OUTER_BOUND('',#2232,.T.);
#945=PLANE('',#2233);
#946=FACE_OUTER_BOUND('',#2234,.T.);
#947=PLANE('',#2235);
#948=FACE_OUTER_BOUND('',#2236,.T.);
#949=PLANE('',#2237);
#950=FACE_OUTER_BOUND('',#2238,.T.);
#951=PLANE('',#2239);
#952=FACE_OUTER_BOUND('',#2240,.T.);
#953=CYLINDRICAL_SURFACE('',#2241,0.508);
#954=FACE_OUTER_BOUND('',#2242,.T.);
#955=PLANE('',#2243);
#956=FACE_OUTER_BOUND('',#2244,.T.);
#957=PLANE('',#2245);
#958=FACE_OUTER_BOUND('',#2246,.T.);
#959=PLANE('',#2247);
#960=FACE_OUTER_BOUND('',#2248,.T.);
#961=PLANE('',#2249);
#962=FACE_OUTER_BOUND('',#2250,.T.);
#963=PLANE('',#2251);
#964=FACE_OUTER_BOUND('',#2252,.T.);
#965=PLANE('',#2253);
#966=FACE_OUTER_BOUND('',#2254,.T.);
#967=PLANE('',#2255);
#968=FACE_OUTER_BOUND('',#2256,.T.);
#969=PLANE('',#2257);
#970=FACE_OUTER_BOUND('',#2258,.T.);
#971=PLANE('',#2259);
#972=FACE_OUTER_BOUND('',#2260,.T.);
#973=PLANE('',#2261);
#974=FACE_OUTER_BOUND('',#2262,.T.);
#975=PLANE('',#2263);
#976=FACE_OUTER_BOUND('',#2264,.T.);
#977=PLANE('',#2265);
#978=FACE_OUTER_BOUND('',#2266,.T.);
#979=PLANE('',#2267);
#980=FACE_OUTER_BOUND('',#2268,.T.);
#981=PLANE('',#2269);
#982=FACE_OUTER_BOUND('',#2270,.T.);
#983=PLANE('',#2271);
#984=FACE_OUTER_BOUND('',#2272,.T.);
#985=PLANE('',#2273);
#986=FACE_OUTER_BOUND('',#2274,.T.);
#987=PLANE('',#2275);
#988=FACE_OUTER_BOUND('',#2276,.T.);
#989=PLANE('',#2277);
#990=FACE_OUTER_BOUND('',#2278,.T.);
#991=PLANE('',#2279);
#992=FACE_OUTER_BOUND('',#2280,.T.);
#993=PLANE('',#2281);
#994=FACE_OUTER_BOUND('',#2282,.T.);
#995=PLANE('',#2283);
#996=FACE_OUTER_BOUND('',#2284,.T.);
#997=PLANE('',#2285);
#998=FACE_OUTER_BOUND('',#2286,.T.);
#999=PLANE('',#2287);
#1000=FACE_OUTER_BOUND('',#2288,.T.);
#1001=PLANE('',#2289);
#1002=FACE_OUTER_BOUND('',#2290,.T.);
#1003=PLANE('',#2291);
#1004=FACE_OUTER_BOUND('',#2292,.T.);
#1005=PLANE('',#2293);
#1006=FACE_OUTER_BOUND('',#2294,.T.);
#1007=PLANE('',#2295);
#1008=FACE_OUTER_BOUND('',#2296,.T.);
#1009=PLANE('',#2297);
#1010=FACE_OUTER_BOUND('',#2298,.T.);
#1011=PLANE('',#2299);
#1012=FACE_OUTER_BOUND('',#2300,.T.);
#1013=PLANE('',#2301);
#1014=FACE_OUTER_BOUND('',#2302,.T.);
#1015=PLANE('',#2303);
#1016=FACE_OUTER_BOUND('',#2304,.T.);
#1017=PLANE('',#2305);
#1018=FACE_OUTER_BOUND('',#2306,.T.);
#1019=PLANE('',#2307);
#1020=FACE_OUTER_BOUND('',#2308,.T.);
#1021=PLANE('',#2309);
#1022=FACE_OUTER_BOUND('',#2310,.T.);
#1023=PLANE('',#2311);
#1024=FACE_OUTER_BOUND('',#2312,.T.);
#1025=PLANE('',#2313);
#1026=FACE_OUTER_BOUND('',#2314,.T.);
#1027=PLANE('',#2315);
#1028=FACE_OUTER_BOUND('',#2316,.T.);
#1029=PLANE('',#2317);
#1030=FACE_OUTER_BOUND('',#2318,.T.);
#1031=PLANE('',#2319);
#1032=FACE_OUTER_BOUND('',#2320,.T.);
#1033=PLANE('',#2321);
#1034=FACE_OUTER_BOUND('',#2322,.T.);
#1035=PLANE('',#2323);
#1036=FACE_OUTER_BOUND('',#2324,.T.);
#1037=PLANE('',#2325);
#1038=FACE_OUTER_BOUND('',#2326,.T.);
#1039=PLANE('',#2327);
#1040=FACE_OUTER_BOUND('',#2328,.T.);
#1041=PLANE('',#2329);
#1042=FACE_OUTER_BOUND('',#2330,.T.);
#1043=PLANE('',#2331);
#1044=FACE_OUTER_BOUND('',#2332,.T.);
#1045=PLANE('',#2333);
#1046=FACE_OUTER_BOUND('',#2334,.T.);
#1047=PLANE('',#2335);
#1048=FACE_OUTER_BOUND('',#2336,.T.);
#1049=PLANE('',#2337);
#1050=FACE_OUTER_BOUND('',#2338,.T.);
#1051=PLANE('',#2339);
#1052=FACE_OUTER_BOUND('',#2340,.T.);
#1053=PLANE('',#2341);
#1054=FACE_OUTER_BOUND('',#2342,.T.);
#1055=PLANE('',#2343);
#1056=FACE_OUTER_BOUND('',#2344,.T.);
#1057=PLANE('',#2345);
#1058=FACE_OUTER_BOUND('',#2346,.T.);
#1059=PLANE('',#2347);
#1060=FACE_OUTER_BOUND('',#2348,.T.);
#1061=PLANE('',#2349);
#1062=FACE_OUTER_BOUND('',#2350,.T.);
#1063=PLANE('',#2351);
#1064=FACE_OUTER_BOUND('',#2352,.T.);
#1065=PLANE('',#2353);
#1066=FACE_OUTER_BOUND('',#2354,.T.);
#1067=PLANE('',#2355);
#1068=FACE_OUTER_BOUND('',#2356,.T.);
#1069=PLANE('',#2357);
#1070=FACE_OUTER_BOUND('',#2358,.T.);
#1071=PLANE('',#2359);
#1072=FACE_OUTER_BOUND('',#2360,.T.);
#1073=PLANE('',#2361);
#1074=FACE_OUTER_BOUND('',#2362,.T.);
#1075=PLANE('',#2363);
#1076=FACE_OUTER_BOUND('',#2364,.T.);
#1077=PLANE('',#2365);
#1078=FACE_OUTER_BOUND('',#2366,.T.);
#1079=PLANE('',#2367);
#1080=FACE_OUTER_BOUND('',#2368,.T.);
#1081=PLANE('',#2369);
#1082=FACE_OUTER_BOUND('',#2370,.T.);
#1083=PLANE('',#2371);
#1084=FACE_OUTER_BOUND('',#2372,.T.);
#1085=PLANE('',#2373);
#1086=FACE_OUTER_BOUND('',#2374,.T.);
#1087=PLANE('',#2375);
#1088=FACE_OUTER_BOUND('',#2376,.T.);
#1089=PLANE('',#2377);
#1090=FACE_OUTER_BOUND('',#2378,.T.);
#1091=PLANE('',#2379);
#1092=FACE_OUTER_BOUND('',#2380,.T.);
#1093=PLANE('',#2381);
#1094=FACE_OUTER_BOUND('',#2382,.T.);
#1095=PLANE('',#2383);
#1096=FACE_OUTER_BOUND('',#2384,.T.);
#1097=PLANE('',#2385);
#1098=FACE_OUTER_BOUND('',#2386,.T.);
#1099=PLANE('',#2387);
#1100=FACE_OUTER_BOUND('',#2388,.T.);
#1101=PLANE('',#2389);
#1102=FACE_OUTER_BOUND('',#2390,.T.);
#1103=PLANE('',#2391);
#1104=FACE_OUTER_BOUND('',#2392,.T.);
#1105=PLANE('',#2393);
#1106=FACE_OUTER_BOUND('',#2394,.T.);
#1107=PLANE('',#2395);
#1108=FACE_OUTER_BOUND('',#2396,.T.);
#1109=PLANE('',#2397);
#1110=FACE_OUTER_BOUND('',#2398,.T.);
#1111=PLANE('',#2399);
#1112=FACE_OUTER_BOUND('',#2400,.T.);
#1113=PLANE('',#2401);
#1114=FACE_OUTER_BOUND('',#2402,.T.);
#1115=PLANE('',#2403);
#1116=FACE_OUTER_BOUND('',#2404,.T.);
#1117=PLANE('',#2405);
#1118=FACE_OUTER_BOUND('',#2406,.T.);
#1119=PLANE('',#2407);
#1120=FACE_OUTER_BOUND('',#2408,.T.);
#1121=PLANE('',#2409);
#1122=FACE_OUTER_BOUND('',#2410,.T.);
#1123=PLANE('',#2411);
#1124=FACE_OUTER_BOUND('',#2412,.T.);
#1125=PLANE('',#2413);
#1126=FACE_OUTER_BOUND('',#2414,.T.);
#1127=PLANE('',#2415);
#1128=FACE_OUTER_BOUND('',#2416,.T.);
#1129=PLANE('',#2417);
#1130=FACE_OUTER_BOUND('',#2418,.T.);
#1131=PLANE('',#2419);
#1132=FACE_OUTER_BOUND('',#2420,.T.);
#1133=PLANE('',#2421);
#1134=FACE_OUTER_BOUND('',#2422,.T.);
#1135=PLANE('',#2423);
#1136=FACE_OUTER_BOUND('',#2424,.T.);
#1137=PLANE('',#2425);
#1138=FACE_OUTER_BOUND('',#2426,.T.);
#1139=PLANE('',#2427);
#1140=FACE_OUTER_BOUND('',#2428,.T.);
#1141=PLANE('',#2429);
#1142=FACE_OUTER_BOUND('',#2430,.T.);
#1143=CYLINDRICAL_SURFACE('',#2431,0.508);
#1144=FACE_OUTER_BOUND('',#2432,.T.);
#1145=FACE_BOUND('',#2433,.T.);
#1146=PLANE('',#2434);
#1147=FACE_OUTER_BOUND('',#2435,.T.);
#1148=PLANE('',#2436);
#1149=FACE_OUTER_BOUND('',#2437,.T.);
#1150=PLANE('',#2438);
#1151=FACE_OUTER_BOUND('',#2439,.T.);
#1152=PLANE('',#2440);
#1153=FACE_OUTER_BOUND('',#2441,.T.);
#1154=PLANE('',#2442);
#1155=FACE_OUTER_BOUND('',#2443,.T.);
#1156=PLANE('',#2444);
#1157=FACE_OUTER_BOUND('',#2445,.T.);
#1158=PLANE('',#2446);
#1159=FACE_OUTER_BOUND('',#2447,.T.);
#1160=PLANE('',#2448);
#1161=FACE_OUTER_BOUND('',#2449,.T.);
#1162=PLANE('',#2450);
#1163=FACE_OUTER_BOUND('',#2451,.T.);
#1164=PLANE('',#2452);
#1165=FACE_OUTER_BOUND('',#2453,.T.);
#1166=PLANE('',#2454);
#1167=FACE_OUTER_BOUND('',#2455,.T.);
#1168=PLANE('',#2456);
#1169=FACE_OUTER_BOUND('',#2457,.T.);
#1170=CYLINDRICAL_SURFACE('',#2458,0.7112);
#1171=FACE_OUTER_BOUND('',#2459,.T.);
#1172=PLANE('',#2460);
#1173=FACE_OUTER_BOUND('',#2461,.T.);
#1174=CYLINDRICAL_SURFACE('',#2462,0.5588);
#1175=FACE_OUTER_BOUND('',#2463,.T.);
#1176=PLANE('',#2464);
#1177=FACE_OUTER_BOUND('',#2465,.T.);
#1178=CYLINDRICAL_SURFACE('',#2466,0.5588);
#1179=FACE_OUTER_BOUND('',#2467,.T.);
#1180=PLANE('',#2468);
#1181=FACE_OUTER_BOUND('',#2469,.T.);
#1182=CYLINDRICAL_SURFACE('',#2470,0.5588);
#1183=FACE_OUTER_BOUND('',#2471,.T.);
#1184=PLANE('',#2472);
#1185=FACE_OUTER_BOUND('',#2473,.T.);
#1186=PLANE('',#2474);
#1187=FACE_OUTER_BOUND('',#2475,.T.);
#1188=PLANE('',#2476);
#1189=FACE_OUTER_BOUND('',#2477,.T.);
#1190=CYLINDRICAL_SURFACE('',#2478,0.762);
#1191=FACE_OUTER_BOUND('',#2479,.T.);
#1192=PLANE('',#2480);
#1193=FACE_OUTER_BOUND('',#2481,.T.);
#1194=CYLINDRICAL_SURFACE('',#2482,0.762);
#1195=FACE_OUTER_BOUND('',#2483,.T.);
#1196=PLANE('',#2484);
#1197=FACE_OUTER_BOUND('',#2485,.T.);
#1198=CYLINDRICAL_SURFACE('',#2486,0.762);
#1199=FACE_OUTER_BOUND('',#2487,.T.);
#1200=CYLINDRICAL_SURFACE('',#2488,0.508);
#1201=FACE_OUTER_BOUND('',#2489,.T.);
#1202=PLANE('',#2490);
#1203=FACE_OUTER_BOUND('',#2491,.T.);
#1204=PLANE('',#2492);
#1205=FACE_OUTER_BOUND('',#2493,.T.);
#1206=PLANE('',#2494);
#1207=FACE_OUTER_BOUND('',#2495,.T.);
#1208=PLANE('',#2496);
#1209=FACE_OUTER_BOUND('',#2497,.T.);
#1210=PLANE('',#2498);
#1211=FACE_OUTER_BOUND('',#2499,.T.);
#1212=PLANE('',#2500);
#1213=FACE_OUTER_BOUND('',#2501,.T.);
#1214=PLANE('',#2502);
#1215=FACE_OUTER_BOUND('',#2503,.T.);
#1216=PLANE('',#2504);
#1217=FACE_OUTER_BOUND('',#2505,.T.);
#1218=CYLINDRICAL_SURFACE('',#2506,0.508);
#1219=FACE_OUTER_BOUND('',#2507,.T.);
#1220=FACE_BOUND('',#2508,.T.);
#1221=PLANE('',#2509);
#1222=FACE_OUTER_BOUND('',#2510,.T.);
#1223=PLANE('',#2511);
#1224=FACE_OUTER_BOUND('',#2512,.T.);
#1225=PLANE('',#2513);
#1226=FACE_OUTER_BOUND('',#2514,.T.);
#1227=PLANE('',#2515);
#1228=FACE_OUTER_BOUND('',#2516,.T.);
#1229=PLANE('',#2517);
#1230=FACE_OUTER_BOUND('',#2518,.T.);
#1231=PLANE('',#2519);
#1232=FACE_OUTER_BOUND('',#2520,.T.);
#1233=PLANE('',#2521);
#1234=FACE_OUTER_BOUND('',#2522,.T.);
#1235=PLANE('',#2523);
#1236=FACE_OUTER_BOUND('',#2524,.T.);
#1237=PLANE('',#2525);
#1238=FACE_OUTER_BOUND('',#2526,.T.);
#1239=PLANE('',#2527);
#1240=FACE_OUTER_BOUND('',#2528,.T.);
#1241=PLANE('',#2529);
#1242=FACE_OUTER_BOUND('',#2530,.T.);
#1243=PLANE('',#2531);
#1244=FACE_OUTER_BOUND('',#2532,.T.);
#1245=CYLINDRICAL_SURFACE('',#2533,0.7112);
#1246=FACE_OUTER_BOUND('',#2534,.T.);
#1247=PLANE('',#2535);
#1248=FACE_OUTER_BOUND('',#2536,.T.);
#1249=CYLINDRICAL_SURFACE('',#2537,0.5588);
#1250=FACE_OUTER_BOUND('',#2538,.T.);
#1251=PLANE('',#2539);
#1252=FACE_OUTER_BOUND('',#2540,.T.);
#1253=CYLINDRICAL_SURFACE('',#2541,0.5588);
#1254=FACE_OUTER_BOUND('',#2542,.T.);
#1255=PLANE('',#2543);
#1256=FACE_OUTER_BOUND('',#2544,.T.);
#1257=CYLINDRICAL_SURFACE('',#2545,0.5588);
#1258=FACE_OUTER_BOUND('',#2546,.T.);
#1259=PLANE('',#2547);
#1260=FACE_OUTER_BOUND('',#2548,.T.);
#1261=PLANE('',#2549);
#1262=FACE_OUTER_BOUND('',#2550,.T.);
#1263=PLANE('',#2551);
#1264=FACE_OUTER_BOUND('',#2552,.T.);
#1265=CYLINDRICAL_SURFACE('',#2553,0.762);
#1266=FACE_OUTER_BOUND('',#2554,.T.);
#1267=PLANE('',#2555);
#1268=FACE_OUTER_BOUND('',#2556,.T.);
#1269=CYLINDRICAL_SURFACE('',#2557,0.762);
#1270=FACE_OUTER_BOUND('',#2558,.T.);
#1271=PLANE('',#2559);
#1272=FACE_OUTER_BOUND('',#2560,.T.);
#1273=CYLINDRICAL_SURFACE('',#2561,0.762);
#1274=FACE_OUTER_BOUND('',#2562,.T.);
#1275=CYLINDRICAL_SURFACE('',#2563,0.508);
#1276=FACE_OUTER_BOUND('',#2564,.T.);
#1277=PLANE('',#2565);
#1278=FACE_OUTER_BOUND('',#2566,.T.);
#1279=PLANE('',#2567);
#1280=FACE_OUTER_BOUND('',#2568,.T.);
#1281=PLANE('',#2569);
#1282=FACE_OUTER_BOUND('',#2570,.T.);
#1283=PLANE('',#2571);
#1284=FACE_OUTER_BOUND('',#2572,.T.);
#1285=PLANE('',#2573);
#1286=FACE_OUTER_BOUND('',#2574,.T.);
#1287=PLANE('',#2575);
#1288=FACE_OUTER_BOUND('',#2576,.T.);
#1289=PLANE('',#2577);
#1290=FACE_OUTER_BOUND('',#2578,.T.);
#1291=PLANE('',#2579);
#1292=FACE_OUTER_BOUND('',#2580,.T.);
#1293=CYLINDRICAL_SURFACE('',#2581,0.508);
#1294=FACE_OUTER_BOUND('',#2582,.T.);
#1295=FACE_BOUND('',#2583,.T.);
#1296=PLANE('',#2584);
#1297=FACE_OUTER_BOUND('',#2585,.T.);
#1298=PLANE('',#2586);
#1299=FACE_OUTER_BOUND('',#2587,.T.);
#1300=PLANE('',#2588);
#1301=FACE_OUTER_BOUND('',#2589,.T.);
#1302=PLANE('',#2590);
#1303=FACE_OUTER_BOUND('',#2591,.T.);
#1304=PLANE('',#2592);
#1305=FACE_OUTER_BOUND('',#2593,.T.);
#1306=PLANE('',#2594);
#1307=FACE_OUTER_BOUND('',#2595,.T.);
#1308=PLANE('',#2596);
#1309=FACE_OUTER_BOUND('',#2597,.T.);
#1310=PLANE('',#2598);
#1311=FACE_OUTER_BOUND('',#2599,.T.);
#1312=PLANE('',#2600);
#1313=FACE_OUTER_BOUND('',#2601,.T.);
#1314=PLANE('',#2602);
#1315=FACE_OUTER_BOUND('',#2603,.T.);
#1316=PLANE('',#2604);
#1317=FACE_OUTER_BOUND('',#2605,.T.);
#1318=PLANE('',#2606);
#1319=FACE_OUTER_BOUND('',#2607,.T.);
#1320=CYLINDRICAL_SURFACE('',#2608,0.7112);
#1321=FACE_OUTER_BOUND('',#2609,.T.);
#1322=PLANE('',#2610);
#1323=FACE_OUTER_BOUND('',#2611,.T.);
#1324=CYLINDRICAL_SURFACE('',#2612,0.5588);
#1325=FACE_OUTER_BOUND('',#2613,.T.);
#1326=PLANE('',#2614);
#1327=FACE_OUTER_BOUND('',#2615,.T.);
#1328=CYLINDRICAL_SURFACE('',#2616,0.5588);
#1329=FACE_OUTER_BOUND('',#2617,.T.);
#1330=PLANE('',#2618);
#1331=FACE_OUTER_BOUND('',#2619,.T.);
#1332=CYLINDRICAL_SURFACE('',#2620,0.5588);
#1333=FACE_OUTER_BOUND('',#2621,.T.);
#1334=PLANE('',#2622);
#1335=FACE_OUTER_BOUND('',#2623,.T.);
#1336=PLANE('',#2624);
#1337=FACE_OUTER_BOUND('',#2625,.T.);
#1338=PLANE('',#2626);
#1339=FACE_OUTER_BOUND('',#2627,.T.);
#1340=CYLINDRICAL_SURFACE('',#2628,0.762);
#1341=FACE_OUTER_BOUND('',#2629,.T.);
#1342=PLANE('',#2630);
#1343=FACE_OUTER_BOUND('',#2631,.T.);
#1344=CYLINDRICAL_SURFACE('',#2632,0.762);
#1345=FACE_OUTER_BOUND('',#2633,.T.);
#1346=PLANE('',#2634);
#1347=FACE_OUTER_BOUND('',#2635,.T.);
#1348=CYLINDRICAL_SURFACE('',#2636,0.762);
#1349=FACE_OUTER_BOUND('',#2637,.T.);
#1350=CYLINDRICAL_SURFACE('',#2638,0.508);
#1351=FACE_OUTER_BOUND('',#2639,.T.);
#1352=PLANE('',#2640);
#1353=FACE_OUTER_BOUND('',#2641,.T.);
#1354=PLANE('',#2642);
#1355=FACE_OUTER_BOUND('',#2643,.T.);
#1356=PLANE('',#2644);
#1357=FACE_OUTER_BOUND('',#2645,.T.);
#1358=PLANE('',#2646);
#1359=FACE_OUTER_BOUND('',#2647,.T.);
#1360=PLANE('',#2648);
#1361=FACE_OUTER_BOUND('',#2649,.T.);
#1362=PLANE('',#2650);
#1363=FACE_OUTER_BOUND('',#2651,.T.);
#1364=PLANE('',#2652);
#1365=FACE_OUTER_BOUND('',#2653,.T.);
#1366=PLANE('',#2654);
#1367=FACE_OUTER_BOUND('',#2655,.T.);
#1368=CYLINDRICAL_SURFACE('',#2656,0.508);
#1369=FACE_OUTER_BOUND('',#2657,.T.);
#1370=FACE_BOUND('',#2658,.T.);
#1371=PLANE('',#2659);
#1372=FACE_OUTER_BOUND('',#2660,.T.);
#1373=PLANE('',#2661);
#1374=FACE_OUTER_BOUND('',#2662,.T.);
#1375=PLANE('',#2663);
#1376=FACE_OUTER_BOUND('',#2664,.T.);
#1377=PLANE('',#2665);
#1378=FACE_OUTER_BOUND('',#2666,.T.);
#1379=PLANE('',#2667);
#1380=FACE_OUTER_BOUND('',#2668,.T.);
#1381=PLANE('',#2669);
#1382=FACE_OUTER_BOUND('',#2670,.T.);
#1383=PLANE('',#2671);
#1384=FACE_OUTER_BOUND('',#2672,.T.);
#1385=PLANE('',#2673);
#1386=FACE_OUTER_BOUND('',#2674,.T.);
#1387=PLANE('',#2675);
#1388=FACE_OUTER_BOUND('',#2676,.T.);
#1389=PLANE('',#2677);
#1390=FACE_OUTER_BOUND('',#2678,.T.);
#1391=PLANE('',#2679);
#1392=FACE_OUTER_BOUND('',#2680,.T.);
#1393=PLANE('',#2681);
#1394=FACE_OUTER_BOUND('',#2682,.T.);
#1395=CYLINDRICAL_SURFACE('',#2683,0.7112);
#1396=FACE_OUTER_BOUND('',#2684,.T.);
#1397=PLANE('',#2685);
#1398=FACE_OUTER_BOUND('',#2686,.T.);
#1399=CYLINDRICAL_SURFACE('',#2687,0.5588);
#1400=FACE_OUTER_BOUND('',#2688,.T.);
#1401=PLANE('',#2689);
#1402=FACE_OUTER_BOUND('',#2690,.T.);
#1403=CYLINDRICAL_SURFACE('',#2691,0.5588);
#1404=FACE_OUTER_BOUND('',#2692,.T.);
#1405=PLANE('',#2693);
#1406=FACE_OUTER_BOUND('',#2694,.T.);
#1407=CYLINDRICAL_SURFACE('',#2695,0.5588);
#1408=FACE_OUTER_BOUND('',#2696,.T.);
#1409=PLANE('',#2697);
#1410=FACE_OUTER_BOUND('',#2698,.T.);
#1411=PLANE('',#2699);
#1412=FACE_OUTER_BOUND('',#2700,.T.);
#1413=PLANE('',#2701);
#1414=FACE_OUTER_BOUND('',#2702,.T.);
#1415=CYLINDRICAL_SURFACE('',#2703,0.762);
#1416=FACE_OUTER_BOUND('',#2704,.T.);
#1417=PLANE('',#2705);
#1418=FACE_OUTER_BOUND('',#2706,.T.);
#1419=CYLINDRICAL_SURFACE('',#2707,0.762);
#1420=FACE_OUTER_BOUND('',#2708,.T.);
#1421=PLANE('',#2709);
#1422=FACE_OUTER_BOUND('',#2710,.T.);
#1423=CYLINDRICAL_SURFACE('',#2711,0.762);
#1424=FACE_OUTER_BOUND('',#2712,.T.);
#1425=CYLINDRICAL_SURFACE('',#2713,0.508);
#1426=FACE_OUTER_BOUND('',#2714,.T.);
#1427=PLANE('',#2715);
#1428=FACE_OUTER_BOUND('',#2716,.T.);
#1429=PLANE('',#2717);
#1430=FACE_OUTER_BOUND('',#2718,.T.);
#1431=PLANE('',#2719);
#1432=FACE_OUTER_BOUND('',#2720,.T.);
#1433=PLANE('',#2721);
#1434=FACE_OUTER_BOUND('',#2722,.T.);
#1435=PLANE('',#2723);
#1436=FACE_OUTER_BOUND('',#2724,.T.);
#1437=PLANE('',#2725);
#1438=FACE_OUTER_BOUND('',#2726,.T.);
#1439=PLANE('',#2727);
#1440=FACE_OUTER_BOUND('',#2728,.T.);
#1441=PLANE('',#2729);
#1442=FACE_OUTER_BOUND('',#2730,.T.);
#1443=CYLINDRICAL_SURFACE('',#2731,0.508);
#1444=FACE_OUTER_BOUND('',#2732,.T.);
#1445=FACE_BOUND('',#2733,.T.);
#1446=PLANE('',#2734);
#1447=FACE_OUTER_BOUND('',#2735,.T.);
#1448=PLANE('',#2736);
#1449=FACE_OUTER_BOUND('',#2737,.T.);
#1450=PLANE('',#2738);
#1451=FACE_OUTER_BOUND('',#2739,.T.);
#1452=PLANE('',#2740);
#1453=FACE_OUTER_BOUND('',#2741,.T.);
#1454=PLANE('',#2742);
#1455=FACE_OUTER_BOUND('',#2743,.T.);
#1456=PLANE('',#2744);
#1457=FACE_OUTER_BOUND('',#2745,.T.);
#1458=PLANE('',#2746);
#1459=FACE_OUTER_BOUND('',#2747,.T.);
#1460=PLANE('',#2748);
#1461=FACE_OUTER_BOUND('',#2749,.T.);
#1462=PLANE('',#2750);
#1463=FACE_OUTER_BOUND('',#2751,.T.);
#1464=PLANE('',#2752);
#1465=FACE_OUTER_BOUND('',#2753,.T.);
#1466=PLANE('',#2754);
#1467=FACE_OUTER_BOUND('',#2755,.T.);
#1468=PLANE('',#2756);
#1469=FACE_OUTER_BOUND('',#2757,.T.);
#1470=CYLINDRICAL_SURFACE('',#2758,0.7112);
#1471=FACE_OUTER_BOUND('',#2759,.T.);
#1472=PLANE('',#2760);
#1473=FACE_OUTER_BOUND('',#2761,.T.);
#1474=CYLINDRICAL_SURFACE('',#2762,0.5588);
#1475=FACE_OUTER_BOUND('',#2763,.T.);
#1476=PLANE('',#2764);
#1477=FACE_OUTER_BOUND('',#2765,.T.);
#1478=CYLINDRICAL_SURFACE('',#2766,0.5588);
#1479=FACE_OUTER_BOUND('',#2767,.T.);
#1480=PLANE('',#2768);
#1481=FACE_OUTER_BOUND('',#2769,.T.);
#1482=CYLINDRICAL_SURFACE('',#2770,0.5588);
#1483=FACE_OUTER_BOUND('',#2771,.T.);
#1484=PLANE('',#2772);
#1485=FACE_OUTER_BOUND('',#2773,.T.);
#1486=PLANE('',#2774);
#1487=FACE_OUTER_BOUND('',#2775,.T.);
#1488=PLANE('',#2776);
#1489=FACE_OUTER_BOUND('',#2777,.T.);
#1490=CYLINDRICAL_SURFACE('',#2778,0.762);
#1491=FACE_OUTER_BOUND('',#2779,.T.);
#1492=PLANE('',#2780);
#1493=FACE_OUTER_BOUND('',#2781,.T.);
#1494=CYLINDRICAL_SURFACE('',#2782,0.762);
#1495=FACE_OUTER_BOUND('',#2783,.T.);
#1496=PLANE('',#2784);
#1497=FACE_OUTER_BOUND('',#2785,.T.);
#1498=CYLINDRICAL_SURFACE('',#2786,0.762);
#1499=FACE_OUTER_BOUND('',#2787,.T.);
#1500=CYLINDRICAL_SURFACE('',#2788,0.508);
#1501=FACE_OUTER_BOUND('',#2789,.T.);
#1502=PLANE('',#2790);
#1503=FACE_OUTER_BOUND('',#2791,.T.);
#1504=PLANE('',#2792);
#1505=FACE_OUTER_BOUND('',#2793,.T.);
#1506=PLANE('',#2794);
#1507=FACE_OUTER_BOUND('',#2795,.T.);
#1508=PLANE('',#2796);
#1509=FACE_OUTER_BOUND('',#2797,.T.);
#1510=PLANE('',#2798);
#1511=FACE_OUTER_BOUND('',#2799,.T.);
#1512=PLANE('',#2800);
#1513=FACE_OUTER_BOUND('',#2801,.T.);
#1514=PLANE('',#2802);
#1515=FACE_OUTER_BOUND('',#2803,.T.);
#1516=PLANE('',#2804);
#1517=FACE_OUTER_BOUND('',#2805,.T.);
#1518=CYLINDRICAL_SURFACE('',#2806,0.508);
#1519=FACE_OUTER_BOUND('',#2807,.T.);
#1520=FACE_BOUND('',#2808,.T.);
#1521=PLANE('',#2809);
#1522=FACE_OUTER_BOUND('',#2810,.T.);
#1523=PLANE('',#2811);
#1524=FACE_OUTER_BOUND('',#2812,.T.);
#1525=PLANE('',#2813);
#1526=FACE_OUTER_BOUND('',#2814,.T.);
#1527=PLANE('',#2815);
#1528=FACE_OUTER_BOUND('',#2816,.T.);
#1529=PLANE('',#2817);
#1530=FACE_OUTER_BOUND('',#2818,.T.);
#1531=PLANE('',#2819);
#1532=FACE_OUTER_BOUND('',#2820,.T.);
#1533=PLANE('',#2821);
#1534=FACE_OUTER_BOUND('',#2822,.T.);
#1535=PLANE('',#2823);
#1536=FACE_OUTER_BOUND('',#2824,.T.);
#1537=PLANE('',#2825);
#1538=FACE_OUTER_BOUND('',#2826,.T.);
#1539=PLANE('',#2827);
#1540=FACE_OUTER_BOUND('',#2828,.T.);
#1541=PLANE('',#2829);
#1542=FACE_OUTER_BOUND('',#2830,.T.);
#1543=PLANE('',#2831);
#1544=FACE_OUTER_BOUND('',#2832,.T.);
#1545=CYLINDRICAL_SURFACE('',#2833,0.7112);
#1546=FACE_OUTER_BOUND('',#2834,.T.);
#1547=PLANE('',#2835);
#1548=FACE_OUTER_BOUND('',#2836,.T.);
#1549=CYLINDRICAL_SURFACE('',#2837,0.5588);
#1550=FACE_OUTER_BOUND('',#2838,.T.);
#1551=PLANE('',#2839);
#1552=FACE_OUTER_BOUND('',#2840,.T.);
#1553=CYLINDRICAL_SURFACE('',#2841,0.5588);
#1554=FACE_OUTER_BOUND('',#2842,.T.);
#1555=PLANE('',#2843);
#1556=FACE_OUTER_BOUND('',#2844,.T.);
#1557=CYLINDRICAL_SURFACE('',#2845,0.5588);
#1558=FACE_OUTER_BOUND('',#2846,.T.);
#1559=PLANE('',#2847);
#1560=FACE_OUTER_BOUND('',#2848,.T.);
#1561=PLANE('',#2849);
#1562=FACE_OUTER_BOUND('',#2850,.T.);
#1563=PLANE('',#2851);
#1564=FACE_OUTER_BOUND('',#2852,.T.);
#1565=CYLINDRICAL_SURFACE('',#2853,0.762);
#1566=FACE_OUTER_BOUND('',#2854,.T.);
#1567=PLANE('',#2855);
#1568=FACE_OUTER_BOUND('',#2856,.T.);
#1569=CYLINDRICAL_SURFACE('',#2857,0.762);
#1570=FACE_OUTER_BOUND('',#2858,.T.);
#1571=PLANE('',#2859);
#1572=FACE_OUTER_BOUND('',#2860,.T.);
#1573=CYLINDRICAL_SURFACE('',#2861,0.762);
#1574=FACE_OUTER_BOUND('',#2862,.T.);
#1575=CYLINDRICAL_SURFACE('',#2863,0.508);
#1576=FACE_OUTER_BOUND('',#2864,.T.);
#1577=PLANE('',#2865);
#1578=FACE_OUTER_BOUND('',#2866,.T.);
#1579=PLANE('',#2867);
#1580=FACE_OUTER_BOUND('',#2868,.T.);
#1581=PLANE('',#2869);
#1582=FACE_OUTER_BOUND('',#2870,.T.);
#1583=PLANE('',#2871);
#1584=FACE_OUTER_BOUND('',#2872,.T.);
#1585=PLANE('',#2873);
#1586=FACE_OUTER_BOUND('',#2874,.T.);
#1587=PLANE('',#2875);
#1588=FACE_OUTER_BOUND('',#2876,.T.);
#1589=PLANE('',#2877);
#1590=FACE_OUTER_BOUND('',#2878,.T.);
#1591=PLANE('',#2879);
#1592=FACE_OUTER_BOUND('',#2880,.T.);
#1593=CYLINDRICAL_SURFACE('',#2881,0.508);
#1594=FACE_OUTER_BOUND('',#2882,.T.);
#1595=FACE_BOUND('',#2883,.T.);
#1596=PLANE('',#2884);
#1597=FACE_OUTER_BOUND('',#2885,.T.);
#1598=PLANE('',#2886);
#1599=FACE_OUTER_BOUND('',#2887,.T.);
#1600=PLANE('',#2888);
#1601=FACE_OUTER_BOUND('',#2889,.T.);
#1602=PLANE('',#2890);
#1603=FACE_OUTER_BOUND('',#2891,.T.);
#1604=PLANE('',#2892);
#1605=FACE_OUTER_BOUND('',#2893,.T.);
#1606=PLANE('',#2894);
#1607=FACE_OUTER_BOUND('',#2895,.T.);
#1608=PLANE('',#2896);
#1609=FACE_OUTER_BOUND('',#2897,.T.);
#1610=PLANE('',#2898);
#1611=FACE_OUTER_BOUND('',#2899,.T.);
#1612=PLANE('',#2900);
#1613=FACE_OUTER_BOUND('',#2901,.T.);
#1614=PLANE('',#2902);
#1615=FACE_OUTER_BOUND('',#2903,.T.);
#1616=PLANE('',#2904);
#1617=FACE_OUTER_BOUND('',#2905,.T.);
#1618=PLANE('',#2906);
#1619=FACE_OUTER_BOUND('',#2907,.T.);
#1620=CYLINDRICAL_SURFACE('',#2908,0.7112);
#1621=FACE_OUTER_BOUND('',#2909,.T.);
#1622=PLANE('',#2910);
#1623=FACE_OUTER_BOUND('',#2911,.T.);
#1624=CYLINDRICAL_SURFACE('',#2912,0.5588);
#1625=FACE_OUTER_BOUND('',#2913,.T.);
#1626=PLANE('',#2914);
#1627=FACE_OUTER_BOUND('',#2915,.T.);
#1628=CYLINDRICAL_SURFACE('',#2916,0.5588);
#1629=FACE_OUTER_BOUND('',#2917,.T.);
#1630=PLANE('',#2918);
#1631=FACE_OUTER_BOUND('',#2919,.T.);
#1632=CYLINDRICAL_SURFACE('',#2920,0.5588);
#1633=FACE_OUTER_BOUND('',#2921,.T.);
#1634=PLANE('',#2922);
#1635=FACE_OUTER_BOUND('',#2923,.T.);
#1636=PLANE('',#2924);
#1637=FACE_OUTER_BOUND('',#2925,.T.);
#1638=PLANE('',#2926);
#1639=FACE_OUTER_BOUND('',#2927,.T.);
#1640=CYLINDRICAL_SURFACE('',#2928,0.762);
#1641=FACE_OUTER_BOUND('',#2929,.T.);
#1642=PLANE('',#2930);
#1643=FACE_OUTER_BOUND('',#2931,.T.);
#1644=CYLINDRICAL_SURFACE('',#2932,0.762);
#1645=FACE_OUTER_BOUND('',#2933,.T.);
#1646=PLANE('',#2934);
#1647=FACE_OUTER_BOUND('',#2935,.T.);
#1648=CYLINDRICAL_SURFACE('',#2936,0.762);
#1649=FACE_OUTER_BOUND('',#2937,.T.);
#1650=CYLINDRICAL_SURFACE('',#2938,0.508);
#1651=FACE_OUTER_BOUND('',#2939,.T.);
#1652=PLANE('',#2940);
#1653=FACE_OUTER_BOUND('',#2941,.T.);
#1654=PLANE('',#2942);
#1655=FACE_OUTER_BOUND('',#2943,.T.);
#1656=PLANE('',#2944);
#1657=FACE_OUTER_BOUND('',#2945,.T.);
#1658=PLANE('',#2946);
#1659=FACE_OUTER_BOUND('',#2947,.T.);
#1660=PLANE('',#2948);
#1661=FACE_OUTER_BOUND('',#2949,.T.);
#1662=PLANE('',#2950);
#1663=FACE_OUTER_BOUND('',#2951,.T.);
#1664=PLANE('',#2952);
#1665=FACE_OUTER_BOUND('',#2953,.T.);
#1666=PLANE('',#2954);
#1667=FACE_OUTER_BOUND('',#2955,.T.);
#1668=CYLINDRICAL_SURFACE('',#2956,0.508);
#1669=FACE_OUTER_BOUND('',#2957,.T.);
#1670=FACE_BOUND('',#2958,.T.);
#1671=PLANE('',#2959);
#1672=FACE_OUTER_BOUND('',#2960,.T.);
#1673=PLANE('',#2961);
#1674=FACE_OUTER_BOUND('',#2962,.T.);
#1675=PLANE('',#2963);
#1676=FACE_OUTER_BOUND('',#2964,.T.);
#1677=PLANE('',#2965);
#1678=FACE_OUTER_BOUND('',#2966,.T.);
#1679=PLANE('',#2967);
#1680=FACE_OUTER_BOUND('',#2968,.T.);
#1681=PLANE('',#2969);
#1682=FACE_OUTER_BOUND('',#2970,.T.);
#1683=PLANE('',#2971);
#1684=FACE_OUTER_BOUND('',#2972,.T.);
#1685=PLANE('',#2973);
#1686=FACE_OUTER_BOUND('',#2974,.T.);
#1687=PLANE('',#2975);
#1688=FACE_OUTER_BOUND('',#2976,.T.);
#1689=PLANE('',#2977);
#1690=FACE_OUTER_BOUND('',#2978,.T.);
#1691=PLANE('',#2979);
#1692=FACE_OUTER_BOUND('',#2980,.T.);
#1693=PLANE('',#2981);
#1694=FACE_OUTER_BOUND('',#2982,.T.);
#1695=CYLINDRICAL_SURFACE('',#2983,0.7112);
#1696=FACE_OUTER_BOUND('',#2984,.T.);
#1697=PLANE('',#2985);
#1698=FACE_OUTER_BOUND('',#2986,.T.);
#1699=CYLINDRICAL_SURFACE('',#2987,0.5588);
#1700=FACE_OUTER_BOUND('',#2988,.T.);
#1701=PLANE('',#2989);
#1702=FACE_OUTER_BOUND('',#2990,.T.);
#1703=CYLINDRICAL_SURFACE('',#2991,0.5588);
#1704=FACE_OUTER_BOUND('',#2992,.T.);
#1705=PLANE('',#2993);
#1706=FACE_OUTER_BOUND('',#2994,.T.);
#1707=CYLINDRICAL_SURFACE('',#2995,0.5588);
#1708=FACE_OUTER_BOUND('',#2996,.T.);
#1709=PLANE('',#2997);
#1710=FACE_OUTER_BOUND('',#2998,.T.);
#1711=PLANE('',#2999);
#1712=FACE_OUTER_BOUND('',#3000,.T.);
#1713=PLANE('',#3001);
#1714=FACE_OUTER_BOUND('',#3002,.T.);
#1715=CYLINDRICAL_SURFACE('',#3003,0.762);
#1716=FACE_OUTER_BOUND('',#3004,.T.);
#1717=PLANE('',#3005);
#1718=FACE_OUTER_BOUND('',#3006,.T.);
#1719=CYLINDRICAL_SURFACE('',#3007,0.762);
#1720=FACE_OUTER_BOUND('',#3008,.T.);
#1721=PLANE('',#3009);
#1722=FACE_OUTER_BOUND('',#3010,.T.);
#1723=CYLINDRICAL_SURFACE('',#3011,0.762);
#1724=FACE_OUTER_BOUND('',#3012,.T.);
#1725=CYLINDRICAL_SURFACE('',#3013,0.508);
#1726=FACE_OUTER_BOUND('',#3014,.T.);
#1727=PLANE('',#3015);
#1728=FACE_OUTER_BOUND('',#3016,.T.);
#1729=PLANE('',#3017);
#1730=FACE_OUTER_BOUND('',#3018,.T.);
#1731=PLANE('',#3019);
#1732=FACE_OUTER_BOUND('',#3020,.T.);
#1733=PLANE('',#3021);
#1734=FACE_OUTER_BOUND('',#3022,.T.);
#1735=PLANE('',#3023);
#1736=FACE_OUTER_BOUND('',#3024,.T.);
#1737=PLANE('',#3025);
#1738=FACE_OUTER_BOUND('',#3026,.T.);
#1739=PLANE('',#3027);
#1740=FACE_OUTER_BOUND('',#3028,.T.);
#1741=PLANE('',#3029);
#1742=FACE_OUTER_BOUND('',#3030,.T.);
#1743=CYLINDRICAL_SURFACE('',#3031,0.508);
#1744=FACE_OUTER_BOUND('',#3032,.T.);
#1745=FACE_BOUND('',#3033,.T.);
#1746=PLANE('',#3034);
#1747=FACE_OUTER_BOUND('',#3035,.T.);
#1748=PLANE('',#3036);
#1749=FACE_OUTER_BOUND('',#3037,.T.);
#1750=PLANE('',#3038);
#1751=FACE_OUTER_BOUND('',#3039,.T.);
#1752=PLANE('',#3040);
#1753=FACE_OUTER_BOUND('',#3041,.T.);
#1754=PLANE('',#3042);
#1755=FACE_OUTER_BOUND('',#3043,.T.);
#1756=PLANE('',#3044);
#1757=FACE_OUTER_BOUND('',#3045,.T.);
#1758=PLANE('',#3046);
#1759=FACE_OUTER_BOUND('',#3047,.T.);
#1760=PLANE('',#3048);
#1761=FACE_OUTER_BOUND('',#3049,.T.);
#1762=PLANE('',#3050);
#1763=FACE_OUTER_BOUND('',#3051,.T.);
#1764=PLANE('',#3052);
#1765=FACE_OUTER_BOUND('',#3053,.T.);
#1766=PLANE('',#3054);
#1767=FACE_OUTER_BOUND('',#3055,.T.);
#1768=PLANE('',#3056);
#1769=FACE_OUTER_BOUND('',#3057,.T.);
#1770=CYLINDRICAL_SURFACE('',#3058,0.7112);
#1771=FACE_OUTER_BOUND('',#3059,.T.);
#1772=PLANE('',#3060);
#1773=FACE_OUTER_BOUND('',#3061,.T.);
#1774=CYLINDRICAL_SURFACE('',#3062,0.5588);
#1775=FACE_OUTER_BOUND('',#3063,.T.);
#1776=PLANE('',#3064);
#1777=FACE_OUTER_BOUND('',#3065,.T.);
#1778=CYLINDRICAL_SURFACE('',#3066,0.5588);
#1779=FACE_OUTER_BOUND('',#3067,.T.);
#1780=PLANE('',#3068);
#1781=FACE_OUTER_BOUND('',#3069,.T.);
#1782=CYLINDRICAL_SURFACE('',#3070,0.5588);
#1783=FACE_OUTER_BOUND('',#3071,.T.);
#1784=PLANE('',#3072);
#1785=FACE_OUTER_BOUND('',#3073,.T.);
#1786=PLANE('',#3074);
#1787=FACE_OUTER_BOUND('',#3075,.T.);
#1788=PLANE('',#3076);
#1789=FACE_OUTER_BOUND('',#3077,.T.);
#1790=CYLINDRICAL_SURFACE('',#3078,0.762);
#1791=FACE_OUTER_BOUND('',#3079,.T.);
#1792=PLANE('',#3080);
#1793=FACE_OUTER_BOUND('',#3081,.T.);
#1794=CYLINDRICAL_SURFACE('',#3082,0.762);
#1795=FACE_OUTER_BOUND('',#3083,.T.);
#1796=PLANE('',#3084);
#1797=FACE_OUTER_BOUND('',#3085,.T.);
#1798=CYLINDRICAL_SURFACE('',#3086,0.762);
#1799=FACE_OUTER_BOUND('',#3087,.T.);
#1800=CYLINDRICAL_SURFACE('',#3088,0.508);
#1801=FACE_OUTER_BOUND('',#3089,.T.);
#1802=PLANE('',#3090);
#1803=FACE_OUTER_BOUND('',#3091,.T.);
#1804=PLANE('',#3092);
#1805=FACE_OUTER_BOUND('',#3093,.T.);
#1806=PLANE('',#3094);
#1807=FACE_OUTER_BOUND('',#3095,.T.);
#1808=PLANE('',#3096);
#1809=FACE_OUTER_BOUND('',#3097,.T.);
#1810=PLANE('',#3098);
#1811=FACE_OUTER_BOUND('',#3099,.T.);
#1812=PLANE('',#3100);
#1813=FACE_OUTER_BOUND('',#3101,.T.);
#1814=PLANE('',#3102);
#1815=FACE_OUTER_BOUND('',#3103,.T.);
#1816=PLANE('',#3104);
#1817=FACE_OUTER_BOUND('',#3105,.T.);
#1818=CYLINDRICAL_SURFACE('',#3106,0.508);
#1819=FACE_OUTER_BOUND('',#3107,.T.);
#1820=FACE_BOUND('',#3108,.T.);
#1821=PLANE('',#3109);
#1822=FACE_OUTER_BOUND('',#3110,.T.);
#1823=PLANE('',#3111);
#1824=FACE_OUTER_BOUND('',#3112,.T.);
#1825=PLANE('',#3113);
#1826=FACE_OUTER_BOUND('',#3114,.T.);
#1827=PLANE('',#3115);
#1828=FACE_OUTER_BOUND('',#3116,.T.);
#1829=PLANE('',#3117);
#1830=FACE_OUTER_BOUND('',#3118,.T.);
#1831=PLANE('',#3119);
#1832=FACE_OUTER_BOUND('',#3120,.T.);
#1833=PLANE('',#3121);
#1834=FACE_OUTER_BOUND('',#3122,.T.);
#1835=PLANE('',#3123);
#1836=FACE_OUTER_BOUND('',#3124,.T.);
#1837=PLANE('',#3125);
#1838=FACE_OUTER_BOUND('',#3126,.T.);
#1839=PLANE('',#3127);
#1840=FACE_OUTER_BOUND('',#3128,.T.);
#1841=PLANE('',#3129);
#1842=FACE_OUTER_BOUND('',#3130,.T.);
#1843=PLANE('',#3131);
#1844=FACE_OUTER_BOUND('',#3132,.T.);
#1845=CYLINDRICAL_SURFACE('',#3133,0.7112);
#1846=FACE_OUTER_BOUND('',#3134,.T.);
#1847=PLANE('',#3135);
#1848=FACE_OUTER_BOUND('',#3136,.T.);
#1849=CYLINDRICAL_SURFACE('',#3137,0.5588);
#1850=FACE_OUTER_BOUND('',#3138,.T.);
#1851=PLANE('',#3139);
#1852=FACE_OUTER_BOUND('',#3140,.T.);
#1853=CYLINDRICAL_SURFACE('',#3141,0.5588);
#1854=FACE_OUTER_BOUND('',#3142,.T.);
#1855=PLANE('',#3143);
#1856=FACE_OUTER_BOUND('',#3144,.T.);
#1857=CYLINDRICAL_SURFACE('',#3145,0.5588);
#1858=FACE_OUTER_BOUND('',#3146,.T.);
#1859=PLANE('',#3147);
#1860=FACE_OUTER_BOUND('',#3148,.T.);
#1861=PLANE('',#3149);
#1862=FACE_OUTER_BOUND('',#3150,.T.);
#1863=PLANE('',#3151);
#1864=FACE_OUTER_BOUND('',#3152,.T.);
#1865=CYLINDRICAL_SURFACE('',#3153,0.762);
#1866=FACE_OUTER_BOUND('',#3154,.T.);
#1867=PLANE('',#3155);
#1868=FACE_OUTER_BOUND('',#3156,.T.);
#1869=CYLINDRICAL_SURFACE('',#3157,0.762);
#1870=FACE_OUTER_BOUND('',#3158,.T.);
#1871=PLANE('',#3159);
#1872=FACE_OUTER_BOUND('',#3160,.T.);
#1873=CYLINDRICAL_SURFACE('',#3161,0.762);
#1874=FACE_OUTER_BOUND('',#3162,.T.);
#1875=CYLINDRICAL_SURFACE('',#3163,0.508);
#1876=FACE_OUTER_BOUND('',#3164,.T.);
#1877=PLANE('',#3165);
#1878=FACE_OUTER_BOUND('',#3166,.T.);
#1879=PLANE('',#3167);
#1880=FACE_OUTER_BOUND('',#3168,.T.);
#1881=PLANE('',#3169);
#1882=FACE_OUTER_BOUND('',#3170,.T.);
#1883=PLANE('',#3171);
#1884=FACE_OUTER_BOUND('',#3172,.T.);
#1885=PLANE('',#3173);
#1886=FACE_OUTER_BOUND('',#3174,.T.);
#1887=PLANE('',#3175);
#1888=FACE_OUTER_BOUND('',#3176,.T.);
#1889=PLANE('',#3177);
#1890=FACE_OUTER_BOUND('',#3178,.T.);
#1891=PLANE('',#3179);
#1892=FACE_OUTER_BOUND('',#3180,.T.);
#1893=PLANE('',#3181);
#1894=FACE_OUTER_BOUND('',#3182,.T.);
#1895=PLANE('',#3183);
#1896=FACE_OUTER_BOUND('',#3184,.T.);
#1897=PLANE('',#3185);
#1898=FACE_OUTER_BOUND('',#3186,.T.);
#1899=PLANE('',#3187);
#1900=FACE_OUTER_BOUND('',#3188,.T.);
#1901=CYLINDRICAL_SURFACE('',#3189,0.7112);
#1902=FACE_OUTER_BOUND('',#3190,.T.);
#1903=PLANE('',#3191);
#1904=FACE_OUTER_BOUND('',#3192,.T.);
#1905=CYLINDRICAL_SURFACE('',#3193,0.5588);
#1906=FACE_OUTER_BOUND('',#3194,.T.);
#1907=PLANE('',#3195);
#1908=FACE_OUTER_BOUND('',#3196,.T.);
#1909=CYLINDRICAL_SURFACE('',#3197,0.5588);
#1910=FACE_OUTER_BOUND('',#3198,.T.);
#1911=PLANE('',#3199);
#1912=FACE_OUTER_BOUND('',#3200,.T.);
#1913=CYLINDRICAL_SURFACE('',#3201,0.5588);
#1914=FACE_OUTER_BOUND('',#3202,.T.);
#1915=PLANE('',#3203);
#1916=FACE_OUTER_BOUND('',#3204,.T.);
#1917=PLANE('',#3205);
#1918=FACE_OUTER_BOUND('',#3206,.T.);
#1919=PLANE('',#3207);
#1920=FACE_OUTER_BOUND('',#3208,.T.);
#1921=CYLINDRICAL_SURFACE('',#3209,0.762);
#1922=FACE_OUTER_BOUND('',#3210,.T.);
#1923=PLANE('',#3211);
#1924=FACE_OUTER_BOUND('',#3212,.T.);
#1925=CYLINDRICAL_SURFACE('',#3213,0.762);
#1926=FACE_OUTER_BOUND('',#3214,.T.);
#1927=PLANE('',#3215);
#1928=FACE_OUTER_BOUND('',#3216,.T.);
#1929=CYLINDRICAL_SURFACE('',#3217,0.762);
#1930=FACE_OUTER_BOUND('',#3218,.T.);
#1931=PLANE('',#3219);
#1932=FACE_OUTER_BOUND('',#3220,.T.);
#1933=PLANE('',#3221);
#1934=FACE_OUTER_BOUND('',#3222,.T.);
#1935=PLANE('',#3223);
#1936=FACE_OUTER_BOUND('',#3224,.T.);
#1937=PLANE('',#3225);
#1938=FACE_OUTER_BOUND('',#3226,.T.);
#1939=PLANE('',#3227);
#1940=FACE_OUTER_BOUND('',#3228,.T.);
#1941=CYLINDRICAL_SURFACE('',#3229,0.508);
#1942=FACE_OUTER_BOUND('',#3230,.T.);
#1943=PLANE('',#3231);
#1944=FACE_OUTER_BOUND('',#3232,.T.);
#1945=PLANE('',#3233);
#1946=FACE_OUTER_BOUND('',#3234,.T.);
#1947=PLANE('',#3235);
#1948=FACE_OUTER_BOUND('',#3236,.T.);
#1949=PLANE('',#3237);
#1950=FACE_OUTER_BOUND('',#3238,.T.);
#1951=PLANE('',#3239);
#1952=FACE_OUTER_BOUND('',#3240,.T.);
#1953=PLANE('',#3241);
#1954=FACE_OUTER_BOUND('',#3242,.T.);
#1955=PLANE('',#3243);
#1956=FACE_OUTER_BOUND('',#3244,.T.);
#1957=PLANE('',#3245);
#1958=FACE_OUTER_BOUND('',#3246,.T.);
#1959=PLANE('',#3247);
#1960=FACE_OUTER_BOUND('',#3248,.T.);
#1961=PLANE('',#3249);
#1962=FACE_OUTER_BOUND('',#3250,.T.);
#1963=CYLINDRICAL_SURFACE('',#3251,0.762);
#1964=FACE_OUTER_BOUND('',#3252,.T.);
#1965=CYLINDRICAL_SURFACE('',#3253,0.762);
#1966=FACE_OUTER_BOUND('',#3254,.T.);
#1967=PLANE('',#3255);
#1968=TRIMMED_CURVE('',#3256,(PARAMETER_VALUE(0.0)),(PARAMETER_VALUE(3.1415926535892)),.T.,.UNSPECIFIED.);
#1969=TRIMMED_CURVE('',#3257,(PARAMETER_VALUE(0.0)),(PARAMETER_VALUE(3.1415926535892)),.T.,.UNSPECIFIED.);
#1970=TRIMMED_CURVE('',#3258,(PARAMETER_VALUE(0.0)),(PARAMETER_VALUE(3.1415926535892)),.T.,.UNSPECIFIED.);
#1971=TRIMMED_CURVE('',#3259,(PARAMETER_VALUE(0.0)),(PARAMETER_VALUE(3.1415926535892)),.T.,.UNSPECIFIED.);
#1972=TRIMMED_CURVE('',#3260,(PARAMETER_VALUE(0.0)),(PARAMETER_VALUE(3.1415926535892)),.T.,.UNSPECIFIED.);
#1973=TRIMMED_CURVE('',#3261,(PARAMETER_VALUE(0.0)),(PARAMETER_VALUE(3.1415926535892)),.T.,.UNSPECIFIED.);
#1974=TRIMMED_CURVE('',#3262,(PARAMETER_VALUE(0.0)),(PARAMETER_VALUE(3.1415926535892)),.T.,.UNSPECIFIED.);
#1975=TRIMMED_CURVE('',#3263,(PARAMETER_VALUE(0.0)),(PARAMETER_VALUE(3.1415926535892)),.T.,.UNSPECIFIED.);
#1976=TRIMMED_CURVE('',#3264,(PARAMETER_VALUE(0.0)),(PARAMETER_VALUE(3.1415926535892)),.T.,.UNSPECIFIED.);
#1977=TRIMMED_CURVE('',#3265,(PARAMETER_VALUE(0.0)),(PARAMETER_VALUE(3.1415926535892)),.T.,.UNSPECIFIED.);
#1978=TRIMMED_CURVE('',#3266,(PARAMETER_VALUE(0.0)),(PARAMETER_VALUE(3.1415926535892)),.T.,.UNSPECIFIED.);
#1979=TRIMMED_CURVE('',#3267,(PARAMETER_VALUE(0.0)),(PARAMETER_VALUE(3.1415926535892)),.T.,.UNSPECIFIED.);
#1980=TRIMMED_CURVE('',#3268,(PARAMETER_VALUE(0.0)),(PARAMETER_VALUE(3.1415926535892)),.T.,.UNSPECIFIED.);
#1981=TRIMMED_CURVE('',#3269,(PARAMETER_VALUE(0.0)),(PARAMETER_VALUE(3.1415926535892)),.T.,.UNSPECIFIED.);
#1982=TRIMMED_CURVE('',#3270,(PARAMETER_VALUE(0.0)),(PARAMETER_VALUE(3.1415926535892)),.T.,.UNSPECIFIED.);
#1983=TRIMMED_CURVE('',#3271,(PARAMETER_VALUE(0.0)),(PARAMETER_VALUE(3.1415926535892)),.T.,.UNSPECIFIED.);
#1984=TRIMMED_CURVE('',#3272,(PARAMETER_VALUE(0.0)),(PARAMETER_VALUE(3.1415926535892)),.T.,.UNSPECIFIED.);
#1985=TRIMMED_CURVE('',#3273,(PARAMETER_VALUE(0.0)),(PARAMETER_VALUE(3.1415926535892)),.T.,.UNSPECIFIED.);
#1986=TRIMMED_CURVE('',#3274,(PARAMETER_VALUE(0.0)),(PARAMETER_VALUE(3.1415926535892)),.T.,.UNSPECIFIED.);
#1987=TRIMMED_CURVE('',#3275,(PARAMETER_VALUE(0.0)),(PARAMETER_VALUE(3.1415926535892)),.T.,.UNSPECIFIED.);
#1988=TRIMMED_CURVE('',#3276,(PARAMETER_VALUE(0.0)),(PARAMETER_VALUE(3.1415926535892)),.T.,.UNSPECIFIED.);
#1989=TRIMMED_CURVE('',#3277,(PARAMETER_VALUE(0.0)),(PARAMETER_VALUE(3.1415926535892)),.T.,.UNSPECIFIED.);
#1990=TRIMMED_CURVE('',#3278,(PARAMETER_VALUE(0.0)),(PARAMETER_VALUE(3.1415926535892)),.T.,.UNSPECIFIED.);
#1991=TRIMMED_CURVE('',#3279,(PARAMETER_VALUE(0.0)),(PARAMETER_VALUE(3.1415926535892)),.T.,.UNSPECIFIED.);
#1992=EDGE_LOOP('',(#3280,#3281,#3282,#3283));
#1993=AXIS2_PLACEMENT_3D('',#3284,#3285,#3286);
#1994=EDGE_LOOP('',(#3287,#3288,#3289,#3290));
#1995=AXIS2_PLACEMENT_3D('',#3291,#3292,#3293);
#1996=EDGE_LOOP('',(#3294,#3295,#3296,#3297));
#1997=AXIS2_PLACEMENT_3D('',#3298,#3299,#3300);
#1998=EDGE_LOOP('',(#3301,#3302,#3303,#3304));
#1999=AXIS2_PLACEMENT_3D('',#3305,#3306,#3307);
#2000=EDGE_LOOP('',(#3308,#3309,#3310,#3311));
#2001=AXIS2_PLACEMENT_3D('',#3312,#3313,#3314);
#2002=EDGE_LOOP('',(#3315,#3316,#3317,#3318));
#2003=AXIS2_PLACEMENT_3D('',#3319,#3320,#3321);
#2004=EDGE_LOOP('',(#3322,#3323,#3324,#3325));
#2005=AXIS2_PLACEMENT_3D('',#3326,#3327,#3328);
#2006=EDGE_LOOP('',(#3329,#3330,#3331,#3332));
#2007=AXIS2_PLACEMENT_3D('',#3333,#3334,#3335);
#2008=EDGE_LOOP('',(#3336,#3337,#3338,#3339));
#2009=AXIS2_PLACEMENT_3D('',#3340,#3341,#3342);
#2010=EDGE_LOOP('',(#3343,#3344,#3345,#3346));
#2011=AXIS2_PLACEMENT_3D('',#3347,#3348,#3349);
#2012=EDGE_LOOP('',(#3350,#3351,#3352,#3353));
#2013=AXIS2_PLACEMENT_3D('',#3354,#3355,#3356);
#2014=EDGE_LOOP('',(#3357,#3358,#3359,#3360));
#2015=AXIS2_PLACEMENT_3D('',#3361,#3362,#3363);
#2016=EDGE_LOOP('',(#3364,#3365,#3366,#3367));
#2017=AXIS2_PLACEMENT_3D('',#3368,#3369,#3370);
#2018=EDGE_LOOP('',(#3371,#3372,#3373,#3374));
#2019=AXIS2_PLACEMENT_3D('',#3375,#3376,#3377);
#2020=EDGE_LOOP('',(#3378,#3379,#3380,#3381));
#2021=AXIS2_PLACEMENT_3D('',#3382,#3383,#3384);
#2022=EDGE_LOOP('',(#3385,#3386,#3387,#3388));
#2023=AXIS2_PLACEMENT_3D('',#3389,#3390,#3391);
#2024=EDGE_LOOP('',(#3392,#3393,#3394,#3395));
#2025=AXIS2_PLACEMENT_3D('',#3396,#3397,#3398);
#2026=EDGE_LOOP('',(#3399,#3400,#3401,#3402));
#2027=AXIS2_PLACEMENT_3D('',#3403,#3404,#3405);
#2028=EDGE_LOOP('',(#3406,#3407,#3408,#3409));
#2029=AXIS2_PLACEMENT_3D('',#3410,#3411,#3412);
#2030=EDGE_LOOP('',(#3413,#3414,#3415,#3416));
#2031=AXIS2_PLACEMENT_3D('',#3417,#3418,#3419);
#2032=EDGE_LOOP('',(#3420,#3421,#3422,#3423));
#2033=AXIS2_PLACEMENT_3D('',#3424,#3425,#3426);
#2034=EDGE_LOOP('',(#3427,#3428,#3429,#3430));
#2035=AXIS2_PLACEMENT_3D('',#3431,#3432,#3433);
#2036=EDGE_LOOP('',(#3434,#3435,#3436,#3437));
#2037=AXIS2_PLACEMENT_3D('',#3438,#3439,#3440);
#2038=EDGE_LOOP('',(#3441,#3442,#3443,#3444));
#2039=AXIS2_PLACEMENT_3D('',#3445,#3446,#3447);
#2040=EDGE_LOOP('',(#3448,#3449,#3450,#3451));
#2041=AXIS2_PLACEMENT_3D('',#3452,#3453,#3454);
#2042=EDGE_LOOP('',(#3455,#3456,#3457,#3458));
#2043=AXIS2_PLACEMENT_3D('',#3459,#3460,#3461);
#2044=EDGE_LOOP('',(#3462,#3463,#3464,#3465));
#2045=AXIS2_PLACEMENT_3D('',#3466,#3467,#3468);
#2046=EDGE_LOOP('',(#3469,#3470,#3471,#3472));
#2047=AXIS2_PLACEMENT_3D('',#3473,#3474,#3475);
#2048=EDGE_LOOP('',(#3476,#3477,#3478,#3479));
#2049=AXIS2_PLACEMENT_3D('',#3480,#3481,#3482);
#2050=EDGE_LOOP('',(#3483,#3484,#3485,#3486));
#2051=AXIS2_PLACEMENT_3D('',#3487,#3488,#3489);
#2052=EDGE_LOOP('',(#3490,#3491,#3492,#3493));
#2053=AXIS2_PLACEMENT_3D('',#3494,#3495,#3496);
#2054=EDGE_LOOP('',(#3497,#3498,#3499,#3500));
#2055=AXIS2_PLACEMENT_3D('',#3501,#3502,#3503);
#2056=EDGE_LOOP('',(#3504,#3505,#3506,#3507));
#2057=AXIS2_PLACEMENT_3D('',#3508,#3509,#3510);
#2058=EDGE_LOOP('',(#3511,#3512,#3513,#3514));
#2059=AXIS2_PLACEMENT_3D('',#3515,#3516,#3517);
#2060=EDGE_LOOP('',(#3518,#3519,#3520,#3521));
#2061=AXIS2_PLACEMENT_3D('',#3522,#3523,#3524);
#2062=EDGE_LOOP('',(#3525,#3526,#3527,#3528));
#2063=AXIS2_PLACEMENT_3D('',#3529,#3530,#3531);
#2064=EDGE_LOOP('',(#3532,#3533,#3534,#3535));
#2065=AXIS2_PLACEMENT_3D('',#3536,#3537,#3538);
#2066=EDGE_LOOP('',(#3539,#3540,#3541,#3542));
#2067=AXIS2_PLACEMENT_3D('',#3543,#3544,#3545);
#2068=EDGE_LOOP('',(#3546,#3547,#3548,#3549));
#2069=AXIS2_PLACEMENT_3D('',#3550,#3551,#3552);
#2070=EDGE_LOOP('',(#3553,#3554,#3555,#3556));
#2071=AXIS2_PLACEMENT_3D('',#3557,#3558,#3559);
#2072=EDGE_LOOP('',(#3560,#3561,#3562,#3563));
#2073=AXIS2_PLACEMENT_3D('',#3564,#3565,#3566);
#2074=EDGE_LOOP('',(#3567,#3568,#3569,#3570));
#2075=AXIS2_PLACEMENT_3D('',#3571,#3572,#3573);
#2076=EDGE_LOOP('',(#3574,#3575,#3576,#3577));
#2077=AXIS2_PLACEMENT_3D('',#3578,#3579,#3580);
#2078=EDGE_LOOP('',(#3581,#3582,#3583,#3584));
#2079=AXIS2_PLACEMENT_3D('',#3585,#3586,#3587);
#2080=EDGE_LOOP('',(#3588,#3589,#3590,#3591));
#2081=AXIS2_PLACEMENT_3D('',#3592,#3593,#3594);
#2082=EDGE_LOOP('',(#3595,#3596,#3597,#3598));
#2083=AXIS2_PLACEMENT_3D('',#3599,#3600,#3601);
#2084=EDGE_LOOP('',(#3602,#3603,#3604,#3605));
#2085=AXIS2_PLACEMENT_3D('',#3606,#3607,#3608);
#2086=EDGE_LOOP('',(#3609,#3610,#3611,#3612));
#2087=AXIS2_PLACEMENT_3D('',#3613,#3614,#3615);
#2088=EDGE_LOOP('',(#3616,#3617,#3618,#3619,#3620,#3621,#3622,#3623,#3624,#3625,#3626));
#2089=AXIS2_PLACEMENT_3D('',#3627,#3628,#3629);
#2090=EDGE_LOOP('',(#3630,#3631,#3632,#3633));
#2091=AXIS2_PLACEMENT_3D('',#3634,#3635,#3636);
#2092=EDGE_LOOP('',(#3637,#3638,#3639,#3640));
#2093=AXIS2_PLACEMENT_3D('',#3641,#3642,#3643);
#2094=EDGE_LOOP('',(#3644,#3645,#3646,#3647,#3648,#3649,#3650));
#2095=AXIS2_PLACEMENT_3D('',#3651,#3652,#3653);
#2096=EDGE_LOOP('',(#3654,#3655,#3656,#3657));
#2097=AXIS2_PLACEMENT_3D('',#3658,#3659,#3660);
#2098=EDGE_LOOP('',(#3661,#3662,#3663,#3664));
#2099=AXIS2_PLACEMENT_3D('',#3665,#3666,#3667);
#2100=EDGE_LOOP('',(#3668,#3669,#3670,#3671,#3672,#3673,#3674,#3675,#3676,#3677,#3678));
#2101=AXIS2_PLACEMENT_3D('',#3679,#3680,#3681);
#2102=EDGE_LOOP('',(#3682,#3683,#3684,#3685,#3686,#3687,#3688,#3689));
#2103=EDGE_LOOP('',(#3690,#3691,#3692,#3693));
#2104=EDGE_LOOP('',(#3694,#3695,#3696,#3697));
#2105=EDGE_LOOP('',(#3698,#3699,#3700,#3701));
#2106=EDGE_LOOP('',(#3702,#3703,#3704,#3705));
#2107=EDGE_LOOP('',(#3706,#3707,#3708,#3709));
#2108=EDGE_LOOP('',(#3710,#3711,#3712,#3713));
#2109=EDGE_LOOP('',(#3714,#3715,#3716,#3717));
#2110=EDGE_LOOP('',(#3718,#3719,#3720,#3721));
#2111=EDGE_LOOP('',(#3722,#3723,#3724,#3725));
#2112=EDGE_LOOP('',(#3726,#3727,#3728,#3729));
#2113=EDGE_LOOP('',(#3730,#3731,#3732,#3733));
#2114=EDGE_LOOP('',(#3734,#3735,#3736,#3737));
#2115=AXIS2_PLACEMENT_3D('',#3738,#3739,#3740);
#2116=EDGE_LOOP('',(#3741,#3742,#3743,#3744,#3745,#3746,#3747,#3748,#3749,#3750,#3751,#3752,#3753,#3754,#3755,#3756,#3757,#3758,#3759,#3760,#3761,#3762,#3763,#3764,#3765,#3766,#3767,#3768,#3769,#3770,#3771,#3772,#3773,#3774,#3775,#3776,#3777,#3778,#3779,#3780,#3781,#3782,#3783,#3784,#3785,#3786,#3787,#3788,#3789,#3790,#3791,#3792,#3793,#3794,#3795,#3796));
#2117=EDGE_LOOP('',(#3797,#3798,#3799,#3800));
#2118=EDGE_LOOP('',(#3801,#3802,#3803,#3804));
#2119=EDGE_LOOP('',(#3805,#3806,#3807,#3808));
#2120=EDGE_LOOP('',(#3809,#3810,#3811,#3812));
#2121=EDGE_LOOP('',(#3813,#3814,#3815,#3816));
#2122=EDGE_LOOP('',(#3817,#3818,#3819,#3820));
#2123=EDGE_LOOP('',(#3821,#3822,#3823,#3824));
#2124=EDGE_LOOP('',(#3825,#3826,#3827,#3828));
#2125=EDGE_LOOP('',(#3829,#3830,#3831,#3832));
#2126=EDGE_LOOP('',(#3833,#3834,#3835,#3836));
#2127=EDGE_LOOP('',(#3837,#3838,#3839,#3840));
#2128=EDGE_LOOP('',(#3841,#3842,#3843,#3844));
#2129=AXIS2_PLACEMENT_3D('',#3845,#3846,#3847);
#2130=EDGE_LOOP('',(#3848,#3849,#3850,#3851));
#2131=AXIS2_PLACEMENT_3D('',#3852,#3853,#3854);
#2132=EDGE_LOOP('',(#3855,#3856,#3857,#3858));
#2133=EDGE_LOOP('',(#3859,#3860,#3861,#3862));
#2134=AXIS2_PLACEMENT_3D('',#3863,#3864,#3865);
#2135=EDGE_LOOP('',(#3866,#3867,#3868,#3869));
#2136=AXIS2_PLACEMENT_3D('',#3870,#3871,#3872);
#2137=EDGE_LOOP('',(#3873,#3874,#3875,#3876));
#2138=AXIS2_PLACEMENT_3D('',#3877,#3878,#3879);
#2139=EDGE_LOOP('',(#3880,#3881,#3882,#3883));
#2140=AXIS2_PLACEMENT_3D('',#3884,#3885,#3886);
#2141=EDGE_LOOP('',(#3887,#3888,#3889,#3890));
#2142=AXIS2_PLACEMENT_3D('',#3891,#3892,#3893);
#2143=EDGE_LOOP('',(#3894,#3895,#3896,#3897,#3898,#3899,#3900,#3901,#3902,#3903,#3904,#3905,#3906,#3907,#3908,#3909,#3910,#3911,#3912,#3913,#3914,#3915,#3916,#3917,#3918));
#2144=AXIS2_PLACEMENT_3D('',#3919,#3920,#3921);
#2145=EDGE_LOOP('',(#3922,#3923,#3924,#3925));
#2146=AXIS2_PLACEMENT_3D('',#3926,#3927,#3928);
#2147=EDGE_LOOP('',(#3929,#3930,#3931,#3932,#3933,#3934));
#2148=AXIS2_PLACEMENT_3D('',#3935,#3936,#3937);
#2149=EDGE_LOOP('',(#3938,#3939,#3940,#3941));
#2150=AXIS2_PLACEMENT_3D('',#3942,#3943,#3944);
#2151=EDGE_LOOP('',(#3945,#3946,#3947,#3948,#3949,#3950));
#2152=AXIS2_PLACEMENT_3D('',#3951,#3952,#3953);
#2153=EDGE_LOOP('',(#3954,#3955,#3956,#3957,#3958,#3959,#3960,#3961,#3962,#3963,#3964,#3965,#3966,#3967,#3968,#3969,#3970,#3971,#3972,#3973,#3974,#3975,#3976,#3977,#3978));
#2154=AXIS2_PLACEMENT_3D('',#3979,#3980,#3981);
#2155=EDGE_LOOP('',(#3982,#3983,#3984,#3985));
#2156=AXIS2_PLACEMENT_3D('',#3986,#3987,#3988);
#2157=EDGE_LOOP('',(#3989,#3990,#3991,#3992));
#2158=AXIS2_PLACEMENT_3D('',#3993,#3994,#3995);
#2159=EDGE_LOOP('',(#3996,#3997,#3998,#3999));
#2160=AXIS2_PLACEMENT_3D('',#4000,#4001,#4002);
#2161=EDGE_LOOP('',(#4003,#4004,#4005,#4006));
#2162=AXIS2_PLACEMENT_3D('',#4007,#4008,#4009);
#2163=EDGE_LOOP('',(#4010,#4011,#4012,#4013));
#2164=AXIS2_PLACEMENT_3D('',#4014,#4015,#4016);
#2165=EDGE_LOOP('',(#4017,#4018,#4019,#4020));
#2166=AXIS2_PLACEMENT_3D('',#4021,#4022,#4023);
#2167=EDGE_LOOP('',(#4024,#4025,#4026,#4027));
#2168=AXIS2_PLACEMENT_3D('',#4028,#4029,#4030);
#2169=EDGE_LOOP('',(#4031,#4032,#4033,#4034));
#2170=AXIS2_PLACEMENT_3D('',#4035,#4036,#4037);
#2171=EDGE_LOOP('',(#4038,#4039,#4040,#4041));
#2172=AXIS2_PLACEMENT_3D('',#4042,#4043,#4044);
#2173=EDGE_LOOP('',(#4045,#4046,#4047,#4048));
#2174=AXIS2_PLACEMENT_3D('',#4049,#4050,#4051);
#2175=EDGE_LOOP('',(#4052,#4053,#4054,#4055));
#2176=AXIS2_PLACEMENT_3D('',#4056,#4057,#4058);
#2177=EDGE_LOOP('',(#4059,#4060,#4061,#4062));
#2178=AXIS2_PLACEMENT_3D('',#4063,#4064,#4065);
#2179=EDGE_LOOP('',(#4066,#4067,#4068,#4069));
#2180=AXIS2_PLACEMENT_3D('',#4070,#4071,#4072);
#2181=EDGE_LOOP('',(#4073,#4074,#4075,#4076));
#2182=AXIS2_PLACEMENT_3D('',#4077,#4078,#4079);
#2183=EDGE_LOOP('',(#4080,#4081,#4082,#4083));
#2184=AXIS2_PLACEMENT_3D('',#4084,#4085,#4086);
#2185=EDGE_LOOP('',(#4087,#4088,#4089,#4090,#4091,#4092,#4093,#4094,#4095,#4096,#4097,#4098,#4099,#4100,#4101,#4102,#4103,#4104,#4105,#4106,#4107,#4108,#4109,#4110,#4111,#4112,#4113,#4114,#4115,#4116,#4117,#4118,#4119,#4120,#4121,#4122,#4123,#4124,#4125,#4126,#4127,#4128,#4129,#4130,#4131,#4132,#4133,#4134,#4135,#4136,#4137,#4138,#4139,#4140,#4141,#4142,#4143,#4144,#4145,#4146,#4147,#4148,#4149,#4150,#4151,#4152,#4153,#4154,#4155,#4156,#4157,#4158,#4159,#4160,#4161,#4162,#4163,#4164,#4165,#4166,#4167,#4168,#4169,#4170,#4171,#4172,#4173,#4174,#4175,#4176,#4177,#4178,#4179,#4180,#4181,#4182,#4183,#4184,#4185,#4186));
#2186=AXIS2_PLACEMENT_3D('',#4187,#4188,#4189);
#2187=EDGE_LOOP('',(#4190,#4191,#4192,#4193,#4194,#4195,#4196,#4197,#4198,#4199,#4200,#4201,#4202,#4203,#4204,#4205,#4206,#4207,#4208,#4209,#4210,#4211,#4212,#4213,#4214));
#2188=AXIS2_PLACEMENT_3D('',#4215,#4216,#4217);
#2189=EDGE_LOOP('',(#4218,#4219,#4220,#4221));
#2190=AXIS2_PLACEMENT_3D('',#4222,#4223,#4224);
#2191=EDGE_LOOP('',(#4225,#4226,#4227,#4228,#4229,#4230));
#2192=AXIS2_PLACEMENT_3D('',#4231,#4232,#4233);
#2193=EDGE_LOOP('',(#4234,#4235,#4236,#4237));
#2194=AXIS2_PLACEMENT_3D('',#4238,#4239,#4240);
#2195=EDGE_LOOP('',(#4241,#4242,#4243,#4244));
#2196=EDGE_LOOP('',(#4245,#4246,#4247,#4248));
#2197=AXIS2_PLACEMENT_3D('',#4249,#4250,#4251);
#2198=EDGE_LOOP('',(#4252,#4253,#4254,#4255));
#2199=AXIS2_PLACEMENT_3D('',#4256,#4257,#4258);
#2200=EDGE_LOOP('',(#4259,#4260,#4261,#4262));
#2201=AXIS2_PLACEMENT_3D('',#4263,#4264,#4265);
#2202=EDGE_LOOP('',(#4266,#4267,#4268,#4269));
#2203=AXIS2_PLACEMENT_3D('',#4270,#4271,#4272);
#2204=EDGE_LOOP('',(#4273,#4274,#4275,#4276));
#2205=AXIS2_PLACEMENT_3D('',#4277,#4278,#4279);
#2206=EDGE_LOOP('',(#4280,#4281,#4282,#4283));
#2207=AXIS2_PLACEMENT_3D('',#4284,#4285,#4286);
#2208=EDGE_LOOP('',(#4287,#4288,#4289,#4290,#4291,#4292));
#2209=AXIS2_PLACEMENT_3D('',#4293,#4294,#4295);
#2210=EDGE_LOOP('',(#4296,#4297,#4298,#4299));
#2211=AXIS2_PLACEMENT_3D('',#4300,#4301,#4302);
#2212=EDGE_LOOP('',(#4303,#4304,#4305,#4306,#4307,#4308));
#2213=AXIS2_PLACEMENT_3D('',#4309,#4310,#4311);
#2214=EDGE_LOOP('',(#4312,#4313,#4314,#4315));
#2215=AXIS2_PLACEMENT_3D('',#4316,#4317,#4318);
#2216=EDGE_LOOP('',(#4319,#4320,#4321,#4322));
#2217=AXIS2_PLACEMENT_3D('',#4323,#4324,#4325);
#2218=EDGE_LOOP('',(#4326,#4327,#4328,#4329));
#2219=AXIS2_PLACEMENT_3D('',#4330,#4331,#4332);
#2220=EDGE_LOOP('',(#4333,#4334,#4335,#4336));
#2221=AXIS2_PLACEMENT_3D('',#4337,#4338,#4339);
#2222=EDGE_LOOP('',(#4340,#4341,#4342,#4343));
#2223=AXIS2_PLACEMENT_3D('',#4344,#4345,#4346);
#2224=EDGE_LOOP('',(#4347,#4348,#4349,#4350));
#2225=AXIS2_PLACEMENT_3D('',#4351,#4352,#4353);
#2226=EDGE_LOOP('',(#4354,#4355,#4356,#4357));
#2227=AXIS2_PLACEMENT_3D('',#4358,#4359,#4360);
#2228=EDGE_LOOP('',(#4361,#4362,#4363,#4364));
#2229=AXIS2_PLACEMENT_3D('',#4365,#4366,#4367);
#2230=EDGE_LOOP('',(#4368,#4369,#4370,#4371));
#2231=AXIS2_PLACEMENT_3D('',#4372,#4373,#4374);
#2232=EDGE_LOOP('',(#4375,#4376,#4377,#4378));
#2233=AXIS2_PLACEMENT_3D('',#4379,#4380,#4381);
#2234=EDGE_LOOP('',(#4382,#4383,#4384,#4385));
#2235=AXIS2_PLACEMENT_3D('',#4386,#4387,#4388);
#2236=EDGE_LOOP('',(#4389,#4390,#4391,#4392,#4393,#4394));
#2237=AXIS2_PLACEMENT_3D('',#4395,#4396,#4397);
#2238=EDGE_LOOP('',(#4398,#4399,#4400,#4401));
#2239=AXIS2_PLACEMENT_3D('',#4402,#4403,#4404);
#2240=EDGE_LOOP('',(#4405,#4406,#4407,#4408,#4409,#4410));
#2241=AXIS2_PLACEMENT_3D('',#4411,#4412,#4413);
#2242=EDGE_LOOP('',(#4414,#4415,#4416,#4417));
#2243=AXIS2_PLACEMENT_3D('',#4418,#4419,#4420);
#2244=EDGE_LOOP('',(#4421,#4422,#4423,#4424,#4425));
#2245=AXIS2_PLACEMENT_3D('',#4426,#4427,#4428);
#2246=EDGE_LOOP('',(#4429,#4430,#4431,#4432,#4433,#4434,#4435,#4436,#4437,#4438,#4439,#4440,#4441,#4442,#4443,#4444,#4445,#4446,#4447,#4448,#4449,#4450,#4451,#4452,#4453,#4454,#4455,#4456,#4457,#4458,#4459,#4460,#4461,#4462,#4463,#4464,#4465,#4466,#4467,#4468,#4469,#4470,#4471,#4472,#4473,#4474,#4475,#4476,#4477,#4478,#4479,#4480));
#2247=AXIS2_PLACEMENT_3D('',#4481,#4482,#4483);
#2248=EDGE_LOOP('',(#4484,#4485,#4486,#4487));
#2249=AXIS2_PLACEMENT_3D('',#4488,#4489,#4490);
#2250=EDGE_LOOP('',(#4491,#4492,#4493,#4494));
#2251=AXIS2_PLACEMENT_3D('',#4495,#4496,#4497);
#2252=EDGE_LOOP('',(#4498,#4499,#4500,#4501));
#2253=AXIS2_PLACEMENT_3D('',#4502,#4503,#4504);
#2254=EDGE_LOOP('',(#4505,#4506,#4507,#4508,#4509,#4510,#4511,#4512,#4513,#4514,#4515,#4516,#4517,#4518,#4519,#4520,#4521,#4522,#4523,#4524,#4525,#4526,#4527,#4528,#4529,#4530,#4531,#4532,#4533,#4534,#4535,#4536,#4537,#4538,#4539,#4540,#4541,#4542,#4543,#4544,#4545,#4546,#4547,#4548,#4549,#4550,#4551,#4552,#4553,#4554,#4555,#4556));
#2255=AXIS2_PLACEMENT_3D('',#4557,#4558,#4559);
#2256=EDGE_LOOP('',(#4560,#4561,#4562,#4563));
#2257=AXIS2_PLACEMENT_3D('',#4564,#4565,#4566);
#2258=EDGE_LOOP('',(#4567,#4568,#4569,#4570));
#2259=AXIS2_PLACEMENT_3D('',#4571,#4572,#4573);
#2260=EDGE_LOOP('',(#4574,#4575,#4576,#4577));
#2261=AXIS2_PLACEMENT_3D('',#4578,#4579,#4580);
#2262=EDGE_LOOP('',(#4581,#4582,#4583,#4584));
#2263=AXIS2_PLACEMENT_3D('',#4585,#4586,#4587);
#2264=EDGE_LOOP('',(#4588,#4589,#4590,#4591,#4592));
#2265=AXIS2_PLACEMENT_3D('',#4593,#4594,#4595);
#2266=EDGE_LOOP('',(#4596,#4597,#4598,#4599));
#2267=AXIS2_PLACEMENT_3D('',#4600,#4601,#4602);
#2268=EDGE_LOOP('',(#4603,#4604,#4605,#4606));
#2269=AXIS2_PLACEMENT_3D('',#4607,#4608,#4609);
#2270=EDGE_LOOP('',(#4610,#4611,#4612,#4613,#4614,#4615));
#2271=AXIS2_PLACEMENT_3D('',#4616,#4617,#4618);
#2272=EDGE_LOOP('',(#4619,#4620,#4621,#4622));
#2273=AXIS2_PLACEMENT_3D('',#4623,#4624,#4625);
#2274=EDGE_LOOP('',(#4626,#4627,#4628,#4629));
#2275=AXIS2_PLACEMENT_3D('',#4630,#4631,#4632);
#2276=EDGE_LOOP('',(#4633,#4634,#4635,#4636));
#2277=AXIS2_PLACEMENT_3D('',#4637,#4638,#4639);
#2278=EDGE_LOOP('',(#4640,#4641,#4642,#4643));
#2279=AXIS2_PLACEMENT_3D('',#4644,#4645,#4646);
#2280=EDGE_LOOP('',(#4647,#4648,#4649,#4650));
#2281=AXIS2_PLACEMENT_3D('',#4651,#4652,#4653);
#2282=EDGE_LOOP('',(#4654,#4655,#4656,#4657));
#2283=AXIS2_PLACEMENT_3D('',#4658,#4659,#4660);
#2284=EDGE_LOOP('',(#4661,#4662,#4663,#4664));
#2285=AXIS2_PLACEMENT_3D('',#4665,#4666,#4667);
#2286=EDGE_LOOP('',(#4668,#4669,#4670,#4671));
#2287=AXIS2_PLACEMENT_3D('',#4672,#4673,#4674);
#2288=EDGE_LOOP('',(#4675,#4676,#4677,#4678));
#2289=AXIS2_PLACEMENT_3D('',#4679,#4680,#4681);
#2290=EDGE_LOOP('',(#4682,#4683,#4684,#4685));
#2291=AXIS2_PLACEMENT_3D('',#4686,#4687,#4688);
#2292=EDGE_LOOP('',(#4689,#4690,#4691,#4692));
#2293=AXIS2_PLACEMENT_3D('',#4693,#4694,#4695);
#2294=EDGE_LOOP('',(#4696,#4697,#4698,#4699));
#2295=AXIS2_PLACEMENT_3D('',#4700,#4701,#4702);
#2296=EDGE_LOOP('',(#4703,#4704,#4705,#4706));
#2297=AXIS2_PLACEMENT_3D('',#4707,#4708,#4709);
#2298=EDGE_LOOP('',(#4710,#4711,#4712,#4713));
#2299=AXIS2_PLACEMENT_3D('',#4714,#4715,#4716);
#2300=EDGE_LOOP('',(#4717,#4718,#4719,#4720));
#2301=AXIS2_PLACEMENT_3D('',#4721,#4722,#4723);
#2302=EDGE_LOOP('',(#4724,#4725,#4726,#4727));
#2303=AXIS2_PLACEMENT_3D('',#4728,#4729,#4730);
#2304=EDGE_LOOP('',(#4731,#4732,#4733,#4734));
#2305=AXIS2_PLACEMENT_3D('',#4735,#4736,#4737);
#2306=EDGE_LOOP('',(#4738,#4739,#4740,#4741));
#2307=AXIS2_PLACEMENT_3D('',#4742,#4743,#4744);
#2308=EDGE_LOOP('',(#4745,#4746,#4747,#4748));
#2309=AXIS2_PLACEMENT_3D('',#4749,#4750,#4751);
#2310=EDGE_LOOP('',(#4752,#4753,#4754,#4755));
#2311=AXIS2_PLACEMENT_3D('',#4756,#4757,#4758);
#2312=EDGE_LOOP('',(#4759,#4760,#4761,#4762));
#2313=AXIS2_PLACEMENT_3D('',#4763,#4764,#4765);
#2314=EDGE_LOOP('',(#4766,#4767,#4768,#4769));
#2315=AXIS2_PLACEMENT_3D('',#4770,#4771,#4772);
#2316=EDGE_LOOP('',(#4773,#4774,#4775,#4776));
#2317=AXIS2_PLACEMENT_3D('',#4777,#4778,#4779);
#2318=EDGE_LOOP('',(#4780,#4781,#4782,#4783));
#2319=AXIS2_PLACEMENT_3D('',#4784,#4785,#4786);
#2320=EDGE_LOOP('',(#4787,#4788,#4789,#4790));
#2321=AXIS2_PLACEMENT_3D('',#4791,#4792,#4793);
#2322=EDGE_LOOP('',(#4794,#4795,#4796,#4797));
#2323=AXIS2_PLACEMENT_3D('',#4798,#4799,#4800);
#2324=EDGE_LOOP('',(#4801,#4802,#4803,#4804));
#2325=AXIS2_PLACEMENT_3D('',#4805,#4806,#4807);
#2326=EDGE_LOOP('',(#4808,#4809,#4810,#4811));
#2327=AXIS2_PLACEMENT_3D('',#4812,#4813,#4814);
#2328=EDGE_LOOP('',(#4815,#4816,#4817,#4818));
#2329=AXIS2_PLACEMENT_3D('',#4819,#4820,#4821);
#2330=EDGE_LOOP('',(#4822,#4823,#4824,#4825));
#2331=AXIS2_PLACEMENT_3D('',#4826,#4827,#4828);
#2332=EDGE_LOOP('',(#4829,#4830,#4831,#4832));
#2333=AXIS2_PLACEMENT_3D('',#4833,#4834,#4835);
#2334=EDGE_LOOP('',(#4836,#4837,#4838,#4839));
#2335=AXIS2_PLACEMENT_3D('',#4840,#4841,#4842);
#2336=EDGE_LOOP('',(#4843,#4844,#4845,#4846));
#2337=AXIS2_PLACEMENT_3D('',#4847,#4848,#4849);
#2338=EDGE_LOOP('',(#4850,#4851,#4852,#4853));
#2339=AXIS2_PLACEMENT_3D('',#4854,#4855,#4856);
#2340=EDGE_LOOP('',(#4857,#4858,#4859,#4860));
#2341=AXIS2_PLACEMENT_3D('',#4861,#4862,#4863);
#2342=EDGE_LOOP('',(#4864,#4865,#4866,#4867));
#2343=AXIS2_PLACEMENT_3D('',#4868,#4869,#4870);
#2344=EDGE_LOOP('',(#4871,#4872,#4873,#4874));
#2345=AXIS2_PLACEMENT_3D('',#4875,#4876,#4877);
#2346=EDGE_LOOP('',(#4878,#4879,#4880,#4881));
#2347=AXIS2_PLACEMENT_3D('',#4882,#4883,#4884);
#2348=EDGE_LOOP('',(#4885,#4886,#4887,#4888));
#2349=AXIS2_PLACEMENT_3D('',#4889,#4890,#4891);
#2350=EDGE_LOOP('',(#4892,#4893,#4894,#4895));
#2351=AXIS2_PLACEMENT_3D('',#4896,#4897,#4898);
#2352=EDGE_LOOP('',(#4899,#4900,#4901,#4902));
#2353=AXIS2_PLACEMENT_3D('',#4903,#4904,#4905);
#2354=EDGE_LOOP('',(#4906,#4907,#4908,#4909));
#2355=AXIS2_PLACEMENT_3D('',#4910,#4911,#4912);
#2356=EDGE_LOOP('',(#4913,#4914,#4915,#4916));
#2357=AXIS2_PLACEMENT_3D('',#4917,#4918,#4919);
#2358=EDGE_LOOP('',(#4920,#4921,#4922,#4923));
#2359=AXIS2_PLACEMENT_3D('',#4924,#4925,#4926);
#2360=EDGE_LOOP('',(#4927,#4928,#4929,#4930));
#2361=AXIS2_PLACEMENT_3D('',#4931,#4932,#4933);
#2362=EDGE_LOOP('',(#4934,#4935,#4936,#4937));
#2363=AXIS2_PLACEMENT_3D('',#4938,#4939,#4940);
#2364=EDGE_LOOP('',(#4941,#4942,#4943,#4944));
#2365=AXIS2_PLACEMENT_3D('',#4945,#4946,#4947);
#2366=EDGE_LOOP('',(#4948,#4949,#4950,#4951));
#2367=AXIS2_PLACEMENT_3D('',#4952,#4953,#4954);
#2368=EDGE_LOOP('',(#4955,#4956,#4957,#4958));
#2369=AXIS2_PLACEMENT_3D('',#4959,#4960,#4961);
#2370=EDGE_LOOP('',(#4962,#4963,#4964,#4965));
#2371=AXIS2_PLACEMENT_3D('',#4966,#4967,#4968);
#2372=EDGE_LOOP('',(#4969,#4970,#4971,#4972));
#2373=AXIS2_PLACEMENT_3D('',#4973,#4974,#4975);
#2374=EDGE_LOOP('',(#4976,#4977,#4978,#4979));
#2375=AXIS2_PLACEMENT_3D('',#4980,#4981,#4982);
#2376=EDGE_LOOP('',(#4983,#4984,#4985,#4986));
#2377=AXIS2_PLACEMENT_3D('',#4987,#4988,#4989);
#2378=EDGE_LOOP('',(#4990,#4991,#4992,#4993));
#2379=AXIS2_PLACEMENT_3D('',#4994,#4995,#4996);
#2380=EDGE_LOOP('',(#4997,#4998,#4999,#5000));
#2381=AXIS2_PLACEMENT_3D('',#5001,#5002,#5003);
#2382=EDGE_LOOP('',(#5004,#5005,#5006,#5007));
#2383=AXIS2_PLACEMENT_3D('',#5008,#5009,#5010);
#2384=EDGE_LOOP('',(#5011,#5012,#5013,#5014));
#2385=AXIS2_PLACEMENT_3D('',#5015,#5016,#5017);
#2386=EDGE_LOOP('',(#5018,#5019,#5020,#5021));
#2387=AXIS2_PLACEMENT_3D('',#5022,#5023,#5024);
#2388=EDGE_LOOP('',(#5025,#5026,#5027,#5028));
#2389=AXIS2_PLACEMENT_3D('',#5029,#5030,#5031);
#2390=EDGE_LOOP('',(#5032,#5033,#5034,#5035));
#2391=AXIS2_PLACEMENT_3D('',#5036,#5037,#5038);
#2392=EDGE_LOOP('',(#5039,#5040,#5041,#5042));
#2393=AXIS2_PLACEMENT_3D('',#5043,#5044,#5045);
#2394=EDGE_LOOP('',(#5046,#5047,#5048,#5049));
#2395=AXIS2_PLACEMENT_3D('',#5050,#5051,#5052);
#2396=EDGE_LOOP('',(#5053,#5054,#5055,#5056));
#2397=AXIS2_PLACEMENT_3D('',#5057,#5058,#5059);
#2398=EDGE_LOOP('',(#5060,#5061,#5062,#5063));
#2399=AXIS2_PLACEMENT_3D('',#5064,#5065,#5066);
#2400=EDGE_LOOP('',(#5067,#5068,#5069,#5070));
#2401=AXIS2_PLACEMENT_3D('',#5071,#5072,#5073);
#2402=EDGE_LOOP('',(#5074,#5075,#5076,#5077));
#2403=AXIS2_PLACEMENT_3D('',#5078,#5079,#5080);
#2404=EDGE_LOOP('',(#5081,#5082,#5083,#5084));
#2405=AXIS2_PLACEMENT_3D('',#5085,#5086,#5087);
#2406=EDGE_LOOP('',(#5088,#5089,#5090,#5091));
#2407=AXIS2_PLACEMENT_3D('',#5092,#5093,#5094);
#2408=EDGE_LOOP('',(#5095,#5096,#5097,#5098));
#2409=AXIS2_PLACEMENT_3D('',#5099,#5100,#5101);
#2410=EDGE_LOOP('',(#5102,#5103,#5104,#5105));
#2411=AXIS2_PLACEMENT_3D('',#5106,#5107,#5108);
#2412=EDGE_LOOP('',(#5109,#5110,#5111,#5112));
#2413=AXIS2_PLACEMENT_3D('',#5113,#5114,#5115);
#2414=EDGE_LOOP('',(#5116,#5117,#5118,#5119));
#2415=AXIS2_PLACEMENT_3D('',#5120,#5121,#5122);
#2416=EDGE_LOOP('',(#5123,#5124,#5125,#5126));
#2417=AXIS2_PLACEMENT_3D('',#5127,#5128,#5129);
#2418=EDGE_LOOP('',(#5130,#5131,#5132,#5133));
#2419=AXIS2_PLACEMENT_3D('',#5134,#5135,#5136);
#2420=EDGE_LOOP('',(#5137,#5138,#5139,#5140));
#2421=AXIS2_PLACEMENT_3D('',#5141,#5142,#5143);
#2422=EDGE_LOOP('',(#5144,#5145,#5146,#5147));
#2423=AXIS2_PLACEMENT_3D('',#5148,#5149,#5150);
#2424=EDGE_LOOP('',(#5151,#5152,#5153,#5154));
#2425=AXIS2_PLACEMENT_3D('',#5155,#5156,#5157);
#2426=EDGE_LOOP('',(#5158,#5159,#5160,#5161));
#2427=AXIS2_PLACEMENT_3D('',#5162,#5163,#5164);
#2428=EDGE_LOOP('',(#5165,#5166,#5167,#5168));
#2429=AXIS2_PLACEMENT_3D('',#5169,#5170,#5171);
#2430=EDGE_LOOP('',(#5172,#5173,#5174,#5175,#5176,#5177));
#2431=AXIS2_PLACEMENT_3D('',#5178,#5179,#5180);
#2432=EDGE_LOOP('',(#5181,#5182,#5183,#5184));
#2433=EDGE_LOOP('',(#5185,#5186,#5187,#5188));
#2434=AXIS2_PLACEMENT_3D('',#5189,#5190,#5191);
#2435=EDGE_LOOP('',(#5192,#5193,#5194,#5195));
#2436=AXIS2_PLACEMENT_3D('',#5196,#5197,#5198);
#2437=EDGE_LOOP('',(#5199,#5200,#5201,#5202));
#2438=AXIS2_PLACEMENT_3D('',#5203,#5204,#5205);
#2439=EDGE_LOOP('',(#5206,#5207,#5208,#5209));
#2440=AXIS2_PLACEMENT_3D('',#5210,#5211,#5212);
#2441=EDGE_LOOP('',(#5213,#5214,#5215,#5216));
#2442=AXIS2_PLACEMENT_3D('',#5217,#5218,#5219);
#2443=EDGE_LOOP('',(#5220,#5221,#5222,#5223));
#2444=AXIS2_PLACEMENT_3D('',#5224,#5225,#5226);
#2445=EDGE_LOOP('',(#5227,#5228,#5229,#5230,#5231,#5232,#5233,#5234,#5235,#5236,#5237,#5238,#5239,#5240,#5241,#5242,#5243,#5244,#5245,#5246,#5247,#5248,#5249,#5250,#5251));
#2446=AXIS2_PLACEMENT_3D('',#5252,#5253,#5254);
#2447=EDGE_LOOP('',(#5255,#5256,#5257,#5258));
#2448=AXIS2_PLACEMENT_3D('',#5259,#5260,#5261);
#2449=EDGE_LOOP('',(#5262,#5263,#5264,#5265,#5266,#5267));
#2450=AXIS2_PLACEMENT_3D('',#5268,#5269,#5270);
#2451=EDGE_LOOP('',(#5271,#5272,#5273,#5274));
#2452=AXIS2_PLACEMENT_3D('',#5275,#5276,#5277);
#2453=EDGE_LOOP('',(#5278,#5279,#5280,#5281,#5282,#5283));
#2454=AXIS2_PLACEMENT_3D('',#5284,#5285,#5286);
#2455=EDGE_LOOP('',(#5287,#5288,#5289,#5290,#5291,#5292,#5293,#5294,#5295,#5296,#5297,#5298,#5299,#5300,#5301,#5302,#5303,#5304,#5305,#5306,#5307,#5308,#5309,#5310,#5311));
#2456=AXIS2_PLACEMENT_3D('',#5312,#5313,#5314);
#2457=EDGE_LOOP('',(#5315,#5316,#5317,#5318));
#2458=AXIS2_PLACEMENT_3D('',#5319,#5320,#5321);
#2459=EDGE_LOOP('',(#5322,#5323,#5324,#5325));
#2460=AXIS2_PLACEMENT_3D('',#5326,#5327,#5328);
#2461=EDGE_LOOP('',(#5329,#5330,#5331,#5332));
#2462=AXIS2_PLACEMENT_3D('',#5333,#5334,#5335);
#2463=EDGE_LOOP('',(#5336,#5337,#5338,#5339));
#2464=AXIS2_PLACEMENT_3D('',#5340,#5341,#5342);
#2465=EDGE_LOOP('',(#5343,#5344,#5345,#5346));
#2466=AXIS2_PLACEMENT_3D('',#5347,#5348,#5349);
#2467=EDGE_LOOP('',(#5350,#5351,#5352,#5353));
#2468=AXIS2_PLACEMENT_3D('',#5354,#5355,#5356);
#2469=EDGE_LOOP('',(#5357,#5358,#5359,#5360));
#2470=AXIS2_PLACEMENT_3D('',#5361,#5362,#5363);
#2471=EDGE_LOOP('',(#5364,#5365,#5366,#5367));
#2472=AXIS2_PLACEMENT_3D('',#5368,#5369,#5370);
#2473=EDGE_LOOP('',(#5371,#5372,#5373,#5374));
#2474=AXIS2_PLACEMENT_3D('',#5375,#5376,#5377);
#2475=EDGE_LOOP('',(#5378,#5379,#5380,#5381));
#2476=AXIS2_PLACEMENT_3D('',#5382,#5383,#5384);
#2477=EDGE_LOOP('',(#5385,#5386,#5387,#5388));
#2478=AXIS2_PLACEMENT_3D('',#5389,#5390,#5391);
#2479=EDGE_LOOP('',(#5392,#5393,#5394,#5395));
#2480=AXIS2_PLACEMENT_3D('',#5396,#5397,#5398);
#2481=EDGE_LOOP('',(#5399,#5400,#5401,#5402));
#2482=AXIS2_PLACEMENT_3D('',#5403,#5404,#5405);
#2483=EDGE_LOOP('',(#5406,#5407,#5408,#5409));
#2484=AXIS2_PLACEMENT_3D('',#5410,#5411,#5412);
#2485=EDGE_LOOP('',(#5413,#5414,#5415,#5416));
#2486=AXIS2_PLACEMENT_3D('',#5417,#5418,#5419);
#2487=EDGE_LOOP('',(#5420,#5421,#5422,#5423));
#2488=AXIS2_PLACEMENT_3D('',#5424,#5425,#5426);
#2489=EDGE_LOOP('',(#5427,#5428,#5429,#5430));
#2490=AXIS2_PLACEMENT_3D('',#5431,#5432,#5433);
#2491=EDGE_LOOP('',(#5434,#5435,#5436,#5437));
#2492=AXIS2_PLACEMENT_3D('',#5438,#5439,#5440);
#2493=EDGE_LOOP('',(#5441,#5442,#5443,#5444));
#2494=AXIS2_PLACEMENT_3D('',#5445,#5446,#5447);
#2495=EDGE_LOOP('',(#5448,#5449,#5450,#5451));
#2496=AXIS2_PLACEMENT_3D('',#5452,#5453,#5454);
#2497=EDGE_LOOP('',(#5455,#5456,#5457,#5458));
#2498=AXIS2_PLACEMENT_3D('',#5459,#5460,#5461);
#2499=EDGE_LOOP('',(#5462,#5463,#5464,#5465));
#2500=AXIS2_PLACEMENT_3D('',#5466,#5467,#5468);
#2501=EDGE_LOOP('',(#5469,#5470,#5471,#5472));
#2502=AXIS2_PLACEMENT_3D('',#5473,#5474,#5475);
#2503=EDGE_LOOP('',(#5476,#5477,#5478,#5479));
#2504=AXIS2_PLACEMENT_3D('',#5480,#5481,#5482);
#2505=EDGE_LOOP('',(#5483,#5484,#5485,#5486,#5487,#5488));
#2506=AXIS2_PLACEMENT_3D('',#5489,#5490,#5491);
#2507=EDGE_LOOP('',(#5492,#5493,#5494,#5495));
#2508=EDGE_LOOP('',(#5496,#5497,#5498,#5499));
#2509=AXIS2_PLACEMENT_3D('',#5500,#5501,#5502);
#2510=EDGE_LOOP('',(#5503,#5504,#5505,#5506));
#2511=AXIS2_PLACEMENT_3D('',#5507,#5508,#5509);
#2512=EDGE_LOOP('',(#5510,#5511,#5512,#5513));
#2513=AXIS2_PLACEMENT_3D('',#5514,#5515,#5516);
#2514=EDGE_LOOP('',(#5517,#5518,#5519,#5520));
#2515=AXIS2_PLACEMENT_3D('',#5521,#5522,#5523);
#2516=EDGE_LOOP('',(#5524,#5525,#5526,#5527));
#2517=AXIS2_PLACEMENT_3D('',#5528,#5529,#5530);
#2518=EDGE_LOOP('',(#5531,#5532,#5533,#5534));
#2519=AXIS2_PLACEMENT_3D('',#5535,#5536,#5537);
#2520=EDGE_LOOP('',(#5538,#5539,#5540,#5541,#5542,#5543,#5544,#5545,#5546,#5547,#5548,#5549,#5550,#5551,#5552,#5553,#5554,#5555,#5556,#5557,#5558,#5559,#5560,#5561,#5562));
#2521=AXIS2_PLACEMENT_3D('',#5563,#5564,#5565);
#2522=EDGE_LOOP('',(#5566,#5567,#5568,#5569));
#2523=AXIS2_PLACEMENT_3D('',#5570,#5571,#5572);
#2524=EDGE_LOOP('',(#5573,#5574,#5575,#5576,#5577,#5578));
#2525=AXIS2_PLACEMENT_3D('',#5579,#5580,#5581);
#2526=EDGE_LOOP('',(#5582,#5583,#5584,#5585));
#2527=AXIS2_PLACEMENT_3D('',#5586,#5587,#5588);
#2528=EDGE_LOOP('',(#5589,#5590,#5591,#5592,#5593,#5594));
#2529=AXIS2_PLACEMENT_3D('',#5595,#5596,#5597);
#2530=EDGE_LOOP('',(#5598,#5599,#5600,#5601,#5602,#5603,#5604,#5605,#5606,#5607,#5608,#5609,#5610,#5611,#5612,#5613,#5614,#5615,#5616,#5617,#5618,#5619,#5620,#5621,#5622));
#2531=AXIS2_PLACEMENT_3D('',#5623,#5624,#5625);
#2532=EDGE_LOOP('',(#5626,#5627,#5628,#5629));
#2533=AXIS2_PLACEMENT_3D('',#5630,#5631,#5632);
#2534=EDGE_LOOP('',(#5633,#5634,#5635,#5636));
#2535=AXIS2_PLACEMENT_3D('',#5637,#5638,#5639);
#2536=EDGE_LOOP('',(#5640,#5641,#5642,#5643));
#2537=AXIS2_PLACEMENT_3D('',#5644,#5645,#5646);
#2538=EDGE_LOOP('',(#5647,#5648,#5649,#5650));
#2539=AXIS2_PLACEMENT_3D('',#5651,#5652,#5653);
#2540=EDGE_LOOP('',(#5654,#5655,#5656,#5657));
#2541=AXIS2_PLACEMENT_3D('',#5658,#5659,#5660);
#2542=EDGE_LOOP('',(#5661,#5662,#5663,#5664));
#2543=AXIS2_PLACEMENT_3D('',#5665,#5666,#5667);
#2544=EDGE_LOOP('',(#5668,#5669,#5670,#5671));
#2545=AXIS2_PLACEMENT_3D('',#5672,#5673,#5674);
#2546=EDGE_LOOP('',(#5675,#5676,#5677,#5678));
#2547=AXIS2_PLACEMENT_3D('',#5679,#5680,#5681);
#2548=EDGE_LOOP('',(#5682,#5683,#5684,#5685));
#2549=AXIS2_PLACEMENT_3D('',#5686,#5687,#5688);
#2550=EDGE_LOOP('',(#5689,#5690,#5691,#5692));
#2551=AXIS2_PLACEMENT_3D('',#5693,#5694,#5695);
#2552=EDGE_LOOP('',(#5696,#5697,#5698,#5699));
#2553=AXIS2_PLACEMENT_3D('',#5700,#5701,#5702);
#2554=EDGE_LOOP('',(#5703,#5704,#5705,#5706));
#2555=AXIS2_PLACEMENT_3D('',#5707,#5708,#5709);
#2556=EDGE_LOOP('',(#5710,#5711,#5712,#5713));
#2557=AXIS2_PLACEMENT_3D('',#5714,#5715,#5716);
#2558=EDGE_LOOP('',(#5717,#5718,#5719,#5720));
#2559=AXIS2_PLACEMENT_3D('',#5721,#5722,#5723);
#2560=EDGE_LOOP('',(#5724,#5725,#5726,#5727));
#2561=AXIS2_PLACEMENT_3D('',#5728,#5729,#5730);
#2562=EDGE_LOOP('',(#5731,#5732,#5733,#5734));
#2563=AXIS2_PLACEMENT_3D('',#5735,#5736,#5737);
#2564=EDGE_LOOP('',(#5738,#5739,#5740,#5741));
#2565=AXIS2_PLACEMENT_3D('',#5742,#5743,#5744);
#2566=EDGE_LOOP('',(#5745,#5746,#5747,#5748));
#2567=AXIS2_PLACEMENT_3D('',#5749,#5750,#5751);
#2568=EDGE_LOOP('',(#5752,#5753,#5754,#5755));
#2569=AXIS2_PLACEMENT_3D('',#5756,#5757,#5758);
#2570=EDGE_LOOP('',(#5759,#5760,#5761,#5762));
#2571=AXIS2_PLACEMENT_3D('',#5763,#5764,#5765);
#2572=EDGE_LOOP('',(#5766,#5767,#5768,#5769));
#2573=AXIS2_PLACEMENT_3D('',#5770,#5771,#5772);
#2574=EDGE_LOOP('',(#5773,#5774,#5775,#5776));
#2575=AXIS2_PLACEMENT_3D('',#5777,#5778,#5779);
#2576=EDGE_LOOP('',(#5780,#5781,#5782,#5783));
#2577=AXIS2_PLACEMENT_3D('',#5784,#5785,#5786);
#2578=EDGE_LOOP('',(#5787,#5788,#5789,#5790));
#2579=AXIS2_PLACEMENT_3D('',#5791,#5792,#5793);
#2580=EDGE_LOOP('',(#5794,#5795,#5796,#5797,#5798,#5799));
#2581=AXIS2_PLACEMENT_3D('',#5800,#5801,#5802);
#2582=EDGE_LOOP('',(#5803,#5804,#5805,#5806));
#2583=EDGE_LOOP('',(#5807,#5808,#5809,#5810));
#2584=AXIS2_PLACEMENT_3D('',#5811,#5812,#5813);
#2585=EDGE_LOOP('',(#5814,#5815,#5816,#5817));
#2586=AXIS2_PLACEMENT_3D('',#5818,#5819,#5820);
#2587=EDGE_LOOP('',(#5821,#5822,#5823,#5824));
#2588=AXIS2_PLACEMENT_3D('',#5825,#5826,#5827);
#2589=EDGE_LOOP('',(#5828,#5829,#5830,#5831));
#2590=AXIS2_PLACEMENT_3D('',#5832,#5833,#5834);
#2591=EDGE_LOOP('',(#5835,#5836,#5837,#5838));
#2592=AXIS2_PLACEMENT_3D('',#5839,#5840,#5841);
#2593=EDGE_LOOP('',(#5842,#5843,#5844,#5845));
#2594=AXIS2_PLACEMENT_3D('',#5846,#5847,#5848);
#2595=EDGE_LOOP('',(#5849,#5850,#5851,#5852,#5853,#5854,#5855,#5856,#5857,#5858,#5859,#5860,#5861,#5862,#5863,#5864,#5865,#5866,#5867,#5868,#5869,#5870,#5871,#5872,#5873));
#2596=AXIS2_PLACEMENT_3D('',#5874,#5875,#5876);
#2597=EDGE_LOOP('',(#5877,#5878,#5879,#5880));
#2598=AXIS2_PLACEMENT_3D('',#5881,#5882,#5883);
#2599=EDGE_LOOP('',(#5884,#5885,#5886,#5887,#5888,#5889));
#2600=AXIS2_PLACEMENT_3D('',#5890,#5891,#5892);
#2601=EDGE_LOOP('',(#5893,#5894,#5895,#5896));
#2602=AXIS2_PLACEMENT_3D('',#5897,#5898,#5899);
#2603=EDGE_LOOP('',(#5900,#5901,#5902,#5903,#5904,#5905));
#2604=AXIS2_PLACEMENT_3D('',#5906,#5907,#5908);
#2605=EDGE_LOOP('',(#5909,#5910,#5911,#5912,#5913,#5914,#5915,#5916,#5917,#5918,#5919,#5920,#5921,#5922,#5923,#5924,#5925,#5926,#5927,#5928,#5929,#5930,#5931,#5932,#5933));
#2606=AXIS2_PLACEMENT_3D('',#5934,#5935,#5936);
#2607=EDGE_LOOP('',(#5937,#5938,#5939,#5940));
#2608=AXIS2_PLACEMENT_3D('',#5941,#5942,#5943);
#2609=EDGE_LOOP('',(#5944,#5945,#5946,#5947));
#2610=AXIS2_PLACEMENT_3D('',#5948,#5949,#5950);
#2611=EDGE_LOOP('',(#5951,#5952,#5953,#5954));
#2612=AXIS2_PLACEMENT_3D('',#5955,#5956,#5957);
#2613=EDGE_LOOP('',(#5958,#5959,#5960,#5961));
#2614=AXIS2_PLACEMENT_3D('',#5962,#5963,#5964);
#2615=EDGE_LOOP('',(#5965,#5966,#5967,#5968));
#2616=AXIS2_PLACEMENT_3D('',#5969,#5970,#5971);
#2617=EDGE_LOOP('',(#5972,#5973,#5974,#5975));
#2618=AXIS2_PLACEMENT_3D('',#5976,#5977,#5978);
#2619=EDGE_LOOP('',(#5979,#5980,#5981,#5982));
#2620=AXIS2_PLACEMENT_3D('',#5983,#5984,#5985);
#2621=EDGE_LOOP('',(#5986,#5987,#5988,#5989));
#2622=AXIS2_PLACEMENT_3D('',#5990,#5991,#5992);
#2623=EDGE_LOOP('',(#5993,#5994,#5995,#5996));
#2624=AXIS2_PLACEMENT_3D('',#5997,#5998,#5999);
#2625=EDGE_LOOP('',(#6000,#6001,#6002,#6003));
#2626=AXIS2_PLACEMENT_3D('',#6004,#6005,#6006);
#2627=EDGE_LOOP('',(#6007,#6008,#6009,#6010));
#2628=AXIS2_PLACEMENT_3D('',#6011,#6012,#6013);
#2629=EDGE_LOOP('',(#6014,#6015,#6016,#6017));
#2630=AXIS2_PLACEMENT_3D('',#6018,#6019,#6020);
#2631=EDGE_LOOP('',(#6021,#6022,#6023,#6024));
#2632=AXIS2_PLACEMENT_3D('',#6025,#6026,#6027);
#2633=EDGE_LOOP('',(#6028,#6029,#6030,#6031));
#2634=AXIS2_PLACEMENT_3D('',#6032,#6033,#6034);
#2635=EDGE_LOOP('',(#6035,#6036,#6037,#6038));
#2636=AXIS2_PLACEMENT_3D('',#6039,#6040,#6041);
#2637=EDGE_LOOP('',(#6042,#6043,#6044,#6045));
#2638=AXIS2_PLACEMENT_3D('',#6046,#6047,#6048);
#2639=EDGE_LOOP('',(#6049,#6050,#6051,#6052));
#2640=AXIS2_PLACEMENT_3D('',#6053,#6054,#6055);
#2641=EDGE_LOOP('',(#6056,#6057,#6058,#6059));
#2642=AXIS2_PLACEMENT_3D('',#6060,#6061,#6062);
#2643=EDGE_LOOP('',(#6063,#6064,#6065,#6066));
#2644=AXIS2_PLACEMENT_3D('',#6067,#6068,#6069);
#2645=EDGE_LOOP('',(#6070,#6071,#6072,#6073));
#2646=AXIS2_PLACEMENT_3D('',#6074,#6075,#6076);
#2647=EDGE_LOOP('',(#6077,#6078,#6079,#6080));
#2648=AXIS2_PLACEMENT_3D('',#6081,#6082,#6083);
#2649=EDGE_LOOP('',(#6084,#6085,#6086,#6087));
#2650=AXIS2_PLACEMENT_3D('',#6088,#6089,#6090);
#2651=EDGE_LOOP('',(#6091,#6092,#6093,#6094));
#2652=AXIS2_PLACEMENT_3D('',#6095,#6096,#6097);
#2653=EDGE_LOOP('',(#6098,#6099,#6100,#6101));
#2654=AXIS2_PLACEMENT_3D('',#6102,#6103,#6104);
#2655=EDGE_LOOP('',(#6105,#6106,#6107,#6108,#6109,#6110));
#2656=AXIS2_PLACEMENT_3D('',#6111,#6112,#6113);
#2657=EDGE_LOOP('',(#6114,#6115,#6116,#6117));
#2658=EDGE_LOOP('',(#6118,#6119,#6120,#6121));
#2659=AXIS2_PLACEMENT_3D('',#6122,#6123,#6124);
#2660=EDGE_LOOP('',(#6125,#6126,#6127,#6128));
#2661=AXIS2_PLACEMENT_3D('',#6129,#6130,#6131);
#2662=EDGE_LOOP('',(#6132,#6133,#6134,#6135));
#2663=AXIS2_PLACEMENT_3D('',#6136,#6137,#6138);
#2664=EDGE_LOOP('',(#6139,#6140,#6141,#6142));
#2665=AXIS2_PLACEMENT_3D('',#6143,#6144,#6145);
#2666=EDGE_LOOP('',(#6146,#6147,#6148,#6149));
#2667=AXIS2_PLACEMENT_3D('',#6150,#6151,#6152);
#2668=EDGE_LOOP('',(#6153,#6154,#6155,#6156));
#2669=AXIS2_PLACEMENT_3D('',#6157,#6158,#6159);
#2670=EDGE_LOOP('',(#6160,#6161,#6162,#6163,#6164,#6165,#6166,#6167,#6168,#6169,#6170,#6171,#6172,#6173,#6174,#6175,#6176,#6177,#6178,#6179,#6180,#6181,#6182,#6183,#6184));
#2671=AXIS2_PLACEMENT_3D('',#6185,#6186,#6187);
#2672=EDGE_LOOP('',(#6188,#6189,#6190,#6191));
#2673=AXIS2_PLACEMENT_3D('',#6192,#6193,#6194);
#2674=EDGE_LOOP('',(#6195,#6196,#6197,#6198,#6199,#6200));
#2675=AXIS2_PLACEMENT_3D('',#6201,#6202,#6203);
#2676=EDGE_LOOP('',(#6204,#6205,#6206,#6207));
#2677=AXIS2_PLACEMENT_3D('',#6208,#6209,#6210);
#2678=EDGE_LOOP('',(#6211,#6212,#6213,#6214,#6215,#6216));
#2679=AXIS2_PLACEMENT_3D('',#6217,#6218,#6219);
#2680=EDGE_LOOP('',(#6220,#6221,#6222,#6223,#6224,#6225,#6226,#6227,#6228,#6229,#6230,#6231,#6232,#6233,#6234,#6235,#6236,#6237,#6238,#6239,#6240,#6241,#6242,#6243,#6244));
#2681=AXIS2_PLACEMENT_3D('',#6245,#6246,#6247);
#2682=EDGE_LOOP('',(#6248,#6249,#6250,#6251));
#2683=AXIS2_PLACEMENT_3D('',#6252,#6253,#6254);
#2684=EDGE_LOOP('',(#6255,#6256,#6257,#6258));
#2685=AXIS2_PLACEMENT_3D('',#6259,#6260,#6261);
#2686=EDGE_LOOP('',(#6262,#6263,#6264,#6265));
#2687=AXIS2_PLACEMENT_3D('',#6266,#6267,#6268);
#2688=EDGE_LOOP('',(#6269,#6270,#6271,#6272));
#2689=AXIS2_PLACEMENT_3D('',#6273,#6274,#6275);
#2690=EDGE_LOOP('',(#6276,#6277,#6278,#6279));
#2691=AXIS2_PLACEMENT_3D('',#6280,#6281,#6282);
#2692=EDGE_LOOP('',(#6283,#6284,#6285,#6286));
#2693=AXIS2_PLACEMENT_3D('',#6287,#6288,#6289);
#2694=EDGE_LOOP('',(#6290,#6291,#6292,#6293));
#2695=AXIS2_PLACEMENT_3D('',#6294,#6295,#6296);
#2696=EDGE_LOOP('',(#6297,#6298,#6299,#6300));
#2697=AXIS2_PLACEMENT_3D('',#6301,#6302,#6303);
#2698=EDGE_LOOP('',(#6304,#6305,#6306,#6307));
#2699=AXIS2_PLACEMENT_3D('',#6308,#6309,#6310);
#2700=EDGE_LOOP('',(#6311,#6312,#6313,#6314));
#2701=AXIS2_PLACEMENT_3D('',#6315,#6316,#6317);
#2702=EDGE_LOOP('',(#6318,#6319,#6320,#6321));
#2703=AXIS2_PLACEMENT_3D('',#6322,#6323,#6324);
#2704=EDGE_LOOP('',(#6325,#6326,#6327,#6328));
#2705=AXIS2_PLACEMENT_3D('',#6329,#6330,#6331);
#2706=EDGE_LOOP('',(#6332,#6333,#6334,#6335));
#2707=AXIS2_PLACEMENT_3D('',#6336,#6337,#6338);
#2708=EDGE_LOOP('',(#6339,#6340,#6341,#6342));
#2709=AXIS2_PLACEMENT_3D('',#6343,#6344,#6345);
#2710=EDGE_LOOP('',(#6346,#6347,#6348,#6349));
#2711=AXIS2_PLACEMENT_3D('',#6350,#6351,#6352);
#2712=EDGE_LOOP('',(#6353,#6354,#6355,#6356));
#2713=AXIS2_PLACEMENT_3D('',#6357,#6358,#6359);
#2714=EDGE_LOOP('',(#6360,#6361,#6362,#6363));
#2715=AXIS2_PLACEMENT_3D('',#6364,#6365,#6366);
#2716=EDGE_LOOP('',(#6367,#6368,#6369,#6370));
#2717=AXIS2_PLACEMENT_3D('',#6371,#6372,#6373);
#2718=EDGE_LOOP('',(#6374,#6375,#6376,#6377));
#2719=AXIS2_PLACEMENT_3D('',#6378,#6379,#6380);
#2720=EDGE_LOOP('',(#6381,#6382,#6383,#6384));
#2721=AXIS2_PLACEMENT_3D('',#6385,#6386,#6387);
#2722=EDGE_LOOP('',(#6388,#6389,#6390,#6391));
#2723=AXIS2_PLACEMENT_3D('',#6392,#6393,#6394);
#2724=EDGE_LOOP('',(#6395,#6396,#6397,#6398));
#2725=AXIS2_PLACEMENT_3D('',#6399,#6400,#6401);
#2726=EDGE_LOOP('',(#6402,#6403,#6404,#6405));
#2727=AXIS2_PLACEMENT_3D('',#6406,#6407,#6408);
#2728=EDGE_LOOP('',(#6409,#6410,#6411,#6412));
#2729=AXIS2_PLACEMENT_3D('',#6413,#6414,#6415);
#2730=EDGE_LOOP('',(#6416,#6417,#6418,#6419,#6420,#6421));
#2731=AXIS2_PLACEMENT_3D('',#6422,#6423,#6424);
#2732=EDGE_LOOP('',(#6425,#6426,#6427,#6428));
#2733=EDGE_LOOP('',(#6429,#6430,#6431,#6432));
#2734=AXIS2_PLACEMENT_3D('',#6433,#6434,#6435);
#2735=EDGE_LOOP('',(#6436,#6437,#6438,#6439));
#2736=AXIS2_PLACEMENT_3D('',#6440,#6441,#6442);
#2737=EDGE_LOOP('',(#6443,#6444,#6445,#6446));
#2738=AXIS2_PLACEMENT_3D('',#6447,#6448,#6449);
#2739=EDGE_LOOP('',(#6450,#6451,#6452,#6453));
#2740=AXIS2_PLACEMENT_3D('',#6454,#6455,#6456);
#2741=EDGE_LOOP('',(#6457,#6458,#6459,#6460));
#2742=AXIS2_PLACEMENT_3D('',#6461,#6462,#6463);
#2743=EDGE_LOOP('',(#6464,#6465,#6466,#6467));
#2744=AXIS2_PLACEMENT_3D('',#6468,#6469,#6470);
#2745=EDGE_LOOP('',(#6471,#6472,#6473,#6474,#6475,#6476,#6477,#6478,#6479,#6480,#6481,#6482,#6483,#6484,#6485,#6486,#6487,#6488,#6489,#6490,#6491,#6492,#6493,#6494,#6495));
#2746=AXIS2_PLACEMENT_3D('',#6496,#6497,#6498);
#2747=EDGE_LOOP('',(#6499,#6500,#6501,#6502));
#2748=AXIS2_PLACEMENT_3D('',#6503,#6504,#6505);
#2749=EDGE_LOOP('',(#6506,#6507,#6508,#6509,#6510,#6511));
#2750=AXIS2_PLACEMENT_3D('',#6512,#6513,#6514);
#2751=EDGE_LOOP('',(#6515,#6516,#6517,#6518));
#2752=AXIS2_PLACEMENT_3D('',#6519,#6520,#6521);
#2753=EDGE_LOOP('',(#6522,#6523,#6524,#6525,#6526,#6527));
#2754=AXIS2_PLACEMENT_3D('',#6528,#6529,#6530);
#2755=EDGE_LOOP('',(#6531,#6532,#6533,#6534,#6535,#6536,#6537,#6538,#6539,#6540,#6541,#6542,#6543,#6544,#6545,#6546,#6547,#6548,#6549,#6550,#6551,#6552,#6553,#6554,#6555));
#2756=AXIS2_PLACEMENT_3D('',#6556,#6557,#6558);
#2757=EDGE_LOOP('',(#6559,#6560,#6561,#6562));
#2758=AXIS2_PLACEMENT_3D('',#6563,#6564,#6565);
#2759=EDGE_LOOP('',(#6566,#6567,#6568,#6569));
#2760=AXIS2_PLACEMENT_3D('',#6570,#6571,#6572);
#2761=EDGE_LOOP('',(#6573,#6574,#6575,#6576));
#2762=AXIS2_PLACEMENT_3D('',#6577,#6578,#6579);
#2763=EDGE_LOOP('',(#6580,#6581,#6582,#6583));
#2764=AXIS2_PLACEMENT_3D('',#6584,#6585,#6586);
#2765=EDGE_LOOP('',(#6587,#6588,#6589,#6590));
#2766=AXIS2_PLACEMENT_3D('',#6591,#6592,#6593);
#2767=EDGE_LOOP('',(#6594,#6595,#6596,#6597));
#2768=AXIS2_PLACEMENT_3D('',#6598,#6599,#6600);
#2769=EDGE_LOOP('',(#6601,#6602,#6603,#6604));
#2770=AXIS2_PLACEMENT_3D('',#6605,#6606,#6607);
#2771=EDGE_LOOP('',(#6608,#6609,#6610,#6611));
#2772=AXIS2_PLACEMENT_3D('',#6612,#6613,#6614);
#2773=EDGE_LOOP('',(#6615,#6616,#6617,#6618));
#2774=AXIS2_PLACEMENT_3D('',#6619,#6620,#6621);
#2775=EDGE_LOOP('',(#6622,#6623,#6624,#6625));
#2776=AXIS2_PLACEMENT_3D('',#6626,#6627,#6628);
#2777=EDGE_LOOP('',(#6629,#6630,#6631,#6632));
#2778=AXIS2_PLACEMENT_3D('',#6633,#6634,#6635);
#2779=EDGE_LOOP('',(#6636,#6637,#6638,#6639));
#2780=AXIS2_PLACEMENT_3D('',#6640,#6641,#6642);
#2781=EDGE_LOOP('',(#6643,#6644,#6645,#6646));
#2782=AXIS2_PLACEMENT_3D('',#6647,#6648,#6649);
#2783=EDGE_LOOP('',(#6650,#6651,#6652,#6653));
#2784=AXIS2_PLACEMENT_3D('',#6654,#6655,#6656);
#2785=EDGE_LOOP('',(#6657,#6658,#6659,#6660));
#2786=AXIS2_PLACEMENT_3D('',#6661,#6662,#6663);
#2787=EDGE_LOOP('',(#6664,#6665,#6666,#6667));
#2788=AXIS2_PLACEMENT_3D('',#6668,#6669,#6670);
#2789=EDGE_LOOP('',(#6671,#6672,#6673,#6674));
#2790=AXIS2_PLACEMENT_3D('',#6675,#6676,#6677);
#2791=EDGE_LOOP('',(#6678,#6679,#6680,#6681));
#2792=AXIS2_PLACEMENT_3D('',#6682,#6683,#6684);
#2793=EDGE_LOOP('',(#6685,#6686,#6687,#6688));
#2794=AXIS2_PLACEMENT_3D('',#6689,#6690,#6691);
#2795=EDGE_LOOP('',(#6692,#6693,#6694,#6695));
#2796=AXIS2_PLACEMENT_3D('',#6696,#6697,#6698);
#2797=EDGE_LOOP('',(#6699,#6700,#6701,#6702));
#2798=AXIS2_PLACEMENT_3D('',#6703,#6704,#6705);
#2799=EDGE_LOOP('',(#6706,#6707,#6708,#6709));
#2800=AXIS2_PLACEMENT_3D('',#6710,#6711,#6712);
#2801=EDGE_LOOP('',(#6713,#6714,#6715,#6716));
#2802=AXIS2_PLACEMENT_3D('',#6717,#6718,#6719);
#2803=EDGE_LOOP('',(#6720,#6721,#6722,#6723));
#2804=AXIS2_PLACEMENT_3D('',#6724,#6725,#6726);
#2805=EDGE_LOOP('',(#6727,#6728,#6729,#6730,#6731,#6732));
#2806=AXIS2_PLACEMENT_3D('',#6733,#6734,#6735);
#2807=EDGE_LOOP('',(#6736,#6737,#6738,#6739));
#2808=EDGE_LOOP('',(#6740,#6741,#6742,#6743));
#2809=AXIS2_PLACEMENT_3D('',#6744,#6745,#6746);
#2810=EDGE_LOOP('',(#6747,#6748,#6749,#6750));
#2811=AXIS2_PLACEMENT_3D('',#6751,#6752,#6753);
#2812=EDGE_LOOP('',(#6754,#6755,#6756,#6757));
#2813=AXIS2_PLACEMENT_3D('',#6758,#6759,#6760);
#2814=EDGE_LOOP('',(#6761,#6762,#6763,#6764));
#2815=AXIS2_PLACEMENT_3D('',#6765,#6766,#6767);
#2816=EDGE_LOOP('',(#6768,#6769,#6770,#6771));
#2817=AXIS2_PLACEMENT_3D('',#6772,#6773,#6774);
#2818=EDGE_LOOP('',(#6775,#6776,#6777,#6778));
#2819=AXIS2_PLACEMENT_3D('',#6779,#6780,#6781);
#2820=EDGE_LOOP('',(#6782,#6783,#6784,#6785,#6786,#6787,#6788,#6789,#6790,#6791,#6792,#6793,#6794,#6795,#6796,#6797,#6798,#6799,#6800,#6801,#6802,#6803,#6804,#6805,#6806));
#2821=AXIS2_PLACEMENT_3D('',#6807,#6808,#6809);
#2822=EDGE_LOOP('',(#6810,#6811,#6812,#6813));
#2823=AXIS2_PLACEMENT_3D('',#6814,#6815,#6816);
#2824=EDGE_LOOP('',(#6817,#6818,#6819,#6820,#6821,#6822));
#2825=AXIS2_PLACEMENT_3D('',#6823,#6824,#6825);
#2826=EDGE_LOOP('',(#6826,#6827,#6828,#6829));
#2827=AXIS2_PLACEMENT_3D('',#6830,#6831,#6832);
#2828=EDGE_LOOP('',(#6833,#6834,#6835,#6836,#6837,#6838));
#2829=AXIS2_PLACEMENT_3D('',#6839,#6840,#6841);
#2830=EDGE_LOOP('',(#6842,#6843,#6844,#6845,#6846,#6847,#6848,#6849,#6850,#6851,#6852,#6853,#6854,#6855,#6856,#6857,#6858,#6859,#6860,#6861,#6862,#6863,#6864,#6865,#6866));
#2831=AXIS2_PLACEMENT_3D('',#6867,#6868,#6869);
#2832=EDGE_LOOP('',(#6870,#6871,#6872,#6873));
#2833=AXIS2_PLACEMENT_3D('',#6874,#6875,#6876);
#2834=EDGE_LOOP('',(#6877,#6878,#6879,#6880));
#2835=AXIS2_PLACEMENT_3D('',#6881,#6882,#6883);
#2836=EDGE_LOOP('',(#6884,#6885,#6886,#6887));
#2837=AXIS2_PLACEMENT_3D('',#6888,#6889,#6890);
#2838=EDGE_LOOP('',(#6891,#6892,#6893,#6894));
#2839=AXIS2_PLACEMENT_3D('',#6895,#6896,#6897);
#2840=EDGE_LOOP('',(#6898,#6899,#6900,#6901));
#2841=AXIS2_PLACEMENT_3D('',#6902,#6903,#6904);
#2842=EDGE_LOOP('',(#6905,#6906,#6907,#6908));
#2843=AXIS2_PLACEMENT_3D('',#6909,#6910,#6911);
#2844=EDGE_LOOP('',(#6912,#6913,#6914,#6915));
#2845=AXIS2_PLACEMENT_3D('',#6916,#6917,#6918);
#2846=EDGE_LOOP('',(#6919,#6920,#6921,#6922));
#2847=AXIS2_PLACEMENT_3D('',#6923,#6924,#6925);
#2848=EDGE_LOOP('',(#6926,#6927,#6928,#6929));
#2849=AXIS2_PLACEMENT_3D('',#6930,#6931,#6932);
#2850=EDGE_LOOP('',(#6933,#6934,#6935,#6936));
#2851=AXIS2_PLACEMENT_3D('',#6937,#6938,#6939);
#2852=EDGE_LOOP('',(#6940,#6941,#6942,#6943));
#2853=AXIS2_PLACEMENT_3D('',#6944,#6945,#6946);
#2854=EDGE_LOOP('',(#6947,#6948,#6949,#6950));
#2855=AXIS2_PLACEMENT_3D('',#6951,#6952,#6953);
#2856=EDGE_LOOP('',(#6954,#6955,#6956,#6957));
#2857=AXIS2_PLACEMENT_3D('',#6958,#6959,#6960);
#2858=EDGE_LOOP('',(#6961,#6962,#6963,#6964));
#2859=AXIS2_PLACEMENT_3D('',#6965,#6966,#6967);
#2860=EDGE_LOOP('',(#6968,#6969,#6970,#6971));
#2861=AXIS2_PLACEMENT_3D('',#6972,#6973,#6974);
#2862=EDGE_LOOP('',(#6975,#6976,#6977,#6978));
#2863=AXIS2_PLACEMENT_3D('',#6979,#6980,#6981);
#2864=EDGE_LOOP('',(#6982,#6983,#6984,#6985));
#2865=AXIS2_PLACEMENT_3D('',#6986,#6987,#6988);
#2866=EDGE_LOOP('',(#6989,#6990,#6991,#6992));
#2867=AXIS2_PLACEMENT_3D('',#6993,#6994,#6995);
#2868=EDGE_LOOP('',(#6996,#6997,#6998,#6999));
#2869=AXIS2_PLACEMENT_3D('',#7000,#7001,#7002);
#2870=EDGE_LOOP('',(#7003,#7004,#7005,#7006));
#2871=AXIS2_PLACEMENT_3D('',#7007,#7008,#7009);
#2872=EDGE_LOOP('',(#7010,#7011,#7012,#7013));
#2873=AXIS2_PLACEMENT_3D('',#7014,#7015,#7016);
#2874=EDGE_LOOP('',(#7017,#7018,#7019,#7020));
#2875=AXIS2_PLACEMENT_3D('',#7021,#7022,#7023);
#2876=EDGE_LOOP('',(#7024,#7025,#7026,#7027));
#2877=AXIS2_PLACEMENT_3D('',#7028,#7029,#7030);
#2878=EDGE_LOOP('',(#7031,#7032,#7033,#7034));
#2879=AXIS2_PLACEMENT_3D('',#7035,#7036,#7037);
#2880=EDGE_LOOP('',(#7038,#7039,#7040,#7041,#7042,#7043));
#2881=AXIS2_PLACEMENT_3D('',#7044,#7045,#7046);
#2882=EDGE_LOOP('',(#7047,#7048,#7049,#7050));
#2883=EDGE_LOOP('',(#7051,#7052,#7053,#7054));
#2884=AXIS2_PLACEMENT_3D('',#7055,#7056,#7057);
#2885=EDGE_LOOP('',(#7058,#7059,#7060,#7061));
#2886=AXIS2_PLACEMENT_3D('',#7062,#7063,#7064);
#2887=EDGE_LOOP('',(#7065,#7066,#7067,#7068));
#2888=AXIS2_PLACEMENT_3D('',#7069,#7070,#7071);
#2889=EDGE_LOOP('',(#7072,#7073,#7074,#7075));
#2890=AXIS2_PLACEMENT_3D('',#7076,#7077,#7078);
#2891=EDGE_LOOP('',(#7079,#7080,#7081,#7082));
#2892=AXIS2_PLACEMENT_3D('',#7083,#7084,#7085);
#2893=EDGE_LOOP('',(#7086,#7087,#7088,#7089));
#2894=AXIS2_PLACEMENT_3D('',#7090,#7091,#7092);
#2895=EDGE_LOOP('',(#7093,#7094,#7095,#7096,#7097,#7098,#7099,#7100,#7101,#7102,#7103,#7104,#7105,#7106,#7107,#7108,#7109,#7110,#7111,#7112,#7113,#7114,#7115,#7116,#7117));
#2896=AXIS2_PLACEMENT_3D('',#7118,#7119,#7120);
#2897=EDGE_LOOP('',(#7121,#7122,#7123,#7124));
#2898=AXIS2_PLACEMENT_3D('',#7125,#7126,#7127);
#2899=EDGE_LOOP('',(#7128,#7129,#7130,#7131,#7132,#7133));
#2900=AXIS2_PLACEMENT_3D('',#7134,#7135,#7136);
#2901=EDGE_LOOP('',(#7137,#7138,#7139,#7140));
#2902=AXIS2_PLACEMENT_3D('',#7141,#7142,#7143);
#2903=EDGE_LOOP('',(#7144,#7145,#7146,#7147,#7148,#7149));
#2904=AXIS2_PLACEMENT_3D('',#7150,#7151,#7152);
#2905=EDGE_LOOP('',(#7153,#7154,#7155,#7156,#7157,#7158,#7159,#7160,#7161,#7162,#7163,#7164,#7165,#7166,#7167,#7168,#7169,#7170,#7171,#7172,#7173,#7174,#7175,#7176,#7177));
#2906=AXIS2_PLACEMENT_3D('',#7178,#7179,#7180);
#2907=EDGE_LOOP('',(#7181,#7182,#7183,#7184));
#2908=AXIS2_PLACEMENT_3D('',#7185,#7186,#7187);
#2909=EDGE_LOOP('',(#7188,#7189,#7190,#7191));
#2910=AXIS2_PLACEMENT_3D('',#7192,#7193,#7194);
#2911=EDGE_LOOP('',(#7195,#7196,#7197,#7198));
#2912=AXIS2_PLACEMENT_3D('',#7199,#7200,#7201);
#2913=EDGE_LOOP('',(#7202,#7203,#7204,#7205));
#2914=AXIS2_PLACEMENT_3D('',#7206,#7207,#7208);
#2915=EDGE_LOOP('',(#7209,#7210,#7211,#7212));
#2916=AXIS2_PLACEMENT_3D('',#7213,#7214,#7215);
#2917=EDGE_LOOP('',(#7216,#7217,#7218,#7219));
#2918=AXIS2_PLACEMENT_3D('',#7220,#7221,#7222);
#2919=EDGE_LOOP('',(#7223,#7224,#7225,#7226));
#2920=AXIS2_PLACEMENT_3D('',#7227,#7228,#7229);
#2921=EDGE_LOOP('',(#7230,#7231,#7232,#7233));
#2922=AXIS2_PLACEMENT_3D('',#7234,#7235,#7236);
#2923=EDGE_LOOP('',(#7237,#7238,#7239,#7240));
#2924=AXIS2_PLACEMENT_3D('',#7241,#7242,#7243);
#2925=EDGE_LOOP('',(#7244,#7245,#7246,#7247));
#2926=AXIS2_PLACEMENT_3D('',#7248,#7249,#7250);
#2927=EDGE_LOOP('',(#7251,#7252,#7253,#7254));
#2928=AXIS2_PLACEMENT_3D('',#7255,#7256,#7257);
#2929=EDGE_LOOP('',(#7258,#7259,#7260,#7261));
#2930=AXIS2_PLACEMENT_3D('',#7262,#7263,#7264);
#2931=EDGE_LOOP('',(#7265,#7266,#7267,#7268));
#2932=AXIS2_PLACEMENT_3D('',#7269,#7270,#7271);
#2933=EDGE_LOOP('',(#7272,#7273,#7274,#7275));
#2934=AXIS2_PLACEMENT_3D('',#7276,#7277,#7278);
#2935=EDGE_LOOP('',(#7279,#7280,#7281,#7282));
#2936=AXIS2_PLACEMENT_3D('',#7283,#7284,#7285);
#2937=EDGE_LOOP('',(#7286,#7287,#7288,#7289));
#2938=AXIS2_PLACEMENT_3D('',#7290,#7291,#7292);
#2939=EDGE_LOOP('',(#7293,#7294,#7295,#7296));
#2940=AXIS2_PLACEMENT_3D('',#7297,#7298,#7299);
#2941=EDGE_LOOP('',(#7300,#7301,#7302,#7303));
#2942=AXIS2_PLACEMENT_3D('',#7304,#7305,#7306);
#2943=EDGE_LOOP('',(#7307,#7308,#7309,#7310));
#2944=AXIS2_PLACEMENT_3D('',#7311,#7312,#7313);
#2945=EDGE_LOOP('',(#7314,#7315,#7316,#7317));
#2946=AXIS2_PLACEMENT_3D('',#7318,#7319,#7320);
#2947=EDGE_LOOP('',(#7321,#7322,#7323,#7324));
#2948=AXIS2_PLACEMENT_3D('',#7325,#7326,#7327);
#2949=EDGE_LOOP('',(#7328,#7329,#7330,#7331));
#2950=AXIS2_PLACEMENT_3D('',#7332,#7333,#7334);
#2951=EDGE_LOOP('',(#7335,#7336,#7337,#7338));
#2952=AXIS2_PLACEMENT_3D('',#7339,#7340,#7341);
#2953=EDGE_LOOP('',(#7342,#7343,#7344,#7345));
#2954=AXIS2_PLACEMENT_3D('',#7346,#7347,#7348);
#2955=EDGE_LOOP('',(#7349,#7350,#7351,#7352,#7353,#7354));
#2956=AXIS2_PLACEMENT_3D('',#7355,#7356,#7357);
#2957=EDGE_LOOP('',(#7358,#7359,#7360,#7361));
#2958=EDGE_LOOP('',(#7362,#7363,#7364,#7365));
#2959=AXIS2_PLACEMENT_3D('',#7366,#7367,#7368);
#2960=EDGE_LOOP('',(#7369,#7370,#7371,#7372));
#2961=AXIS2_PLACEMENT_3D('',#7373,#7374,#7375);
#2962=EDGE_LOOP('',(#7376,#7377,#7378,#7379));
#2963=AXIS2_PLACEMENT_3D('',#7380,#7381,#7382);
#2964=EDGE_LOOP('',(#7383,#7384,#7385,#7386));
#2965=AXIS2_PLACEMENT_3D('',#7387,#7388,#7389);
#2966=EDGE_LOOP('',(#7390,#7391,#7392,#7393));
#2967=AXIS2_PLACEMENT_3D('',#7394,#7395,#7396);
#2968=EDGE_LOOP('',(#7397,#7398,#7399,#7400));
#2969=AXIS2_PLACEMENT_3D('',#7401,#7402,#7403);
#2970=EDGE_LOOP('',(#7404,#7405,#7406,#7407,#7408,#7409,#7410,#7411,#7412,#7413,#7414,#7415,#7416,#7417,#7418,#7419,#7420,#7421,#7422,#7423,#7424,#7425,#7426,#7427,#7428));
#2971=AXIS2_PLACEMENT_3D('',#7429,#7430,#7431);
#2972=EDGE_LOOP('',(#7432,#7433,#7434,#7435));
#2973=AXIS2_PLACEMENT_3D('',#7436,#7437,#7438);
#2974=EDGE_LOOP('',(#7439,#7440,#7441,#7442,#7443,#7444));
#2975=AXIS2_PLACEMENT_3D('',#7445,#7446,#7447);
#2976=EDGE_LOOP('',(#7448,#7449,#7450,#7451));
#2977=AXIS2_PLACEMENT_3D('',#7452,#7453,#7454);
#2978=EDGE_LOOP('',(#7455,#7456,#7457,#7458,#7459,#7460));
#2979=AXIS2_PLACEMENT_3D('',#7461,#7462,#7463);
#2980=EDGE_LOOP('',(#7464,#7465,#7466,#7467,#7468,#7469,#7470,#7471,#7472,#7473,#7474,#7475,#7476,#7477,#7478,#7479,#7480,#7481,#7482,#7483,#7484,#7485,#7486,#7487,#7488));
#2981=AXIS2_PLACEMENT_3D('',#7489,#7490,#7491);
#2982=EDGE_LOOP('',(#7492,#7493,#7494,#7495));
#2983=AXIS2_PLACEMENT_3D('',#7496,#7497,#7498);
#2984=EDGE_LOOP('',(#7499,#7500,#7501,#7502));
#2985=AXIS2_PLACEMENT_3D('',#7503,#7504,#7505);
#2986=EDGE_LOOP('',(#7506,#7507,#7508,#7509));
#2987=AXIS2_PLACEMENT_3D('',#7510,#7511,#7512);
#2988=EDGE_LOOP('',(#7513,#7514,#7515,#7516));
#2989=AXIS2_PLACEMENT_3D('',#7517,#7518,#7519);
#2990=EDGE_LOOP('',(#7520,#7521,#7522,#7523));
#2991=AXIS2_PLACEMENT_3D('',#7524,#7525,#7526);
#2992=EDGE_LOOP('',(#7527,#7528,#7529,#7530));
#2993=AXIS2_PLACEMENT_3D('',#7531,#7532,#7533);
#2994=EDGE_LOOP('',(#7534,#7535,#7536,#7537));
#2995=AXIS2_PLACEMENT_3D('',#7538,#7539,#7540);
#2996=EDGE_LOOP('',(#7541,#7542,#7543,#7544));
#2997=AXIS2_PLACEMENT_3D('',#7545,#7546,#7547);
#2998=EDGE_LOOP('',(#7548,#7549,#7550,#7551));
#2999=AXIS2_PLACEMENT_3D('',#7552,#7553,#7554);
#3000=EDGE_LOOP('',(#7555,#7556,#7557,#7558));
#3001=AXIS2_PLACEMENT_3D('',#7559,#7560,#7561);
#3002=EDGE_LOOP('',(#7562,#7563,#7564,#7565));
#3003=AXIS2_PLACEMENT_3D('',#7566,#7567,#7568);
#3004=EDGE_LOOP('',(#7569,#7570,#7571,#7572));
#3005=AXIS2_PLACEMENT_3D('',#7573,#7574,#7575);
#3006=EDGE_LOOP('',(#7576,#7577,#7578,#7579));
#3007=AXIS2_PLACEMENT_3D('',#7580,#7581,#7582);
#3008=EDGE_LOOP('',(#7583,#7584,#7585,#7586));
#3009=AXIS2_PLACEMENT_3D('',#7587,#7588,#7589);
#3010=EDGE_LOOP('',(#7590,#7591,#7592,#7593));
#3011=AXIS2_PLACEMENT_3D('',#7594,#7595,#7596);
#3012=EDGE_LOOP('',(#7597,#7598,#7599,#7600));
#3013=AXIS2_PLACEMENT_3D('',#7601,#7602,#7603);
#3014=EDGE_LOOP('',(#7604,#7605,#7606,#7607));
#3015=AXIS2_PLACEMENT_3D('',#7608,#7609,#7610);
#3016=EDGE_LOOP('',(#7611,#7612,#7613,#7614));
#3017=AXIS2_PLACEMENT_3D('',#7615,#7616,#7617);
#3018=EDGE_LOOP('',(#7618,#7619,#7620,#7621));
#3019=AXIS2_PLACEMENT_3D('',#7622,#7623,#7624);
#3020=EDGE_LOOP('',(#7625,#7626,#7627,#7628));
#3021=AXIS2_PLACEMENT_3D('',#7629,#7630,#7631);
#3022=EDGE_LOOP('',(#7632,#7633,#7634,#7635));
#3023=AXIS2_PLACEMENT_3D('',#7636,#7637,#7638);
#3024=EDGE_LOOP('',(#7639,#7640,#7641,#7642));
#3025=AXIS2_PLACEMENT_3D('',#7643,#7644,#7645);
#3026=EDGE_LOOP('',(#7646,#7647,#7648,#7649));
#3027=AXIS2_PLACEMENT_3D('',#7650,#7651,#7652);
#3028=EDGE_LOOP('',(#7653,#7654,#7655,#7656));
#3029=AXIS2_PLACEMENT_3D('',#7657,#7658,#7659);
#3030=EDGE_LOOP('',(#7660,#7661,#7662,#7663,#7664,#7665));
#3031=AXIS2_PLACEMENT_3D('',#7666,#7667,#7668);
#3032=EDGE_LOOP('',(#7669,#7670,#7671,#7672));
#3033=EDGE_LOOP('',(#7673,#7674,#7675,#7676));
#3034=AXIS2_PLACEMENT_3D('',#7677,#7678,#7679);
#3035=EDGE_LOOP('',(#7680,#7681,#7682,#7683));
#3036=AXIS2_PLACEMENT_3D('',#7684,#7685,#7686);
#3037=EDGE_LOOP('',(#7687,#7688,#7689,#7690));
#3038=AXIS2_PLACEMENT_3D('',#7691,#7692,#7693);
#3039=EDGE_LOOP('',(#7694,#7695,#7696,#7697));
#3040=AXIS2_PLACEMENT_3D('',#7698,#7699,#7700);
#3041=EDGE_LOOP('',(#7701,#7702,#7703,#7704));
#3042=AXIS2_PLACEMENT_3D('',#7705,#7706,#7707);
#3043=EDGE_LOOP('',(#7708,#7709,#7710,#7711));
#3044=AXIS2_PLACEMENT_3D('',#7712,#7713,#7714);
#3045=EDGE_LOOP('',(#7715,#7716,#7717,#7718,#7719,#7720,#7721,#7722,#7723,#7724,#7725,#7726,#7727,#7728,#7729,#7730,#7731,#7732,#7733,#7734,#7735,#7736,#7737,#7738,#7739));
#3046=AXIS2_PLACEMENT_3D('',#7740,#7741,#7742);
#3047=EDGE_LOOP('',(#7743,#7744,#7745,#7746));
#3048=AXIS2_PLACEMENT_3D('',#7747,#7748,#7749);
#3049=EDGE_LOOP('',(#7750,#7751,#7752,#7753,#7754,#7755));
#3050=AXIS2_PLACEMENT_3D('',#7756,#7757,#7758);
#3051=EDGE_LOOP('',(#7759,#7760,#7761,#7762));
#3052=AXIS2_PLACEMENT_3D('',#7763,#7764,#7765);
#3053=EDGE_LOOP('',(#7766,#7767,#7768,#7769,#7770,#7771));
#3054=AXIS2_PLACEMENT_3D('',#7772,#7773,#7774);
#3055=EDGE_LOOP('',(#7775,#7776,#7777,#7778,#7779,#7780,#7781,#7782,#7783,#7784,#7785,#7786,#7787,#7788,#7789,#7790,#7791,#7792,#7793,#7794,#7795,#7796,#7797,#7798,#7799));
#3056=AXIS2_PLACEMENT_3D('',#7800,#7801,#7802);
#3057=EDGE_LOOP('',(#7803,#7804,#7805,#7806));
#3058=AXIS2_PLACEMENT_3D('',#7807,#7808,#7809);
#3059=EDGE_LOOP('',(#7810,#7811,#7812,#7813));
#3060=AXIS2_PLACEMENT_3D('',#7814,#7815,#7816);
#3061=EDGE_LOOP('',(#7817,#7818,#7819,#7820));
#3062=AXIS2_PLACEMENT_3D('',#7821,#7822,#7823);
#3063=EDGE_LOOP('',(#7824,#7825,#7826,#7827));
#3064=AXIS2_PLACEMENT_3D('',#7828,#7829,#7830);
#3065=EDGE_LOOP('',(#7831,#7832,#7833,#7834));
#3066=AXIS2_PLACEMENT_3D('',#7835,#7836,#7837);
#3067=EDGE_LOOP('',(#7838,#7839,#7840,#7841));
#3068=AXIS2_PLACEMENT_3D('',#7842,#7843,#7844);
#3069=EDGE_LOOP('',(#7845,#7846,#7847,#7848));
#3070=AXIS2_PLACEMENT_3D('',#7849,#7850,#7851);
#3071=EDGE_LOOP('',(#7852,#7853,#7854,#7855));
#3072=AXIS2_PLACEMENT_3D('',#7856,#7857,#7858);
#3073=EDGE_LOOP('',(#7859,#7860,#7861,#7862));
#3074=AXIS2_PLACEMENT_3D('',#7863,#7864,#7865);
#3075=EDGE_LOOP('',(#7866,#7867,#7868,#7869));
#3076=AXIS2_PLACEMENT_3D('',#7870,#7871,#7872);
#3077=EDGE_LOOP('',(#7873,#7874,#7875,#7876));
#3078=AXIS2_PLACEMENT_3D('',#7877,#7878,#7879);
#3079=EDGE_LOOP('',(#7880,#7881,#7882,#7883));
#3080=AXIS2_PLACEMENT_3D('',#7884,#7885,#7886);
#3081=EDGE_LOOP('',(#7887,#7888,#7889,#7890));
#3082=AXIS2_PLACEMENT_3D('',#7891,#7892,#7893);
#3083=EDGE_LOOP('',(#7894,#7895,#7896,#7897));
#3084=AXIS2_PLACEMENT_3D('',#7898,#7899,#7900);
#3085=EDGE_LOOP('',(#7901,#7902,#7903,#7904));
#3086=AXIS2_PLACEMENT_3D('',#7905,#7906,#7907);
#3087=EDGE_LOOP('',(#7908,#7909,#7910,#7911));
#3088=AXIS2_PLACEMENT_3D('',#7912,#7913,#7914);
#3089=EDGE_LOOP('',(#7915,#7916,#7917,#7918));
#3090=AXIS2_PLACEMENT_3D('',#7919,#7920,#7921);
#3091=EDGE_LOOP('',(#7922,#7923,#7924,#7925));
#3092=AXIS2_PLACEMENT_3D('',#7926,#7927,#7928);
#3093=EDGE_LOOP('',(#7929,#7930,#7931,#7932));
#3094=AXIS2_PLACEMENT_3D('',#7933,#7934,#7935);
#3095=EDGE_LOOP('',(#7936,#7937,#7938,#7939));
#3096=AXIS2_PLACEMENT_3D('',#7940,#7941,#7942);
#3097=EDGE_LOOP('',(#7943,#7944,#7945,#7946));
#3098=AXIS2_PLACEMENT_3D('',#7947,#7948,#7949);
#3099=EDGE_LOOP('',(#7950,#7951,#7952,#7953));
#3100=AXIS2_PLACEMENT_3D('',#7954,#7955,#7956);
#3101=EDGE_LOOP('',(#7957,#7958,#7959,#7960));
#3102=AXIS2_PLACEMENT_3D('',#7961,#7962,#7963);
#3103=EDGE_LOOP('',(#7964,#7965,#7966,#7967));
#3104=AXIS2_PLACEMENT_3D('',#7968,#7969,#7970);
#3105=EDGE_LOOP('',(#7971,#7972,#7973,#7974,#7975,#7976));
#3106=AXIS2_PLACEMENT_3D('',#7977,#7978,#7979);
#3107=EDGE_LOOP('',(#7980,#7981,#7982,#7983));
#3108=EDGE_LOOP('',(#7984,#7985,#7986,#7987));
#3109=AXIS2_PLACEMENT_3D('',#7988,#7989,#7990);
#3110=EDGE_LOOP('',(#7991,#7992,#7993,#7994));
#3111=AXIS2_PLACEMENT_3D('',#7995,#7996,#7997);
#3112=EDGE_LOOP('',(#7998,#7999,#8000,#8001));
#3113=AXIS2_PLACEMENT_3D('',#8002,#8003,#8004);
#3114=EDGE_LOOP('',(#8005,#8006,#8007,#8008));
#3115=AXIS2_PLACEMENT_3D('',#8009,#8010,#8011);
#3116=EDGE_LOOP('',(#8012,#8013,#8014,#8015));
#3117=AXIS2_PLACEMENT_3D('',#8016,#8017,#8018);
#3118=EDGE_LOOP('',(#8019,#8020,#8021,#8022));
#3119=AXIS2_PLACEMENT_3D('',#8023,#8024,#8025);
#3120=EDGE_LOOP('',(#8026,#8027,#8028,#8029,#8030,#8031,#8032,#8033,#8034,#8035,#8036,#8037,#8038,#8039,#8040,#8041,#8042,#8043,#8044,#8045,#8046,#8047,#8048,#8049,#8050));
#3121=AXIS2_PLACEMENT_3D('',#8051,#8052,#8053);
#3122=EDGE_LOOP('',(#8054,#8055,#8056,#8057));
#3123=AXIS2_PLACEMENT_3D('',#8058,#8059,#8060);
#3124=EDGE_LOOP('',(#8061,#8062,#8063,#8064,#8065,#8066));
#3125=AXIS2_PLACEMENT_3D('',#8067,#8068,#8069);
#3126=EDGE_LOOP('',(#8070,#8071,#8072,#8073));
#3127=AXIS2_PLACEMENT_3D('',#8074,#8075,#8076);
#3128=EDGE_LOOP('',(#8077,#8078,#8079,#8080,#8081,#8082));
#3129=AXIS2_PLACEMENT_3D('',#8083,#8084,#8085);
#3130=EDGE_LOOP('',(#8086,#8087,#8088,#8089,#8090,#8091,#8092,#8093,#8094,#8095,#8096,#8097,#8098,#8099,#8100,#8101,#8102,#8103,#8104,#8105,#8106,#8107,#8108,#8109,#8110));
#3131=AXIS2_PLACEMENT_3D('',#8111,#8112,#8113);
#3132=EDGE_LOOP('',(#8114,#8115,#8116,#8117));
#3133=AXIS2_PLACEMENT_3D('',#8118,#8119,#8120);
#3134=EDGE_LOOP('',(#8121,#8122,#8123,#8124));
#3135=AXIS2_PLACEMENT_3D('',#8125,#8126,#8127);
#3136=EDGE_LOOP('',(#8128,#8129,#8130,#8131));
#3137=AXIS2_PLACEMENT_3D('',#8132,#8133,#8134);
#3138=EDGE_LOOP('',(#8135,#8136,#8137,#8138));
#3139=AXIS2_PLACEMENT_3D('',#8139,#8140,#8141);
#3140=EDGE_LOOP('',(#8142,#8143,#8144,#8145));
#3141=AXIS2_PLACEMENT_3D('',#8146,#8147,#8148);
#3142=EDGE_LOOP('',(#8149,#8150,#8151,#8152));
#3143=AXIS2_PLACEMENT_3D('',#8153,#8154,#8155);
#3144=EDGE_LOOP('',(#8156,#8157,#8158,#8159));
#3145=AXIS2_PLACEMENT_3D('',#8160,#8161,#8162);
#3146=EDGE_LOOP('',(#8163,#8164,#8165,#8166));
#3147=AXIS2_PLACEMENT_3D('',#8167,#8168,#8169);
#3148=EDGE_LOOP('',(#8170,#8171,#8172,#8173));
#3149=AXIS2_PLACEMENT_3D('',#8174,#8175,#8176);
#3150=EDGE_LOOP('',(#8177,#8178,#8179,#8180));
#3151=AXIS2_PLACEMENT_3D('',#8181,#8182,#8183);
#3152=EDGE_LOOP('',(#8184,#8185,#8186,#8187));
#3153=AXIS2_PLACEMENT_3D('',#8188,#8189,#8190);
#3154=EDGE_LOOP('',(#8191,#8192,#8193,#8194));
#3155=AXIS2_PLACEMENT_3D('',#8195,#8196,#8197);
#3156=EDGE_LOOP('',(#8198,#8199,#8200,#8201));
#3157=AXIS2_PLACEMENT_3D('',#8202,#8203,#8204);
#3158=EDGE_LOOP('',(#8205,#8206,#8207,#8208));
#3159=AXIS2_PLACEMENT_3D('',#8209,#8210,#8211);
#3160=EDGE_LOOP('',(#8212,#8213,#8214,#8215));
#3161=AXIS2_PLACEMENT_3D('',#8216,#8217,#8218);
#3162=EDGE_LOOP('',(#8219,#8220,#8221,#8222));
#3163=AXIS2_PLACEMENT_3D('',#8223,#8224,#8225);
#3164=EDGE_LOOP('',(#8226,#8227,#8228,#8229));
#3165=AXIS2_PLACEMENT_3D('',#8230,#8231,#8232);
#3166=EDGE_LOOP('',(#8233,#8234,#8235,#8236));
#3167=AXIS2_PLACEMENT_3D('',#8237,#8238,#8239);
#3168=EDGE_LOOP('',(#8240,#8241,#8242,#8243));
#3169=AXIS2_PLACEMENT_3D('',#8244,#8245,#8246);
#3170=EDGE_LOOP('',(#8247,#8248,#8249,#8250));
#3171=AXIS2_PLACEMENT_3D('',#8251,#8252,#8253);
#3172=EDGE_LOOP('',(#8254,#8255,#8256,#8257));
#3173=AXIS2_PLACEMENT_3D('',#8258,#8259,#8260);
#3174=EDGE_LOOP('',(#8261,#8262,#8263,#8264));
#3175=AXIS2_PLACEMENT_3D('',#8265,#8266,#8267);
#3176=EDGE_LOOP('',(#8268,#8269,#8270,#8271));
#3177=AXIS2_PLACEMENT_3D('',#8272,#8273,#8274);
#3178=EDGE_LOOP('',(#8275,#8276,#8277,#8278));
#3179=AXIS2_PLACEMENT_3D('',#8279,#8280,#8281);
#3180=EDGE_LOOP('',(#8282,#8283,#8284,#8285,#8286,#8287,#8288,#8289,#8290,#8291,#8292,#8293,#8294,#8295,#8296,#8297,#8298,#8299,#8300,#8301,#8302,#8303,#8304,#8305,#8306));
#3181=AXIS2_PLACEMENT_3D('',#8307,#8308,#8309);
#3182=EDGE_LOOP('',(#8310,#8311,#8312,#8313));
#3183=AXIS2_PLACEMENT_3D('',#8314,#8315,#8316);
#3184=EDGE_LOOP('',(#8317,#8318,#8319,#8320,#8321,#8322));
#3185=AXIS2_PLACEMENT_3D('',#8323,#8324,#8325);
#3186=EDGE_LOOP('',(#8326,#8327,#8328,#8329));
#3187=AXIS2_PLACEMENT_3D('',#8330,#8331,#8332);
#3188=EDGE_LOOP('',(#8333,#8334,#8335,#8336));
#3189=AXIS2_PLACEMENT_3D('',#8337,#8338,#8339);
#3190=EDGE_LOOP('',(#8340,#8341,#8342,#8343));
#3191=AXIS2_PLACEMENT_3D('',#8344,#8345,#8346);
#3192=EDGE_LOOP('',(#8347,#8348,#8349,#8350));
#3193=AXIS2_PLACEMENT_3D('',#8351,#8352,#8353);
#3194=EDGE_LOOP('',(#8354,#8355,#8356,#8357));
#3195=AXIS2_PLACEMENT_3D('',#8358,#8359,#8360);
#3196=EDGE_LOOP('',(#8361,#8362,#8363,#8364));
#3197=AXIS2_PLACEMENT_3D('',#8365,#8366,#8367);
#3198=EDGE_LOOP('',(#8368,#8369,#8370,#8371));
#3199=AXIS2_PLACEMENT_3D('',#8372,#8373,#8374);
#3200=EDGE_LOOP('',(#8375,#8376,#8377,#8378));
#3201=AXIS2_PLACEMENT_3D('',#8379,#8380,#8381);
#3202=EDGE_LOOP('',(#8382,#8383,#8384,#8385));
#3203=AXIS2_PLACEMENT_3D('',#8386,#8387,#8388);
#3204=EDGE_LOOP('',(#8389,#8390,#8391,#8392));
#3205=AXIS2_PLACEMENT_3D('',#8393,#8394,#8395);
#3206=EDGE_LOOP('',(#8396,#8397,#8398,#8399));
#3207=AXIS2_PLACEMENT_3D('',#8400,#8401,#8402);
#3208=EDGE_LOOP('',(#8403,#8404,#8405,#8406));
#3209=AXIS2_PLACEMENT_3D('',#8407,#8408,#8409);
#3210=EDGE_LOOP('',(#8410,#8411,#8412,#8413));
#3211=AXIS2_PLACEMENT_3D('',#8414,#8415,#8416);
#3212=EDGE_LOOP('',(#8417,#8418,#8419,#8420));
#3213=AXIS2_PLACEMENT_3D('',#8421,#8422,#8423);
#3214=EDGE_LOOP('',(#8424,#8425,#8426,#8427));
#3215=AXIS2_PLACEMENT_3D('',#8428,#8429,#8430);
#3216=EDGE_LOOP('',(#8431,#8432,#8433,#8434));
#3217=AXIS2_PLACEMENT_3D('',#8435,#8436,#8437);
#3218=EDGE_LOOP('',(#8438,#8439,#8440,#8441));
#3219=AXIS2_PLACEMENT_3D('',#8442,#8443,#8444);
#3220=EDGE_LOOP('',(#8445,#8446,#8447,#8448));
#3221=AXIS2_PLACEMENT_3D('',#8449,#8450,#8451);
#3222=EDGE_LOOP('',(#8452,#8453,#8454,#8455));
#3223=AXIS2_PLACEMENT_3D('',#8456,#8457,#8458);
#3224=EDGE_LOOP('',(#8459,#8460,#8461,#8462));
#3225=AXIS2_PLACEMENT_3D('',#8463,#8464,#8465);
#3226=EDGE_LOOP('',(#8466,#8467,#8468,#8469));
#3227=AXIS2_PLACEMENT_3D('',#8470,#8471,#8472);
#3228=EDGE_LOOP('',(#8473,#8474,#8475,#8476));
#3229=AXIS2_PLACEMENT_3D('',#8477,#8478,#8479);
#3230=EDGE_LOOP('',(#8480,#8481,#8482,#8483));
#3231=AXIS2_PLACEMENT_3D('',#8484,#8485,#8486);
#3232=EDGE_LOOP('',(#8487,#8488,#8489,#8490));
#3233=AXIS2_PLACEMENT_3D('',#8491,#8492,#8493);
#3234=EDGE_LOOP('',(#8494,#8495,#8496,#8497));
#3235=AXIS2_PLACEMENT_3D('',#8498,#8499,#8500);
#3236=EDGE_LOOP('',(#8501,#8502,#8503,#8504));
#3237=AXIS2_PLACEMENT_3D('',#8505,#8506,#8507);
#3238=EDGE_LOOP('',(#8508,#8509,#8510,#8511));
#3239=AXIS2_PLACEMENT_3D('',#8512,#8513,#8514);
#3240=EDGE_LOOP('',(#8515,#8516,#8517,#8518));
#3241=AXIS2_PLACEMENT_3D('',#8519,#8520,#8521);
#3242=EDGE_LOOP('',(#8522,#8523,#8524,#8525));
#3243=AXIS2_PLACEMENT_3D('',#8526,#8527,#8528);
#3244=EDGE_LOOP('',(#8529,#8530,#8531,#8532));
#3245=AXIS2_PLACEMENT_3D('',#8533,#8534,#8535);
#3246=EDGE_LOOP('',(#8536,#8537,#8538,#8539));
#3247=AXIS2_PLACEMENT_3D('',#8540,#8541,#8542);
#3248=EDGE_LOOP('',(#8543,#8544,#8545,#8546));
#3249=AXIS2_PLACEMENT_3D('',#8547,#8548,#8549);
#3250=EDGE_LOOP('',(#8550,#8551,#8552,#8553));
#3251=AXIS2_PLACEMENT_3D('',#8554,#8555,#8556);
#3252=EDGE_LOOP('',(#8557,#8558,#8559,#8560));
#3253=AXIS2_PLACEMENT_3D('',#8561,#8562,#8563);
#3254=EDGE_LOOP('',(#8564,#8565,#8566,#8567,#8568,#8569,#8570));
#3255=AXIS2_PLACEMENT_3D('',#8571,#8572,#8573);
#3256=CIRCLE('',#8574,0.5334);
#3257=CIRCLE('',#8575,0.5334);
#3258=CIRCLE('',#8576,0.5334);
#3259=CIRCLE('',#8577,0.5334);
#3260=CIRCLE('',#8578,0.5334);
#3261=CIRCLE('',#8579,0.5334);
#3262=CIRCLE('',#8580,0.5334);
#3263=CIRCLE('',#8581,0.5334);
#3264=CIRCLE('',#8582,0.5334);
#3265=CIRCLE('',#8583,0.5334);
#3266=CIRCLE('',#8584,0.5334);
#3267=CIRCLE('',#8585,0.5334);
#3268=CIRCLE('',#8586,0.5334);
#3269=CIRCLE('',#8587,0.5334);
#3270=CIRCLE('',#8588,0.5334);
#3271=CIRCLE('',#8589,0.5334);
#3272=CIRCLE('',#8590,0.5334);
#3273=CIRCLE('',#8591,0.5334);
#3274=CIRCLE('',#8592,0.5334);
#3275=CIRCLE('',#8593,0.5334);
#3276=CIRCLE('',#8594,0.5334);
#3277=CIRCLE('',#8595,0.5334);
#3278=CIRCLE('',#8596,0.5334);
#3279=CIRCLE('',#8597,0.5334);
#3280=ORIENTED_EDGE('',*,*,#8598,.F.);
#3281=ORIENTED_EDGE('',*,*,#8599,.F.);
#3282=ORIENTED_EDGE('',*,*,#8600,.F.);
#3283=ORIENTED_EDGE('',*,*,#8601,.T.);
#3284=CARTESIAN_POINT('',(13.5382,4.8768,-1.5494));
#3285=DIRECTION('',(-1.0,0.0,-0.0));
#3286=DIRECTION('',(0.0,0.0,-1.0));
#3287=ORIENTED_EDGE('',*,*,#8602,.F.);
#3288=ORIENTED_EDGE('',*,*,#8603,.T.);
#3289=ORIENTED_EDGE('',*,*,#8604,.T.);
#3290=ORIENTED_EDGE('',*,*,#8605,.F.);
#3291=CARTESIAN_POINT('',(13.5382,6.2738,-4.0566772164236));
#3292=DIRECTION('',(-1.0,0.0,-0.0));
#3293=DIRECTION('',(0.0,0.0,-1.0));
#3294=ORIENTED_EDGE('',*,*,#8606,.F.);
#3295=ORIENTED_EDGE('',*,*,#8607,.F.);
#3296=ORIENTED_EDGE('',*,*,#8608,.F.);
#3297=ORIENTED_EDGE('',*,*,#8609,.T.);
#3298=CARTESIAN_POINT('',(13.5382,6.2738,-4.0566772164236));
#3299=DIRECTION('',(-1.0,0.0,-0.0));
#3300=DIRECTION('',(0.0,0.0,-1.0));
#3301=ORIENTED_EDGE('',*,*,#8610,.F.);
#3302=ORIENTED_EDGE('',*,*,#8611,.T.);
#3303=ORIENTED_EDGE('',*,*,#8612,.T.);
#3304=ORIENTED_EDGE('',*,*,#8613,.F.);
#3305=CARTESIAN_POINT('',(13.5382,4.8768,-1.5494));
#3306=DIRECTION('',(-1.0,0.0,-0.0));
#3307=DIRECTION('',(0.0,0.0,-1.0));
#3308=ORIENTED_EDGE('',*,*,#8614,.F.);
#3309=ORIENTED_EDGE('',*,*,#8615,.F.);
#3310=ORIENTED_EDGE('',*,*,#8616,.F.);
#3311=ORIENTED_EDGE('',*,*,#8617,.T.);
#3312=CARTESIAN_POINT('',(10.9982,4.8768,-1.5494));
#3313=DIRECTION('',(-1.0,0.0,-0.0));
#3314=DIRECTION('',(0.0,0.0,-1.0));
#3315=ORIENTED_EDGE('',*,*,#8618,.F.);
#3316=ORIENTED_EDGE('',*,*,#8619,.T.);
#3317=ORIENTED_EDGE('',*,*,#8620,.T.);
#3318=ORIENTED_EDGE('',*,*,#8621,.F.);
#3319=CARTESIAN_POINT('',(10.9982,6.2738,-4.0566772164236));
#3320=DIRECTION('',(-1.0,0.0,-0.0));
#3321=DIRECTION('',(0.0,0.0,-1.0));
#3322=ORIENTED_EDGE('',*,*,#8622,.F.);
#3323=ORIENTED_EDGE('',*,*,#8623,.F.);
#3324=ORIENTED_EDGE('',*,*,#8624,.F.);
#3325=ORIENTED_EDGE('',*,*,#8625,.T.);
#3326=CARTESIAN_POINT('',(10.9982,6.2738,-4.0566772164236));
#3327=DIRECTION('',(-1.0,0.0,-0.0));
#3328=DIRECTION('',(0.0,0.0,-1.0));
#3329=ORIENTED_EDGE('',*,*,#8626,.F.);
#3330=ORIENTED_EDGE('',*,*,#8627,.T.);
#3331=ORIENTED_EDGE('',*,*,#8628,.T.);
#3332=ORIENTED_EDGE('',*,*,#8629,.F.);
#3333=CARTESIAN_POINT('',(10.9982,4.8768,-1.5494));
#3334=DIRECTION('',(-1.0,0.0,-0.0));
#3335=DIRECTION('',(0.0,0.0,-1.0));
#3336=ORIENTED_EDGE('',*,*,#8630,.F.);
#3337=ORIENTED_EDGE('',*,*,#8631,.F.);
#3338=ORIENTED_EDGE('',*,*,#8632,.F.);
#3339=ORIENTED_EDGE('',*,*,#8633,.T.);
#3340=CARTESIAN_POINT('',(8.4582,4.8768,-1.5494));
#3341=DIRECTION('',(-1.0,0.0,-0.0));
#3342=DIRECTION('',(0.0,0.0,-1.0));
#3343=ORIENTED_EDGE('',*,*,#8634,.F.);
#3344=ORIENTED_EDGE('',*,*,#8635,.T.);
#3345=ORIENTED_EDGE('',*,*,#8636,.T.);
#3346=ORIENTED_EDGE('',*,*,#8637,.F.);
#3347=CARTESIAN_POINT('',(8.4582,6.2738,-4.0566772164236));
#3348=DIRECTION('',(-1.0,0.0,-0.0));
#3349=DIRECTION('',(0.0,0.0,-1.0));
#3350=ORIENTED_EDGE('',*,*,#8638,.F.);
#3351=ORIENTED_EDGE('',*,*,#8639,.F.);
#3352=ORIENTED_EDGE('',*,*,#8640,.F.);
#3353=ORIENTED_EDGE('',*,*,#8641,.T.);
#3354=CARTESIAN_POINT('',(8.4582,6.2738,-4.0566772164236));
#3355=DIRECTION('',(-1.0,0.0,-0.0));
#3356=DIRECTION('',(0.0,0.0,-1.0));
#3357=ORIENTED_EDGE('',*,*,#8642,.F.);
#3358=ORIENTED_EDGE('',*,*,#8643,.T.);
#3359=ORIENTED_EDGE('',*,*,#8644,.T.);
#3360=ORIENTED_EDGE('',*,*,#8645,.F.);
#3361=CARTESIAN_POINT('',(8.4582,4.8768,-1.5494));
#3362=DIRECTION('',(-1.0,0.0,-0.0));
#3363=DIRECTION('',(0.0,0.0,-1.0));
#3364=ORIENTED_EDGE('',*,*,#8646,.F.);
#3365=ORIENTED_EDGE('',*,*,#8647,.F.);
#3366=ORIENTED_EDGE('',*,*,#8648,.F.);
#3367=ORIENTED_EDGE('',*,*,#8649,.T.);
#3368=CARTESIAN_POINT('',(5.9182,4.8768,-1.5494));
#3369=DIRECTION('',(-1.0,0.0,-0.0));
#3370=DIRECTION('',(0.0,0.0,-1.0));
#3371=ORIENTED_EDGE('',*,*,#8650,.F.);
#3372=ORIENTED_EDGE('',*,*,#8651,.T.);
#3373=ORIENTED_EDGE('',*,*,#8652,.T.);
#3374=ORIENTED_EDGE('',*,*,#8653,.F.);
#3375=CARTESIAN_POINT('',(5.9182,6.2738,-4.0566772164236));
#3376=DIRECTION('',(-1.0,0.0,-0.0));
#3377=DIRECTION('',(0.0,0.0,-1.0));
#3378=ORIENTED_EDGE('',*,*,#8654,.F.);
#3379=ORIENTED_EDGE('',*,*,#8655,.F.);
#3380=ORIENTED_EDGE('',*,*,#8656,.F.);
#3381=ORIENTED_EDGE('',*,*,#8657,.T.);
#3382=CARTESIAN_POINT('',(5.9182,6.2738,-4.0566772164236));
#3383=DIRECTION('',(-1.0,0.0,-0.0));
#3384=DIRECTION('',(0.0,0.0,-1.0));
#3385=ORIENTED_EDGE('',*,*,#8658,.F.);
#3386=ORIENTED_EDGE('',*,*,#8659,.T.);
#3387=ORIENTED_EDGE('',*,*,#8660,.T.);
#3388=ORIENTED_EDGE('',*,*,#8661,.F.);
#3389=CARTESIAN_POINT('',(5.9182,4.8768,-1.5494));
#3390=DIRECTION('',(-1.0,0.0,-0.0));
#3391=DIRECTION('',(0.0,0.0,-1.0));
#3392=ORIENTED_EDGE('',*,*,#8662,.F.);
#3393=ORIENTED_EDGE('',*,*,#8663,.F.);
#3394=ORIENTED_EDGE('',*,*,#8664,.F.);
#3395=ORIENTED_EDGE('',*,*,#8665,.T.);
#3396=CARTESIAN_POINT('',(3.3782,4.8768,-1.5494));
#3397=DIRECTION('',(-1.0,0.0,-0.0));
#3398=DIRECTION('',(0.0,0.0,-1.0));
#3399=ORIENTED_EDGE('',*,*,#8666,.F.);
#3400=ORIENTED_EDGE('',*,*,#8667,.T.);
#3401=ORIENTED_EDGE('',*,*,#8668,.T.);
#3402=ORIENTED_EDGE('',*,*,#8669,.F.);
#3403=CARTESIAN_POINT('',(3.3782,6.2738,-4.0566772164236));
#3404=DIRECTION('',(-1.0,0.0,-0.0));
#3405=DIRECTION('',(0.0,0.0,-1.0));
#3406=ORIENTED_EDGE('',*,*,#8670,.F.);
#3407=ORIENTED_EDGE('',*,*,#8671,.F.);
#3408=ORIENTED_EDGE('',*,*,#8672,.F.);
#3409=ORIENTED_EDGE('',*,*,#8673,.T.);
#3410=CARTESIAN_POINT('',(3.3782,6.2738,-4.0566772164236));
#3411=DIRECTION('',(-1.0,0.0,-0.0));
#3412=DIRECTION('',(0.0,0.0,-1.0));
#3413=ORIENTED_EDGE('',*,*,#8674,.F.);
#3414=ORIENTED_EDGE('',*,*,#8675,.T.);
#3415=ORIENTED_EDGE('',*,*,#8676,.T.);
#3416=ORIENTED_EDGE('',*,*,#8677,.F.);
#3417=CARTESIAN_POINT('',(3.3782,4.8768,-1.5494));
#3418=DIRECTION('',(-1.0,0.0,-0.0));
#3419=DIRECTION('',(0.0,0.0,-1.0));
#3420=ORIENTED_EDGE('',*,*,#8678,.F.);
#3421=ORIENTED_EDGE('',*,*,#8679,.F.);
#3422=ORIENTED_EDGE('',*,*,#8680,.F.);
#3423=ORIENTED_EDGE('',*,*,#8681,.T.);
#3424=CARTESIAN_POINT('',(0.8382,4.8768,-1.5494));
#3425=DIRECTION('',(-1.0,0.0,-0.0));
#3426=DIRECTION('',(0.0,0.0,-1.0));
#3427=ORIENTED_EDGE('',*,*,#8682,.F.);
#3428=ORIENTED_EDGE('',*,*,#8683,.T.);
#3429=ORIENTED_EDGE('',*,*,#8684,.T.);
#3430=ORIENTED_EDGE('',*,*,#8685,.F.);
#3431=CARTESIAN_POINT('',(0.8382,6.2738,-4.0566772164236));
#3432=DIRECTION('',(-1.0,0.0,-0.0));
#3433=DIRECTION('',(0.0,0.0,-1.0));
#3434=ORIENTED_EDGE('',*,*,#8686,.F.);
#3435=ORIENTED_EDGE('',*,*,#8687,.F.);
#3436=ORIENTED_EDGE('',*,*,#8688,.F.);
#3437=ORIENTED_EDGE('',*,*,#8689,.T.);
#3438=CARTESIAN_POINT('',(0.8382,6.2738,-4.0566772164236));
#3439=DIRECTION('',(-1.0,0.0,-0.0));
#3440=DIRECTION('',(0.0,0.0,-1.0));
#3441=ORIENTED_EDGE('',*,*,#8690,.F.);
#3442=ORIENTED_EDGE('',*,*,#8691,.T.);
#3443=ORIENTED_EDGE('',*,*,#8692,.T.);
#3444=ORIENTED_EDGE('',*,*,#8693,.F.);
#3445=CARTESIAN_POINT('',(0.8382,4.8768,-1.5494));
#3446=DIRECTION('',(-1.0,0.0,-0.0));
#3447=DIRECTION('',(0.0,0.0,-1.0));
#3448=ORIENTED_EDGE('',*,*,#8694,.F.);
#3449=ORIENTED_EDGE('',*,*,#8695,.F.);
#3450=ORIENTED_EDGE('',*,*,#8696,.F.);
#3451=ORIENTED_EDGE('',*,*,#8697,.T.);
#3452=CARTESIAN_POINT('',(-1.7018,4.8768,-1.5494));
#3453=DIRECTION('',(-1.0,0.0,-0.0));
#3454=DIRECTION('',(0.0,0.0,-1.0));
#3455=ORIENTED_EDGE('',*,*,#8698,.F.);
#3456=ORIENTED_EDGE('',*,*,#8699,.T.);
#3457=ORIENTED_EDGE('',*,*,#8700,.T.);
#3458=ORIENTED_EDGE('',*,*,#8701,.F.);
#3459=CARTESIAN_POINT('',(-1.7018,6.2738,-4.0566772164236));
#3460=DIRECTION('',(-1.0,0.0,-0.0));
#3461=DIRECTION('',(0.0,0.0,-1.0));
#3462=ORIENTED_EDGE('',*,*,#8702,.F.);
#3463=ORIENTED_EDGE('',*,*,#8703,.F.);
#3464=ORIENTED_EDGE('',*,*,#8704,.F.);
#3465=ORIENTED_EDGE('',*,*,#8705,.T.);
#3466=CARTESIAN_POINT('',(-1.7018,6.2738,-4.0566772164236));
#3467=DIRECTION('',(-1.0,0.0,-0.0));
#3468=DIRECTION('',(0.0,0.0,-1.0));
#3469=ORIENTED_EDGE('',*,*,#8706,.F.);
#3470=ORIENTED_EDGE('',*,*,#8707,.T.);
#3471=ORIENTED_EDGE('',*,*,#8708,.T.);
#3472=ORIENTED_EDGE('',*,*,#8709,.F.);
#3473=CARTESIAN_POINT('',(-1.7018,4.8768,-1.5494));
#3474=DIRECTION('',(-1.0,0.0,-0.0));
#3475=DIRECTION('',(0.0,0.0,-1.0));
#3476=ORIENTED_EDGE('',*,*,#8710,.F.);
#3477=ORIENTED_EDGE('',*,*,#8711,.F.);
#3478=ORIENTED_EDGE('',*,*,#8712,.F.);
#3479=ORIENTED_EDGE('',*,*,#8713,.T.);
#3480=CARTESIAN_POINT('',(-4.2418,4.8768,-1.5494));
#3481=DIRECTION('',(-1.0,0.0,-0.0));
#3482=DIRECTION('',(0.0,0.0,-1.0));
#3483=ORIENTED_EDGE('',*,*,#8714,.F.);
#3484=ORIENTED_EDGE('',*,*,#8715,.T.);
#3485=ORIENTED_EDGE('',*,*,#8716,.T.);
#3486=ORIENTED_EDGE('',*,*,#8717,.F.);
#3487=CARTESIAN_POINT('',(-4.2418,6.2738,-4.0566772164236));
#3488=DIRECTION('',(-1.0,0.0,-0.0));
#3489=DIRECTION('',(0.0,0.0,-1.0));
#3490=ORIENTED_EDGE('',*,*,#8718,.F.);
#3491=ORIENTED_EDGE('',*,*,#8719,.F.);
#3492=ORIENTED_EDGE('',*,*,#8720,.F.);
#3493=ORIENTED_EDGE('',*,*,#8721,.T.);
#3494=CARTESIAN_POINT('',(-4.2418,6.2738,-4.0566772164236));
#3495=DIRECTION('',(-1.0,0.0,-0.0));
#3496=DIRECTION('',(0.0,0.0,-1.0));
#3497=ORIENTED_EDGE('',*,*,#8722,.F.);
#3498=ORIENTED_EDGE('',*,*,#8723,.T.);
#3499=ORIENTED_EDGE('',*,*,#8724,.T.);
#3500=ORIENTED_EDGE('',*,*,#8725,.F.);
#3501=CARTESIAN_POINT('',(-4.2418,4.8768,-1.5494));
#3502=DIRECTION('',(-1.0,0.0,-0.0));
#3503=DIRECTION('',(0.0,0.0,-1.0));
#3504=ORIENTED_EDGE('',*,*,#8726,.F.);
#3505=ORIENTED_EDGE('',*,*,#8727,.F.);
#3506=ORIENTED_EDGE('',*,*,#8728,.F.);
#3507=ORIENTED_EDGE('',*,*,#8729,.T.);
#3508=CARTESIAN_POINT('',(-6.7818,4.8768,-1.5494));
#3509=DIRECTION('',(-1.0,0.0,-0.0));
#3510=DIRECTION('',(0.0,0.0,-1.0));
#3511=ORIENTED_EDGE('',*,*,#8730,.F.);
#3512=ORIENTED_EDGE('',*,*,#8731,.T.);
#3513=ORIENTED_EDGE('',*,*,#8732,.T.);
#3514=ORIENTED_EDGE('',*,*,#8733,.F.);
#3515=CARTESIAN_POINT('',(-6.7818,6.2738,-4.0566772164236));
#3516=DIRECTION('',(-1.0,0.0,-0.0));
#3517=DIRECTION('',(0.0,0.0,-1.0));
#3518=ORIENTED_EDGE('',*,*,#8734,.F.);
#3519=ORIENTED_EDGE('',*,*,#8735,.F.);
#3520=ORIENTED_EDGE('',*,*,#8736,.F.);
#3521=ORIENTED_EDGE('',*,*,#8737,.T.);
#3522=CARTESIAN_POINT('',(-6.7818,6.2738,-4.0566772164236));
#3523=DIRECTION('',(-1.0,0.0,-0.0));
#3524=DIRECTION('',(0.0,0.0,-1.0));
#3525=ORIENTED_EDGE('',*,*,#8738,.F.);
#3526=ORIENTED_EDGE('',*,*,#8739,.T.);
#3527=ORIENTED_EDGE('',*,*,#8740,.T.);
#3528=ORIENTED_EDGE('',*,*,#8741,.F.);
#3529=CARTESIAN_POINT('',(-6.7818,4.8768,-1.5494));
#3530=DIRECTION('',(-1.0,0.0,-0.0));
#3531=DIRECTION('',(0.0,0.0,-1.0));
#3532=ORIENTED_EDGE('',*,*,#8742,.F.);
#3533=ORIENTED_EDGE('',*,*,#8743,.F.);
#3534=ORIENTED_EDGE('',*,*,#8744,.F.);
#3535=ORIENTED_EDGE('',*,*,#8745,.T.);
#3536=CARTESIAN_POINT('',(-9.3218,4.8768,-1.5494));
#3537=DIRECTION('',(-1.0,0.0,-0.0));
#3538=DIRECTION('',(0.0,0.0,-1.0));
#3539=ORIENTED_EDGE('',*,*,#8746,.F.);
#3540=ORIENTED_EDGE('',*,*,#8747,.T.);
#3541=ORIENTED_EDGE('',*,*,#8748,.T.);
#3542=ORIENTED_EDGE('',*,*,#8749,.F.);
#3543=CARTESIAN_POINT('',(-9.3218,6.2738,-4.0566772164236));
#3544=DIRECTION('',(-1.0,0.0,-0.0));
#3545=DIRECTION('',(0.0,0.0,-1.0));
#3546=ORIENTED_EDGE('',*,*,#8750,.F.);
#3547=ORIENTED_EDGE('',*,*,#8751,.F.);
#3548=ORIENTED_EDGE('',*,*,#8752,.F.);
#3549=ORIENTED_EDGE('',*,*,#8753,.T.);
#3550=CARTESIAN_POINT('',(-9.3218,6.2738,-4.0566772164236));
#3551=DIRECTION('',(-1.0,0.0,-0.0));
#3552=DIRECTION('',(0.0,0.0,-1.0));
#3553=ORIENTED_EDGE('',*,*,#8754,.F.);
#3554=ORIENTED_EDGE('',*,*,#8755,.T.);
#3555=ORIENTED_EDGE('',*,*,#8756,.T.);
#3556=ORIENTED_EDGE('',*,*,#8757,.F.);
#3557=CARTESIAN_POINT('',(-9.3218,4.8768,-1.5494));
#3558=DIRECTION('',(-1.0,0.0,-0.0));
#3559=DIRECTION('',(0.0,0.0,-1.0));
#3560=ORIENTED_EDGE('',*,*,#8758,.F.);
#3561=ORIENTED_EDGE('',*,*,#8759,.F.);
#3562=ORIENTED_EDGE('',*,*,#8760,.F.);
#3563=ORIENTED_EDGE('',*,*,#8761,.T.);
#3564=CARTESIAN_POINT('',(-11.8618,4.8768,-1.5494));
#3565=DIRECTION('',(-1.0,0.0,-0.0));
#3566=DIRECTION('',(0.0,0.0,-1.0));
#3567=ORIENTED_EDGE('',*,*,#8762,.F.);
#3568=ORIENTED_EDGE('',*,*,#8763,.T.);
#3569=ORIENTED_EDGE('',*,*,#8764,.T.);
#3570=ORIENTED_EDGE('',*,*,#8765,.F.);
#3571=CARTESIAN_POINT('',(-11.8618,6.2738,-4.0566772164236));
#3572=DIRECTION('',(-1.0,0.0,-0.0));
#3573=DIRECTION('',(0.0,0.0,-1.0));
#3574=ORIENTED_EDGE('',*,*,#8766,.F.);
#3575=ORIENTED_EDGE('',*,*,#8767,.F.);
#3576=ORIENTED_EDGE('',*,*,#8768,.F.);
#3577=ORIENTED_EDGE('',*,*,#8769,.T.);
#3578=CARTESIAN_POINT('',(-11.8618,6.2738,-4.0566772164236));
#3579=DIRECTION('',(-1.0,0.0,-0.0));
#3580=DIRECTION('',(0.0,0.0,-1.0));
#3581=ORIENTED_EDGE('',*,*,#8770,.F.);
#3582=ORIENTED_EDGE('',*,*,#8771,.T.);
#3583=ORIENTED_EDGE('',*,*,#8772,.T.);
#3584=ORIENTED_EDGE('',*,*,#8773,.F.);
#3585=CARTESIAN_POINT('',(-11.8618,4.8768,-1.5494));
#3586=DIRECTION('',(-1.0,0.0,-0.0));
#3587=DIRECTION('',(0.0,0.0,-1.0));
#3588=ORIENTED_EDGE('',*,*,#8774,.F.);
#3589=ORIENTED_EDGE('',*,*,#8775,.F.);
#3590=ORIENTED_EDGE('',*,*,#8776,.F.);
#3591=ORIENTED_EDGE('',*,*,#8777,.T.);
#3592=CARTESIAN_POINT('',(-14.4018,4.8768,-1.5494));
#3593=DIRECTION('',(-1.0,0.0,-0.0));
#3594=DIRECTION('',(0.0,0.0,-1.0));
#3595=ORIENTED_EDGE('',*,*,#8778,.F.);
#3596=ORIENTED_EDGE('',*,*,#8779,.T.);
#3597=ORIENTED_EDGE('',*,*,#8780,.T.);
#3598=ORIENTED_EDGE('',*,*,#8781,.F.);
#3599=CARTESIAN_POINT('',(-14.4018,6.2738,-4.0566772164236));
#3600=DIRECTION('',(-1.0,0.0,-0.0));
#3601=DIRECTION('',(0.0,0.0,-1.0));
#3602=ORIENTED_EDGE('',*,*,#8782,.F.);
#3603=ORIENTED_EDGE('',*,*,#8783,.F.);
#3604=ORIENTED_EDGE('',*,*,#8784,.F.);
#3605=ORIENTED_EDGE('',*,*,#8785,.T.);
#3606=CARTESIAN_POINT('',(-14.4018,6.2738,-4.0566772164236));
#3607=DIRECTION('',(-1.0,0.0,-0.0));
#3608=DIRECTION('',(0.0,0.0,-1.0));
#3609=ORIENTED_EDGE('',*,*,#8786,.F.);
#3610=ORIENTED_EDGE('',*,*,#8787,.T.);
#3611=ORIENTED_EDGE('',*,*,#8788,.T.);
#3612=ORIENTED_EDGE('',*,*,#8789,.F.);
#3613=CARTESIAN_POINT('',(-14.4018,4.8768,-1.5494));
#3614=DIRECTION('',(-1.0,0.0,-0.0));
#3615=DIRECTION('',(0.0,0.0,-1.0));
#3616=ORIENTED_EDGE('',*,*,#8790,.F.);
#3617=ORIENTED_EDGE('',*,*,#8791,.F.);
#3618=ORIENTED_EDGE('',*,*,#8792,.F.);
#3619=ORIENTED_EDGE('',*,*,#8793,.F.);
#3620=ORIENTED_EDGE('',*,*,#8794,.F.);
#3621=ORIENTED_EDGE('',*,*,#8795,.F.);
#3622=ORIENTED_EDGE('',*,*,#8796,.F.);
#3623=ORIENTED_EDGE('',*,*,#8797,.F.);
#3624=ORIENTED_EDGE('',*,*,#8798,.F.);
#3625=ORIENTED_EDGE('',*,*,#8799,.F.);
#3626=ORIENTED_EDGE('',*,*,#8800,.F.);
#3627=CARTESIAN_POINT('',(-15.1892,0.0,0.0));
#3628=DIRECTION('',(1.0,0.0,0.0));
#3629=DIRECTION('',(0.0,1.0,0.0));
#3630=ORIENTED_EDGE('',*,*,#8801,.T.);
#3631=ORIENTED_EDGE('',*,*,#8802,.F.);
#3632=ORIENTED_EDGE('',*,*,#8803,.F.);
#3633=ORIENTED_EDGE('',*,*,#8804,.T.);
#3634=CARTESIAN_POINT('',(-15.1892,0.0,0.0));
#3635=DIRECTION('',(0.0,-1.0,0.0));
#3636=DIRECTION('',(0.0,0.0,-1.0));
#3637=ORIENTED_EDGE('',*,*,#8805,.F.);
#3638=ORIENTED_EDGE('',*,*,#8800,.T.);
#3639=ORIENTED_EDGE('',*,*,#8806,.T.);
#3640=ORIENTED_EDGE('',*,*,#8807,.F.);
#3641=CARTESIAN_POINT('',(-15.1892,0.0,0.0));
#3642=DIRECTION('',(0.0,-1.0,0.0));
#3643=DIRECTION('',(0.0,0.0,-1.0));
#3644=ORIENTED_EDGE('',*,*,#8808,.T.);
#3645=ORIENTED_EDGE('',*,*,#8809,.T.);
#3646=ORIENTED_EDGE('',*,*,#8810,.F.);
#3647=ORIENTED_EDGE('',*,*,#8811,.F.);
#3648=ORIENTED_EDGE('',*,*,#8812,.F.);
#3649=ORIENTED_EDGE('',*,*,#8813,.F.);
#3650=ORIENTED_EDGE('',*,*,#8804,.F.);
#3651=CARTESIAN_POINT('',(14.4272,3.0988,0.0));
#3652=DIRECTION('',(1.0,0.0,0.0));
#3653=DIRECTION('',(0.0,1.0,0.0));
#3654=ORIENTED_EDGE('',*,*,#8814,.T.);
#3655=ORIENTED_EDGE('',*,*,#8815,.F.);
#3656=ORIENTED_EDGE('',*,*,#8801,.F.);
#3657=ORIENTED_EDGE('',*,*,#8813,.T.);
#3658=CARTESIAN_POINT('',(-15.1892,-2.02431432419231,-0.889));
#3659=DIRECTION('',(-1.0,0.0,-0.0));
#3660=DIRECTION('',(0.0,0.0,-1.0));
#3661=ORIENTED_EDGE('',*,*,#8806,.F.);
#3662=ORIENTED_EDGE('',*,*,#8799,.T.);
#3663=ORIENTED_EDGE('',*,*,#8816,.T.);
#3664=ORIENTED_EDGE('',*,*,#8817,.F.);
#3665=CARTESIAN_POINT('',(-15.1892,-2.02431432419231,-0.889));
#3666=DIRECTION('',(-1.0,0.0,-0.0));
#3667=DIRECTION('',(0.0,0.0,-1.0));
#3668=ORIENTED_EDGE('',*,*,#8815,.T.);
#3669=ORIENTED_EDGE('',*,*,#8818,.T.);
#3670=ORIENTED_EDGE('',*,*,#8819,.T.);
#3671=ORIENTED_EDGE('',*,*,#8820,.T.);
#3672=ORIENTED_EDGE('',*,*,#8821,.T.);
#3673=ORIENTED_EDGE('',*,*,#8822,.T.);
#3674=ORIENTED_EDGE('',*,*,#8823,.T.);
#3675=ORIENTED_EDGE('',*,*,#8824,.T.);
#3676=ORIENTED_EDGE('',*,*,#8825,.T.);
#3677=ORIENTED_EDGE('',*,*,#8826,.T.);
#3678=ORIENTED_EDGE('',*,*,#8802,.T.);
#3679=CARTESIAN_POINT('',(15.1892,0.0,0.0));
#3680=DIRECTION('',(1.0,0.0,0.0));
#3681=DIRECTION('',(0.0,1.0,0.0));
#3682=ORIENTED_EDGE('',*,*,#8808,.F.);
#3683=ORIENTED_EDGE('',*,*,#8803,.T.);
#3684=ORIENTED_EDGE('',*,*,#8826,.F.);
#3685=ORIENTED_EDGE('',*,*,#8827,.F.);
#3686=ORIENTED_EDGE('',*,*,#8790,.T.);
#3687=ORIENTED_EDGE('',*,*,#8805,.T.);
#3688=ORIENTED_EDGE('',*,*,#8828,.T.);
#3689=ORIENTED_EDGE('',*,*,#8829,.T.);
#3690=ORIENTED_EDGE('',*,*,#8830,.F.);
#3691=ORIENTED_EDGE('',*,*,#8831,.F.);
#3692=ORIENTED_EDGE('',*,*,#8832,.F.);
#3693=ORIENTED_EDGE('',*,*,#8833,.F.);
#3694=ORIENTED_EDGE('',*,*,#8834,.F.);
#3695=ORIENTED_EDGE('',*,*,#8835,.F.);
#3696=ORIENTED_EDGE('',*,*,#8836,.F.);
#3697=ORIENTED_EDGE('',*,*,#8837,.F.);
#3698=ORIENTED_EDGE('',*,*,#8838,.F.);
#3699=ORIENTED_EDGE('',*,*,#8839,.F.);
#3700=ORIENTED_EDGE('',*,*,#8840,.F.);
#3701=ORIENTED_EDGE('',*,*,#8841,.F.);
#3702=ORIENTED_EDGE('',*,*,#8842,.F.);
#3703=ORIENTED_EDGE('',*,*,#8843,.F.);
#3704=ORIENTED_EDGE('',*,*,#8844,.F.);
#3705=ORIENTED_EDGE('',*,*,#8845,.F.);
#3706=ORIENTED_EDGE('',*,*,#8846,.F.);
#3707=ORIENTED_EDGE('',*,*,#8847,.F.);
#3708=ORIENTED_EDGE('',*,*,#8848,.F.);
#3709=ORIENTED_EDGE('',*,*,#8849,.F.);
#3710=ORIENTED_EDGE('',*,*,#8850,.F.);
#3711=ORIENTED_EDGE('',*,*,#8851,.F.);
#3712=ORIENTED_EDGE('',*,*,#8852,.F.);
#3713=ORIENTED_EDGE('',*,*,#8853,.F.);
#3714=ORIENTED_EDGE('',*,*,#8854,.F.);
#3715=ORIENTED_EDGE('',*,*,#8855,.F.);
#3716=ORIENTED_EDGE('',*,*,#8856,.F.);
#3717=ORIENTED_EDGE('',*,*,#8857,.F.);
#3718=ORIENTED_EDGE('',*,*,#8858,.F.);
#3719=ORIENTED_EDGE('',*,*,#8859,.F.);
#3720=ORIENTED_EDGE('',*,*,#8860,.F.);
#3721=ORIENTED_EDGE('',*,*,#8861,.F.);
#3722=ORIENTED_EDGE('',*,*,#8862,.F.);
#3723=ORIENTED_EDGE('',*,*,#8863,.F.);
#3724=ORIENTED_EDGE('',*,*,#8864,.F.);
#3725=ORIENTED_EDGE('',*,*,#8865,.F.);
#3726=ORIENTED_EDGE('',*,*,#8866,.F.);
#3727=ORIENTED_EDGE('',*,*,#8867,.F.);
#3728=ORIENTED_EDGE('',*,*,#8868,.F.);
#3729=ORIENTED_EDGE('',*,*,#8869,.F.);
#3730=ORIENTED_EDGE('',*,*,#8870,.F.);
#3731=ORIENTED_EDGE('',*,*,#8871,.F.);
#3732=ORIENTED_EDGE('',*,*,#8872,.F.);
#3733=ORIENTED_EDGE('',*,*,#8873,.F.);
#3734=ORIENTED_EDGE('',*,*,#8874,.F.);
#3735=ORIENTED_EDGE('',*,*,#8875,.F.);
#3736=ORIENTED_EDGE('',*,*,#8876,.F.);
#3737=ORIENTED_EDGE('',*,*,#8877,.F.);
#3738=CARTESIAN_POINT('',(-15.1892,7.7978,0.0));
#3739=DIRECTION('',(0.0,0.0,1.0));
#3740=DIRECTION('',(1.0,0.0,0.0));
#3741=ORIENTED_EDGE('',*,*,#8878,.T.);
#3742=ORIENTED_EDGE('',*,*,#8879,.T.);
#3743=ORIENTED_EDGE('',*,*,#8880,.T.);
#3744=ORIENTED_EDGE('',*,*,#8821,.F.);
#3745=ORIENTED_EDGE('',*,*,#8881,.F.);
#3746=ORIENTED_EDGE('',*,*,#8809,.F.);
#3747=ORIENTED_EDGE('',*,*,#8829,.F.);
#3748=ORIENTED_EDGE('',*,*,#8882,.T.);
#3749=ORIENTED_EDGE('',*,*,#8883,.F.);
#3750=ORIENTED_EDGE('',*,*,#8795,.T.);
#3751=ORIENTED_EDGE('',*,*,#8884,.T.);
#3752=ORIENTED_EDGE('',*,*,#8885,.T.);
#3753=ORIENTED_EDGE('',*,*,#8886,.T.);
#3754=ORIENTED_EDGE('',*,*,#8887,.T.);
#3755=ORIENTED_EDGE('',*,*,#8888,.T.);
#3756=ORIENTED_EDGE('',*,*,#8889,.T.);
#3757=ORIENTED_EDGE('',*,*,#8890,.T.);
#3758=ORIENTED_EDGE('',*,*,#8891,.T.);
#3759=ORIENTED_EDGE('',*,*,#8892,.T.);
#3760=ORIENTED_EDGE('',*,*,#8893,.T.);
#3761=ORIENTED_EDGE('',*,*,#8894,.T.);
#3762=ORIENTED_EDGE('',*,*,#8895,.T.);
#3763=ORIENTED_EDGE('',*,*,#8896,.T.);
#3764=ORIENTED_EDGE('',*,*,#8897,.T.);
#3765=ORIENTED_EDGE('',*,*,#8898,.T.);
#3766=ORIENTED_EDGE('',*,*,#8899,.T.);
#3767=ORIENTED_EDGE('',*,*,#8900,.T.);
#3768=ORIENTED_EDGE('',*,*,#8901,.T.);
#3769=ORIENTED_EDGE('',*,*,#8902,.T.);
#3770=ORIENTED_EDGE('',*,*,#8903,.T.);
#3771=ORIENTED_EDGE('',*,*,#8904,.T.);
#3772=ORIENTED_EDGE('',*,*,#8905,.T.);
#3773=ORIENTED_EDGE('',*,*,#8906,.T.);
#3774=ORIENTED_EDGE('',*,*,#8907,.T.);
#3775=ORIENTED_EDGE('',*,*,#8908,.T.);
#3776=ORIENTED_EDGE('',*,*,#8909,.T.);
#3777=ORIENTED_EDGE('',*,*,#8910,.T.);
#3778=ORIENTED_EDGE('',*,*,#8911,.T.);
#3779=ORIENTED_EDGE('',*,*,#8912,.T.);
#3780=ORIENTED_EDGE('',*,*,#8913,.T.);
#3781=ORIENTED_EDGE('',*,*,#8914,.T.);
#3782=ORIENTED_EDGE('',*,*,#8915,.T.);
#3783=ORIENTED_EDGE('',*,*,#8916,.T.);
#3784=ORIENTED_EDGE('',*,*,#8917,.T.);
#3785=ORIENTED_EDGE('',*,*,#8918,.T.);
#3786=ORIENTED_EDGE('',*,*,#8919,.T.);
#3787=ORIENTED_EDGE('',*,*,#8920,.T.);
#3788=ORIENTED_EDGE('',*,*,#8921,.T.);
#3789=ORIENTED_EDGE('',*,*,#8922,.T.);
#3790=ORIENTED_EDGE('',*,*,#8923,.T.);
#3791=ORIENTED_EDGE('',*,*,#8924,.T.);
#3792=ORIENTED_EDGE('',*,*,#8925,.T.);
#3793=ORIENTED_EDGE('',*,*,#8926,.T.);
#3794=ORIENTED_EDGE('',*,*,#8927,.T.);
#3795=ORIENTED_EDGE('',*,*,#8928,.T.);
#3796=ORIENTED_EDGE('',*,*,#8929,.T.);
#3797=ORIENTED_EDGE('',*,*,#8930,.F.);
#3798=ORIENTED_EDGE('',*,*,#8931,.F.);
#3799=ORIENTED_EDGE('',*,*,#8932,.F.);
#3800=ORIENTED_EDGE('',*,*,#8933,.F.);
#3801=ORIENTED_EDGE('',*,*,#8934,.F.);
#3802=ORIENTED_EDGE('',*,*,#8935,.F.);
#3803=ORIENTED_EDGE('',*,*,#8936,.F.);
#3804=ORIENTED_EDGE('',*,*,#8937,.F.);
#3805=ORIENTED_EDGE('',*,*,#8938,.F.);
#3806=ORIENTED_EDGE('',*,*,#8939,.F.);
#3807=ORIENTED_EDGE('',*,*,#8940,.F.);
#3808=ORIENTED_EDGE('',*,*,#8941,.F.);
#3809=ORIENTED_EDGE('',*,*,#8942,.F.);
#3810=ORIENTED_EDGE('',*,*,#8943,.F.);
#3811=ORIENTED_EDGE('',*,*,#8944,.F.);
#3812=ORIENTED_EDGE('',*,*,#8945,.F.);
#3813=ORIENTED_EDGE('',*,*,#8946,.F.);
#3814=ORIENTED_EDGE('',*,*,#8947,.F.);
#3815=ORIENTED_EDGE('',*,*,#8948,.F.);
#3816=ORIENTED_EDGE('',*,*,#8949,.F.);
#3817=ORIENTED_EDGE('',*,*,#8950,.F.);
#3818=ORIENTED_EDGE('',*,*,#8951,.F.);
#3819=ORIENTED_EDGE('',*,*,#8952,.F.);
#3820=ORIENTED_EDGE('',*,*,#8953,.F.);
#3821=ORIENTED_EDGE('',*,*,#8954,.F.);
#3822=ORIENTED_EDGE('',*,*,#8955,.F.);
#3823=ORIENTED_EDGE('',*,*,#8956,.F.);
#3824=ORIENTED_EDGE('',*,*,#8957,.F.);
#3825=ORIENTED_EDGE('',*,*,#8958,.F.);
#3826=ORIENTED_EDGE('',*,*,#8959,.F.);
#3827=ORIENTED_EDGE('',*,*,#8960,.F.);
#3828=ORIENTED_EDGE('',*,*,#8961,.F.);
#3829=ORIENTED_EDGE('',*,*,#8962,.F.);
#3830=ORIENTED_EDGE('',*,*,#8963,.F.);
#3831=ORIENTED_EDGE('',*,*,#8964,.F.);
#3832=ORIENTED_EDGE('',*,*,#8965,.F.);
#3833=ORIENTED_EDGE('',*,*,#8966,.F.);
#3834=ORIENTED_EDGE('',*,*,#8967,.F.);
#3835=ORIENTED_EDGE('',*,*,#8968,.F.);
#3836=ORIENTED_EDGE('',*,*,#8969,.F.);
#3837=ORIENTED_EDGE('',*,*,#8970,.F.);
#3838=ORIENTED_EDGE('',*,*,#8971,.F.);
#3839=ORIENTED_EDGE('',*,*,#8972,.F.);
#3840=ORIENTED_EDGE('',*,*,#8973,.F.);
#3841=ORIENTED_EDGE('',*,*,#8974,.F.);
#3842=ORIENTED_EDGE('',*,*,#8975,.T.);
#3843=ORIENTED_EDGE('',*,*,#8976,.F.);
#3844=ORIENTED_EDGE('',*,*,#8977,.F.);
#3845=CARTESIAN_POINT('',(-15.1892,3.0988,-1.778));
#3846=DIRECTION('',(0.0,-1.0,0.0));
#3847=DIRECTION('',(0.0,0.0,-1.0));
#3848=ORIENTED_EDGE('',*,*,#8978,.F.);
#3849=ORIENTED_EDGE('',*,*,#8977,.T.);
#3850=ORIENTED_EDGE('',*,*,#8979,.T.);
#3851=ORIENTED_EDGE('',*,*,#8980,.F.);
#3852=CARTESIAN_POINT('',(-14.3383,3.0988,-1.7653));
#3853=DIRECTION('',(-1.0,0.0,0.0));
#3854=DIRECTION('',(0.0,0.0,1.0));
#3855=ORIENTED_EDGE('',*,*,#8981,.T.);
#3856=ORIENTED_EDGE('',*,*,#8982,.T.);
#3857=ORIENTED_EDGE('',*,*,#8983,.F.);
#3858=ORIENTED_EDGE('',*,*,#8980,.T.);
#3859=ORIENTED_EDGE('',*,*,#8984,.F.);
#3860=ORIENTED_EDGE('',*,*,#8985,.F.);
#3861=ORIENTED_EDGE('',*,*,#8986,.T.);
#3862=ORIENTED_EDGE('',*,*,#8987,.T.);
#3863=CARTESIAN_POINT('',(-14.4018,4.1148,-1.5494));
#3864=DIRECTION('',(0.0,-1.0,0.0));
#3865=DIRECTION('',(0.0,0.0,-1.0));
#3866=ORIENTED_EDGE('',*,*,#8988,.T.);
#3867=ORIENTED_EDGE('',*,*,#8989,.T.);
#3868=ORIENTED_EDGE('',*,*,#8990,.T.);
#3869=ORIENTED_EDGE('',*,*,#8991,.F.);
#3870=CARTESIAN_POINT('',(-14.4018,4.1148,-1.5494));
#3871=DIRECTION('',(0.0,-1.0,0.0));
#3872=DIRECTION('',(0.0,0.0,-1.0));
#3873=ORIENTED_EDGE('',*,*,#8992,.F.);
#3874=ORIENTED_EDGE('',*,*,#8974,.T.);
#3875=ORIENTED_EDGE('',*,*,#8978,.T.);
#3876=ORIENTED_EDGE('',*,*,#8983,.T.);
#3877=CARTESIAN_POINT('',(-13.6017,3.0988,-1.7653));
#3878=DIRECTION('',(0.0,0.0,1.0));
#3879=DIRECTION('',(1.0,0.0,0.0));
#3880=ORIENTED_EDGE('',*,*,#8993,.F.);
#3881=ORIENTED_EDGE('',*,*,#8975,.F.);
#3882=ORIENTED_EDGE('',*,*,#8992,.T.);
#3883=ORIENTED_EDGE('',*,*,#8982,.F.);
#3884=CARTESIAN_POINT('',(-13.6017,3.0988,-4.3053));
#3885=DIRECTION('',(1.0,0.0,0.0));
#3886=DIRECTION('',(0.0,1.0,0.0));
#3887=ORIENTED_EDGE('',*,*,#8979,.F.);
#3888=ORIENTED_EDGE('',*,*,#8976,.T.);
#3889=ORIENTED_EDGE('',*,*,#8993,.T.);
#3890=ORIENTED_EDGE('',*,*,#8981,.F.);
#3891=CARTESIAN_POINT('',(-14.3383,3.0988,-4.3053));
#3892=DIRECTION('',(0.0,0.0,-1.0));
#3893=DIRECTION('',(0.0,-1.0,0.0));
#3894=ORIENTED_EDGE('',*,*,#8994,.T.);
#3895=ORIENTED_EDGE('',*,*,#8995,.T.);
#3896=ORIENTED_EDGE('',*,*,#8996,.T.);
#3897=ORIENTED_EDGE('',*,*,#8997,.T.);
#3898=ORIENTED_EDGE('',*,*,#8789,.T.);
#3899=ORIENTED_EDGE('',*,*,#8998,.T.);
#3900=ORIENTED_EDGE('',*,*,#8783,.T.);
#3901=ORIENTED_EDGE('',*,*,#8999,.T.);
#3902=ORIENTED_EDGE('',*,*,#9000,.T.);
#3903=ORIENTED_EDGE('',*,*,#9001,.T.);
#3904=ORIENTED_EDGE('',*,*,#9002,.T.);
#3905=ORIENTED_EDGE('',*,*,#9003,.T.);
#3906=ORIENTED_EDGE('',*,*,#9004,.T.);
#3907=ORIENTED_EDGE('',*,*,#9005,.T.);
#3908=ORIENTED_EDGE('',*,*,#9006,.T.);
#3909=ORIENTED_EDGE('',*,*,#9007,.T.);
#3910=ORIENTED_EDGE('',*,*,#8781,.T.);
#3911=ORIENTED_EDGE('',*,*,#9008,.T.);
#3912=ORIENTED_EDGE('',*,*,#8775,.T.);
#3913=ORIENTED_EDGE('',*,*,#9009,.T.);
#3914=ORIENTED_EDGE('',*,*,#9010,.T.);
#3915=ORIENTED_EDGE('',*,*,#8991,.T.);
#3916=ORIENTED_EDGE('',*,*,#9011,.T.);
#3917=ORIENTED_EDGE('',*,*,#9012,.T.);
#3918=ORIENTED_EDGE('',*,*,#9013,.T.);
#3919=CARTESIAN_POINT('',(-13.5382,0.0,0.0));
#3920=DIRECTION('',(1.0,0.0,0.0));
#3921=DIRECTION('',(0.0,1.0,0.0));
#3922=ORIENTED_EDGE('',*,*,#9013,.F.);
#3923=ORIENTED_EDGE('',*,*,#9014,.F.);
#3924=ORIENTED_EDGE('',*,*,#9015,.T.);
#3925=ORIENTED_EDGE('',*,*,#9016,.F.);
#3926=CARTESIAN_POINT('',(-13.6271,0.0777793167928714,-7.112));
#3927=DIRECTION('',(0.965925826289076,-0.258819045102493,0.0));
#3928=DIRECTION('',(0.0,0.0,-1.0));
#3929=ORIENTED_EDGE('',*,*,#9017,.T.);
#3930=ORIENTED_EDGE('',*,*,#9018,.T.);
#3931=ORIENTED_EDGE('',*,*,#8994,.F.);
#3932=ORIENTED_EDGE('',*,*,#9016,.T.);
#3933=ORIENTED_EDGE('',*,*,#9019,.F.);
#3934=ORIENTED_EDGE('',*,*,#9020,.T.);
#3935=CARTESIAN_POINT('',(-14.4018,-0.254,-7.2136));
#3936=DIRECTION('',(0.0,0.0,-1.0));
#3937=DIRECTION('',(0.0,-1.0,0.0));
#3938=ORIENTED_EDGE('',*,*,#9021,.F.);
#3939=ORIENTED_EDGE('',*,*,#9020,.F.);
#3940=ORIENTED_EDGE('',*,*,#9022,.T.);
#3941=ORIENTED_EDGE('',*,*,#9023,.F.);
#3942=CARTESIAN_POINT('',(-14.3129,0.0777793167928714,-7.112));
#3943=DIRECTION('',(-0.965925826289076,-0.258819045102493,0.0));
#3944=DIRECTION('',(-0.258819045102493,0.965925826289076,0.0));
#3945=ORIENTED_EDGE('',*,*,#9024,.T.);
#3946=ORIENTED_EDGE('',*,*,#9014,.T.);
#3947=ORIENTED_EDGE('',*,*,#9012,.F.);
#3948=ORIENTED_EDGE('',*,*,#9025,.F.);
#3949=ORIENTED_EDGE('',*,*,#9026,.T.);
#3950=ORIENTED_EDGE('',*,*,#9023,.T.);
#3951=CARTESIAN_POINT('',(-14.4018,3.6068,-7.0104));
#3952=DIRECTION('',(0.0,0.0,1.0));
#3953=DIRECTION('',(1.0,0.0,0.0));
#3954=ORIENTED_EDGE('',*,*,#9026,.F.);
#3955=ORIENTED_EDGE('',*,*,#9027,.F.);
#3956=ORIENTED_EDGE('',*,*,#8989,.F.);
#3957=ORIENTED_EDGE('',*,*,#9028,.T.);
#3958=ORIENTED_EDGE('',*,*,#9029,.F.);
#3959=ORIENTED_EDGE('',*,*,#8777,.F.);
#3960=ORIENTED_EDGE('',*,*,#9030,.F.);
#3961=ORIENTED_EDGE('',*,*,#8779,.F.);
#3962=ORIENTED_EDGE('',*,*,#9031,.F.);
#3963=ORIENTED_EDGE('',*,*,#9032,.F.);
#3964=ORIENTED_EDGE('',*,*,#9033,.F.);
#3965=ORIENTED_EDGE('',*,*,#9034,.F.);
#3966=ORIENTED_EDGE('',*,*,#9035,.F.);
#3967=ORIENTED_EDGE('',*,*,#9036,.F.);
#3968=ORIENTED_EDGE('',*,*,#9037,.F.);
#3969=ORIENTED_EDGE('',*,*,#9038,.F.);
#3970=ORIENTED_EDGE('',*,*,#9039,.F.);
#3971=ORIENTED_EDGE('',*,*,#8785,.F.);
#3972=ORIENTED_EDGE('',*,*,#9040,.F.);
#3973=ORIENTED_EDGE('',*,*,#8787,.F.);
#3974=ORIENTED_EDGE('',*,*,#9041,.F.);
#3975=ORIENTED_EDGE('',*,*,#9042,.F.);
#3976=ORIENTED_EDGE('',*,*,#9043,.F.);
#3977=ORIENTED_EDGE('',*,*,#9017,.F.);
#3978=ORIENTED_EDGE('',*,*,#9021,.T.);
#3979=CARTESIAN_POINT('',(-14.4018,0.0,0.0));
#3980=DIRECTION('',(1.0,0.0,0.0));
#3981=DIRECTION('',(0.0,1.0,0.0));
#3982=ORIENTED_EDGE('',*,*,#9044,.T.);
#3983=ORIENTED_EDGE('',*,*,#8995,.F.);
#3984=ORIENTED_EDGE('',*,*,#9018,.F.);
#3985=ORIENTED_EDGE('',*,*,#9043,.T.);
#3986=CARTESIAN_POINT('',(-14.4018,3.6068,-6.5024));
#3987=DIRECTION('',(-1.0,0.0,-0.0));
#3988=DIRECTION('',(0.0,0.0,-1.0));
#3989=ORIENTED_EDGE('',*,*,#9045,.T.);
#3990=ORIENTED_EDGE('',*,*,#8996,.F.);
#3991=ORIENTED_EDGE('',*,*,#9044,.F.);
#3992=ORIENTED_EDGE('',*,*,#9042,.T.);
#3993=CARTESIAN_POINT('',(-14.4018,4.318,-6.5024));
#3994=DIRECTION('',(-0.0,1.0,0.0));
#3995=DIRECTION('',(1.0,0.0,0.0));
#3996=ORIENTED_EDGE('',*,*,#8786,.T.);
#3997=ORIENTED_EDGE('',*,*,#8997,.F.);
#3998=ORIENTED_EDGE('',*,*,#9045,.F.);
#3999=ORIENTED_EDGE('',*,*,#9041,.T.);
#4000=CARTESIAN_POINT('',(-14.4018,4.8768,-1.5494));
#4001=DIRECTION('',(-1.0,0.0,-0.0));
#4002=DIRECTION('',(0.0,0.0,-1.0));
#4003=ORIENTED_EDGE('',*,*,#8784,.T.);
#4004=ORIENTED_EDGE('',*,*,#8998,.F.);
#4005=ORIENTED_EDGE('',*,*,#8788,.F.);
#4006=ORIENTED_EDGE('',*,*,#9040,.T.);
#4007=CARTESIAN_POINT('',(-14.4018,5.36494246691352,-1.27741769911504));
#4008=DIRECTION('',(0.0,-0.873554879947121,-0.486725663716812));
#4009=DIRECTION('',(0.0,0.486725663716812,-0.873554879947121));
#4010=ORIENTED_EDGE('',*,*,#8782,.T.);
#4011=ORIENTED_EDGE('',*,*,#9039,.T.);
#4012=ORIENTED_EDGE('',*,*,#9046,.T.);
#4013=ORIENTED_EDGE('',*,*,#8999,.F.);
#4014=CARTESIAN_POINT('',(-14.4018,6.2738,-4.0566772164236));
#4015=DIRECTION('',(-1.0,0.0,-0.0));
#4016=DIRECTION('',(0.0,0.0,-1.0));
#4017=ORIENTED_EDGE('',*,*,#9047,.T.);
#4018=ORIENTED_EDGE('',*,*,#9000,.F.);
#4019=ORIENTED_EDGE('',*,*,#9046,.F.);
#4020=ORIENTED_EDGE('',*,*,#9038,.T.);
#4021=CARTESIAN_POINT('',(-14.4018,5.89988981716654,-4.4719465449003));
#4022=DIRECTION('',(0.0,0.669130606358878,0.743144825477376));
#4023=DIRECTION('',(1.0,-0.0,0.0));
#4024=ORIENTED_EDGE('',*,*,#9048,.T.);
#4025=ORIENTED_EDGE('',*,*,#9001,.F.);
#4026=ORIENTED_EDGE('',*,*,#9047,.F.);
#4027=ORIENTED_EDGE('',*,*,#9037,.T.);
#4028=CARTESIAN_POINT('',(-14.4018,5.3848,-3.25621802104344));
#4029=DIRECTION('',(-1.0,0.0,-0.0));
#4030=DIRECTION('',(0.0,0.0,-1.0));
#4031=ORIENTED_EDGE('',*,*,#9049,.T.);
#4032=ORIENTED_EDGE('',*,*,#9002,.F.);
#4033=ORIENTED_EDGE('',*,*,#9048,.F.);
#4034=ORIENTED_EDGE('',*,*,#9036,.T.);
#4035=CARTESIAN_POINT('',(-14.4018,4.9695306715233,-2.88230783820998));
#4036=DIRECTION('',(0.0,0.743144825477376,-0.669130606358878));
#4037=DIRECTION('',(-1.0,0.0,0.0));
#4038=ORIENTED_EDGE('',*,*,#9050,.T.);
#4039=ORIENTED_EDGE('',*,*,#9003,.F.);
#4040=ORIENTED_EDGE('',*,*,#9049,.F.);
#4041=ORIENTED_EDGE('',*,*,#9035,.T.);
#4042=CARTESIAN_POINT('',(-14.4018,5.05451025853102,-2.78792844537402));
#4043=DIRECTION('',(0.0,0.669130606358878,0.743144825477376));
#4044=DIRECTION('',(1.0,-0.0,0.0));
#4045=ORIENTED_EDGE('',*,*,#9051,.T.);
#4046=ORIENTED_EDGE('',*,*,#9004,.F.);
#4047=ORIENTED_EDGE('',*,*,#9050,.F.);
#4048=ORIENTED_EDGE('',*,*,#9034,.T.);
#4049=CARTESIAN_POINT('',(-14.4018,4.9035032299945,-2.65196110616116));
#4050=DIRECTION('',(0.0,-0.743144825477376,0.669130606358878));
#4051=DIRECTION('',(-1.0,0.0,0.0));
#4052=ORIENTED_EDGE('',*,*,#9052,.T.);
#4053=ORIENTED_EDGE('',*,*,#9005,.F.);
#4054=ORIENTED_EDGE('',*,*,#9051,.F.);
#4055=ORIENTED_EDGE('',*,*,#9033,.T.);
#4056=CARTESIAN_POINT('',(-14.4018,5.3848,-3.25621802104344));
#4057=DIRECTION('',(-1.0,0.0,-0.0));
#4058=DIRECTION('',(0.0,0.0,-1.0));
#4059=ORIENTED_EDGE('',*,*,#9053,.T.);
#4060=ORIENTED_EDGE('',*,*,#9006,.F.);
#4061=ORIENTED_EDGE('',*,*,#9052,.F.);
#4062=ORIENTED_EDGE('',*,*,#9032,.T.);
#4063=CARTESIAN_POINT('',(-14.4018,4.87492247795368,-3.82249437805666));
#4064=DIRECTION('',(0.0,-0.669130606358878,-0.743144825477376));
#4065=DIRECTION('',(0.0,-0.743144825477376,0.669130606358878));
#4066=ORIENTED_EDGE('',*,*,#8778,.T.);
#4067=ORIENTED_EDGE('',*,*,#9007,.F.);
#4068=ORIENTED_EDGE('',*,*,#9053,.F.);
#4069=ORIENTED_EDGE('',*,*,#9031,.T.);
#4070=CARTESIAN_POINT('',(-14.4018,6.2738,-4.0566772164236));
#4071=DIRECTION('',(-1.0,0.0,-0.0));
#4072=DIRECTION('',(0.0,0.0,-1.0));
#4073=ORIENTED_EDGE('',*,*,#8776,.T.);
#4074=ORIENTED_EDGE('',*,*,#9008,.F.);
#4075=ORIENTED_EDGE('',*,*,#8780,.F.);
#4076=ORIENTED_EDGE('',*,*,#9030,.T.);
#4077=CARTESIAN_POINT('',(-14.4018,6.93944881851936,-3.6857922606715));
#4078=DIRECTION('',(0.0,0.873554879947121,0.486725663716812));
#4079=DIRECTION('',(1.0,0.0,-0.0));
#4080=ORIENTED_EDGE('',*,*,#8774,.T.);
#4081=ORIENTED_EDGE('',*,*,#9029,.T.);
#4082=ORIENTED_EDGE('',*,*,#9054,.T.);
#4083=ORIENTED_EDGE('',*,*,#9009,.F.);
#4084=CARTESIAN_POINT('',(-14.4018,4.8768,-1.5494));
#4085=DIRECTION('',(-1.0,0.0,-0.0));
#4086=DIRECTION('',(0.0,0.0,-1.0));
#4087=ORIENTED_EDGE('',*,*,#9055,.T.);
#4088=ORIENTED_EDGE('',*,*,#9056,.T.);
#4089=ORIENTED_EDGE('',*,*,#9057,.F.);
#4090=ORIENTED_EDGE('',*,*,#9058,.T.);
#4091=ORIENTED_EDGE('',*,*,#9059,.T.);
#4092=ORIENTED_EDGE('',*,*,#9060,.F.);
#4093=ORIENTED_EDGE('',*,*,#9061,.F.);
#4094=ORIENTED_EDGE('',*,*,#9062,.T.);
#4095=ORIENTED_EDGE('',*,*,#9063,.T.);
#4096=ORIENTED_EDGE('',*,*,#9064,.T.);
#4097=ORIENTED_EDGE('',*,*,#9065,.F.);
#4098=ORIENTED_EDGE('',*,*,#9066,.T.);
#4099=ORIENTED_EDGE('',*,*,#9067,.T.);
#4100=ORIENTED_EDGE('',*,*,#9068,.F.);
#4101=ORIENTED_EDGE('',*,*,#9069,.F.);
#4102=ORIENTED_EDGE('',*,*,#9070,.T.);
#4103=ORIENTED_EDGE('',*,*,#9071,.T.);
#4104=ORIENTED_EDGE('',*,*,#9072,.T.);
#4105=ORIENTED_EDGE('',*,*,#9073,.F.);
#4106=ORIENTED_EDGE('',*,*,#9074,.T.);
#4107=ORIENTED_EDGE('',*,*,#9075,.T.);
#4108=ORIENTED_EDGE('',*,*,#9076,.F.);
#4109=ORIENTED_EDGE('',*,*,#9077,.F.);
#4110=ORIENTED_EDGE('',*,*,#9078,.T.);
#4111=ORIENTED_EDGE('',*,*,#9079,.T.);
#4112=ORIENTED_EDGE('',*,*,#9080,.T.);
#4113=ORIENTED_EDGE('',*,*,#9081,.F.);
#4114=ORIENTED_EDGE('',*,*,#9082,.T.);
#4115=ORIENTED_EDGE('',*,*,#9083,.T.);
#4116=ORIENTED_EDGE('',*,*,#9084,.F.);
#4117=ORIENTED_EDGE('',*,*,#9085,.F.);
#4118=ORIENTED_EDGE('',*,*,#9086,.T.);
#4119=ORIENTED_EDGE('',*,*,#9087,.T.);
#4120=ORIENTED_EDGE('',*,*,#9088,.T.);
#4121=ORIENTED_EDGE('',*,*,#9089,.F.);
#4122=ORIENTED_EDGE('',*,*,#9090,.T.);
#4123=ORIENTED_EDGE('',*,*,#9091,.T.);
#4124=ORIENTED_EDGE('',*,*,#9092,.F.);
#4125=ORIENTED_EDGE('',*,*,#9093,.F.);
#4126=ORIENTED_EDGE('',*,*,#9094,.T.);
#4127=ORIENTED_EDGE('',*,*,#9095,.T.);
#4128=ORIENTED_EDGE('',*,*,#9096,.T.);
#4129=ORIENTED_EDGE('',*,*,#9097,.F.);
#4130=ORIENTED_EDGE('',*,*,#9098,.T.);
#4131=ORIENTED_EDGE('',*,*,#9099,.T.);
#4132=ORIENTED_EDGE('',*,*,#9100,.F.);
#4133=ORIENTED_EDGE('',*,*,#9101,.F.);
#4134=ORIENTED_EDGE('',*,*,#9102,.T.);
#4135=ORIENTED_EDGE('',*,*,#9103,.T.);
#4136=ORIENTED_EDGE('',*,*,#9104,.T.);
#4137=ORIENTED_EDGE('',*,*,#9105,.F.);
#4138=ORIENTED_EDGE('',*,*,#9106,.T.);
#4139=ORIENTED_EDGE('',*,*,#9107,.T.);
#4140=ORIENTED_EDGE('',*,*,#9108,.F.);
#4141=ORIENTED_EDGE('',*,*,#9109,.F.);
#4142=ORIENTED_EDGE('',*,*,#9110,.T.);
#4143=ORIENTED_EDGE('',*,*,#9111,.T.);
#4144=ORIENTED_EDGE('',*,*,#9112,.T.);
#4145=ORIENTED_EDGE('',*,*,#9113,.F.);
#4146=ORIENTED_EDGE('',*,*,#9114,.T.);
#4147=ORIENTED_EDGE('',*,*,#9115,.T.);
#4148=ORIENTED_EDGE('',*,*,#9116,.F.);
#4149=ORIENTED_EDGE('',*,*,#9117,.F.);
#4150=ORIENTED_EDGE('',*,*,#9118,.T.);
#4151=ORIENTED_EDGE('',*,*,#9119,.T.);
#4152=ORIENTED_EDGE('',*,*,#9120,.T.);
#4153=ORIENTED_EDGE('',*,*,#9121,.F.);
#4154=ORIENTED_EDGE('',*,*,#9122,.T.);
#4155=ORIENTED_EDGE('',*,*,#9123,.T.);
#4156=ORIENTED_EDGE('',*,*,#9124,.F.);
#4157=ORIENTED_EDGE('',*,*,#9125,.F.);
#4158=ORIENTED_EDGE('',*,*,#9126,.T.);
#4159=ORIENTED_EDGE('',*,*,#9127,.T.);
#4160=ORIENTED_EDGE('',*,*,#9128,.T.);
#4161=ORIENTED_EDGE('',*,*,#9129,.F.);
#4162=ORIENTED_EDGE('',*,*,#9130,.T.);
#4163=ORIENTED_EDGE('',*,*,#9131,.T.);
#4164=ORIENTED_EDGE('',*,*,#9132,.F.);
#4165=ORIENTED_EDGE('',*,*,#9133,.F.);
#4166=ORIENTED_EDGE('',*,*,#9134,.T.);
#4167=ORIENTED_EDGE('',*,*,#9135,.T.);
#4168=ORIENTED_EDGE('',*,*,#9136,.T.);
#4169=ORIENTED_EDGE('',*,*,#9137,.F.);
#4170=ORIENTED_EDGE('',*,*,#9138,.T.);
#4171=ORIENTED_EDGE('',*,*,#9139,.T.);
#4172=ORIENTED_EDGE('',*,*,#9010,.F.);
#4173=ORIENTED_EDGE('',*,*,#9054,.F.);
#4174=ORIENTED_EDGE('',*,*,#9028,.F.);
#4175=ORIENTED_EDGE('',*,*,#9140,.T.);
#4176=ORIENTED_EDGE('',*,*,#9141,.T.);
#4177=ORIENTED_EDGE('',*,*,#9142,.F.);
#4178=ORIENTED_EDGE('',*,*,#9143,.F.);
#4179=ORIENTED_EDGE('',*,*,#9144,.F.);
#4180=ORIENTED_EDGE('',*,*,#9145,.T.);
#4181=ORIENTED_EDGE('',*,*,#9146,.F.);
#4182=ORIENTED_EDGE('',*,*,#9147,.T.);
#4183=ORIENTED_EDGE('',*,*,#9148,.T.);
#4184=ORIENTED_EDGE('',*,*,#9149,.F.);
#4185=ORIENTED_EDGE('',*,*,#9150,.F.);
#4186=ORIENTED_EDGE('',*,*,#9151,.T.);
#4187=CARTESIAN_POINT('',(14.8082,4.1148,-0.635));
#4188=DIRECTION('',(0.0,-1.0,0.0));
#4189=DIRECTION('',(0.0,0.0,-1.0));
#4190=ORIENTED_EDGE('',*,*,#9152,.F.);
#4191=ORIENTED_EDGE('',*,*,#9153,.F.);
#4192=ORIENTED_EDGE('',*,*,#9154,.F.);
#4193=ORIENTED_EDGE('',*,*,#9151,.F.);
#4194=ORIENTED_EDGE('',*,*,#9155,.F.);
#4195=ORIENTED_EDGE('',*,*,#8601,.F.);
#4196=ORIENTED_EDGE('',*,*,#9156,.F.);
#4197=ORIENTED_EDGE('',*,*,#8603,.F.);
#4198=ORIENTED_EDGE('',*,*,#9157,.F.);
#4199=ORIENTED_EDGE('',*,*,#9158,.F.);
#4200=ORIENTED_EDGE('',*,*,#9159,.F.);
#4201=ORIENTED_EDGE('',*,*,#9160,.F.);
#4202=ORIENTED_EDGE('',*,*,#9161,.F.);
#4203=ORIENTED_EDGE('',*,*,#9162,.F.);
#4204=ORIENTED_EDGE('',*,*,#9163,.F.);
#4205=ORIENTED_EDGE('',*,*,#9164,.F.);
#4206=ORIENTED_EDGE('',*,*,#9165,.F.);
#4207=ORIENTED_EDGE('',*,*,#8609,.F.);
#4208=ORIENTED_EDGE('',*,*,#9166,.F.);
#4209=ORIENTED_EDGE('',*,*,#8611,.F.);
#4210=ORIENTED_EDGE('',*,*,#9167,.F.);
#4211=ORIENTED_EDGE('',*,*,#9168,.F.);
#4212=ORIENTED_EDGE('',*,*,#9169,.F.);
#4213=ORIENTED_EDGE('',*,*,#9170,.F.);
#4214=ORIENTED_EDGE('',*,*,#9171,.T.);
#4215=CARTESIAN_POINT('',(13.5382,0.0,0.0));
#4216=DIRECTION('',(1.0,0.0,0.0));
#4217=DIRECTION('',(0.0,1.0,0.0));
#4218=ORIENTED_EDGE('',*,*,#9171,.F.);
#4219=ORIENTED_EDGE('',*,*,#9172,.F.);
#4220=ORIENTED_EDGE('',*,*,#9173,.T.);
#4221=ORIENTED_EDGE('',*,*,#9174,.F.);
#4222=CARTESIAN_POINT('',(13.6271,0.0777793167928714,-7.112));
#4223=DIRECTION('',(-0.965925826289076,-0.258819045102493,0.0));
#4224=DIRECTION('',(-0.258819045102493,0.965925826289076,0.0));
#4225=ORIENTED_EDGE('',*,*,#9175,.T.);
#4226=ORIENTED_EDGE('',*,*,#9176,.T.);
#4227=ORIENTED_EDGE('',*,*,#9177,.F.);
#4228=ORIENTED_EDGE('',*,*,#9178,.F.);
#4229=ORIENTED_EDGE('',*,*,#9152,.T.);
#4230=ORIENTED_EDGE('',*,*,#9174,.T.);
#4231=CARTESIAN_POINT('',(13.5382,3.6068,-7.0104));
#4232=DIRECTION('',(0.0,0.0,1.0));
#4233=DIRECTION('',(1.0,0.0,0.0));
#4234=ORIENTED_EDGE('',*,*,#9178,.T.);
#4235=ORIENTED_EDGE('',*,*,#9179,.F.);
#4236=ORIENTED_EDGE('',*,*,#9180,.F.);
#4237=ORIENTED_EDGE('',*,*,#9153,.T.);
#4238=CARTESIAN_POINT('',(13.5382,3.6068,-6.5024));
#4239=DIRECTION('',(-1.0,0.0,-0.0));
#4240=DIRECTION('',(0.0,0.0,-1.0));
#4241=ORIENTED_EDGE('',*,*,#9181,.T.);
#4242=ORIENTED_EDGE('',*,*,#9182,.T.);
#4243=ORIENTED_EDGE('',*,*,#9183,.T.);
#4244=ORIENTED_EDGE('',*,*,#9184,.T.);
#4245=ORIENTED_EDGE('',*,*,#9185,.F.);
#4246=ORIENTED_EDGE('',*,*,#9186,.F.);
#4247=ORIENTED_EDGE('',*,*,#9187,.T.);
#4248=ORIENTED_EDGE('',*,*,#9188,.T.);
#4249=CARTESIAN_POINT('',(13.5382,4.1148,-1.5494));
#4250=DIRECTION('',(0.0,-1.0,0.0));
#4251=DIRECTION('',(0.0,0.0,-1.0));
#4252=ORIENTED_EDGE('',*,*,#9154,.T.);
#4253=ORIENTED_EDGE('',*,*,#9180,.T.);
#4254=ORIENTED_EDGE('',*,*,#9189,.F.);
#4255=ORIENTED_EDGE('',*,*,#9190,.T.);
#4256=CARTESIAN_POINT('',(13.5382,4.1148,-1.5494));
#4257=DIRECTION('',(0.0,-1.0,0.0));
#4258=DIRECTION('',(0.0,0.0,-1.0));
#4259=ORIENTED_EDGE('',*,*,#9191,.F.);
#4260=ORIENTED_EDGE('',*,*,#8973,.T.);
#4261=ORIENTED_EDGE('',*,*,#9192,.T.);
#4262=ORIENTED_EDGE('',*,*,#9184,.F.);
#4263=CARTESIAN_POINT('',(13.6017,3.0988,-1.7653));
#4264=DIRECTION('',(-1.0,0.0,0.0));
#4265=DIRECTION('',(0.0,0.0,1.0));
#4266=ORIENTED_EDGE('',*,*,#9192,.F.);
#4267=ORIENTED_EDGE('',*,*,#8972,.T.);
#4268=ORIENTED_EDGE('',*,*,#9193,.T.);
#4269=ORIENTED_EDGE('',*,*,#9181,.F.);
#4270=CARTESIAN_POINT('',(13.6017,3.0988,-4.3053));
#4271=DIRECTION('',(0.0,0.0,-1.0));
#4272=DIRECTION('',(0.0,-1.0,0.0));
#4273=ORIENTED_EDGE('',*,*,#9193,.F.);
#4274=ORIENTED_EDGE('',*,*,#8971,.T.);
#4275=ORIENTED_EDGE('',*,*,#9194,.T.);
#4276=ORIENTED_EDGE('',*,*,#9182,.F.);
#4277=CARTESIAN_POINT('',(14.3383,3.0988,-4.3053));
#4278=DIRECTION('',(1.0,0.0,0.0));
#4279=DIRECTION('',(0.0,1.0,0.0));
#4280=ORIENTED_EDGE('',*,*,#9194,.F.);
#4281=ORIENTED_EDGE('',*,*,#8970,.T.);
#4282=ORIENTED_EDGE('',*,*,#9191,.T.);
#4283=ORIENTED_EDGE('',*,*,#9183,.F.);
#4284=CARTESIAN_POINT('',(14.3383,3.0988,-1.7653));
#4285=DIRECTION('',(0.0,0.0,1.0));
#4286=DIRECTION('',(1.0,0.0,0.0));
#4287=ORIENTED_EDGE('',*,*,#9148,.F.);
#4288=ORIENTED_EDGE('',*,*,#9195,.T.);
#4289=ORIENTED_EDGE('',*,*,#8878,.F.);
#4290=ORIENTED_EDGE('',*,*,#9196,.T.);
#4291=ORIENTED_EDGE('',*,*,#9055,.F.);
#4292=ORIENTED_EDGE('',*,*,#9190,.F.);
#4293=CARTESIAN_POINT('',(54.79048224,3.6068,-6.3881));
#4294=DIRECTION('',(1.0,-0.0,0.0));
#4295=DIRECTION('',(0.0,1.0,0.0));
#4296=ORIENTED_EDGE('',*,*,#8929,.F.);
#4297=ORIENTED_EDGE('',*,*,#9197,.T.);
#4298=ORIENTED_EDGE('',*,*,#9056,.F.);
#4299=ORIENTED_EDGE('',*,*,#9196,.F.);
#4300=CARTESIAN_POINT('',(13.4112,3.0988,-6.8961));
#4301=DIRECTION('',(-1.0,0.0,0.0));
#4302=DIRECTION('',(0.0,0.0,1.0));
#4303=ORIENTED_EDGE('',*,*,#8794,.T.);
#4304=ORIENTED_EDGE('',*,*,#9198,.T.);
#4305=ORIENTED_EDGE('',*,*,#9199,.T.);
#4306=ORIENTED_EDGE('',*,*,#9142,.T.);
#4307=ORIENTED_EDGE('',*,*,#9200,.F.);
#4308=ORIENTED_EDGE('',*,*,#8884,.F.);
#4309=CARTESIAN_POINT('',(-15.1892,3.0988,-7.874));
#4310=DIRECTION('',(0.0,0.0,-1.0));
#4311=DIRECTION('',(0.0,-1.0,0.0));
#4312=ORIENTED_EDGE('',*,*,#8888,.F.);
#4313=ORIENTED_EDGE('',*,*,#9201,.T.);
#4314=ORIENTED_EDGE('',*,*,#9137,.T.);
#4315=ORIENTED_EDGE('',*,*,#9202,.F.);
#4316=CARTESIAN_POINT('',(-15.1892,3.0988,-7.874));
#4317=DIRECTION('',(0.0,0.0,-1.0));
#4318=DIRECTION('',(0.0,-1.0,0.0));
#4319=ORIENTED_EDGE('',*,*,#8892,.F.);
#4320=ORIENTED_EDGE('',*,*,#9203,.T.);
#4321=ORIENTED_EDGE('',*,*,#9129,.T.);
#4322=ORIENTED_EDGE('',*,*,#9204,.F.);
#4323=CARTESIAN_POINT('',(-15.1892,3.0988,-7.874));
#4324=DIRECTION('',(0.0,0.0,-1.0));
#4325=DIRECTION('',(0.0,-1.0,0.0));
#4326=ORIENTED_EDGE('',*,*,#8896,.F.);
#4327=ORIENTED_EDGE('',*,*,#9205,.T.);
#4328=ORIENTED_EDGE('',*,*,#9121,.T.);
#4329=ORIENTED_EDGE('',*,*,#9206,.F.);
#4330=CARTESIAN_POINT('',(-15.1892,3.0988,-7.874));
#4331=DIRECTION('',(0.0,0.0,-1.0));
#4332=DIRECTION('',(0.0,-1.0,0.0));
#4333=ORIENTED_EDGE('',*,*,#8900,.F.);
#4334=ORIENTED_EDGE('',*,*,#9207,.T.);
#4335=ORIENTED_EDGE('',*,*,#9113,.T.);
#4336=ORIENTED_EDGE('',*,*,#9208,.F.);
#4337=CARTESIAN_POINT('',(-15.1892,3.0988,-7.874));
#4338=DIRECTION('',(0.0,0.0,-1.0));
#4339=DIRECTION('',(0.0,-1.0,0.0));
#4340=ORIENTED_EDGE('',*,*,#8904,.F.);
#4341=ORIENTED_EDGE('',*,*,#9209,.T.);
#4342=ORIENTED_EDGE('',*,*,#9105,.T.);
#4343=ORIENTED_EDGE('',*,*,#9210,.F.);
#4344=CARTESIAN_POINT('',(-15.1892,3.0988,-7.874));
#4345=DIRECTION('',(0.0,0.0,-1.0));
#4346=DIRECTION('',(0.0,-1.0,0.0));
#4347=ORIENTED_EDGE('',*,*,#8908,.F.);
#4348=ORIENTED_EDGE('',*,*,#9211,.T.);
#4349=ORIENTED_EDGE('',*,*,#9097,.T.);
#4350=ORIENTED_EDGE('',*,*,#9212,.F.);
#4351=CARTESIAN_POINT('',(-15.1892,3.0988,-7.874));
#4352=DIRECTION('',(0.0,0.0,-1.0));
#4353=DIRECTION('',(0.0,-1.0,0.0));
#4354=ORIENTED_EDGE('',*,*,#8912,.F.);
#4355=ORIENTED_EDGE('',*,*,#9213,.T.);
#4356=ORIENTED_EDGE('',*,*,#9089,.T.);
#4357=ORIENTED_EDGE('',*,*,#9214,.F.);
#4358=CARTESIAN_POINT('',(-15.1892,3.0988,-7.874));
#4359=DIRECTION('',(0.0,0.0,-1.0));
#4360=DIRECTION('',(0.0,-1.0,0.0));
#4361=ORIENTED_EDGE('',*,*,#8916,.F.);
#4362=ORIENTED_EDGE('',*,*,#9215,.T.);
#4363=ORIENTED_EDGE('',*,*,#9081,.T.);
#4364=ORIENTED_EDGE('',*,*,#9216,.F.);
#4365=CARTESIAN_POINT('',(-15.1892,3.0988,-7.874));
#4366=DIRECTION('',(0.0,0.0,-1.0));
#4367=DIRECTION('',(0.0,-1.0,0.0));
#4368=ORIENTED_EDGE('',*,*,#8920,.F.);
#4369=ORIENTED_EDGE('',*,*,#9217,.T.);
#4370=ORIENTED_EDGE('',*,*,#9073,.T.);
#4371=ORIENTED_EDGE('',*,*,#9218,.F.);
#4372=CARTESIAN_POINT('',(-15.1892,3.0988,-7.874));
#4373=DIRECTION('',(0.0,0.0,-1.0));
#4374=DIRECTION('',(0.0,-1.0,0.0));
#4375=ORIENTED_EDGE('',*,*,#8924,.F.);
#4376=ORIENTED_EDGE('',*,*,#9219,.T.);
#4377=ORIENTED_EDGE('',*,*,#9065,.T.);
#4378=ORIENTED_EDGE('',*,*,#9220,.F.);
#4379=CARTESIAN_POINT('',(-15.1892,3.0988,-7.874));
#4380=DIRECTION('',(0.0,0.0,-1.0));
#4381=DIRECTION('',(0.0,-1.0,0.0));
#4382=ORIENTED_EDGE('',*,*,#8928,.F.);
#4383=ORIENTED_EDGE('',*,*,#9221,.T.);
#4384=ORIENTED_EDGE('',*,*,#9057,.T.);
#4385=ORIENTED_EDGE('',*,*,#9197,.F.);
#4386=CARTESIAN_POINT('',(-15.1892,3.0988,-7.874));
#4387=DIRECTION('',(0.0,0.0,-1.0));
#4388=DIRECTION('',(0.0,-1.0,0.0));
#4389=ORIENTED_EDGE('',*,*,#9146,.T.);
#4390=ORIENTED_EDGE('',*,*,#9222,.F.);
#4391=ORIENTED_EDGE('',*,*,#9223,.T.);
#4392=ORIENTED_EDGE('',*,*,#8822,.F.);
#4393=ORIENTED_EDGE('',*,*,#8880,.F.);
#4394=ORIENTED_EDGE('',*,*,#9224,.T.);
#4395=CARTESIAN_POINT('',(-15.1892,3.0988,-7.874));
#4396=DIRECTION('',(0.0,0.0,-1.0));
#4397=DIRECTION('',(0.0,-1.0,0.0));
#4398=ORIENTED_EDGE('',*,*,#8885,.F.);
#4399=ORIENTED_EDGE('',*,*,#9200,.T.);
#4400=ORIENTED_EDGE('',*,*,#9141,.F.);
#4401=ORIENTED_EDGE('',*,*,#9225,.F.);
#4402=CARTESIAN_POINT('',(-14.5288,3.0988,-6.8961));
#4403=DIRECTION('',(-1.0,0.0,0.0));
#4404=DIRECTION('',(0.0,0.0,1.0));
#4405=ORIENTED_EDGE('',*,*,#9139,.F.);
#4406=ORIENTED_EDGE('',*,*,#9226,.T.);
#4407=ORIENTED_EDGE('',*,*,#8886,.F.);
#4408=ORIENTED_EDGE('',*,*,#9225,.T.);
#4409=ORIENTED_EDGE('',*,*,#9140,.F.);
#4410=ORIENTED_EDGE('',*,*,#8988,.F.);
#4411=CARTESIAN_POINT('',(48.4849325139898,3.6068,-6.3881));
#4412=DIRECTION('',(1.0,-0.0,0.0));
#4413=DIRECTION('',(0.0,1.0,0.0));
#4414=ORIENTED_EDGE('',*,*,#9201,.F.);
#4415=ORIENTED_EDGE('',*,*,#8887,.F.);
#4416=ORIENTED_EDGE('',*,*,#9226,.F.);
#4417=ORIENTED_EDGE('',*,*,#9138,.F.);
#4418=CARTESIAN_POINT('',(-13.4112,3.0988,-7.874));
#4419=DIRECTION('',(1.0,0.0,0.0));
#4420=DIRECTION('',(0.0,1.0,0.0));
#4421=ORIENTED_EDGE('',*,*,#9227,.T.);
#4422=ORIENTED_EDGE('',*,*,#9228,.T.);
#4423=ORIENTED_EDGE('',*,*,#9229,.T.);
#4424=ORIENTED_EDGE('',*,*,#9143,.T.);
#4425=ORIENTED_EDGE('',*,*,#9199,.F.);
#4426=CARTESIAN_POINT('',(-14.8082,0.0,0.0));
#4427=DIRECTION('',(1.0,0.0,0.0));
#4428=DIRECTION('',(0.0,1.0,0.0));
#4429=ORIENTED_EDGE('',*,*,#9230,.T.);
#4430=ORIENTED_EDGE('',*,*,#9231,.F.);
#4431=ORIENTED_EDGE('',*,*,#9232,.F.);
#4432=ORIENTED_EDGE('',*,*,#9233,.T.);
#4433=ORIENTED_EDGE('',*,*,#9144,.T.);
#4434=ORIENTED_EDGE('',*,*,#9229,.F.);
#4435=ORIENTED_EDGE('',*,*,#9234,.F.);
#4436=ORIENTED_EDGE('',*,*,#9235,.T.);
#4437=ORIENTED_EDGE('',*,*,#9236,.T.);
#4438=ORIENTED_EDGE('',*,*,#9237,.T.);
#4439=ORIENTED_EDGE('',*,*,#9238,.F.);
#4440=ORIENTED_EDGE('',*,*,#9239,.T.);
#4441=ORIENTED_EDGE('',*,*,#9240,.T.);
#4442=ORIENTED_EDGE('',*,*,#9241,.F.);
#4443=ORIENTED_EDGE('',*,*,#9242,.F.);
#4444=ORIENTED_EDGE('',*,*,#9243,.T.);
#4445=ORIENTED_EDGE('',*,*,#9244,.T.);
#4446=ORIENTED_EDGE('',*,*,#9245,.F.);
#4447=ORIENTED_EDGE('',*,*,#9246,.F.);
#4448=ORIENTED_EDGE('',*,*,#9247,.T.);
#4449=ORIENTED_EDGE('',*,*,#9248,.T.);
#4450=ORIENTED_EDGE('',*,*,#9249,.F.);
#4451=ORIENTED_EDGE('',*,*,#9250,.F.);
#4452=ORIENTED_EDGE('',*,*,#9251,.T.);
#4453=ORIENTED_EDGE('',*,*,#9252,.T.);
#4454=ORIENTED_EDGE('',*,*,#9253,.F.);
#4455=ORIENTED_EDGE('',*,*,#9254,.F.);
#4456=ORIENTED_EDGE('',*,*,#9255,.T.);
#4457=ORIENTED_EDGE('',*,*,#9256,.T.);
#4458=ORIENTED_EDGE('',*,*,#9257,.F.);
#4459=ORIENTED_EDGE('',*,*,#9258,.F.);
#4460=ORIENTED_EDGE('',*,*,#9259,.T.);
#4461=ORIENTED_EDGE('',*,*,#9260,.T.);
#4462=ORIENTED_EDGE('',*,*,#9261,.F.);
#4463=ORIENTED_EDGE('',*,*,#9262,.F.);
#4464=ORIENTED_EDGE('',*,*,#9263,.T.);
#4465=ORIENTED_EDGE('',*,*,#9264,.T.);
#4466=ORIENTED_EDGE('',*,*,#9265,.F.);
#4467=ORIENTED_EDGE('',*,*,#9266,.F.);
#4468=ORIENTED_EDGE('',*,*,#9267,.T.);
#4469=ORIENTED_EDGE('',*,*,#9268,.T.);
#4470=ORIENTED_EDGE('',*,*,#9269,.F.);
#4471=ORIENTED_EDGE('',*,*,#9270,.F.);
#4472=ORIENTED_EDGE('',*,*,#9271,.T.);
#4473=ORIENTED_EDGE('',*,*,#9272,.T.);
#4474=ORIENTED_EDGE('',*,*,#9273,.F.);
#4475=ORIENTED_EDGE('',*,*,#9274,.F.);
#4476=ORIENTED_EDGE('',*,*,#9275,.T.);
#4477=ORIENTED_EDGE('',*,*,#9276,.T.);
#4478=ORIENTED_EDGE('',*,*,#9277,.F.);
#4479=ORIENTED_EDGE('',*,*,#9278,.F.);
#4480=ORIENTED_EDGE('',*,*,#9279,.T.);
#4481=CARTESIAN_POINT('',(14.8082,7.0358,-0.635));
#4482=DIRECTION('',(0.0,0.0,1.0));
#4483=DIRECTION('',(1.0,0.0,0.0));
#4484=ORIENTED_EDGE('',*,*,#9280,.T.);
#4485=ORIENTED_EDGE('',*,*,#9281,.T.);
#4486=ORIENTED_EDGE('',*,*,#9282,.F.);
#4487=ORIENTED_EDGE('',*,*,#9279,.F.);
#4488=CARTESIAN_POINT('',(13.3985,6.35,-0.635));
#4489=DIRECTION('',(-1.0,0.0,0.0));
#4490=DIRECTION('',(0.0,0.0,1.0));
#4491=ORIENTED_EDGE('',*,*,#9282,.T.);
#4492=ORIENTED_EDGE('',*,*,#9283,.T.);
#4493=ORIENTED_EDGE('',*,*,#9284,.F.);
#4494=ORIENTED_EDGE('',*,*,#9230,.F.);
#4495=CARTESIAN_POINT('',(13.97,5.6642,-0.635));
#4496=DIRECTION('',(0.0,-1.0,0.0));
#4497=DIRECTION('',(0.0,0.0,-1.0));
#4498=ORIENTED_EDGE('',*,*,#9284,.T.);
#4499=ORIENTED_EDGE('',*,*,#9285,.T.);
#4500=ORIENTED_EDGE('',*,*,#9286,.F.);
#4501=ORIENTED_EDGE('',*,*,#9231,.T.);
#4502=CARTESIAN_POINT('',(14.5415,6.35,-0.635));
#4503=DIRECTION('',(1.0,0.0,0.0));
#4504=DIRECTION('',(0.0,1.0,0.0));
#4505=ORIENTED_EDGE('',*,*,#9287,.T.);
#4506=ORIENTED_EDGE('',*,*,#9288,.T.);
#4507=ORIENTED_EDGE('',*,*,#9289,.F.);
#4508=ORIENTED_EDGE('',*,*,#9274,.T.);
#4509=ORIENTED_EDGE('',*,*,#9290,.T.);
#4510=ORIENTED_EDGE('',*,*,#9291,.T.);
#4511=ORIENTED_EDGE('',*,*,#9292,.F.);
#4512=ORIENTED_EDGE('',*,*,#9270,.T.);
#4513=ORIENTED_EDGE('',*,*,#9293,.T.);
#4514=ORIENTED_EDGE('',*,*,#9294,.T.);
#4515=ORIENTED_EDGE('',*,*,#9295,.F.);
#4516=ORIENTED_EDGE('',*,*,#9266,.T.);
#4517=ORIENTED_EDGE('',*,*,#9296,.T.);
#4518=ORIENTED_EDGE('',*,*,#9297,.T.);
#4519=ORIENTED_EDGE('',*,*,#9298,.F.);
#4520=ORIENTED_EDGE('',*,*,#9262,.T.);
#4521=ORIENTED_EDGE('',*,*,#9299,.T.);
#4522=ORIENTED_EDGE('',*,*,#9300,.T.);
#4523=ORIENTED_EDGE('',*,*,#9301,.F.);
#4524=ORIENTED_EDGE('',*,*,#9258,.T.);
#4525=ORIENTED_EDGE('',*,*,#9302,.T.);
#4526=ORIENTED_EDGE('',*,*,#9303,.T.);
#4527=ORIENTED_EDGE('',*,*,#9304,.F.);
#4528=ORIENTED_EDGE('',*,*,#9254,.T.);
#4529=ORIENTED_EDGE('',*,*,#9305,.T.);
#4530=ORIENTED_EDGE('',*,*,#9306,.T.);
#4531=ORIENTED_EDGE('',*,*,#9307,.F.);
#4532=ORIENTED_EDGE('',*,*,#9250,.T.);
#4533=ORIENTED_EDGE('',*,*,#9308,.T.);
#4534=ORIENTED_EDGE('',*,*,#9309,.T.);
#4535=ORIENTED_EDGE('',*,*,#9310,.F.);
#4536=ORIENTED_EDGE('',*,*,#9246,.T.);
#4537=ORIENTED_EDGE('',*,*,#9311,.T.);
#4538=ORIENTED_EDGE('',*,*,#9312,.T.);
#4539=ORIENTED_EDGE('',*,*,#9313,.F.);
#4540=ORIENTED_EDGE('',*,*,#9242,.T.);
#4541=ORIENTED_EDGE('',*,*,#9314,.T.);
#4542=ORIENTED_EDGE('',*,*,#9315,.T.);
#4543=ORIENTED_EDGE('',*,*,#9316,.F.);
#4544=ORIENTED_EDGE('',*,*,#9238,.T.);
#4545=ORIENTED_EDGE('',*,*,#9317,.T.);
#4546=ORIENTED_EDGE('',*,*,#9318,.T.);
#4547=ORIENTED_EDGE('',*,*,#9319,.F.);
#4548=ORIENTED_EDGE('',*,*,#9234,.T.);
#4549=ORIENTED_EDGE('',*,*,#9228,.F.);
#4550=ORIENTED_EDGE('',*,*,#9320,.T.);
#4551=ORIENTED_EDGE('',*,*,#9321,.T.);
#4552=ORIENTED_EDGE('',*,*,#9232,.T.);
#4553=ORIENTED_EDGE('',*,*,#9286,.T.);
#4554=ORIENTED_EDGE('',*,*,#9322,.T.);
#4555=ORIENTED_EDGE('',*,*,#9280,.F.);
#4556=ORIENTED_EDGE('',*,*,#9278,.T.);
#4557=CARTESIAN_POINT('',(14.8082,7.0358,-7.874));
#4558=DIRECTION('',(-0.0,1.0,0.0));
#4559=DIRECTION('',(1.0,0.0,0.0));
#4560=ORIENTED_EDGE('',*,*,#9323,.F.);
#4561=ORIENTED_EDGE('',*,*,#9322,.F.);
#4562=ORIENTED_EDGE('',*,*,#9324,.T.);
#4563=ORIENTED_EDGE('',*,*,#8874,.T.);
#4564=CARTESIAN_POINT('',(13.97,7.2263,-0.1905));
#4565=DIRECTION('',(0.0,0.707106781186597,-0.707106781186498));
#4566=DIRECTION('',(-1.0,0.0,0.0));
#4567=ORIENTED_EDGE('',*,*,#9324,.F.);
#4568=ORIENTED_EDGE('',*,*,#9285,.F.);
#4569=ORIENTED_EDGE('',*,*,#9325,.T.);
#4570=ORIENTED_EDGE('',*,*,#8875,.T.);
#4571=CARTESIAN_POINT('',(14.732,6.35,-0.1905));
#4572=DIRECTION('',(0.707106781186597,0.0,-0.707106781186498));
#4573=DIRECTION('',(0.0,-1.0,0.0));
#4574=ORIENTED_EDGE('',*,*,#9325,.F.);
#4575=ORIENTED_EDGE('',*,*,#9283,.F.);
#4576=ORIENTED_EDGE('',*,*,#9326,.T.);
#4577=ORIENTED_EDGE('',*,*,#8876,.T.);
#4578=CARTESIAN_POINT('',(13.97,5.4737,-0.1905));
#4579=DIRECTION('',(0.0,-0.707106781186597,-0.707106781186498));
#4580=DIRECTION('',(0.0,0.707106781186498,-0.707106781186597));
#4581=ORIENTED_EDGE('',*,*,#9326,.F.);
#4582=ORIENTED_EDGE('',*,*,#9281,.F.);
#4583=ORIENTED_EDGE('',*,*,#9323,.T.);
#4584=ORIENTED_EDGE('',*,*,#8877,.T.);
#4585=CARTESIAN_POINT('',(13.208,6.35,-0.1905));
#4586=DIRECTION('',(-0.707106781186597,0.0,-0.707106781186498));
#4587=DIRECTION('',(-0.707106781186498,0.0,0.707106781186597));
#4588=ORIENTED_EDGE('',*,*,#9145,.F.);
#4589=ORIENTED_EDGE('',*,*,#9233,.F.);
#4590=ORIENTED_EDGE('',*,*,#9321,.F.);
#4591=ORIENTED_EDGE('',*,*,#9327,.F.);
#4592=ORIENTED_EDGE('',*,*,#9222,.T.);
#4593=CARTESIAN_POINT('',(14.8082,0.0,0.0));
#4594=DIRECTION('',(1.0,0.0,0.0));
#4595=DIRECTION('',(0.0,1.0,0.0));
#4596=ORIENTED_EDGE('',*,*,#9328,.T.);
#4597=ORIENTED_EDGE('',*,*,#8823,.F.);
#4598=ORIENTED_EDGE('',*,*,#9223,.F.);
#4599=ORIENTED_EDGE('',*,*,#9327,.T.);
#4600=CARTESIAN_POINT('',(-15.1892,7.0358,-7.874));
#4601=DIRECTION('',(-0.0,1.0,0.0));
#4602=DIRECTION('',(1.0,0.0,0.0));
#4603=ORIENTED_EDGE('',*,*,#9198,.F.);
#4604=ORIENTED_EDGE('',*,*,#8793,.T.);
#4605=ORIENTED_EDGE('',*,*,#9329,.T.);
#4606=ORIENTED_EDGE('',*,*,#9227,.F.);
#4607=CARTESIAN_POINT('',(-15.1892,7.0358,-7.874));
#4608=DIRECTION('',(-0.0,1.0,0.0));
#4609=DIRECTION('',(1.0,0.0,0.0));
#4610=ORIENTED_EDGE('',*,*,#9329,.F.);
#4611=ORIENTED_EDGE('',*,*,#8792,.T.);
#4612=ORIENTED_EDGE('',*,*,#9330,.T.);
#4613=ORIENTED_EDGE('',*,*,#8824,.F.);
#4614=ORIENTED_EDGE('',*,*,#9328,.F.);
#4615=ORIENTED_EDGE('',*,*,#9320,.F.);
#4616=CARTESIAN_POINT('',(-15.1892,7.0358,-6.096));
#4617=DIRECTION('',(0.0,0.0,-1.0));
#4618=DIRECTION('',(0.0,-1.0,0.0));
#4619=ORIENTED_EDGE('',*,*,#8827,.T.);
#4620=ORIENTED_EDGE('',*,*,#8825,.F.);
#4621=ORIENTED_EDGE('',*,*,#9330,.F.);
#4622=ORIENTED_EDGE('',*,*,#8791,.T.);
#4623=CARTESIAN_POINT('',(-15.1892,7.7978,-6.096));
#4624=DIRECTION('',(-0.0,1.0,0.0));
#4625=DIRECTION('',(1.0,0.0,0.0));
#4626=ORIENTED_EDGE('',*,*,#9319,.T.);
#4627=ORIENTED_EDGE('',*,*,#9331,.T.);
#4628=ORIENTED_EDGE('',*,*,#9332,.F.);
#4629=ORIENTED_EDGE('',*,*,#9235,.F.);
#4630=CARTESIAN_POINT('',(-14.5415,6.35,-0.635));
#4631=DIRECTION('',(-1.0,0.0,0.0));
#4632=DIRECTION('',(0.0,0.0,1.0));
#4633=ORIENTED_EDGE('',*,*,#9332,.T.);
#4634=ORIENTED_EDGE('',*,*,#9333,.T.);
#4635=ORIENTED_EDGE('',*,*,#9334,.F.);
#4636=ORIENTED_EDGE('',*,*,#9236,.F.);
#4637=CARTESIAN_POINT('',(-13.97,5.6642,-0.635));
#4638=DIRECTION('',(0.0,-1.0,0.0));
#4639=DIRECTION('',(0.0,0.0,-1.0));
#4640=ORIENTED_EDGE('',*,*,#9334,.T.);
#4641=ORIENTED_EDGE('',*,*,#9335,.T.);
#4642=ORIENTED_EDGE('',*,*,#9317,.F.);
#4643=ORIENTED_EDGE('',*,*,#9237,.F.);
#4644=CARTESIAN_POINT('',(-13.3985,6.35,-0.635));
#4645=DIRECTION('',(1.0,0.0,0.0));
#4646=DIRECTION('',(0.0,1.0,0.0));
#4647=ORIENTED_EDGE('',*,*,#9336,.F.);
#4648=ORIENTED_EDGE('',*,*,#9335,.F.);
#4649=ORIENTED_EDGE('',*,*,#9337,.T.);
#4650=ORIENTED_EDGE('',*,*,#8831,.T.);
#4651=CARTESIAN_POINT('',(-13.208,6.35,-0.1905));
#4652=DIRECTION('',(0.707106781186597,0.0,-0.707106781186498));
#4653=DIRECTION('',(0.0,-1.0,0.0));
#4654=ORIENTED_EDGE('',*,*,#9337,.F.);
#4655=ORIENTED_EDGE('',*,*,#9333,.F.);
#4656=ORIENTED_EDGE('',*,*,#9338,.T.);
#4657=ORIENTED_EDGE('',*,*,#8832,.T.);
#4658=CARTESIAN_POINT('',(-13.97,5.4737,-0.1905));
#4659=DIRECTION('',(0.0,-0.707106781186597,-0.707106781186498));
#4660=DIRECTION('',(0.0,0.707106781186498,-0.707106781186597));
#4661=ORIENTED_EDGE('',*,*,#9338,.F.);
#4662=ORIENTED_EDGE('',*,*,#9331,.F.);
#4663=ORIENTED_EDGE('',*,*,#9339,.T.);
#4664=ORIENTED_EDGE('',*,*,#8833,.T.);
#4665=CARTESIAN_POINT('',(-14.732,6.35,-0.1905));
#4666=DIRECTION('',(-0.707106781186597,0.0,-0.707106781186498));
#4667=DIRECTION('',(-0.707106781186498,0.0,0.707106781186597));
#4668=ORIENTED_EDGE('',*,*,#9339,.F.);
#4669=ORIENTED_EDGE('',*,*,#9318,.F.);
#4670=ORIENTED_EDGE('',*,*,#9336,.T.);
#4671=ORIENTED_EDGE('',*,*,#8830,.T.);
#4672=CARTESIAN_POINT('',(-13.97,7.2263,-0.1905));
#4673=DIRECTION('',(0.0,0.707106781186597,-0.707106781186498));
#4674=DIRECTION('',(-1.0,0.0,0.0));
#4675=ORIENTED_EDGE('',*,*,#9316,.T.);
#4676=ORIENTED_EDGE('',*,*,#9340,.T.);
#4677=ORIENTED_EDGE('',*,*,#9341,.F.);
#4678=ORIENTED_EDGE('',*,*,#9239,.F.);
#4679=CARTESIAN_POINT('',(-12.0015,6.35,-0.635));
#4680=DIRECTION('',(-1.0,0.0,0.0));
#4681=DIRECTION('',(0.0,0.0,1.0));
#4682=ORIENTED_EDGE('',*,*,#9341,.T.);
#4683=ORIENTED_EDGE('',*,*,#9342,.T.);
#4684=ORIENTED_EDGE('',*,*,#9343,.F.);
#4685=ORIENTED_EDGE('',*,*,#9240,.F.);
#4686=CARTESIAN_POINT('',(-11.43,5.6642,-0.635));
#4687=DIRECTION('',(0.0,-1.0,0.0));
#4688=DIRECTION('',(0.0,0.0,-1.0));
#4689=ORIENTED_EDGE('',*,*,#9343,.T.);
#4690=ORIENTED_EDGE('',*,*,#9344,.T.);
#4691=ORIENTED_EDGE('',*,*,#9314,.F.);
#4692=ORIENTED_EDGE('',*,*,#9241,.T.);
#4693=CARTESIAN_POINT('',(-10.8585,6.35,-0.635));
#4694=DIRECTION('',(1.0,0.0,0.0));
#4695=DIRECTION('',(0.0,1.0,0.0));
#4696=ORIENTED_EDGE('',*,*,#9345,.F.);
#4697=ORIENTED_EDGE('',*,*,#9344,.F.);
#4698=ORIENTED_EDGE('',*,*,#9346,.T.);
#4699=ORIENTED_EDGE('',*,*,#8835,.T.);
#4700=CARTESIAN_POINT('',(-10.668,6.35,-0.1905));
#4701=DIRECTION('',(0.707106781186597,0.0,-0.707106781186498));
#4702=DIRECTION('',(0.0,-1.0,0.0));
#4703=ORIENTED_EDGE('',*,*,#9346,.F.);
#4704=ORIENTED_EDGE('',*,*,#9342,.F.);
#4705=ORIENTED_EDGE('',*,*,#9347,.T.);
#4706=ORIENTED_EDGE('',*,*,#8836,.T.);
#4707=CARTESIAN_POINT('',(-11.43,5.4737,-0.1905));
#4708=DIRECTION('',(0.0,-0.707106781186597,-0.707106781186498));
#4709=DIRECTION('',(0.0,0.707106781186498,-0.707106781186597));
#4710=ORIENTED_EDGE('',*,*,#9347,.F.);
#4711=ORIENTED_EDGE('',*,*,#9340,.F.);
#4712=ORIENTED_EDGE('',*,*,#9348,.T.);
#4713=ORIENTED_EDGE('',*,*,#8837,.T.);
#4714=CARTESIAN_POINT('',(-12.192,6.35,-0.1905));
#4715=DIRECTION('',(-0.707106781186597,0.0,-0.707106781186498));
#4716=DIRECTION('',(-0.707106781186498,0.0,0.707106781186597));
#4717=ORIENTED_EDGE('',*,*,#9348,.F.);
#4718=ORIENTED_EDGE('',*,*,#9315,.F.);
#4719=ORIENTED_EDGE('',*,*,#9345,.T.);
#4720=ORIENTED_EDGE('',*,*,#8834,.T.);
#4721=CARTESIAN_POINT('',(-11.43,7.2263,-0.1905));
#4722=DIRECTION('',(0.0,0.707106781186597,-0.707106781186498));
#4723=DIRECTION('',(-1.0,0.0,0.0));
#4724=ORIENTED_EDGE('',*,*,#9313,.T.);
#4725=ORIENTED_EDGE('',*,*,#9349,.T.);
#4726=ORIENTED_EDGE('',*,*,#9350,.F.);
#4727=ORIENTED_EDGE('',*,*,#9243,.F.);
#4728=CARTESIAN_POINT('',(-9.4615,6.35,-0.635));
#4729=DIRECTION('',(-1.0,0.0,0.0));
#4730=DIRECTION('',(0.0,0.0,1.0));
#4731=ORIENTED_EDGE('',*,*,#9350,.T.);
#4732=ORIENTED_EDGE('',*,*,#9351,.T.);
#4733=ORIENTED_EDGE('',*,*,#9352,.F.);
#4734=ORIENTED_EDGE('',*,*,#9244,.F.);
#4735=CARTESIAN_POINT('',(-8.89,5.6642,-0.635));
#4736=DIRECTION('',(0.0,-1.0,0.0));
#4737=DIRECTION('',(0.0,0.0,-1.0));
#4738=ORIENTED_EDGE('',*,*,#9352,.T.);
#4739=ORIENTED_EDGE('',*,*,#9353,.T.);
#4740=ORIENTED_EDGE('',*,*,#9311,.F.);
#4741=ORIENTED_EDGE('',*,*,#9245,.T.);
#4742=CARTESIAN_POINT('',(-8.3185,6.35,-0.635));
#4743=DIRECTION('',(1.0,0.0,0.0));
#4744=DIRECTION('',(0.0,1.0,0.0));
#4745=ORIENTED_EDGE('',*,*,#9354,.F.);
#4746=ORIENTED_EDGE('',*,*,#9353,.F.);
#4747=ORIENTED_EDGE('',*,*,#9355,.T.);
#4748=ORIENTED_EDGE('',*,*,#8839,.T.);
#4749=CARTESIAN_POINT('',(-8.128,6.35,-0.1905));
#4750=DIRECTION('',(0.707106781186597,0.0,-0.707106781186498));
#4751=DIRECTION('',(0.0,-1.0,0.0));
#4752=ORIENTED_EDGE('',*,*,#9355,.F.);
#4753=ORIENTED_EDGE('',*,*,#9351,.F.);
#4754=ORIENTED_EDGE('',*,*,#9356,.T.);
#4755=ORIENTED_EDGE('',*,*,#8840,.T.);
#4756=CARTESIAN_POINT('',(-8.89,5.4737,-0.1905));
#4757=DIRECTION('',(0.0,-0.707106781186597,-0.707106781186498));
#4758=DIRECTION('',(0.0,0.707106781186498,-0.707106781186597));
#4759=ORIENTED_EDGE('',*,*,#9356,.F.);
#4760=ORIENTED_EDGE('',*,*,#9349,.F.);
#4761=ORIENTED_EDGE('',*,*,#9357,.T.);
#4762=ORIENTED_EDGE('',*,*,#8841,.T.);
#4763=CARTESIAN_POINT('',(-9.652,6.35,-0.1905));
#4764=DIRECTION('',(-0.707106781186597,0.0,-0.707106781186498));
#4765=DIRECTION('',(-0.707106781186498,0.0,0.707106781186597));
#4766=ORIENTED_EDGE('',*,*,#9357,.F.);
#4767=ORIENTED_EDGE('',*,*,#9312,.F.);
#4768=ORIENTED_EDGE('',*,*,#9354,.T.);
#4769=ORIENTED_EDGE('',*,*,#8838,.T.);
#4770=CARTESIAN_POINT('',(-8.89,7.2263,-0.1905));
#4771=DIRECTION('',(0.0,0.707106781186597,-0.707106781186498));
#4772=DIRECTION('',(-1.0,0.0,0.0));
#4773=ORIENTED_EDGE('',*,*,#9310,.T.);
#4774=ORIENTED_EDGE('',*,*,#9358,.T.);
#4775=ORIENTED_EDGE('',*,*,#9359,.F.);
#4776=ORIENTED_EDGE('',*,*,#9247,.F.);
#4777=CARTESIAN_POINT('',(-6.9215,6.35,-0.635));
#4778=DIRECTION('',(-1.0,0.0,0.0));
#4779=DIRECTION('',(0.0,0.0,1.0));
#4780=ORIENTED_EDGE('',*,*,#9359,.T.);
#4781=ORIENTED_EDGE('',*,*,#9360,.T.);
#4782=ORIENTED_EDGE('',*,*,#9361,.F.);
#4783=ORIENTED_EDGE('',*,*,#9248,.F.);
#4784=CARTESIAN_POINT('',(-6.35,5.6642,-0.635));
#4785=DIRECTION('',(0.0,-1.0,0.0));
#4786=DIRECTION('',(0.0,0.0,-1.0));
#4787=ORIENTED_EDGE('',*,*,#9361,.T.);
#4788=ORIENTED_EDGE('',*,*,#9362,.T.);
#4789=ORIENTED_EDGE('',*,*,#9308,.F.);
#4790=ORIENTED_EDGE('',*,*,#9249,.T.);
#4791=CARTESIAN_POINT('',(-5.7785,6.35,-0.635));
#4792=DIRECTION('',(1.0,0.0,0.0));
#4793=DIRECTION('',(0.0,1.0,0.0));
#4794=ORIENTED_EDGE('',*,*,#9363,.F.);
#4795=ORIENTED_EDGE('',*,*,#9362,.F.);
#4796=ORIENTED_EDGE('',*,*,#9364,.T.);
#4797=ORIENTED_EDGE('',*,*,#8843,.T.);
#4798=CARTESIAN_POINT('',(-5.588,6.35,-0.1905));
#4799=DIRECTION('',(0.707106781186597,0.0,-0.707106781186498));
#4800=DIRECTION('',(0.0,-1.0,0.0));
#4801=ORIENTED_EDGE('',*,*,#9364,.F.);
#4802=ORIENTED_EDGE('',*,*,#9360,.F.);
#4803=ORIENTED_EDGE('',*,*,#9365,.T.);
#4804=ORIENTED_EDGE('',*,*,#8844,.T.);
#4805=CARTESIAN_POINT('',(-6.35,5.4737,-0.1905));
#4806=DIRECTION('',(0.0,-0.707106781186597,-0.707106781186498));
#4807=DIRECTION('',(0.0,0.707106781186498,-0.707106781186597));
#4808=ORIENTED_EDGE('',*,*,#9365,.F.);
#4809=ORIENTED_EDGE('',*,*,#9358,.F.);
#4810=ORIENTED_EDGE('',*,*,#9366,.T.);
#4811=ORIENTED_EDGE('',*,*,#8845,.T.);
#4812=CARTESIAN_POINT('',(-7.112,6.35,-0.1905));
#4813=DIRECTION('',(-0.707106781186597,0.0,-0.707106781186498));
#4814=DIRECTION('',(-0.707106781186498,0.0,0.707106781186597));
#4815=ORIENTED_EDGE('',*,*,#9366,.F.);
#4816=ORIENTED_EDGE('',*,*,#9309,.F.);
#4817=ORIENTED_EDGE('',*,*,#9363,.T.);
#4818=ORIENTED_EDGE('',*,*,#8842,.T.);
#4819=CARTESIAN_POINT('',(-6.35,7.2263,-0.1905));
#4820=DIRECTION('',(0.0,0.707106781186597,-0.707106781186498));
#4821=DIRECTION('',(-1.0,0.0,0.0));
#4822=ORIENTED_EDGE('',*,*,#9307,.T.);
#4823=ORIENTED_EDGE('',*,*,#9367,.T.);
#4824=ORIENTED_EDGE('',*,*,#9368,.F.);
#4825=ORIENTED_EDGE('',*,*,#9251,.F.);
#4826=CARTESIAN_POINT('',(-4.3815,6.35,-0.635));
#4827=DIRECTION('',(-1.0,0.0,0.0));
#4828=DIRECTION('',(0.0,0.0,1.0));
#4829=ORIENTED_EDGE('',*,*,#9368,.T.);
#4830=ORIENTED_EDGE('',*,*,#9369,.T.);
#4831=ORIENTED_EDGE('',*,*,#9370,.F.);
#4832=ORIENTED_EDGE('',*,*,#9252,.F.);
#4833=CARTESIAN_POINT('',(-3.81,5.6642,-0.635));
#4834=DIRECTION('',(0.0,-1.0,0.0));
#4835=DIRECTION('',(0.0,0.0,-1.0));
#4836=ORIENTED_EDGE('',*,*,#9370,.T.);
#4837=ORIENTED_EDGE('',*,*,#9371,.T.);
#4838=ORIENTED_EDGE('',*,*,#9305,.F.);
#4839=ORIENTED_EDGE('',*,*,#9253,.T.);
#4840=CARTESIAN_POINT('',(-3.2385,6.35,-0.635));
#4841=DIRECTION('',(1.0,0.0,0.0));
#4842=DIRECTION('',(0.0,1.0,0.0));
#4843=ORIENTED_EDGE('',*,*,#9372,.F.);
#4844=ORIENTED_EDGE('',*,*,#9371,.F.);
#4845=ORIENTED_EDGE('',*,*,#9373,.T.);
#4846=ORIENTED_EDGE('',*,*,#8847,.T.);
#4847=CARTESIAN_POINT('',(-3.048,6.35,-0.1905));
#4848=DIRECTION('',(0.707106781186597,0.0,-0.707106781186498));
#4849=DIRECTION('',(0.0,-1.0,0.0));
#4850=ORIENTED_EDGE('',*,*,#9373,.F.);
#4851=ORIENTED_EDGE('',*,*,#9369,.F.);
#4852=ORIENTED_EDGE('',*,*,#9374,.T.);
#4853=ORIENTED_EDGE('',*,*,#8848,.T.);
#4854=CARTESIAN_POINT('',(-3.81,5.4737,-0.1905));
#4855=DIRECTION('',(0.0,-0.707106781186597,-0.707106781186498));
#4856=DIRECTION('',(0.0,0.707106781186498,-0.707106781186597));
#4857=ORIENTED_EDGE('',*,*,#9374,.F.);
#4858=ORIENTED_EDGE('',*,*,#9367,.F.);
#4859=ORIENTED_EDGE('',*,*,#9375,.T.);
#4860=ORIENTED_EDGE('',*,*,#8849,.T.);
#4861=CARTESIAN_POINT('',(-4.572,6.35,-0.1905));
#4862=DIRECTION('',(-0.707106781186597,0.0,-0.707106781186498));
#4863=DIRECTION('',(-0.707106781186498,0.0,0.707106781186597));
#4864=ORIENTED_EDGE('',*,*,#9375,.F.);
#4865=ORIENTED_EDGE('',*,*,#9306,.F.);
#4866=ORIENTED_EDGE('',*,*,#9372,.T.);
#4867=ORIENTED_EDGE('',*,*,#8846,.T.);
#4868=CARTESIAN_POINT('',(-3.81,7.2263,-0.1905));
#4869=DIRECTION('',(0.0,0.707106781186597,-0.707106781186498));
#4870=DIRECTION('',(-1.0,0.0,0.0));
#4871=ORIENTED_EDGE('',*,*,#9304,.T.);
#4872=ORIENTED_EDGE('',*,*,#9376,.T.);
#4873=ORIENTED_EDGE('',*,*,#9377,.F.);
#4874=ORIENTED_EDGE('',*,*,#9255,.F.);
#4875=CARTESIAN_POINT('',(-1.8415,6.35,-0.635));
#4876=DIRECTION('',(-1.0,0.0,0.0));
#4877=DIRECTION('',(0.0,0.0,1.0));
#4878=ORIENTED_EDGE('',*,*,#9377,.T.);
#4879=ORIENTED_EDGE('',*,*,#9378,.T.);
#4880=ORIENTED_EDGE('',*,*,#9379,.F.);
#4881=ORIENTED_EDGE('',*,*,#9256,.F.);
#4882=CARTESIAN_POINT('',(-1.27,5.6642,-0.635));
#4883=DIRECTION('',(0.0,-1.0,0.0));
#4884=DIRECTION('',(0.0,0.0,-1.0));
#4885=ORIENTED_EDGE('',*,*,#9379,.T.);
#4886=ORIENTED_EDGE('',*,*,#9380,.T.);
#4887=ORIENTED_EDGE('',*,*,#9302,.F.);
#4888=ORIENTED_EDGE('',*,*,#9257,.T.);
#4889=CARTESIAN_POINT('',(-0.6985,6.35,-0.635));
#4890=DIRECTION('',(1.0,0.0,0.0));
#4891=DIRECTION('',(0.0,1.0,0.0));
#4892=ORIENTED_EDGE('',*,*,#9381,.F.);
#4893=ORIENTED_EDGE('',*,*,#9380,.F.);
#4894=ORIENTED_EDGE('',*,*,#9382,.T.);
#4895=ORIENTED_EDGE('',*,*,#8851,.T.);
#4896=CARTESIAN_POINT('',(-0.508,6.35,-0.1905));
#4897=DIRECTION('',(0.707106781186597,0.0,-0.707106781186498));
#4898=DIRECTION('',(0.0,-1.0,0.0));
#4899=ORIENTED_EDGE('',*,*,#9382,.F.);
#4900=ORIENTED_EDGE('',*,*,#9378,.F.);
#4901=ORIENTED_EDGE('',*,*,#9383,.T.);
#4902=ORIENTED_EDGE('',*,*,#8852,.T.);
#4903=CARTESIAN_POINT('',(-1.27,5.4737,-0.1905));
#4904=DIRECTION('',(0.0,-0.707106781186597,-0.707106781186498));
#4905=DIRECTION('',(0.0,0.707106781186498,-0.707106781186597));
#4906=ORIENTED_EDGE('',*,*,#9383,.F.);
#4907=ORIENTED_EDGE('',*,*,#9376,.F.);
#4908=ORIENTED_EDGE('',*,*,#9384,.T.);
#4909=ORIENTED_EDGE('',*,*,#8853,.T.);
#4910=CARTESIAN_POINT('',(-2.032,6.35,-0.1905));
#4911=DIRECTION('',(-0.707106781186597,0.0,-0.707106781186498));
#4912=DIRECTION('',(-0.707106781186498,0.0,0.707106781186597));
#4913=ORIENTED_EDGE('',*,*,#9384,.F.);
#4914=ORIENTED_EDGE('',*,*,#9303,.F.);
#4915=ORIENTED_EDGE('',*,*,#9381,.T.);
#4916=ORIENTED_EDGE('',*,*,#8850,.T.);
#4917=CARTESIAN_POINT('',(-1.27,7.2263,-0.1905));
#4918=DIRECTION('',(0.0,0.707106781186597,-0.707106781186498));
#4919=DIRECTION('',(-1.0,0.0,0.0));
#4920=ORIENTED_EDGE('',*,*,#9301,.T.);
#4921=ORIENTED_EDGE('',*,*,#9385,.T.);
#4922=ORIENTED_EDGE('',*,*,#9386,.F.);
#4923=ORIENTED_EDGE('',*,*,#9259,.F.);
#4924=CARTESIAN_POINT('',(0.6985,6.35,-0.635));
#4925=DIRECTION('',(-1.0,0.0,0.0));
#4926=DIRECTION('',(0.0,0.0,1.0));
#4927=ORIENTED_EDGE('',*,*,#9386,.T.);
#4928=ORIENTED_EDGE('',*,*,#9387,.T.);
#4929=ORIENTED_EDGE('',*,*,#9388,.F.);
#4930=ORIENTED_EDGE('',*,*,#9260,.F.);
#4931=CARTESIAN_POINT('',(1.27,5.6642,-0.635));
#4932=DIRECTION('',(0.0,-1.0,0.0));
#4933=DIRECTION('',(0.0,0.0,-1.0));
#4934=ORIENTED_EDGE('',*,*,#9388,.T.);
#4935=ORIENTED_EDGE('',*,*,#9389,.T.);
#4936=ORIENTED_EDGE('',*,*,#9299,.F.);
#4937=ORIENTED_EDGE('',*,*,#9261,.T.);
#4938=CARTESIAN_POINT('',(1.8415,6.35,-0.635));
#4939=DIRECTION('',(1.0,0.0,0.0));
#4940=DIRECTION('',(0.0,1.0,0.0));
#4941=ORIENTED_EDGE('',*,*,#9390,.F.);
#4942=ORIENTED_EDGE('',*,*,#9389,.F.);
#4943=ORIENTED_EDGE('',*,*,#9391,.T.);
#4944=ORIENTED_EDGE('',*,*,#8855,.T.);
#4945=CARTESIAN_POINT('',(2.032,6.35,-0.1905));
#4946=DIRECTION('',(0.707106781186597,0.0,-0.707106781186498));
#4947=DIRECTION('',(0.0,-1.0,0.0));
#4948=ORIENTED_EDGE('',*,*,#9391,.F.);
#4949=ORIENTED_EDGE('',*,*,#9387,.F.);
#4950=ORIENTED_EDGE('',*,*,#9392,.T.);
#4951=ORIENTED_EDGE('',*,*,#8856,.T.);
#4952=CARTESIAN_POINT('',(1.27,5.4737,-0.1905));
#4953=DIRECTION('',(0.0,-0.707106781186597,-0.707106781186498));
#4954=DIRECTION('',(0.0,0.707106781186498,-0.707106781186597));
#4955=ORIENTED_EDGE('',*,*,#9392,.F.);
#4956=ORIENTED_EDGE('',*,*,#9385,.F.);
#4957=ORIENTED_EDGE('',*,*,#9393,.T.);
#4958=ORIENTED_EDGE('',*,*,#8857,.T.);
#4959=CARTESIAN_POINT('',(0.508,6.35,-0.1905));
#4960=DIRECTION('',(-0.707106781186597,0.0,-0.707106781186498));
#4961=DIRECTION('',(-0.707106781186498,0.0,0.707106781186597));
#4962=ORIENTED_EDGE('',*,*,#9393,.F.);
#4963=ORIENTED_EDGE('',*,*,#9300,.F.);
#4964=ORIENTED_EDGE('',*,*,#9390,.T.);
#4965=ORIENTED_EDGE('',*,*,#8854,.T.);
#4966=CARTESIAN_POINT('',(1.27,7.2263,-0.1905));
#4967=DIRECTION('',(0.0,0.707106781186597,-0.707106781186498));
#4968=DIRECTION('',(-1.0,0.0,0.0));
#4969=ORIENTED_EDGE('',*,*,#9298,.T.);
#4970=ORIENTED_EDGE('',*,*,#9394,.T.);
#4971=ORIENTED_EDGE('',*,*,#9395,.F.);
#4972=ORIENTED_EDGE('',*,*,#9263,.F.);
#4973=CARTESIAN_POINT('',(3.2385,6.35,-0.635));
#4974=DIRECTION('',(-1.0,0.0,0.0));
#4975=DIRECTION('',(0.0,0.0,1.0));
#4976=ORIENTED_EDGE('',*,*,#9395,.T.);
#4977=ORIENTED_EDGE('',*,*,#9396,.T.);
#4978=ORIENTED_EDGE('',*,*,#9397,.F.);
#4979=ORIENTED_EDGE('',*,*,#9264,.F.);
#4980=CARTESIAN_POINT('',(3.81,5.6642,-0.635));
#4981=DIRECTION('',(0.0,-1.0,0.0));
#4982=DIRECTION('',(0.0,0.0,-1.0));
#4983=ORIENTED_EDGE('',*,*,#9397,.T.);
#4984=ORIENTED_EDGE('',*,*,#9398,.T.);
#4985=ORIENTED_EDGE('',*,*,#9296,.F.);
#4986=ORIENTED_EDGE('',*,*,#9265,.T.);
#4987=CARTESIAN_POINT('',(4.3815,6.35,-0.635));
#4988=DIRECTION('',(1.0,0.0,0.0));
#4989=DIRECTION('',(0.0,1.0,0.0));
#4990=ORIENTED_EDGE('',*,*,#9399,.F.);
#4991=ORIENTED_EDGE('',*,*,#9398,.F.);
#4992=ORIENTED_EDGE('',*,*,#9400,.T.);
#4993=ORIENTED_EDGE('',*,*,#8859,.T.);
#4994=CARTESIAN_POINT('',(4.572,6.35,-0.1905));
#4995=DIRECTION('',(0.707106781186597,0.0,-0.707106781186498));
#4996=DIRECTION('',(0.0,-1.0,0.0));
#4997=ORIENTED_EDGE('',*,*,#9400,.F.);
#4998=ORIENTED_EDGE('',*,*,#9396,.F.);
#4999=ORIENTED_EDGE('',*,*,#9401,.T.);
#5000=ORIENTED_EDGE('',*,*,#8860,.T.);
#5001=CARTESIAN_POINT('',(3.81,5.4737,-0.1905));
#5002=DIRECTION('',(0.0,-0.707106781186597,-0.707106781186498));
#5003=DIRECTION('',(0.0,0.707106781186498,-0.707106781186597));
#5004=ORIENTED_EDGE('',*,*,#9401,.F.);
#5005=ORIENTED_EDGE('',*,*,#9394,.F.);
#5006=ORIENTED_EDGE('',*,*,#9402,.T.);
#5007=ORIENTED_EDGE('',*,*,#8861,.T.);
#5008=CARTESIAN_POINT('',(3.048,6.35,-0.1905));
#5009=DIRECTION('',(-0.707106781186597,0.0,-0.707106781186498));
#5010=DIRECTION('',(-0.707106781186498,0.0,0.707106781186597));
#5011=ORIENTED_EDGE('',*,*,#9402,.F.);
#5012=ORIENTED_EDGE('',*,*,#9297,.F.);
#5013=ORIENTED_EDGE('',*,*,#9399,.T.);
#5014=ORIENTED_EDGE('',*,*,#8858,.T.);
#5015=CARTESIAN_POINT('',(3.81,7.2263,-0.1905));
#5016=DIRECTION('',(0.0,0.707106781186597,-0.707106781186498));
#5017=DIRECTION('',(-1.0,0.0,0.0));
#5018=ORIENTED_EDGE('',*,*,#9295,.T.);
#5019=ORIENTED_EDGE('',*,*,#9403,.T.);
#5020=ORIENTED_EDGE('',*,*,#9404,.F.);
#5021=ORIENTED_EDGE('',*,*,#9267,.F.);
#5022=CARTESIAN_POINT('',(5.7785,6.35,-0.635));
#5023=DIRECTION('',(-1.0,0.0,0.0));
#5024=DIRECTION('',(0.0,0.0,1.0));
#5025=ORIENTED_EDGE('',*,*,#9404,.T.);
#5026=ORIENTED_EDGE('',*,*,#9405,.T.);
#5027=ORIENTED_EDGE('',*,*,#9406,.F.);
#5028=ORIENTED_EDGE('',*,*,#9268,.F.);
#5029=CARTESIAN_POINT('',(6.35,5.6642,-0.635));
#5030=DIRECTION('',(0.0,-1.0,0.0));
#5031=DIRECTION('',(0.0,0.0,-1.0));
#5032=ORIENTED_EDGE('',*,*,#9406,.T.);
#5033=ORIENTED_EDGE('',*,*,#9407,.T.);
#5034=ORIENTED_EDGE('',*,*,#9293,.F.);
#5035=ORIENTED_EDGE('',*,*,#9269,.T.);
#5036=CARTESIAN_POINT('',(6.9215,6.35,-0.635));
#5037=DIRECTION('',(1.0,0.0,0.0));
#5038=DIRECTION('',(0.0,1.0,0.0));
#5039=ORIENTED_EDGE('',*,*,#9408,.F.);
#5040=ORIENTED_EDGE('',*,*,#9407,.F.);
#5041=ORIENTED_EDGE('',*,*,#9409,.T.);
#5042=ORIENTED_EDGE('',*,*,#8863,.T.);
#5043=CARTESIAN_POINT('',(7.112,6.35,-0.1905));
#5044=DIRECTION('',(0.707106781186597,0.0,-0.707106781186498));
#5045=DIRECTION('',(0.0,-1.0,0.0));
#5046=ORIENTED_EDGE('',*,*,#9409,.F.);
#5047=ORIENTED_EDGE('',*,*,#9405,.F.);
#5048=ORIENTED_EDGE('',*,*,#9410,.T.);
#5049=ORIENTED_EDGE('',*,*,#8864,.T.);
#5050=CARTESIAN_POINT('',(6.35,5.4737,-0.1905));
#5051=DIRECTION('',(0.0,-0.707106781186597,-0.707106781186498));
#5052=DIRECTION('',(0.0,0.707106781186498,-0.707106781186597));
#5053=ORIENTED_EDGE('',*,*,#9410,.F.);
#5054=ORIENTED_EDGE('',*,*,#9403,.F.);
#5055=ORIENTED_EDGE('',*,*,#9411,.T.);
#5056=ORIENTED_EDGE('',*,*,#8865,.T.);
#5057=CARTESIAN_POINT('',(5.588,6.35,-0.1905));
#5058=DIRECTION('',(-0.707106781186597,0.0,-0.707106781186498));
#5059=DIRECTION('',(-0.707106781186498,0.0,0.707106781186597));
#5060=ORIENTED_EDGE('',*,*,#9411,.F.);
#5061=ORIENTED_EDGE('',*,*,#9294,.F.);
#5062=ORIENTED_EDGE('',*,*,#9408,.T.);
#5063=ORIENTED_EDGE('',*,*,#8862,.T.);
#5064=CARTESIAN_POINT('',(6.35,7.2263,-0.1905));
#5065=DIRECTION('',(0.0,0.707106781186597,-0.707106781186498));
#5066=DIRECTION('',(-1.0,0.0,0.0));
#5067=ORIENTED_EDGE('',*,*,#9292,.T.);
#5068=ORIENTED_EDGE('',*,*,#9412,.T.);
#5069=ORIENTED_EDGE('',*,*,#9413,.F.);
#5070=ORIENTED_EDGE('',*,*,#9271,.F.);
#5071=CARTESIAN_POINT('',(8.3185,6.35,-0.635));
#5072=DIRECTION('',(-1.0,0.0,0.0));
#5073=DIRECTION('',(0.0,0.0,1.0));
#5074=ORIENTED_EDGE('',*,*,#9413,.T.);
#5075=ORIENTED_EDGE('',*,*,#9414,.T.);
#5076=ORIENTED_EDGE('',*,*,#9415,.F.);
#5077=ORIENTED_EDGE('',*,*,#9272,.F.);
#5078=CARTESIAN_POINT('',(8.89,5.6642,-0.635));
#5079=DIRECTION('',(0.0,-1.0,0.0));
#5080=DIRECTION('',(0.0,0.0,-1.0));
#5081=ORIENTED_EDGE('',*,*,#9415,.T.);
#5082=ORIENTED_EDGE('',*,*,#9416,.T.);
#5083=ORIENTED_EDGE('',*,*,#9290,.F.);
#5084=ORIENTED_EDGE('',*,*,#9273,.T.);
#5085=CARTESIAN_POINT('',(9.4615,6.35,-0.635));
#5086=DIRECTION('',(1.0,0.0,0.0));
#5087=DIRECTION('',(0.0,1.0,0.0));
#5088=ORIENTED_EDGE('',*,*,#9417,.F.);
#5089=ORIENTED_EDGE('',*,*,#9416,.F.);
#5090=ORIENTED_EDGE('',*,*,#9418,.T.);
#5091=ORIENTED_EDGE('',*,*,#8867,.T.);
#5092=CARTESIAN_POINT('',(9.652,6.35,-0.1905));
#5093=DIRECTION('',(0.707106781186597,0.0,-0.707106781186498));
#5094=DIRECTION('',(0.0,-1.0,0.0));
#5095=ORIENTED_EDGE('',*,*,#9418,.F.);
#5096=ORIENTED_EDGE('',*,*,#9414,.F.);
#5097=ORIENTED_EDGE('',*,*,#9419,.T.);
#5098=ORIENTED_EDGE('',*,*,#8868,.T.);
#5099=CARTESIAN_POINT('',(8.89,5.4737,-0.1905));
#5100=DIRECTION('',(0.0,-0.707106781186597,-0.707106781186498));
#5101=DIRECTION('',(0.0,0.707106781186498,-0.707106781186597));
#5102=ORIENTED_EDGE('',*,*,#9419,.F.);
#5103=ORIENTED_EDGE('',*,*,#9412,.F.);
#5104=ORIENTED_EDGE('',*,*,#9420,.T.);
#5105=ORIENTED_EDGE('',*,*,#8869,.T.);
#5106=CARTESIAN_POINT('',(8.128,6.35,-0.1905));
#5107=DIRECTION('',(-0.707106781186597,0.0,-0.707106781186498));
#5108=DIRECTION('',(-0.707106781186498,0.0,0.707106781186597));
#5109=ORIENTED_EDGE('',*,*,#9420,.F.);
#5110=ORIENTED_EDGE('',*,*,#9291,.F.);
#5111=ORIENTED_EDGE('',*,*,#9417,.T.);
#5112=ORIENTED_EDGE('',*,*,#8866,.T.);
#5113=CARTESIAN_POINT('',(8.89,7.2263,-0.1905));
#5114=DIRECTION('',(0.0,0.707106781186597,-0.707106781186498));
#5115=DIRECTION('',(-1.0,0.0,0.0));
#5116=ORIENTED_EDGE('',*,*,#9289,.T.);
#5117=ORIENTED_EDGE('',*,*,#9421,.T.);
#5118=ORIENTED_EDGE('',*,*,#9422,.F.);
#5119=ORIENTED_EDGE('',*,*,#9275,.F.);
#5120=CARTESIAN_POINT('',(10.8585,6.35,-0.635));
#5121=DIRECTION('',(-1.0,0.0,0.0));
#5122=DIRECTION('',(0.0,0.0,1.0));
#5123=ORIENTED_EDGE('',*,*,#9422,.T.);
#5124=ORIENTED_EDGE('',*,*,#9423,.T.);
#5125=ORIENTED_EDGE('',*,*,#9424,.F.);
#5126=ORIENTED_EDGE('',*,*,#9276,.F.);
#5127=CARTESIAN_POINT('',(11.43,5.6642,-0.635));
#5128=DIRECTION('',(0.0,-1.0,0.0));
#5129=DIRECTION('',(0.0,0.0,-1.0));
#5130=ORIENTED_EDGE('',*,*,#9424,.T.);
#5131=ORIENTED_EDGE('',*,*,#9425,.T.);
#5132=ORIENTED_EDGE('',*,*,#9287,.F.);
#5133=ORIENTED_EDGE('',*,*,#9277,.T.);
#5134=CARTESIAN_POINT('',(12.0015,6.35,-0.635));
#5135=DIRECTION('',(1.0,0.0,0.0));
#5136=DIRECTION('',(0.0,1.0,0.0));
#5137=ORIENTED_EDGE('',*,*,#9426,.F.);
#5138=ORIENTED_EDGE('',*,*,#9425,.F.);
#5139=ORIENTED_EDGE('',*,*,#9427,.T.);
#5140=ORIENTED_EDGE('',*,*,#8871,.T.);
#5141=CARTESIAN_POINT('',(12.192,6.35,-0.1905));
#5142=DIRECTION('',(0.707106781186597,0.0,-0.707106781186498));
#5143=DIRECTION('',(0.0,-1.0,0.0));
#5144=ORIENTED_EDGE('',*,*,#9427,.F.);
#5145=ORIENTED_EDGE('',*,*,#9423,.F.);
#5146=ORIENTED_EDGE('',*,*,#9428,.T.);
#5147=ORIENTED_EDGE('',*,*,#8872,.T.);
#5148=CARTESIAN_POINT('',(11.43,5.4737,-0.1905));
#5149=DIRECTION('',(0.0,-0.707106781186597,-0.707106781186498));
#5150=DIRECTION('',(0.0,0.707106781186498,-0.707106781186597));
#5151=ORIENTED_EDGE('',*,*,#9428,.F.);
#5152=ORIENTED_EDGE('',*,*,#9421,.F.);
#5153=ORIENTED_EDGE('',*,*,#9429,.T.);
#5154=ORIENTED_EDGE('',*,*,#8873,.T.);
#5155=CARTESIAN_POINT('',(10.668,6.35,-0.1905));
#5156=DIRECTION('',(-0.707106781186597,0.0,-0.707106781186498));
#5157=DIRECTION('',(-0.707106781186498,0.0,0.707106781186597));
#5158=ORIENTED_EDGE('',*,*,#9429,.F.);
#5159=ORIENTED_EDGE('',*,*,#9288,.F.);
#5160=ORIENTED_EDGE('',*,*,#9426,.T.);
#5161=ORIENTED_EDGE('',*,*,#8870,.T.);
#5162=CARTESIAN_POINT('',(11.43,7.2263,-0.1905));
#5163=DIRECTION('',(0.0,0.707106781186597,-0.707106781186498));
#5164=DIRECTION('',(-1.0,0.0,0.0));
#5165=ORIENTED_EDGE('',*,*,#8889,.F.);
#5166=ORIENTED_EDGE('',*,*,#9202,.T.);
#5167=ORIENTED_EDGE('',*,*,#9136,.F.);
#5168=ORIENTED_EDGE('',*,*,#9430,.F.);
#5169=CARTESIAN_POINT('',(-11.9888,3.0988,-6.8961));
#5170=DIRECTION('',(-1.0,0.0,0.0));
#5171=DIRECTION('',(0.0,0.0,1.0));
#5172=ORIENTED_EDGE('',*,*,#9131,.F.);
#5173=ORIENTED_EDGE('',*,*,#9431,.T.);
#5174=ORIENTED_EDGE('',*,*,#8890,.F.);
#5175=ORIENTED_EDGE('',*,*,#9430,.T.);
#5176=ORIENTED_EDGE('',*,*,#9135,.F.);
#5177=ORIENTED_EDGE('',*,*,#9432,.F.);
#5178=CARTESIAN_POINT('',(46.1419576503934,3.6068,-6.3881));
#5179=DIRECTION('',(1.0,-0.0,0.0));
#5180=DIRECTION('',(0.0,1.0,0.0));
#5181=ORIENTED_EDGE('',*,*,#9433,.T.);
#5182=ORIENTED_EDGE('',*,*,#9434,.T.);
#5183=ORIENTED_EDGE('',*,*,#9435,.T.);
#5184=ORIENTED_EDGE('',*,*,#9436,.T.);
#5185=ORIENTED_EDGE('',*,*,#9437,.F.);
#5186=ORIENTED_EDGE('',*,*,#9438,.F.);
#5187=ORIENTED_EDGE('',*,*,#9439,.T.);
#5188=ORIENTED_EDGE('',*,*,#9440,.T.);
#5189=CARTESIAN_POINT('',(-11.8618,4.1148,-1.5494));
#5190=DIRECTION('',(0.0,-1.0,0.0));
#5191=DIRECTION('',(0.0,0.0,-1.0));
#5192=ORIENTED_EDGE('',*,*,#9441,.T.);
#5193=ORIENTED_EDGE('',*,*,#9442,.T.);
#5194=ORIENTED_EDGE('',*,*,#9443,.F.);
#5195=ORIENTED_EDGE('',*,*,#9432,.T.);
#5196=CARTESIAN_POINT('',(-11.8618,4.1148,-1.5494));
#5197=DIRECTION('',(0.0,-1.0,0.0));
#5198=DIRECTION('',(0.0,0.0,-1.0));
#5199=ORIENTED_EDGE('',*,*,#9444,.F.);
#5200=ORIENTED_EDGE('',*,*,#8933,.T.);
#5201=ORIENTED_EDGE('',*,*,#9445,.T.);
#5202=ORIENTED_EDGE('',*,*,#9436,.F.);
#5203=CARTESIAN_POINT('',(-11.7983,3.0988,-1.7653));
#5204=DIRECTION('',(-1.0,0.0,0.0));
#5205=DIRECTION('',(0.0,0.0,1.0));
#5206=ORIENTED_EDGE('',*,*,#9445,.F.);
#5207=ORIENTED_EDGE('',*,*,#8932,.T.);
#5208=ORIENTED_EDGE('',*,*,#9446,.T.);
#5209=ORIENTED_EDGE('',*,*,#9433,.F.);
#5210=CARTESIAN_POINT('',(-11.7983,3.0988,-4.3053));
#5211=DIRECTION('',(0.0,0.0,-1.0));
#5212=DIRECTION('',(0.0,-1.0,0.0));
#5213=ORIENTED_EDGE('',*,*,#9446,.F.);
#5214=ORIENTED_EDGE('',*,*,#8931,.T.);
#5215=ORIENTED_EDGE('',*,*,#9447,.T.);
#5216=ORIENTED_EDGE('',*,*,#9434,.F.);
#5217=CARTESIAN_POINT('',(-11.0617,3.0988,-4.3053));
#5218=DIRECTION('',(1.0,0.0,0.0));
#5219=DIRECTION('',(0.0,1.0,0.0));
#5220=ORIENTED_EDGE('',*,*,#9447,.F.);
#5221=ORIENTED_EDGE('',*,*,#8930,.T.);
#5222=ORIENTED_EDGE('',*,*,#9444,.T.);
#5223=ORIENTED_EDGE('',*,*,#9435,.F.);
#5224=CARTESIAN_POINT('',(-11.0617,3.0988,-1.7653));
#5225=DIRECTION('',(0.0,0.0,1.0));
#5226=DIRECTION('',(1.0,0.0,0.0));
#5227=ORIENTED_EDGE('',*,*,#9448,.T.);
#5228=ORIENTED_EDGE('',*,*,#9449,.T.);
#5229=ORIENTED_EDGE('',*,*,#9450,.T.);
#5230=ORIENTED_EDGE('',*,*,#9451,.T.);
#5231=ORIENTED_EDGE('',*,*,#8773,.T.);
#5232=ORIENTED_EDGE('',*,*,#9452,.T.);
#5233=ORIENTED_EDGE('',*,*,#8767,.T.);
#5234=ORIENTED_EDGE('',*,*,#9453,.T.);
#5235=ORIENTED_EDGE('',*,*,#9454,.T.);
#5236=ORIENTED_EDGE('',*,*,#9455,.T.);
#5237=ORIENTED_EDGE('',*,*,#9456,.T.);
#5238=ORIENTED_EDGE('',*,*,#9457,.T.);
#5239=ORIENTED_EDGE('',*,*,#9458,.T.);
#5240=ORIENTED_EDGE('',*,*,#9459,.T.);
#5241=ORIENTED_EDGE('',*,*,#9460,.T.);
#5242=ORIENTED_EDGE('',*,*,#9461,.T.);
#5243=ORIENTED_EDGE('',*,*,#8765,.T.);
#5244=ORIENTED_EDGE('',*,*,#9462,.T.);
#5245=ORIENTED_EDGE('',*,*,#8759,.T.);
#5246=ORIENTED_EDGE('',*,*,#9463,.T.);
#5247=ORIENTED_EDGE('',*,*,#9132,.T.);
#5248=ORIENTED_EDGE('',*,*,#9443,.T.);
#5249=ORIENTED_EDGE('',*,*,#9464,.T.);
#5250=ORIENTED_EDGE('',*,*,#9465,.T.);
#5251=ORIENTED_EDGE('',*,*,#9466,.T.);
#5252=CARTESIAN_POINT('',(-10.9982,0.0,0.0));
#5253=DIRECTION('',(1.0,0.0,0.0));
#5254=DIRECTION('',(0.0,1.0,0.0));
#5255=ORIENTED_EDGE('',*,*,#9466,.F.);
#5256=ORIENTED_EDGE('',*,*,#9467,.F.);
#5257=ORIENTED_EDGE('',*,*,#9468,.T.);
#5258=ORIENTED_EDGE('',*,*,#9469,.F.);
#5259=CARTESIAN_POINT('',(-11.0871,0.0777793167928714,-7.112));
#5260=DIRECTION('',(0.965925826289076,-0.258819045102493,0.0));
#5261=DIRECTION('',(0.0,0.0,-1.0));
#5262=ORIENTED_EDGE('',*,*,#9470,.T.);
#5263=ORIENTED_EDGE('',*,*,#9471,.T.);
#5264=ORIENTED_EDGE('',*,*,#9448,.F.);
#5265=ORIENTED_EDGE('',*,*,#9469,.T.);
#5266=ORIENTED_EDGE('',*,*,#9472,.F.);
#5267=ORIENTED_EDGE('',*,*,#9473,.T.);
#5268=CARTESIAN_POINT('',(-11.8618,-0.254,-7.2136));
#5269=DIRECTION('',(0.0,0.0,-1.0));
#5270=DIRECTION('',(0.0,-1.0,0.0));
#5271=ORIENTED_EDGE('',*,*,#9474,.F.);
#5272=ORIENTED_EDGE('',*,*,#9473,.F.);
#5273=ORIENTED_EDGE('',*,*,#9475,.T.);
#5274=ORIENTED_EDGE('',*,*,#9476,.F.);
#5275=CARTESIAN_POINT('',(-11.7729,0.0777793167928714,-7.112));
#5276=DIRECTION('',(-0.965925826289076,-0.258819045102493,0.0));
#5277=DIRECTION('',(-0.258819045102493,0.965925826289076,0.0));
#5278=ORIENTED_EDGE('',*,*,#9477,.T.);
#5279=ORIENTED_EDGE('',*,*,#9467,.T.);
#5280=ORIENTED_EDGE('',*,*,#9465,.F.);
#5281=ORIENTED_EDGE('',*,*,#9478,.F.);
#5282=ORIENTED_EDGE('',*,*,#9479,.T.);
#5283=ORIENTED_EDGE('',*,*,#9476,.T.);
#5284=CARTESIAN_POINT('',(-11.8618,3.6068,-7.0104));
#5285=DIRECTION('',(0.0,0.0,1.0));
#5286=DIRECTION('',(1.0,0.0,0.0));
#5287=ORIENTED_EDGE('',*,*,#9479,.F.);
#5288=ORIENTED_EDGE('',*,*,#9480,.F.);
#5289=ORIENTED_EDGE('',*,*,#9441,.F.);
#5290=ORIENTED_EDGE('',*,*,#9134,.F.);
#5291=ORIENTED_EDGE('',*,*,#9481,.F.);
#5292=ORIENTED_EDGE('',*,*,#8761,.F.);
#5293=ORIENTED_EDGE('',*,*,#9482,.F.);
#5294=ORIENTED_EDGE('',*,*,#8763,.F.);
#5295=ORIENTED_EDGE('',*,*,#9483,.F.);
#5296=ORIENTED_EDGE('',*,*,#9484,.F.);
#5297=ORIENTED_EDGE('',*,*,#9485,.F.);
#5298=ORIENTED_EDGE('',*,*,#9486,.F.);
#5299=ORIENTED_EDGE('',*,*,#9487,.F.);
#5300=ORIENTED_EDGE('',*,*,#9488,.F.);
#5301=ORIENTED_EDGE('',*,*,#9489,.F.);
#5302=ORIENTED_EDGE('',*,*,#9490,.F.);
#5303=ORIENTED_EDGE('',*,*,#9491,.F.);
#5304=ORIENTED_EDGE('',*,*,#8769,.F.);
#5305=ORIENTED_EDGE('',*,*,#9492,.F.);
#5306=ORIENTED_EDGE('',*,*,#8771,.F.);
#5307=ORIENTED_EDGE('',*,*,#9493,.F.);
#5308=ORIENTED_EDGE('',*,*,#9494,.F.);
#5309=ORIENTED_EDGE('',*,*,#9495,.F.);
#5310=ORIENTED_EDGE('',*,*,#9470,.F.);
#5311=ORIENTED_EDGE('',*,*,#9474,.T.);
#5312=CARTESIAN_POINT('',(-11.8618,0.0,0.0));
#5313=DIRECTION('',(1.0,0.0,0.0));
#5314=DIRECTION('',(0.0,1.0,0.0));
#5315=ORIENTED_EDGE('',*,*,#9496,.T.);
#5316=ORIENTED_EDGE('',*,*,#9449,.F.);
#5317=ORIENTED_EDGE('',*,*,#9471,.F.);
#5318=ORIENTED_EDGE('',*,*,#9495,.T.);
#5319=CARTESIAN_POINT('',(-11.8618,3.6068,-6.5024));
#5320=DIRECTION('',(-1.0,0.0,-0.0));
#5321=DIRECTION('',(0.0,0.0,-1.0));
#5322=ORIENTED_EDGE('',*,*,#9497,.T.);
#5323=ORIENTED_EDGE('',*,*,#9450,.F.);
#5324=ORIENTED_EDGE('',*,*,#9496,.F.);
#5325=ORIENTED_EDGE('',*,*,#9494,.T.);
#5326=CARTESIAN_POINT('',(-11.8618,4.318,-6.5024));
#5327=DIRECTION('',(-0.0,1.0,0.0));
#5328=DIRECTION('',(1.0,0.0,0.0));
#5329=ORIENTED_EDGE('',*,*,#8770,.T.);
#5330=ORIENTED_EDGE('',*,*,#9451,.F.);
#5331=ORIENTED_EDGE('',*,*,#9497,.F.);
#5332=ORIENTED_EDGE('',*,*,#9493,.T.);
#5333=CARTESIAN_POINT('',(-11.8618,4.8768,-1.5494));
#5334=DIRECTION('',(-1.0,0.0,-0.0));
#5335=DIRECTION('',(0.0,0.0,-1.0));
#5336=ORIENTED_EDGE('',*,*,#8768,.T.);
#5337=ORIENTED_EDGE('',*,*,#9452,.F.);
#5338=ORIENTED_EDGE('',*,*,#8772,.F.);
#5339=ORIENTED_EDGE('',*,*,#9492,.T.);
#5340=CARTESIAN_POINT('',(-11.8618,5.36494246691352,-1.27741769911504));
#5341=DIRECTION('',(0.0,-0.873554879947121,-0.486725663716812));
#5342=DIRECTION('',(0.0,0.486725663716812,-0.873554879947121));
#5343=ORIENTED_EDGE('',*,*,#8766,.T.);
#5344=ORIENTED_EDGE('',*,*,#9491,.T.);
#5345=ORIENTED_EDGE('',*,*,#9498,.T.);
#5346=ORIENTED_EDGE('',*,*,#9453,.F.);
#5347=CARTESIAN_POINT('',(-11.8618,6.2738,-4.0566772164236));
#5348=DIRECTION('',(-1.0,0.0,-0.0));
#5349=DIRECTION('',(0.0,0.0,-1.0));
#5350=ORIENTED_EDGE('',*,*,#9499,.T.);
#5351=ORIENTED_EDGE('',*,*,#9454,.F.);
#5352=ORIENTED_EDGE('',*,*,#9498,.F.);
#5353=ORIENTED_EDGE('',*,*,#9490,.T.);
#5354=CARTESIAN_POINT('',(-11.8618,5.89988981716654,-4.4719465449003));
#5355=DIRECTION('',(0.0,0.669130606358878,0.743144825477376));
#5356=DIRECTION('',(1.0,-0.0,0.0));
#5357=ORIENTED_EDGE('',*,*,#9500,.T.);
#5358=ORIENTED_EDGE('',*,*,#9455,.F.);
#5359=ORIENTED_EDGE('',*,*,#9499,.F.);
#5360=ORIENTED_EDGE('',*,*,#9489,.T.);
#5361=CARTESIAN_POINT('',(-11.8618,5.3848,-3.25621802104344));
#5362=DIRECTION('',(-1.0,0.0,-0.0));
#5363=DIRECTION('',(0.0,0.0,-1.0));
#5364=ORIENTED_EDGE('',*,*,#9501,.T.);
#5365=ORIENTED_EDGE('',*,*,#9456,.F.);
#5366=ORIENTED_EDGE('',*,*,#9500,.F.);
#5367=ORIENTED_EDGE('',*,*,#9488,.T.);
#5368=CARTESIAN_POINT('',(-11.8618,4.9695306715233,-2.88230783820998));
#5369=DIRECTION('',(0.0,0.743144825477376,-0.669130606358878));
#5370=DIRECTION('',(-1.0,0.0,0.0));
#5371=ORIENTED_EDGE('',*,*,#9502,.T.);
#5372=ORIENTED_EDGE('',*,*,#9457,.F.);
#5373=ORIENTED_EDGE('',*,*,#9501,.F.);
#5374=ORIENTED_EDGE('',*,*,#9487,.T.);
#5375=CARTESIAN_POINT('',(-11.8618,5.05451025853102,-2.78792844537402));
#5376=DIRECTION('',(0.0,0.669130606358878,0.743144825477376));
#5377=DIRECTION('',(1.0,-0.0,0.0));
#5378=ORIENTED_EDGE('',*,*,#9503,.T.);
#5379=ORIENTED_EDGE('',*,*,#9458,.F.);
#5380=ORIENTED_EDGE('',*,*,#9502,.F.);
#5381=ORIENTED_EDGE('',*,*,#9486,.T.);
#5382=CARTESIAN_POINT('',(-11.8618,4.9035032299945,-2.65196110616116));
#5383=DIRECTION('',(0.0,-0.743144825477376,0.669130606358878));
#5384=DIRECTION('',(-1.0,0.0,0.0));
#5385=ORIENTED_EDGE('',*,*,#9504,.T.);
#5386=ORIENTED_EDGE('',*,*,#9459,.F.);
#5387=ORIENTED_EDGE('',*,*,#9503,.F.);
#5388=ORIENTED_EDGE('',*,*,#9485,.T.);
#5389=CARTESIAN_POINT('',(-11.8618,5.3848,-3.25621802104344));
#5390=DIRECTION('',(-1.0,0.0,-0.0));
#5391=DIRECTION('',(0.0,0.0,-1.0));
#5392=ORIENTED_EDGE('',*,*,#9505,.T.);
#5393=ORIENTED_EDGE('',*,*,#9460,.F.);
#5394=ORIENTED_EDGE('',*,*,#9504,.F.);
#5395=ORIENTED_EDGE('',*,*,#9484,.T.);
#5396=CARTESIAN_POINT('',(-11.8618,4.87492247795368,-3.82249437805666));
#5397=DIRECTION('',(0.0,-0.669130606358878,-0.743144825477376));
#5398=DIRECTION('',(0.0,-0.743144825477376,0.669130606358878));
#5399=ORIENTED_EDGE('',*,*,#8762,.T.);
#5400=ORIENTED_EDGE('',*,*,#9461,.F.);
#5401=ORIENTED_EDGE('',*,*,#9505,.F.);
#5402=ORIENTED_EDGE('',*,*,#9483,.T.);
#5403=CARTESIAN_POINT('',(-11.8618,6.2738,-4.0566772164236));
#5404=DIRECTION('',(-1.0,0.0,-0.0));
#5405=DIRECTION('',(0.0,0.0,-1.0));
#5406=ORIENTED_EDGE('',*,*,#8760,.T.);
#5407=ORIENTED_EDGE('',*,*,#9462,.F.);
#5408=ORIENTED_EDGE('',*,*,#8764,.F.);
#5409=ORIENTED_EDGE('',*,*,#9482,.T.);
#5410=CARTESIAN_POINT('',(-11.8618,6.93944881851936,-3.6857922606715));
#5411=DIRECTION('',(0.0,0.873554879947121,0.486725663716812));
#5412=DIRECTION('',(1.0,0.0,-0.0));
#5413=ORIENTED_EDGE('',*,*,#8758,.T.);
#5414=ORIENTED_EDGE('',*,*,#9481,.T.);
#5415=ORIENTED_EDGE('',*,*,#9133,.T.);
#5416=ORIENTED_EDGE('',*,*,#9463,.F.);
#5417=CARTESIAN_POINT('',(-11.8618,4.8768,-1.5494));
#5418=DIRECTION('',(-1.0,0.0,-0.0));
#5419=DIRECTION('',(0.0,0.0,-1.0));
#5420=ORIENTED_EDGE('',*,*,#9478,.T.);
#5421=ORIENTED_EDGE('',*,*,#9464,.F.);
#5422=ORIENTED_EDGE('',*,*,#9442,.F.);
#5423=ORIENTED_EDGE('',*,*,#9480,.T.);
#5424=CARTESIAN_POINT('',(-11.8618,3.6068,-6.5024));
#5425=DIRECTION('',(-1.0,0.0,-0.0));
#5426=DIRECTION('',(0.0,0.0,-1.0));
#5427=ORIENTED_EDGE('',*,*,#9472,.T.);
#5428=ORIENTED_EDGE('',*,*,#9468,.F.);
#5429=ORIENTED_EDGE('',*,*,#9477,.F.);
#5430=ORIENTED_EDGE('',*,*,#9475,.F.);
#5431=CARTESIAN_POINT('',(-11.8618,-0.254,-7.0104));
#5432=DIRECTION('',(0.0,-1.0,0.0));
#5433=DIRECTION('',(0.0,0.0,-1.0));
#5434=ORIENTED_EDGE('',*,*,#9506,.T.);
#5435=ORIENTED_EDGE('',*,*,#9507,.T.);
#5436=ORIENTED_EDGE('',*,*,#9508,.T.);
#5437=ORIENTED_EDGE('',*,*,#9440,.F.);
#5438=CARTESIAN_POINT('',(-11.176,0.0,0.0));
#5439=DIRECTION('',(1.0,0.0,0.0));
#5440=DIRECTION('',(0.0,1.0,0.0));
#5441=ORIENTED_EDGE('',*,*,#9508,.F.);
#5442=ORIENTED_EDGE('',*,*,#9509,.T.);
#5443=ORIENTED_EDGE('',*,*,#9510,.T.);
#5444=ORIENTED_EDGE('',*,*,#9437,.T.);
#5445=CARTESIAN_POINT('',(-11.176,3.95877782857532,-4.21801590584362));
#5446=DIRECTION('',(0.0,0.0,-1.0));
#5447=DIRECTION('',(0.0,-1.0,0.0));
#5448=ORIENTED_EDGE('',*,*,#9510,.F.);
#5449=ORIENTED_EDGE('',*,*,#9511,.F.);
#5450=ORIENTED_EDGE('',*,*,#9512,.F.);
#5451=ORIENTED_EDGE('',*,*,#9438,.T.);
#5452=CARTESIAN_POINT('',(-11.684,0.0,0.0));
#5453=DIRECTION('',(1.0,0.0,0.0));
#5454=DIRECTION('',(0.0,1.0,0.0));
#5455=ORIENTED_EDGE('',*,*,#9512,.T.);
#5456=ORIENTED_EDGE('',*,*,#9513,.F.);
#5457=ORIENTED_EDGE('',*,*,#9506,.F.);
#5458=ORIENTED_EDGE('',*,*,#9439,.F.);
#5459=CARTESIAN_POINT('',(-11.176,4.1148,-2.6162));
#5460=DIRECTION('',(0.0,-0.93278793092656,0.360425687094785));
#5461=DIRECTION('',(-1.0,0.0,0.0));
#5462=ORIENTED_EDGE('',*,*,#9513,.T.);
#5463=ORIENTED_EDGE('',*,*,#9511,.T.);
#5464=ORIENTED_EDGE('',*,*,#9509,.F.);
#5465=ORIENTED_EDGE('',*,*,#9507,.F.);
#5466=CARTESIAN_POINT('',(-11.176,3.556,-4.06238409415638));
#5467=DIRECTION('',(0.0,-0.360425687094785,-0.93278793092656));
#5468=DIRECTION('',(0.0,-0.93278793092656,0.360425687094785));
#5469=ORIENTED_EDGE('',*,*,#9203,.F.);
#5470=ORIENTED_EDGE('',*,*,#8891,.F.);
#5471=ORIENTED_EDGE('',*,*,#9431,.F.);
#5472=ORIENTED_EDGE('',*,*,#9130,.F.);
#5473=CARTESIAN_POINT('',(-10.8712,3.0988,-7.874));
#5474=DIRECTION('',(1.0,0.0,0.0));
#5475=DIRECTION('',(0.0,1.0,0.0));
#5476=ORIENTED_EDGE('',*,*,#8893,.F.);
#5477=ORIENTED_EDGE('',*,*,#9204,.T.);
#5478=ORIENTED_EDGE('',*,*,#9128,.F.);
#5479=ORIENTED_EDGE('',*,*,#9514,.F.);
#5480=CARTESIAN_POINT('',(-9.4488,3.0988,-6.8961));
#5481=DIRECTION('',(-1.0,0.0,0.0));
#5482=DIRECTION('',(0.0,0.0,1.0));
#5483=ORIENTED_EDGE('',*,*,#9123,.F.);
#5484=ORIENTED_EDGE('',*,*,#9515,.T.);
#5485=ORIENTED_EDGE('',*,*,#8894,.F.);
#5486=ORIENTED_EDGE('',*,*,#9514,.T.);
#5487=ORIENTED_EDGE('',*,*,#9127,.F.);
#5488=ORIENTED_EDGE('',*,*,#9516,.F.);
#5489=CARTESIAN_POINT('',(43.8384350399218,3.6068,-6.3881));
#5490=DIRECTION('',(1.0,-0.0,0.0));
#5491=DIRECTION('',(0.0,1.0,0.0));
#5492=ORIENTED_EDGE('',*,*,#9517,.T.);
#5493=ORIENTED_EDGE('',*,*,#9518,.T.);
#5494=ORIENTED_EDGE('',*,*,#9519,.T.);
#5495=ORIENTED_EDGE('',*,*,#9520,.T.);
#5496=ORIENTED_EDGE('',*,*,#9521,.F.);
#5497=ORIENTED_EDGE('',*,*,#9522,.F.);
#5498=ORIENTED_EDGE('',*,*,#9523,.T.);
#5499=ORIENTED_EDGE('',*,*,#9524,.T.);
#5500=CARTESIAN_POINT('',(-9.3218,4.1148,-1.5494));
#5501=DIRECTION('',(0.0,-1.0,0.0));
#5502=DIRECTION('',(0.0,0.0,-1.0));
#5503=ORIENTED_EDGE('',*,*,#9525,.T.);
#5504=ORIENTED_EDGE('',*,*,#9526,.T.);
#5505=ORIENTED_EDGE('',*,*,#9527,.F.);
#5506=ORIENTED_EDGE('',*,*,#9516,.T.);
#5507=CARTESIAN_POINT('',(-9.3218,4.1148,-1.5494));
#5508=DIRECTION('',(0.0,-1.0,0.0));
#5509=DIRECTION('',(0.0,0.0,-1.0));
#5510=ORIENTED_EDGE('',*,*,#9528,.F.);
#5511=ORIENTED_EDGE('',*,*,#8937,.T.);
#5512=ORIENTED_EDGE('',*,*,#9529,.T.);
#5513=ORIENTED_EDGE('',*,*,#9520,.F.);
#5514=CARTESIAN_POINT('',(-9.2583,3.0988,-1.7653));
#5515=DIRECTION('',(-1.0,0.0,0.0));
#5516=DIRECTION('',(0.0,0.0,1.0));
#5517=ORIENTED_EDGE('',*,*,#9529,.F.);
#5518=ORIENTED_EDGE('',*,*,#8936,.T.);
#5519=ORIENTED_EDGE('',*,*,#9530,.T.);
#5520=ORIENTED_EDGE('',*,*,#9517,.F.);
#5521=CARTESIAN_POINT('',(-9.2583,3.0988,-4.3053));
#5522=DIRECTION('',(0.0,0.0,-1.0));
#5523=DIRECTION('',(0.0,-1.0,0.0));
#5524=ORIENTED_EDGE('',*,*,#9530,.F.);
#5525=ORIENTED_EDGE('',*,*,#8935,.T.);
#5526=ORIENTED_EDGE('',*,*,#9531,.T.);
#5527=ORIENTED_EDGE('',*,*,#9518,.F.);
#5528=CARTESIAN_POINT('',(-8.5217,3.0988,-4.3053));
#5529=DIRECTION('',(1.0,0.0,0.0));
#5530=DIRECTION('',(0.0,1.0,0.0));
#5531=ORIENTED_EDGE('',*,*,#9531,.F.);
#5532=ORIENTED_EDGE('',*,*,#8934,.T.);
#5533=ORIENTED_EDGE('',*,*,#9528,.T.);
#5534=ORIENTED_EDGE('',*,*,#9519,.F.);
#5535=CARTESIAN_POINT('',(-8.5217,3.0988,-1.7653));
#5536=DIRECTION('',(0.0,0.0,1.0));
#5537=DIRECTION('',(1.0,0.0,0.0));
#5538=ORIENTED_EDGE('',*,*,#9532,.T.);
#5539=ORIENTED_EDGE('',*,*,#9533,.T.);
#5540=ORIENTED_EDGE('',*,*,#9534,.T.);
#5541=ORIENTED_EDGE('',*,*,#9535,.T.);
#5542=ORIENTED_EDGE('',*,*,#8757,.T.);
#5543=ORIENTED_EDGE('',*,*,#9536,.T.);
#5544=ORIENTED_EDGE('',*,*,#8751,.T.);
#5545=ORIENTED_EDGE('',*,*,#9537,.T.);
#5546=ORIENTED_EDGE('',*,*,#9538,.T.);
#5547=ORIENTED_EDGE('',*,*,#9539,.T.);
#5548=ORIENTED_EDGE('',*,*,#9540,.T.);
#5549=ORIENTED_EDGE('',*,*,#9541,.T.);
#5550=ORIENTED_EDGE('',*,*,#9542,.T.);
#5551=ORIENTED_EDGE('',*,*,#9543,.T.);
#5552=ORIENTED_EDGE('',*,*,#9544,.T.);
#5553=ORIENTED_EDGE('',*,*,#9545,.T.);
#5554=ORIENTED_EDGE('',*,*,#8749,.T.);
#5555=ORIENTED_EDGE('',*,*,#9546,.T.);
#5556=ORIENTED_EDGE('',*,*,#8743,.T.);
#5557=ORIENTED_EDGE('',*,*,#9547,.T.);
#5558=ORIENTED_EDGE('',*,*,#9124,.T.);
#5559=ORIENTED_EDGE('',*,*,#9527,.T.);
#5560=ORIENTED_EDGE('',*,*,#9548,.T.);
#5561=ORIENTED_EDGE('',*,*,#9549,.T.);
#5562=ORIENTED_EDGE('',*,*,#9550,.T.);
#5563=CARTESIAN_POINT('',(-8.4582,0.0,0.0));
#5564=DIRECTION('',(1.0,0.0,0.0));
#5565=DIRECTION('',(0.0,1.0,0.0));
#5566=ORIENTED_EDGE('',*,*,#9550,.F.);
#5567=ORIENTED_EDGE('',*,*,#9551,.F.);
#5568=ORIENTED_EDGE('',*,*,#9552,.T.);
#5569=ORIENTED_EDGE('',*,*,#9553,.F.);
#5570=CARTESIAN_POINT('',(-8.5471,0.0777793167928714,-7.112));
#5571=DIRECTION('',(0.965925826289076,-0.258819045102493,0.0));
#5572=DIRECTION('',(0.0,0.0,-1.0));
#5573=ORIENTED_EDGE('',*,*,#9554,.T.);
#5574=ORIENTED_EDGE('',*,*,#9555,.T.);
#5575=ORIENTED_EDGE('',*,*,#9532,.F.);
#5576=ORIENTED_EDGE('',*,*,#9553,.T.);
#5577=ORIENTED_EDGE('',*,*,#9556,.F.);
#5578=ORIENTED_EDGE('',*,*,#9557,.T.);
#5579=CARTESIAN_POINT('',(-9.3218,-0.254,-7.2136));
#5580=DIRECTION('',(0.0,0.0,-1.0));
#5581=DIRECTION('',(0.0,-1.0,0.0));
#5582=ORIENTED_EDGE('',*,*,#9558,.F.);
#5583=ORIENTED_EDGE('',*,*,#9557,.F.);
#5584=ORIENTED_EDGE('',*,*,#9559,.T.);
#5585=ORIENTED_EDGE('',*,*,#9560,.F.);
#5586=CARTESIAN_POINT('',(-9.2329,0.0777793167928714,-7.112));
#5587=DIRECTION('',(-0.965925826289076,-0.258819045102493,0.0));
#5588=DIRECTION('',(-0.258819045102493,0.965925826289076,0.0));
#5589=ORIENTED_EDGE('',*,*,#9561,.T.);
#5590=ORIENTED_EDGE('',*,*,#9551,.T.);
#5591=ORIENTED_EDGE('',*,*,#9549,.F.);
#5592=ORIENTED_EDGE('',*,*,#9562,.F.);
#5593=ORIENTED_EDGE('',*,*,#9563,.T.);
#5594=ORIENTED_EDGE('',*,*,#9560,.T.);
#5595=CARTESIAN_POINT('',(-9.3218,3.6068,-7.0104));
#5596=DIRECTION('',(0.0,0.0,1.0));
#5597=DIRECTION('',(1.0,0.0,0.0));
#5598=ORIENTED_EDGE('',*,*,#9563,.F.);
#5599=ORIENTED_EDGE('',*,*,#9564,.F.);
#5600=ORIENTED_EDGE('',*,*,#9525,.F.);
#5601=ORIENTED_EDGE('',*,*,#9126,.F.);
#5602=ORIENTED_EDGE('',*,*,#9565,.F.);
#5603=ORIENTED_EDGE('',*,*,#8745,.F.);
#5604=ORIENTED_EDGE('',*,*,#9566,.F.);
#5605=ORIENTED_EDGE('',*,*,#8747,.F.);
#5606=ORIENTED_EDGE('',*,*,#9567,.F.);
#5607=ORIENTED_EDGE('',*,*,#9568,.F.);
#5608=ORIENTED_EDGE('',*,*,#9569,.F.);
#5609=ORIENTED_EDGE('',*,*,#9570,.F.);
#5610=ORIENTED_EDGE('',*,*,#9571,.F.);
#5611=ORIENTED_EDGE('',*,*,#9572,.F.);
#5612=ORIENTED_EDGE('',*,*,#9573,.F.);
#5613=ORIENTED_EDGE('',*,*,#9574,.F.);
#5614=ORIENTED_EDGE('',*,*,#9575,.F.);
#5615=ORIENTED_EDGE('',*,*,#8753,.F.);
#5616=ORIENTED_EDGE('',*,*,#9576,.F.);
#5617=ORIENTED_EDGE('',*,*,#8755,.F.);
#5618=ORIENTED_EDGE('',*,*,#9577,.F.);
#5619=ORIENTED_EDGE('',*,*,#9578,.F.);
#5620=ORIENTED_EDGE('',*,*,#9579,.F.);
#5621=ORIENTED_EDGE('',*,*,#9554,.F.);
#5622=ORIENTED_EDGE('',*,*,#9558,.T.);
#5623=CARTESIAN_POINT('',(-9.3218,0.0,0.0));
#5624=DIRECTION('',(1.0,0.0,0.0));
#5625=DIRECTION('',(0.0,1.0,0.0));
#5626=ORIENTED_EDGE('',*,*,#9580,.T.);
#5627=ORIENTED_EDGE('',*,*,#9533,.F.);
#5628=ORIENTED_EDGE('',*,*,#9555,.F.);
#5629=ORIENTED_EDGE('',*,*,#9579,.T.);
#5630=CARTESIAN_POINT('',(-9.3218,3.6068,-6.5024));
#5631=DIRECTION('',(-1.0,0.0,-0.0));
#5632=DIRECTION('',(0.0,0.0,-1.0));
#5633=ORIENTED_EDGE('',*,*,#9581,.T.);
#5634=ORIENTED_EDGE('',*,*,#9534,.F.);
#5635=ORIENTED_EDGE('',*,*,#9580,.F.);
#5636=ORIENTED_EDGE('',*,*,#9578,.T.);
#5637=CARTESIAN_POINT('',(-9.3218,4.318,-6.5024));
#5638=DIRECTION('',(-0.0,1.0,0.0));
#5639=DIRECTION('',(1.0,0.0,0.0));
#5640=ORIENTED_EDGE('',*,*,#8754,.T.);
#5641=ORIENTED_EDGE('',*,*,#9535,.F.);
#5642=ORIENTED_EDGE('',*,*,#9581,.F.);
#5643=ORIENTED_EDGE('',*,*,#9577,.T.);
#5644=CARTESIAN_POINT('',(-9.3218,4.8768,-1.5494));
#5645=DIRECTION('',(-1.0,0.0,-0.0));
#5646=DIRECTION('',(0.0,0.0,-1.0));
#5647=ORIENTED_EDGE('',*,*,#8752,.T.);
#5648=ORIENTED_EDGE('',*,*,#9536,.F.);
#5649=ORIENTED_EDGE('',*,*,#8756,.F.);
#5650=ORIENTED_EDGE('',*,*,#9576,.T.);
#5651=CARTESIAN_POINT('',(-9.3218,5.36494246691352,-1.27741769911504));
#5652=DIRECTION('',(0.0,-0.873554879947121,-0.486725663716812));
#5653=DIRECTION('',(0.0,0.486725663716812,-0.873554879947121));
#5654=ORIENTED_EDGE('',*,*,#8750,.T.);
#5655=ORIENTED_EDGE('',*,*,#9575,.T.);
#5656=ORIENTED_EDGE('',*,*,#9582,.T.);
#5657=ORIENTED_EDGE('',*,*,#9537,.F.);
#5658=CARTESIAN_POINT('',(-9.3218,6.2738,-4.0566772164236));
#5659=DIRECTION('',(-1.0,0.0,-0.0));
#5660=DIRECTION('',(0.0,0.0,-1.0));
#5661=ORIENTED_EDGE('',*,*,#9583,.T.);
#5662=ORIENTED_EDGE('',*,*,#9538,.F.);
#5663=ORIENTED_EDGE('',*,*,#9582,.F.);
#5664=ORIENTED_EDGE('',*,*,#9574,.T.);
#5665=CARTESIAN_POINT('',(-9.3218,5.89988981716654,-4.4719465449003));
#5666=DIRECTION('',(0.0,0.669130606358878,0.743144825477376));
#5667=DIRECTION('',(1.0,-0.0,0.0));
#5668=ORIENTED_EDGE('',*,*,#9584,.T.);
#5669=ORIENTED_EDGE('',*,*,#9539,.F.);
#5670=ORIENTED_EDGE('',*,*,#9583,.F.);
#5671=ORIENTED_EDGE('',*,*,#9573,.T.);
#5672=CARTESIAN_POINT('',(-9.3218,5.3848,-3.25621802104344));
#5673=DIRECTION('',(-1.0,0.0,-0.0));
#5674=DIRECTION('',(0.0,0.0,-1.0));
#5675=ORIENTED_EDGE('',*,*,#9585,.T.);
#5676=ORIENTED_EDGE('',*,*,#9540,.F.);
#5677=ORIENTED_EDGE('',*,*,#9584,.F.);
#5678=ORIENTED_EDGE('',*,*,#9572,.T.);
#5679=CARTESIAN_POINT('',(-9.3218,4.9695306715233,-2.88230783820998));
#5680=DIRECTION('',(0.0,0.743144825477376,-0.669130606358878));
#5681=DIRECTION('',(-1.0,0.0,0.0));
#5682=ORIENTED_EDGE('',*,*,#9586,.T.);
#5683=ORIENTED_EDGE('',*,*,#9541,.F.);
#5684=ORIENTED_EDGE('',*,*,#9585,.F.);
#5685=ORIENTED_EDGE('',*,*,#9571,.T.);
#5686=CARTESIAN_POINT('',(-9.3218,5.05451025853102,-2.78792844537402));
#5687=DIRECTION('',(0.0,0.669130606358878,0.743144825477376));
#5688=DIRECTION('',(1.0,-0.0,0.0));
#5689=ORIENTED_EDGE('',*,*,#9587,.T.);
#5690=ORIENTED_EDGE('',*,*,#9542,.F.);
#5691=ORIENTED_EDGE('',*,*,#9586,.F.);
#5692=ORIENTED_EDGE('',*,*,#9570,.T.);
#5693=CARTESIAN_POINT('',(-9.3218,4.9035032299945,-2.65196110616116));
#5694=DIRECTION('',(0.0,-0.743144825477376,0.669130606358878));
#5695=DIRECTION('',(-1.0,0.0,0.0));
#5696=ORIENTED_EDGE('',*,*,#9588,.T.);
#5697=ORIENTED_EDGE('',*,*,#9543,.F.);
#5698=ORIENTED_EDGE('',*,*,#9587,.F.);
#5699=ORIENTED_EDGE('',*,*,#9569,.T.);
#5700=CARTESIAN_POINT('',(-9.3218,5.3848,-3.25621802104344));
#5701=DIRECTION('',(-1.0,0.0,-0.0));
#5702=DIRECTION('',(0.0,0.0,-1.0));
#5703=ORIENTED_EDGE('',*,*,#9589,.T.);
#5704=ORIENTED_EDGE('',*,*,#9544,.F.);
#5705=ORIENTED_EDGE('',*,*,#9588,.F.);
#5706=ORIENTED_EDGE('',*,*,#9568,.T.);
#5707=CARTESIAN_POINT('',(-9.3218,4.87492247795368,-3.82249437805666));
#5708=DIRECTION('',(0.0,-0.669130606358878,-0.743144825477376));
#5709=DIRECTION('',(0.0,-0.743144825477376,0.669130606358878));
#5710=ORIENTED_EDGE('',*,*,#8746,.T.);
#5711=ORIENTED_EDGE('',*,*,#9545,.F.);
#5712=ORIENTED_EDGE('',*,*,#9589,.F.);
#5713=ORIENTED_EDGE('',*,*,#9567,.T.);
#5714=CARTESIAN_POINT('',(-9.3218,6.2738,-4.0566772164236));
#5715=DIRECTION('',(-1.0,0.0,-0.0));
#5716=DIRECTION('',(0.0,0.0,-1.0));
#5717=ORIENTED_EDGE('',*,*,#8744,.T.);
#5718=ORIENTED_EDGE('',*,*,#9546,.F.);
#5719=ORIENTED_EDGE('',*,*,#8748,.F.);
#5720=ORIENTED_EDGE('',*,*,#9566,.T.);
#5721=CARTESIAN_POINT('',(-9.3218,6.93944881851936,-3.6857922606715));
#5722=DIRECTION('',(0.0,0.873554879947121,0.486725663716812));
#5723=DIRECTION('',(1.0,0.0,-0.0));
#5724=ORIENTED_EDGE('',*,*,#8742,.T.);
#5725=ORIENTED_EDGE('',*,*,#9565,.T.);
#5726=ORIENTED_EDGE('',*,*,#9125,.T.);
#5727=ORIENTED_EDGE('',*,*,#9547,.F.);
#5728=CARTESIAN_POINT('',(-9.3218,4.8768,-1.5494));
#5729=DIRECTION('',(-1.0,0.0,-0.0));
#5730=DIRECTION('',(0.0,0.0,-1.0));
#5731=ORIENTED_EDGE('',*,*,#9562,.T.);
#5732=ORIENTED_EDGE('',*,*,#9548,.F.);
#5733=ORIENTED_EDGE('',*,*,#9526,.F.);
#5734=ORIENTED_EDGE('',*,*,#9564,.T.);
#5735=CARTESIAN_POINT('',(-9.3218,3.6068,-6.5024));
#5736=DIRECTION('',(-1.0,0.0,-0.0));
#5737=DIRECTION('',(0.0,0.0,-1.0));
#5738=ORIENTED_EDGE('',*,*,#9556,.T.);
#5739=ORIENTED_EDGE('',*,*,#9552,.F.);
#5740=ORIENTED_EDGE('',*,*,#9561,.F.);
#5741=ORIENTED_EDGE('',*,*,#9559,.F.);
#5742=CARTESIAN_POINT('',(-9.3218,-0.254,-7.0104));
#5743=DIRECTION('',(0.0,-1.0,0.0));
#5744=DIRECTION('',(0.0,0.0,-1.0));
#5745=ORIENTED_EDGE('',*,*,#9590,.T.);
#5746=ORIENTED_EDGE('',*,*,#9591,.T.);
#5747=ORIENTED_EDGE('',*,*,#9592,.T.);
#5748=ORIENTED_EDGE('',*,*,#9524,.F.);
#5749=CARTESIAN_POINT('',(-8.636,0.0,0.0));
#5750=DIRECTION('',(1.0,0.0,0.0));
#5751=DIRECTION('',(0.0,1.0,0.0));
#5752=ORIENTED_EDGE('',*,*,#9592,.F.);
#5753=ORIENTED_EDGE('',*,*,#9593,.T.);
#5754=ORIENTED_EDGE('',*,*,#9594,.T.);
#5755=ORIENTED_EDGE('',*,*,#9521,.T.);
#5756=CARTESIAN_POINT('',(-8.636,3.95877782857532,-4.21801590584362));
#5757=DIRECTION('',(0.0,0.0,-1.0));
#5758=DIRECTION('',(0.0,-1.0,0.0));
#5759=ORIENTED_EDGE('',*,*,#9594,.F.);
#5760=ORIENTED_EDGE('',*,*,#9595,.F.);
#5761=ORIENTED_EDGE('',*,*,#9596,.F.);
#5762=ORIENTED_EDGE('',*,*,#9522,.T.);
#5763=CARTESIAN_POINT('',(-9.144,0.0,0.0));
#5764=DIRECTION('',(1.0,0.0,0.0));
#5765=DIRECTION('',(0.0,1.0,0.0));
#5766=ORIENTED_EDGE('',*,*,#9596,.T.);
#5767=ORIENTED_EDGE('',*,*,#9597,.F.);
#5768=ORIENTED_EDGE('',*,*,#9590,.F.);
#5769=ORIENTED_EDGE('',*,*,#9523,.F.);
#5770=CARTESIAN_POINT('',(-8.636,4.1148,-2.6162));
#5771=DIRECTION('',(0.0,-0.93278793092656,0.360425687094785));
#5772=DIRECTION('',(-1.0,0.0,0.0));
#5773=ORIENTED_EDGE('',*,*,#9597,.T.);
#5774=ORIENTED_EDGE('',*,*,#9595,.T.);
#5775=ORIENTED_EDGE('',*,*,#9593,.F.);
#5776=ORIENTED_EDGE('',*,*,#9591,.F.);
#5777=CARTESIAN_POINT('',(-8.636,3.556,-4.06238409415638));
#5778=DIRECTION('',(0.0,-0.360425687094785,-0.93278793092656));
#5779=DIRECTION('',(0.0,-0.93278793092656,0.360425687094785));
#5780=ORIENTED_EDGE('',*,*,#9205,.F.);
#5781=ORIENTED_EDGE('',*,*,#8895,.F.);
#5782=ORIENTED_EDGE('',*,*,#9515,.F.);
#5783=ORIENTED_EDGE('',*,*,#9122,.F.);
#5784=CARTESIAN_POINT('',(-8.3312,3.0988,-7.874));
#5785=DIRECTION('',(1.0,0.0,0.0));
#5786=DIRECTION('',(0.0,1.0,0.0));
#5787=ORIENTED_EDGE('',*,*,#8897,.F.);
#5788=ORIENTED_EDGE('',*,*,#9206,.T.);
#5789=ORIENTED_EDGE('',*,*,#9120,.F.);
#5790=ORIENTED_EDGE('',*,*,#9598,.F.);
#5791=CARTESIAN_POINT('',(-6.9088,3.0988,-6.8961));
#5792=DIRECTION('',(-1.0,0.0,0.0));
#5793=DIRECTION('',(0.0,0.0,1.0));
#5794=ORIENTED_EDGE('',*,*,#9115,.F.);
#5795=ORIENTED_EDGE('',*,*,#9599,.T.);
#5796=ORIENTED_EDGE('',*,*,#8898,.F.);
#5797=ORIENTED_EDGE('',*,*,#9598,.T.);
#5798=ORIENTED_EDGE('',*,*,#9119,.F.);
#5799=ORIENTED_EDGE('',*,*,#9600,.F.);
#5800=CARTESIAN_POINT('',(41.5864790959382,3.6068,-6.3881));
#5801=DIRECTION('',(1.0,-0.0,0.0));
#5802=DIRECTION('',(0.0,1.0,0.0));
#5803=ORIENTED_EDGE('',*,*,#9601,.T.);
#5804=ORIENTED_EDGE('',*,*,#9602,.T.);
#5805=ORIENTED_EDGE('',*,*,#9603,.T.);
#5806=ORIENTED_EDGE('',*,*,#9604,.T.);
#5807=ORIENTED_EDGE('',*,*,#9605,.F.);
#5808=ORIENTED_EDGE('',*,*,#9606,.F.);
#5809=ORIENTED_EDGE('',*,*,#9607,.T.);
#5810=ORIENTED_EDGE('',*,*,#9608,.T.);
#5811=CARTESIAN_POINT('',(-6.7818,4.1148,-1.5494));
#5812=DIRECTION('',(0.0,-1.0,0.0));
#5813=DIRECTION('',(0.0,0.0,-1.0));
#5814=ORIENTED_EDGE('',*,*,#9609,.T.);
#5815=ORIENTED_EDGE('',*,*,#9610,.T.);
#5816=ORIENTED_EDGE('',*,*,#9611,.F.);
#5817=ORIENTED_EDGE('',*,*,#9600,.T.);
#5818=CARTESIAN_POINT('',(-6.7818,4.1148,-1.5494));
#5819=DIRECTION('',(0.0,-1.0,0.0));
#5820=DIRECTION('',(0.0,0.0,-1.0));
#5821=ORIENTED_EDGE('',*,*,#9612,.F.);
#5822=ORIENTED_EDGE('',*,*,#8941,.T.);
#5823=ORIENTED_EDGE('',*,*,#9613,.T.);
#5824=ORIENTED_EDGE('',*,*,#9604,.F.);
#5825=CARTESIAN_POINT('',(-6.7183,3.0988,-1.7653));
#5826=DIRECTION('',(-1.0,0.0,0.0));
#5827=DIRECTION('',(0.0,0.0,1.0));
#5828=ORIENTED_EDGE('',*,*,#9613,.F.);
#5829=ORIENTED_EDGE('',*,*,#8940,.T.);
#5830=ORIENTED_EDGE('',*,*,#9614,.T.);
#5831=ORIENTED_EDGE('',*,*,#9601,.F.);
#5832=CARTESIAN_POINT('',(-6.7183,3.0988,-4.3053));
#5833=DIRECTION('',(0.0,0.0,-1.0));
#5834=DIRECTION('',(0.0,-1.0,0.0));
#5835=ORIENTED_EDGE('',*,*,#9614,.F.);
#5836=ORIENTED_EDGE('',*,*,#8939,.T.);
#5837=ORIENTED_EDGE('',*,*,#9615,.T.);
#5838=ORIENTED_EDGE('',*,*,#9602,.F.);
#5839=CARTESIAN_POINT('',(-5.9817,3.0988,-4.3053));
#5840=DIRECTION('',(1.0,0.0,0.0));
#5841=DIRECTION('',(0.0,1.0,0.0));
#5842=ORIENTED_EDGE('',*,*,#9615,.F.);
#5843=ORIENTED_EDGE('',*,*,#8938,.T.);
#5844=ORIENTED_EDGE('',*,*,#9612,.T.);
#5845=ORIENTED_EDGE('',*,*,#9603,.F.);
#5846=CARTESIAN_POINT('',(-5.9817,3.0988,-1.7653));
#5847=DIRECTION('',(0.0,0.0,1.0));
#5848=DIRECTION('',(1.0,0.0,0.0));
#5849=ORIENTED_EDGE('',*,*,#9616,.T.);
#5850=ORIENTED_EDGE('',*,*,#9617,.T.);
#5851=ORIENTED_EDGE('',*,*,#9618,.T.);
#5852=ORIENTED_EDGE('',*,*,#9619,.T.);
#5853=ORIENTED_EDGE('',*,*,#8741,.T.);
#5854=ORIENTED_EDGE('',*,*,#9620,.T.);
#5855=ORIENTED_EDGE('',*,*,#8735,.T.);
#5856=ORIENTED_EDGE('',*,*,#9621,.T.);
#5857=ORIENTED_EDGE('',*,*,#9622,.T.);
#5858=ORIENTED_EDGE('',*,*,#9623,.T.);
#5859=ORIENTED_EDGE('',*,*,#9624,.T.);
#5860=ORIENTED_EDGE('',*,*,#9625,.T.);
#5861=ORIENTED_EDGE('',*,*,#9626,.T.);
#5862=ORIENTED_EDGE('',*,*,#9627,.T.);
#5863=ORIENTED_EDGE('',*,*,#9628,.T.);
#5864=ORIENTED_EDGE('',*,*,#9629,.T.);
#5865=ORIENTED_EDGE('',*,*,#8733,.T.);
#5866=ORIENTED_EDGE('',*,*,#9630,.T.);
#5867=ORIENTED_EDGE('',*,*,#8727,.T.);
#5868=ORIENTED_EDGE('',*,*,#9631,.T.);
#5869=ORIENTED_EDGE('',*,*,#9116,.T.);
#5870=ORIENTED_EDGE('',*,*,#9611,.T.);
#5871=ORIENTED_EDGE('',*,*,#9632,.T.);
#5872=ORIENTED_EDGE('',*,*,#9633,.T.);
#5873=ORIENTED_EDGE('',*,*,#9634,.T.);
#5874=CARTESIAN_POINT('',(-5.9182,0.0,0.0));
#5875=DIRECTION('',(1.0,0.0,0.0));
#5876=DIRECTION('',(0.0,1.0,0.0));
#5877=ORIENTED_EDGE('',*,*,#9634,.F.);
#5878=ORIENTED_EDGE('',*,*,#9635,.F.);
#5879=ORIENTED_EDGE('',*,*,#9636,.T.);
#5880=ORIENTED_EDGE('',*,*,#9637,.F.);
#5881=CARTESIAN_POINT('',(-6.0071,0.0777793167928714,-7.112));
#5882=DIRECTION('',(0.965925826289076,-0.258819045102493,0.0));
#5883=DIRECTION('',(0.0,0.0,-1.0));
#5884=ORIENTED_EDGE('',*,*,#9638,.T.);
#5885=ORIENTED_EDGE('',*,*,#9639,.T.);
#5886=ORIENTED_EDGE('',*,*,#9616,.F.);
#5887=ORIENTED_EDGE('',*,*,#9637,.T.);
#5888=ORIENTED_EDGE('',*,*,#9640,.F.);
#5889=ORIENTED_EDGE('',*,*,#9641,.T.);
#5890=CARTESIAN_POINT('',(-6.7818,-0.254,-7.2136));
#5891=DIRECTION('',(0.0,0.0,-1.0));
#5892=DIRECTION('',(0.0,-1.0,0.0));
#5893=ORIENTED_EDGE('',*,*,#9642,.F.);
#5894=ORIENTED_EDGE('',*,*,#9641,.F.);
#5895=ORIENTED_EDGE('',*,*,#9643,.T.);
#5896=ORIENTED_EDGE('',*,*,#9644,.F.);
#5897=CARTESIAN_POINT('',(-6.6929,0.0777793167928714,-7.112));
#5898=DIRECTION('',(-0.965925826289076,-0.258819045102493,0.0));
#5899=DIRECTION('',(-0.258819045102493,0.965925826289076,0.0));
#5900=ORIENTED_EDGE('',*,*,#9645,.T.);
#5901=ORIENTED_EDGE('',*,*,#9635,.T.);
#5902=ORIENTED_EDGE('',*,*,#9633,.F.);
#5903=ORIENTED_EDGE('',*,*,#9646,.F.);
#5904=ORIENTED_EDGE('',*,*,#9647,.T.);
#5905=ORIENTED_EDGE('',*,*,#9644,.T.);
#5906=CARTESIAN_POINT('',(-6.7818,3.6068,-7.0104));
#5907=DIRECTION('',(0.0,0.0,1.0));
#5908=DIRECTION('',(1.0,0.0,0.0));
#5909=ORIENTED_EDGE('',*,*,#9647,.F.);
#5910=ORIENTED_EDGE('',*,*,#9648,.F.);
#5911=ORIENTED_EDGE('',*,*,#9609,.F.);
#5912=ORIENTED_EDGE('',*,*,#9118,.F.);
#5913=ORIENTED_EDGE('',*,*,#9649,.F.);
#5914=ORIENTED_EDGE('',*,*,#8729,.F.);
#5915=ORIENTED_EDGE('',*,*,#9650,.F.);
#5916=ORIENTED_EDGE('',*,*,#8731,.F.);
#5917=ORIENTED_EDGE('',*,*,#9651,.F.);
#5918=ORIENTED_EDGE('',*,*,#9652,.F.);
#5919=ORIENTED_EDGE('',*,*,#9653,.F.);
#5920=ORIENTED_EDGE('',*,*,#9654,.F.);
#5921=ORIENTED_EDGE('',*,*,#9655,.F.);
#5922=ORIENTED_EDGE('',*,*,#9656,.F.);
#5923=ORIENTED_EDGE('',*,*,#9657,.F.);
#5924=ORIENTED_EDGE('',*,*,#9658,.F.);
#5925=ORIENTED_EDGE('',*,*,#9659,.F.);
#5926=ORIENTED_EDGE('',*,*,#8737,.F.);
#5927=ORIENTED_EDGE('',*,*,#9660,.F.);
#5928=ORIENTED_EDGE('',*,*,#8739,.F.);
#5929=ORIENTED_EDGE('',*,*,#9661,.F.);
#5930=ORIENTED_EDGE('',*,*,#9662,.F.);
#5931=ORIENTED_EDGE('',*,*,#9663,.F.);
#5932=ORIENTED_EDGE('',*,*,#9638,.F.);
#5933=ORIENTED_EDGE('',*,*,#9642,.T.);
#5934=CARTESIAN_POINT('',(-6.7818,0.0,0.0));
#5935=DIRECTION('',(1.0,0.0,0.0));
#5936=DIRECTION('',(0.0,1.0,0.0));
#5937=ORIENTED_EDGE('',*,*,#9664,.T.);
#5938=ORIENTED_EDGE('',*,*,#9617,.F.);
#5939=ORIENTED_EDGE('',*,*,#9639,.F.);
#5940=ORIENTED_EDGE('',*,*,#9663,.T.);
#5941=CARTESIAN_POINT('',(-6.7818,3.6068,-6.5024));
#5942=DIRECTION('',(-1.0,0.0,-0.0));
#5943=DIRECTION('',(0.0,0.0,-1.0));
#5944=ORIENTED_EDGE('',*,*,#9665,.T.);
#5945=ORIENTED_EDGE('',*,*,#9618,.F.);
#5946=ORIENTED_EDGE('',*,*,#9664,.F.);
#5947=ORIENTED_EDGE('',*,*,#9662,.T.);
#5948=CARTESIAN_POINT('',(-6.7818,4.318,-6.5024));
#5949=DIRECTION('',(-0.0,1.0,0.0));
#5950=DIRECTION('',(1.0,0.0,0.0));
#5951=ORIENTED_EDGE('',*,*,#8738,.T.);
#5952=ORIENTED_EDGE('',*,*,#9619,.F.);
#5953=ORIENTED_EDGE('',*,*,#9665,.F.);
#5954=ORIENTED_EDGE('',*,*,#9661,.T.);
#5955=CARTESIAN_POINT('',(-6.7818,4.8768,-1.5494));
#5956=DIRECTION('',(-1.0,0.0,-0.0));
#5957=DIRECTION('',(0.0,0.0,-1.0));
#5958=ORIENTED_EDGE('',*,*,#8736,.T.);
#5959=ORIENTED_EDGE('',*,*,#9620,.F.);
#5960=ORIENTED_EDGE('',*,*,#8740,.F.);
#5961=ORIENTED_EDGE('',*,*,#9660,.T.);
#5962=CARTESIAN_POINT('',(-6.7818,5.36494246691352,-1.27741769911504));
#5963=DIRECTION('',(0.0,-0.873554879947121,-0.486725663716812));
#5964=DIRECTION('',(0.0,0.486725663716812,-0.873554879947121));
#5965=ORIENTED_EDGE('',*,*,#8734,.T.);
#5966=ORIENTED_EDGE('',*,*,#9659,.T.);
#5967=ORIENTED_EDGE('',*,*,#9666,.T.);
#5968=ORIENTED_EDGE('',*,*,#9621,.F.);
#5969=CARTESIAN_POINT('',(-6.7818,6.2738,-4.0566772164236));
#5970=DIRECTION('',(-1.0,0.0,-0.0));
#5971=DIRECTION('',(0.0,0.0,-1.0));
#5972=ORIENTED_EDGE('',*,*,#9667,.T.);
#5973=ORIENTED_EDGE('',*,*,#9622,.F.);
#5974=ORIENTED_EDGE('',*,*,#9666,.F.);
#5975=ORIENTED_EDGE('',*,*,#9658,.T.);
#5976=CARTESIAN_POINT('',(-6.7818,5.89988981716654,-4.4719465449003));
#5977=DIRECTION('',(0.0,0.669130606358878,0.743144825477376));
#5978=DIRECTION('',(1.0,-0.0,0.0));
#5979=ORIENTED_EDGE('',*,*,#9668,.T.);
#5980=ORIENTED_EDGE('',*,*,#9623,.F.);
#5981=ORIENTED_EDGE('',*,*,#9667,.F.);
#5982=ORIENTED_EDGE('',*,*,#9657,.T.);
#5983=CARTESIAN_POINT('',(-6.7818,5.3848,-3.25621802104344));
#5984=DIRECTION('',(-1.0,0.0,-0.0));
#5985=DIRECTION('',(0.0,0.0,-1.0));
#5986=ORIENTED_EDGE('',*,*,#9669,.T.);
#5987=ORIENTED_EDGE('',*,*,#9624,.F.);
#5988=ORIENTED_EDGE('',*,*,#9668,.F.);
#5989=ORIENTED_EDGE('',*,*,#9656,.T.);
#5990=CARTESIAN_POINT('',(-6.7818,4.9695306715233,-2.88230783820998));
#5991=DIRECTION('',(0.0,0.743144825477376,-0.669130606358878));
#5992=DIRECTION('',(-1.0,0.0,0.0));
#5993=ORIENTED_EDGE('',*,*,#9670,.T.);
#5994=ORIENTED_EDGE('',*,*,#9625,.F.);
#5995=ORIENTED_EDGE('',*,*,#9669,.F.);
#5996=ORIENTED_EDGE('',*,*,#9655,.T.);
#5997=CARTESIAN_POINT('',(-6.7818,5.05451025853102,-2.78792844537402));
#5998=DIRECTION('',(0.0,0.669130606358878,0.743144825477376));
#5999=DIRECTION('',(1.0,-0.0,0.0));
#6000=ORIENTED_EDGE('',*,*,#9671,.T.);
#6001=ORIENTED_EDGE('',*,*,#9626,.F.);
#6002=ORIENTED_EDGE('',*,*,#9670,.F.);
#6003=ORIENTED_EDGE('',*,*,#9654,.T.);
#6004=CARTESIAN_POINT('',(-6.7818,4.9035032299945,-2.65196110616116));
#6005=DIRECTION('',(0.0,-0.743144825477376,0.669130606358878));
#6006=DIRECTION('',(-1.0,0.0,0.0));
#6007=ORIENTED_EDGE('',*,*,#9672,.T.);
#6008=ORIENTED_EDGE('',*,*,#9627,.F.);
#6009=ORIENTED_EDGE('',*,*,#9671,.F.);
#6010=ORIENTED_EDGE('',*,*,#9653,.T.);
#6011=CARTESIAN_POINT('',(-6.7818,5.3848,-3.25621802104344));
#6012=DIRECTION('',(-1.0,0.0,-0.0));
#6013=DIRECTION('',(0.0,0.0,-1.0));
#6014=ORIENTED_EDGE('',*,*,#9673,.T.);
#6015=ORIENTED_EDGE('',*,*,#9628,.F.);
#6016=ORIENTED_EDGE('',*,*,#9672,.F.);
#6017=ORIENTED_EDGE('',*,*,#9652,.T.);
#6018=CARTESIAN_POINT('',(-6.7818,4.87492247795368,-3.82249437805666));
#6019=DIRECTION('',(0.0,-0.669130606358878,-0.743144825477376));
#6020=DIRECTION('',(0.0,-0.743144825477376,0.669130606358878));
#6021=ORIENTED_EDGE('',*,*,#8730,.T.);
#6022=ORIENTED_EDGE('',*,*,#9629,.F.);
#6023=ORIENTED_EDGE('',*,*,#9673,.F.);
#6024=ORIENTED_EDGE('',*,*,#9651,.T.);
#6025=CARTESIAN_POINT('',(-6.7818,6.2738,-4.0566772164236));
#6026=DIRECTION('',(-1.0,0.0,-0.0));
#6027=DIRECTION('',(0.0,0.0,-1.0));
#6028=ORIENTED_EDGE('',*,*,#8728,.T.);
#6029=ORIENTED_EDGE('',*,*,#9630,.F.);
#6030=ORIENTED_EDGE('',*,*,#8732,.F.);
#6031=ORIENTED_EDGE('',*,*,#9650,.T.);
#6032=CARTESIAN_POINT('',(-6.7818,6.93944881851936,-3.6857922606715));
#6033=DIRECTION('',(0.0,0.873554879947121,0.486725663716812));
#6034=DIRECTION('',(1.0,0.0,-0.0));
#6035=ORIENTED_EDGE('',*,*,#8726,.T.);
#6036=ORIENTED_EDGE('',*,*,#9649,.T.);
#6037=ORIENTED_EDGE('',*,*,#9117,.T.);
#6038=ORIENTED_EDGE('',*,*,#9631,.F.);
#6039=CARTESIAN_POINT('',(-6.7818,4.8768,-1.5494));
#6040=DIRECTION('',(-1.0,0.0,-0.0));
#6041=DIRECTION('',(0.0,0.0,-1.0));
#6042=ORIENTED_EDGE('',*,*,#9646,.T.);
#6043=ORIENTED_EDGE('',*,*,#9632,.F.);
#6044=ORIENTED_EDGE('',*,*,#9610,.F.);
#6045=ORIENTED_EDGE('',*,*,#9648,.T.);
#6046=CARTESIAN_POINT('',(-6.7818,3.6068,-6.5024));
#6047=DIRECTION('',(-1.0,0.0,-0.0));
#6048=DIRECTION('',(0.0,0.0,-1.0));
#6049=ORIENTED_EDGE('',*,*,#9640,.T.);
#6050=ORIENTED_EDGE('',*,*,#9636,.F.);
#6051=ORIENTED_EDGE('',*,*,#9645,.F.);
#6052=ORIENTED_EDGE('',*,*,#9643,.F.);
#6053=CARTESIAN_POINT('',(-6.7818,-0.254,-7.0104));
#6054=DIRECTION('',(0.0,-1.0,0.0));
#6055=DIRECTION('',(0.0,0.0,-1.0));
#6056=ORIENTED_EDGE('',*,*,#9674,.T.);
#6057=ORIENTED_EDGE('',*,*,#9675,.T.);
#6058=ORIENTED_EDGE('',*,*,#9676,.T.);
#6059=ORIENTED_EDGE('',*,*,#9608,.F.);
#6060=CARTESIAN_POINT('',(-6.096,0.0,0.0));
#6061=DIRECTION('',(1.0,0.0,0.0));
#6062=DIRECTION('',(0.0,1.0,0.0));
#6063=ORIENTED_EDGE('',*,*,#9676,.F.);
#6064=ORIENTED_EDGE('',*,*,#9677,.T.);
#6065=ORIENTED_EDGE('',*,*,#9678,.T.);
#6066=ORIENTED_EDGE('',*,*,#9605,.T.);
#6067=CARTESIAN_POINT('',(-6.096,3.95877782857532,-4.21801590584362));
#6068=DIRECTION('',(0.0,0.0,-1.0));
#6069=DIRECTION('',(0.0,-1.0,0.0));
#6070=ORIENTED_EDGE('',*,*,#9678,.F.);
#6071=ORIENTED_EDGE('',*,*,#9679,.F.);
#6072=ORIENTED_EDGE('',*,*,#9680,.F.);
#6073=ORIENTED_EDGE('',*,*,#9606,.T.);
#6074=CARTESIAN_POINT('',(-6.604,0.0,0.0));
#6075=DIRECTION('',(1.0,0.0,0.0));
#6076=DIRECTION('',(0.0,1.0,0.0));
#6077=ORIENTED_EDGE('',*,*,#9680,.T.);
#6078=ORIENTED_EDGE('',*,*,#9681,.F.);
#6079=ORIENTED_EDGE('',*,*,#9674,.F.);
#6080=ORIENTED_EDGE('',*,*,#9607,.F.);
#6081=CARTESIAN_POINT('',(-6.096,4.1148,-2.6162));
#6082=DIRECTION('',(0.0,-0.93278793092656,0.360425687094785));
#6083=DIRECTION('',(-1.0,0.0,0.0));
#6084=ORIENTED_EDGE('',*,*,#9681,.T.);
#6085=ORIENTED_EDGE('',*,*,#9679,.T.);
#6086=ORIENTED_EDGE('',*,*,#9677,.F.);
#6087=ORIENTED_EDGE('',*,*,#9675,.F.);
#6088=CARTESIAN_POINT('',(-6.096,3.556,-4.06238409415638));
#6089=DIRECTION('',(0.0,-0.360425687094785,-0.93278793092656));
#6090=DIRECTION('',(0.0,-0.93278793092656,0.360425687094785));
#6091=ORIENTED_EDGE('',*,*,#9207,.F.);
#6092=ORIENTED_EDGE('',*,*,#8899,.F.);
#6093=ORIENTED_EDGE('',*,*,#9599,.F.);
#6094=ORIENTED_EDGE('',*,*,#9114,.F.);
#6095=CARTESIAN_POINT('',(-5.7912,3.0988,-7.874));
#6096=DIRECTION('',(1.0,0.0,0.0));
#6097=DIRECTION('',(0.0,1.0,0.0));
#6098=ORIENTED_EDGE('',*,*,#8901,.F.);
#6099=ORIENTED_EDGE('',*,*,#9208,.T.);
#6100=ORIENTED_EDGE('',*,*,#9112,.F.);
#6101=ORIENTED_EDGE('',*,*,#9682,.F.);
#6102=CARTESIAN_POINT('',(-4.3688,3.0988,-6.8961));
#6103=DIRECTION('',(-1.0,0.0,0.0));
#6104=DIRECTION('',(0.0,0.0,1.0));
#6105=ORIENTED_EDGE('',*,*,#9107,.F.);
#6106=ORIENTED_EDGE('',*,*,#9683,.T.);
#6107=ORIENTED_EDGE('',*,*,#8902,.F.);
#6108=ORIENTED_EDGE('',*,*,#9682,.T.);
#6109=ORIENTED_EDGE('',*,*,#9111,.F.);
#6110=ORIENTED_EDGE('',*,*,#9684,.F.);
#6111=CARTESIAN_POINT('',(39.4034935689792,3.6068,-6.3881));
#6112=DIRECTION('',(1.0,-0.0,0.0));
#6113=DIRECTION('',(0.0,1.0,0.0));
#6114=ORIENTED_EDGE('',*,*,#9685,.T.);
#6115=ORIENTED_EDGE('',*,*,#9686,.T.);
#6116=ORIENTED_EDGE('',*,*,#9687,.T.);
#6117=ORIENTED_EDGE('',*,*,#9688,.T.);
#6118=ORIENTED_EDGE('',*,*,#9689,.F.);
#6119=ORIENTED_EDGE('',*,*,#9690,.F.);
#6120=ORIENTED_EDGE('',*,*,#9691,.T.);
#6121=ORIENTED_EDGE('',*,*,#9692,.T.);
#6122=CARTESIAN_POINT('',(-4.2418,4.1148,-1.5494));
#6123=DIRECTION('',(0.0,-1.0,0.0));
#6124=DIRECTION('',(0.0,0.0,-1.0));
#6125=ORIENTED_EDGE('',*,*,#9693,.T.);
#6126=ORIENTED_EDGE('',*,*,#9694,.T.);
#6127=ORIENTED_EDGE('',*,*,#9695,.F.);
#6128=ORIENTED_EDGE('',*,*,#9684,.T.);
#6129=CARTESIAN_POINT('',(-4.2418,4.1148,-1.5494));
#6130=DIRECTION('',(0.0,-1.0,0.0));
#6131=DIRECTION('',(0.0,0.0,-1.0));
#6132=ORIENTED_EDGE('',*,*,#9696,.F.);
#6133=ORIENTED_EDGE('',*,*,#8945,.T.);
#6134=ORIENTED_EDGE('',*,*,#9697,.T.);
#6135=ORIENTED_EDGE('',*,*,#9688,.F.);
#6136=CARTESIAN_POINT('',(-4.1783,3.0988,-1.7653));
#6137=DIRECTION('',(-1.0,0.0,0.0));
#6138=DIRECTION('',(0.0,0.0,1.0));
#6139=ORIENTED_EDGE('',*,*,#9697,.F.);
#6140=ORIENTED_EDGE('',*,*,#8944,.T.);
#6141=ORIENTED_EDGE('',*,*,#9698,.T.);
#6142=ORIENTED_EDGE('',*,*,#9685,.F.);
#6143=CARTESIAN_POINT('',(-4.1783,3.0988,-4.3053));
#6144=DIRECTION('',(0.0,0.0,-1.0));
#6145=DIRECTION('',(0.0,-1.0,0.0));
#6146=ORIENTED_EDGE('',*,*,#9698,.F.);
#6147=ORIENTED_EDGE('',*,*,#8943,.T.);
#6148=ORIENTED_EDGE('',*,*,#9699,.T.);
#6149=ORIENTED_EDGE('',*,*,#9686,.F.);
#6150=CARTESIAN_POINT('',(-3.4417,3.0988,-4.3053));
#6151=DIRECTION('',(1.0,0.0,0.0));
#6152=DIRECTION('',(0.0,1.0,0.0));
#6153=ORIENTED_EDGE('',*,*,#9699,.F.);
#6154=ORIENTED_EDGE('',*,*,#8942,.T.);
#6155=ORIENTED_EDGE('',*,*,#9696,.T.);
#6156=ORIENTED_EDGE('',*,*,#9687,.F.);
#6157=CARTESIAN_POINT('',(-3.4417,3.0988,-1.7653));
#6158=DIRECTION('',(0.0,0.0,1.0));
#6159=DIRECTION('',(1.0,0.0,0.0));
#6160=ORIENTED_EDGE('',*,*,#9700,.T.);
#6161=ORIENTED_EDGE('',*,*,#9701,.T.);
#6162=ORIENTED_EDGE('',*,*,#9702,.T.);
#6163=ORIENTED_EDGE('',*,*,#9703,.T.);
#6164=ORIENTED_EDGE('',*,*,#8725,.T.);
#6165=ORIENTED_EDGE('',*,*,#9704,.T.);
#6166=ORIENTED_EDGE('',*,*,#8719,.T.);
#6167=ORIENTED_EDGE('',*,*,#9705,.T.);
#6168=ORIENTED_EDGE('',*,*,#9706,.T.);
#6169=ORIENTED_EDGE('',*,*,#9707,.T.);
#6170=ORIENTED_EDGE('',*,*,#9708,.T.);
#6171=ORIENTED_EDGE('',*,*,#9709,.T.);
#6172=ORIENTED_EDGE('',*,*,#9710,.T.);
#6173=ORIENTED_EDGE('',*,*,#9711,.T.);
#6174=ORIENTED_EDGE('',*,*,#9712,.T.);
#6175=ORIENTED_EDGE('',*,*,#9713,.T.);
#6176=ORIENTED_EDGE('',*,*,#8717,.T.);
#6177=ORIENTED_EDGE('',*,*,#9714,.T.);
#6178=ORIENTED_EDGE('',*,*,#8711,.T.);
#6179=ORIENTED_EDGE('',*,*,#9715,.T.);
#6180=ORIENTED_EDGE('',*,*,#9108,.T.);
#6181=ORIENTED_EDGE('',*,*,#9695,.T.);
#6182=ORIENTED_EDGE('',*,*,#9716,.T.);
#6183=ORIENTED_EDGE('',*,*,#9717,.T.);
#6184=ORIENTED_EDGE('',*,*,#9718,.T.);
#6185=CARTESIAN_POINT('',(-3.3782,0.0,0.0));
#6186=DIRECTION('',(1.0,0.0,0.0));
#6187=DIRECTION('',(0.0,1.0,0.0));
#6188=ORIENTED_EDGE('',*,*,#9718,.F.);
#6189=ORIENTED_EDGE('',*,*,#9719,.F.);
#6190=ORIENTED_EDGE('',*,*,#9720,.T.);
#6191=ORIENTED_EDGE('',*,*,#9721,.F.);
#6192=CARTESIAN_POINT('',(-3.4671,0.0777793167928714,-7.112));
#6193=DIRECTION('',(0.965925826289076,-0.258819045102493,0.0));
#6194=DIRECTION('',(0.0,0.0,-1.0));
#6195=ORIENTED_EDGE('',*,*,#9722,.T.);
#6196=ORIENTED_EDGE('',*,*,#9723,.T.);
#6197=ORIENTED_EDGE('',*,*,#9700,.F.);
#6198=ORIENTED_EDGE('',*,*,#9721,.T.);
#6199=ORIENTED_EDGE('',*,*,#9724,.F.);
#6200=ORIENTED_EDGE('',*,*,#9725,.T.);
#6201=CARTESIAN_POINT('',(-4.2418,-0.254,-7.2136));
#6202=DIRECTION('',(0.0,0.0,-1.0));
#6203=DIRECTION('',(0.0,-1.0,0.0));
#6204=ORIENTED_EDGE('',*,*,#9726,.F.);
#6205=ORIENTED_EDGE('',*,*,#9725,.F.);
#6206=ORIENTED_EDGE('',*,*,#9727,.T.);
#6207=ORIENTED_EDGE('',*,*,#9728,.F.);
#6208=CARTESIAN_POINT('',(-4.1529,0.0777793167928714,-7.112));
#6209=DIRECTION('',(-0.965925826289076,-0.258819045102493,0.0));
#6210=DIRECTION('',(-0.258819045102493,0.965925826289076,0.0));
#6211=ORIENTED_EDGE('',*,*,#9729,.T.);
#6212=ORIENTED_EDGE('',*,*,#9719,.T.);
#6213=ORIENTED_EDGE('',*,*,#9717,.F.);
#6214=ORIENTED_EDGE('',*,*,#9730,.F.);
#6215=ORIENTED_EDGE('',*,*,#9731,.T.);
#6216=ORIENTED_EDGE('',*,*,#9728,.T.);
#6217=CARTESIAN_POINT('',(-4.2418,3.6068,-7.0104));
#6218=DIRECTION('',(0.0,0.0,1.0));
#6219=DIRECTION('',(1.0,0.0,0.0));
#6220=ORIENTED_EDGE('',*,*,#9731,.F.);
#6221=ORIENTED_EDGE('',*,*,#9732,.F.);
#6222=ORIENTED_EDGE('',*,*,#9693,.F.);
#6223=ORIENTED_EDGE('',*,*,#9110,.F.);
#6224=ORIENTED_EDGE('',*,*,#9733,.F.);
#6225=ORIENTED_EDGE('',*,*,#8713,.F.);
#6226=ORIENTED_EDGE('',*,*,#9734,.F.);
#6227=ORIENTED_EDGE('',*,*,#8715,.F.);
#6228=ORIENTED_EDGE('',*,*,#9735,.F.);
#6229=ORIENTED_EDGE('',*,*,#9736,.F.);
#6230=ORIENTED_EDGE('',*,*,#9737,.F.);
#6231=ORIENTED_EDGE('',*,*,#9738,.F.);
#6232=ORIENTED_EDGE('',*,*,#9739,.F.);
#6233=ORIENTED_EDGE('',*,*,#9740,.F.);
#6234=ORIENTED_EDGE('',*,*,#9741,.F.);
#6235=ORIENTED_EDGE('',*,*,#9742,.F.);
#6236=ORIENTED_EDGE('',*,*,#9743,.F.);
#6237=ORIENTED_EDGE('',*,*,#8721,.F.);
#6238=ORIENTED_EDGE('',*,*,#9744,.F.);
#6239=ORIENTED_EDGE('',*,*,#8723,.F.);
#6240=ORIENTED_EDGE('',*,*,#9745,.F.);
#6241=ORIENTED_EDGE('',*,*,#9746,.F.);
#6242=ORIENTED_EDGE('',*,*,#9747,.F.);
#6243=ORIENTED_EDGE('',*,*,#9722,.F.);
#6244=ORIENTED_EDGE('',*,*,#9726,.T.);
#6245=CARTESIAN_POINT('',(-4.2418,0.0,0.0));
#6246=DIRECTION('',(1.0,0.0,0.0));
#6247=DIRECTION('',(0.0,1.0,0.0));
#6248=ORIENTED_EDGE('',*,*,#9748,.T.);
#6249=ORIENTED_EDGE('',*,*,#9701,.F.);
#6250=ORIENTED_EDGE('',*,*,#9723,.F.);
#6251=ORIENTED_EDGE('',*,*,#9747,.T.);
#6252=CARTESIAN_POINT('',(-4.2418,3.6068,-6.5024));
#6253=DIRECTION('',(-1.0,0.0,-0.0));
#6254=DIRECTION('',(0.0,0.0,-1.0));
#6255=ORIENTED_EDGE('',*,*,#9749,.T.);
#6256=ORIENTED_EDGE('',*,*,#9702,.F.);
#6257=ORIENTED_EDGE('',*,*,#9748,.F.);
#6258=ORIENTED_EDGE('',*,*,#9746,.T.);
#6259=CARTESIAN_POINT('',(-4.2418,4.318,-6.5024));
#6260=DIRECTION('',(-0.0,1.0,0.0));
#6261=DIRECTION('',(1.0,0.0,0.0));
#6262=ORIENTED_EDGE('',*,*,#8722,.T.);
#6263=ORIENTED_EDGE('',*,*,#9703,.F.);
#6264=ORIENTED_EDGE('',*,*,#9749,.F.);
#6265=ORIENTED_EDGE('',*,*,#9745,.T.);
#6266=CARTESIAN_POINT('',(-4.2418,4.8768,-1.5494));
#6267=DIRECTION('',(-1.0,0.0,-0.0));
#6268=DIRECTION('',(0.0,0.0,-1.0));
#6269=ORIENTED_EDGE('',*,*,#8720,.T.);
#6270=ORIENTED_EDGE('',*,*,#9704,.F.);
#6271=ORIENTED_EDGE('',*,*,#8724,.F.);
#6272=ORIENTED_EDGE('',*,*,#9744,.T.);
#6273=CARTESIAN_POINT('',(-4.2418,5.36494246691352,-1.27741769911504));
#6274=DIRECTION('',(0.0,-0.873554879947121,-0.486725663716812));
#6275=DIRECTION('',(0.0,0.486725663716812,-0.873554879947121));
#6276=ORIENTED_EDGE('',*,*,#8718,.T.);
#6277=ORIENTED_EDGE('',*,*,#9743,.T.);
#6278=ORIENTED_EDGE('',*,*,#9750,.T.);
#6279=ORIENTED_EDGE('',*,*,#9705,.F.);
#6280=CARTESIAN_POINT('',(-4.2418,6.2738,-4.0566772164236));
#6281=DIRECTION('',(-1.0,0.0,-0.0));
#6282=DIRECTION('',(0.0,0.0,-1.0));
#6283=ORIENTED_EDGE('',*,*,#9751,.T.);
#6284=ORIENTED_EDGE('',*,*,#9706,.F.);
#6285=ORIENTED_EDGE('',*,*,#9750,.F.);
#6286=ORIENTED_EDGE('',*,*,#9742,.T.);
#6287=CARTESIAN_POINT('',(-4.2418,5.89988981716654,-4.4719465449003));
#6288=DIRECTION('',(0.0,0.669130606358878,0.743144825477376));
#6289=DIRECTION('',(1.0,-0.0,0.0));
#6290=ORIENTED_EDGE('',*,*,#9752,.T.);
#6291=ORIENTED_EDGE('',*,*,#9707,.F.);
#6292=ORIENTED_EDGE('',*,*,#9751,.F.);
#6293=ORIENTED_EDGE('',*,*,#9741,.T.);
#6294=CARTESIAN_POINT('',(-4.2418,5.3848,-3.25621802104344));
#6295=DIRECTION('',(-1.0,0.0,-0.0));
#6296=DIRECTION('',(0.0,0.0,-1.0));
#6297=ORIENTED_EDGE('',*,*,#9753,.T.);
#6298=ORIENTED_EDGE('',*,*,#9708,.F.);
#6299=ORIENTED_EDGE('',*,*,#9752,.F.);
#6300=ORIENTED_EDGE('',*,*,#9740,.T.);
#6301=CARTESIAN_POINT('',(-4.2418,4.9695306715233,-2.88230783820998));
#6302=DIRECTION('',(0.0,0.743144825477376,-0.669130606358878));
#6303=DIRECTION('',(-1.0,0.0,0.0));
#6304=ORIENTED_EDGE('',*,*,#9754,.T.);
#6305=ORIENTED_EDGE('',*,*,#9709,.F.);
#6306=ORIENTED_EDGE('',*,*,#9753,.F.);
#6307=ORIENTED_EDGE('',*,*,#9739,.T.);
#6308=CARTESIAN_POINT('',(-4.2418,5.05451025853102,-2.78792844537402));
#6309=DIRECTION('',(0.0,0.669130606358878,0.743144825477376));
#6310=DIRECTION('',(1.0,-0.0,0.0));
#6311=ORIENTED_EDGE('',*,*,#9755,.T.);
#6312=ORIENTED_EDGE('',*,*,#9710,.F.);
#6313=ORIENTED_EDGE('',*,*,#9754,.F.);
#6314=ORIENTED_EDGE('',*,*,#9738,.T.);
#6315=CARTESIAN_POINT('',(-4.2418,4.9035032299945,-2.65196110616116));
#6316=DIRECTION('',(0.0,-0.743144825477376,0.669130606358878));
#6317=DIRECTION('',(-1.0,0.0,0.0));
#6318=ORIENTED_EDGE('',*,*,#9756,.T.);
#6319=ORIENTED_EDGE('',*,*,#9711,.F.);
#6320=ORIENTED_EDGE('',*,*,#9755,.F.);
#6321=ORIENTED_EDGE('',*,*,#9737,.T.);
#6322=CARTESIAN_POINT('',(-4.2418,5.3848,-3.25621802104344));
#6323=DIRECTION('',(-1.0,0.0,-0.0));
#6324=DIRECTION('',(0.0,0.0,-1.0));
#6325=ORIENTED_EDGE('',*,*,#9757,.T.);
#6326=ORIENTED_EDGE('',*,*,#9712,.F.);
#6327=ORIENTED_EDGE('',*,*,#9756,.F.);
#6328=ORIENTED_EDGE('',*,*,#9736,.T.);
#6329=CARTESIAN_POINT('',(-4.2418,4.87492247795368,-3.82249437805666));
#6330=DIRECTION('',(0.0,-0.669130606358878,-0.743144825477376));
#6331=DIRECTION('',(0.0,-0.743144825477376,0.669130606358878));
#6332=ORIENTED_EDGE('',*,*,#8714,.T.);
#6333=ORIENTED_EDGE('',*,*,#9713,.F.);
#6334=ORIENTED_EDGE('',*,*,#9757,.F.);
#6335=ORIENTED_EDGE('',*,*,#9735,.T.);
#6336=CARTESIAN_POINT('',(-4.2418,6.2738,-4.0566772164236));
#6337=DIRECTION('',(-1.0,0.0,-0.0));
#6338=DIRECTION('',(0.0,0.0,-1.0));
#6339=ORIENTED_EDGE('',*,*,#8712,.T.);
#6340=ORIENTED_EDGE('',*,*,#9714,.F.);
#6341=ORIENTED_EDGE('',*,*,#8716,.F.);
#6342=ORIENTED_EDGE('',*,*,#9734,.T.);
#6343=CARTESIAN_POINT('',(-4.2418,6.93944881851936,-3.6857922606715));
#6344=DIRECTION('',(0.0,0.873554879947121,0.486725663716812));
#6345=DIRECTION('',(1.0,0.0,-0.0));
#6346=ORIENTED_EDGE('',*,*,#8710,.T.);
#6347=ORIENTED_EDGE('',*,*,#9733,.T.);
#6348=ORIENTED_EDGE('',*,*,#9109,.T.);
#6349=ORIENTED_EDGE('',*,*,#9715,.F.);
#6350=CARTESIAN_POINT('',(-4.2418,4.8768,-1.5494));
#6351=DIRECTION('',(-1.0,0.0,-0.0));
#6352=DIRECTION('',(0.0,0.0,-1.0));
#6353=ORIENTED_EDGE('',*,*,#9730,.T.);
#6354=ORIENTED_EDGE('',*,*,#9716,.F.);
#6355=ORIENTED_EDGE('',*,*,#9694,.F.);
#6356=ORIENTED_EDGE('',*,*,#9732,.T.);
#6357=CARTESIAN_POINT('',(-4.2418,3.6068,-6.5024));
#6358=DIRECTION('',(-1.0,0.0,-0.0));
#6359=DIRECTION('',(0.0,0.0,-1.0));
#6360=ORIENTED_EDGE('',*,*,#9724,.T.);
#6361=ORIENTED_EDGE('',*,*,#9720,.F.);
#6362=ORIENTED_EDGE('',*,*,#9729,.F.);
#6363=ORIENTED_EDGE('',*,*,#9727,.F.);
#6364=CARTESIAN_POINT('',(-4.2418,-0.254,-7.0104));
#6365=DIRECTION('',(0.0,-1.0,0.0));
#6366=DIRECTION('',(0.0,0.0,-1.0));
#6367=ORIENTED_EDGE('',*,*,#9758,.T.);
#6368=ORIENTED_EDGE('',*,*,#9759,.T.);
#6369=ORIENTED_EDGE('',*,*,#9760,.T.);
#6370=ORIENTED_EDGE('',*,*,#9692,.F.);
#6371=CARTESIAN_POINT('',(-3.556,0.0,0.0));
#6372=DIRECTION('',(1.0,0.0,0.0));
#6373=DIRECTION('',(0.0,1.0,0.0));
#6374=ORIENTED_EDGE('',*,*,#9760,.F.);
#6375=ORIENTED_EDGE('',*,*,#9761,.T.);
#6376=ORIENTED_EDGE('',*,*,#9762,.T.);
#6377=ORIENTED_EDGE('',*,*,#9689,.T.);
#6378=CARTESIAN_POINT('',(-3.556,3.95877782857532,-4.21801590584362));
#6379=DIRECTION('',(0.0,0.0,-1.0));
#6380=DIRECTION('',(0.0,-1.0,0.0));
#6381=ORIENTED_EDGE('',*,*,#9762,.F.);
#6382=ORIENTED_EDGE('',*,*,#9763,.F.);
#6383=ORIENTED_EDGE('',*,*,#9764,.F.);
#6384=ORIENTED_EDGE('',*,*,#9690,.T.);
#6385=CARTESIAN_POINT('',(-4.064,0.0,0.0));
#6386=DIRECTION('',(1.0,0.0,0.0));
#6387=DIRECTION('',(0.0,1.0,0.0));
#6388=ORIENTED_EDGE('',*,*,#9764,.T.);
#6389=ORIENTED_EDGE('',*,*,#9765,.F.);
#6390=ORIENTED_EDGE('',*,*,#9758,.F.);
#6391=ORIENTED_EDGE('',*,*,#9691,.F.);
#6392=CARTESIAN_POINT('',(-3.556,4.1148,-2.6162));
#6393=DIRECTION('',(0.0,-0.93278793092656,0.360425687094785));
#6394=DIRECTION('',(-1.0,0.0,0.0));
#6395=ORIENTED_EDGE('',*,*,#9765,.T.);
#6396=ORIENTED_EDGE('',*,*,#9763,.T.);
#6397=ORIENTED_EDGE('',*,*,#9761,.F.);
#6398=ORIENTED_EDGE('',*,*,#9759,.F.);
#6399=CARTESIAN_POINT('',(-3.556,3.556,-4.06238409415638));
#6400=DIRECTION('',(0.0,-0.360425687094785,-0.93278793092656));
#6401=DIRECTION('',(0.0,-0.93278793092656,0.360425687094785));
#6402=ORIENTED_EDGE('',*,*,#9209,.F.);
#6403=ORIENTED_EDGE('',*,*,#8903,.F.);
#6404=ORIENTED_EDGE('',*,*,#9683,.F.);
#6405=ORIENTED_EDGE('',*,*,#9106,.F.);
#6406=CARTESIAN_POINT('',(-3.2512,3.0988,-7.874));
#6407=DIRECTION('',(1.0,0.0,0.0));
#6408=DIRECTION('',(0.0,1.0,0.0));
#6409=ORIENTED_EDGE('',*,*,#8905,.F.);
#6410=ORIENTED_EDGE('',*,*,#9210,.T.);
#6411=ORIENTED_EDGE('',*,*,#9104,.F.);
#6412=ORIENTED_EDGE('',*,*,#9766,.F.);
#6413=CARTESIAN_POINT('',(-1.8288,3.0988,-6.8961));
#6414=DIRECTION('',(-1.0,0.0,0.0));
#6415=DIRECTION('',(0.0,0.0,1.0));
#6416=ORIENTED_EDGE('',*,*,#9099,.F.);
#6417=ORIENTED_EDGE('',*,*,#9767,.T.);
#6418=ORIENTED_EDGE('',*,*,#8906,.F.);
#6419=ORIENTED_EDGE('',*,*,#9766,.T.);
#6420=ORIENTED_EDGE('',*,*,#9103,.F.);
#6421=ORIENTED_EDGE('',*,*,#9768,.F.);
#6422=CARTESIAN_POINT('',(37.315220524858,3.6068,-6.3881));
#6423=DIRECTION('',(1.0,-0.0,0.0));
#6424=DIRECTION('',(0.0,1.0,0.0));
#6425=ORIENTED_EDGE('',*,*,#9769,.T.);
#6426=ORIENTED_EDGE('',*,*,#9770,.T.);
#6427=ORIENTED_EDGE('',*,*,#9771,.T.);
#6428=ORIENTED_EDGE('',*,*,#9772,.T.);
#6429=ORIENTED_EDGE('',*,*,#9773,.F.);
#6430=ORIENTED_EDGE('',*,*,#9774,.F.);
#6431=ORIENTED_EDGE('',*,*,#9775,.T.);
#6432=ORIENTED_EDGE('',*,*,#9776,.T.);
#6433=CARTESIAN_POINT('',(-1.7018,4.1148,-1.5494));
#6434=DIRECTION('',(0.0,-1.0,0.0));
#6435=DIRECTION('',(0.0,0.0,-1.0));
#6436=ORIENTED_EDGE('',*,*,#9777,.T.);
#6437=ORIENTED_EDGE('',*,*,#9778,.T.);
#6438=ORIENTED_EDGE('',*,*,#9779,.F.);
#6439=ORIENTED_EDGE('',*,*,#9768,.T.);
#6440=CARTESIAN_POINT('',(-1.7018,4.1148,-1.5494));
#6441=DIRECTION('',(0.0,-1.0,0.0));
#6442=DIRECTION('',(0.0,0.0,-1.0));
#6443=ORIENTED_EDGE('',*,*,#9780,.F.);
#6444=ORIENTED_EDGE('',*,*,#8949,.T.);
#6445=ORIENTED_EDGE('',*,*,#9781,.T.);
#6446=ORIENTED_EDGE('',*,*,#9772,.F.);
#6447=CARTESIAN_POINT('',(-1.6383,3.0988,-1.7653));
#6448=DIRECTION('',(-1.0,0.0,0.0));
#6449=DIRECTION('',(0.0,0.0,1.0));
#6450=ORIENTED_EDGE('',*,*,#9781,.F.);
#6451=ORIENTED_EDGE('',*,*,#8948,.T.);
#6452=ORIENTED_EDGE('',*,*,#9782,.T.);
#6453=ORIENTED_EDGE('',*,*,#9769,.F.);
#6454=CARTESIAN_POINT('',(-1.6383,3.0988,-4.3053));
#6455=DIRECTION('',(0.0,0.0,-1.0));
#6456=DIRECTION('',(0.0,-1.0,0.0));
#6457=ORIENTED_EDGE('',*,*,#9782,.F.);
#6458=ORIENTED_EDGE('',*,*,#8947,.T.);
#6459=ORIENTED_EDGE('',*,*,#9783,.T.);
#6460=ORIENTED_EDGE('',*,*,#9770,.F.);
#6461=CARTESIAN_POINT('',(-0.9017,3.0988,-4.3053));
#6462=DIRECTION('',(1.0,0.0,0.0));
#6463=DIRECTION('',(0.0,1.0,0.0));
#6464=ORIENTED_EDGE('',*,*,#9783,.F.);
#6465=ORIENTED_EDGE('',*,*,#8946,.T.);
#6466=ORIENTED_EDGE('',*,*,#9780,.T.);
#6467=ORIENTED_EDGE('',*,*,#9771,.F.);
#6468=CARTESIAN_POINT('',(-0.9017,3.0988,-1.7653));
#6469=DIRECTION('',(0.0,0.0,1.0));
#6470=DIRECTION('',(1.0,0.0,0.0));
#6471=ORIENTED_EDGE('',*,*,#9784,.T.);
#6472=ORIENTED_EDGE('',*,*,#9785,.T.);
#6473=ORIENTED_EDGE('',*,*,#9786,.T.);
#6474=ORIENTED_EDGE('',*,*,#9787,.T.);
#6475=ORIENTED_EDGE('',*,*,#8709,.T.);
#6476=ORIENTED_EDGE('',*,*,#9788,.T.);
#6477=ORIENTED_EDGE('',*,*,#8703,.T.);
#6478=ORIENTED_EDGE('',*,*,#9789,.T.);
#6479=ORIENTED_EDGE('',*,*,#9790,.T.);
#6480=ORIENTED_EDGE('',*,*,#9791,.T.);
#6481=ORIENTED_EDGE('',*,*,#9792,.T.);
#6482=ORIENTED_EDGE('',*,*,#9793,.T.);
#6483=ORIENTED_EDGE('',*,*,#9794,.T.);
#6484=ORIENTED_EDGE('',*,*,#9795,.T.);
#6485=ORIENTED_EDGE('',*,*,#9796,.T.);
#6486=ORIENTED_EDGE('',*,*,#9797,.T.);
#6487=ORIENTED_EDGE('',*,*,#8701,.T.);
#6488=ORIENTED_EDGE('',*,*,#9798,.T.);
#6489=ORIENTED_EDGE('',*,*,#8695,.T.);
#6490=ORIENTED_EDGE('',*,*,#9799,.T.);
#6491=ORIENTED_EDGE('',*,*,#9100,.T.);
#6492=ORIENTED_EDGE('',*,*,#9779,.T.);
#6493=ORIENTED_EDGE('',*,*,#9800,.T.);
#6494=ORIENTED_EDGE('',*,*,#9801,.T.);
#6495=ORIENTED_EDGE('',*,*,#9802,.T.);
#6496=CARTESIAN_POINT('',(-0.8382,0.0,0.0));
#6497=DIRECTION('',(1.0,0.0,0.0));
#6498=DIRECTION('',(0.0,1.0,0.0));
#6499=ORIENTED_EDGE('',*,*,#9802,.F.);
#6500=ORIENTED_EDGE('',*,*,#9803,.F.);
#6501=ORIENTED_EDGE('',*,*,#9804,.T.);
#6502=ORIENTED_EDGE('',*,*,#9805,.F.);
#6503=CARTESIAN_POINT('',(-0.9271,0.0777793167928714,-7.112));
#6504=DIRECTION('',(0.965925826289076,-0.258819045102493,0.0));
#6505=DIRECTION('',(0.0,0.0,-1.0));
#6506=ORIENTED_EDGE('',*,*,#9806,.T.);
#6507=ORIENTED_EDGE('',*,*,#9807,.T.);
#6508=ORIENTED_EDGE('',*,*,#9784,.F.);
#6509=ORIENTED_EDGE('',*,*,#9805,.T.);
#6510=ORIENTED_EDGE('',*,*,#9808,.F.);
#6511=ORIENTED_EDGE('',*,*,#9809,.T.);
#6512=CARTESIAN_POINT('',(-1.7018,-0.254,-7.2136));
#6513=DIRECTION('',(0.0,0.0,-1.0));
#6514=DIRECTION('',(0.0,-1.0,0.0));
#6515=ORIENTED_EDGE('',*,*,#9810,.F.);
#6516=ORIENTED_EDGE('',*,*,#9809,.F.);
#6517=ORIENTED_EDGE('',*,*,#9811,.T.);
#6518=ORIENTED_EDGE('',*,*,#9812,.F.);
#6519=CARTESIAN_POINT('',(-1.6129,0.0777793167928714,-7.112));
#6520=DIRECTION('',(-0.965925826289076,-0.258819045102493,0.0));
#6521=DIRECTION('',(-0.258819045102493,0.965925826289076,0.0));
#6522=ORIENTED_EDGE('',*,*,#9813,.T.);
#6523=ORIENTED_EDGE('',*,*,#9803,.T.);
#6524=ORIENTED_EDGE('',*,*,#9801,.F.);
#6525=ORIENTED_EDGE('',*,*,#9814,.F.);
#6526=ORIENTED_EDGE('',*,*,#9815,.T.);
#6527=ORIENTED_EDGE('',*,*,#9812,.T.);
#6528=CARTESIAN_POINT('',(-1.7018,3.6068,-7.0104));
#6529=DIRECTION('',(0.0,0.0,1.0));
#6530=DIRECTION('',(1.0,0.0,0.0));
#6531=ORIENTED_EDGE('',*,*,#9815,.F.);
#6532=ORIENTED_EDGE('',*,*,#9816,.F.);
#6533=ORIENTED_EDGE('',*,*,#9777,.F.);
#6534=ORIENTED_EDGE('',*,*,#9102,.F.);
#6535=ORIENTED_EDGE('',*,*,#9817,.F.);
#6536=ORIENTED_EDGE('',*,*,#8697,.F.);
#6537=ORIENTED_EDGE('',*,*,#9818,.F.);
#6538=ORIENTED_EDGE('',*,*,#8699,.F.);
#6539=ORIENTED_EDGE('',*,*,#9819,.F.);
#6540=ORIENTED_EDGE('',*,*,#9820,.F.);
#6541=ORIENTED_EDGE('',*,*,#9821,.F.);
#6542=ORIENTED_EDGE('',*,*,#9822,.F.);
#6543=ORIENTED_EDGE('',*,*,#9823,.F.);
#6544=ORIENTED_EDGE('',*,*,#9824,.F.);
#6545=ORIENTED_EDGE('',*,*,#9825,.F.);
#6546=ORIENTED_EDGE('',*,*,#9826,.F.);
#6547=ORIENTED_EDGE('',*,*,#9827,.F.);
#6548=ORIENTED_EDGE('',*,*,#8705,.F.);
#6549=ORIENTED_EDGE('',*,*,#9828,.F.);
#6550=ORIENTED_EDGE('',*,*,#8707,.F.);
#6551=ORIENTED_EDGE('',*,*,#9829,.F.);
#6552=ORIENTED_EDGE('',*,*,#9830,.F.);
#6553=ORIENTED_EDGE('',*,*,#9831,.F.);
#6554=ORIENTED_EDGE('',*,*,#9806,.F.);
#6555=ORIENTED_EDGE('',*,*,#9810,.T.);
#6556=CARTESIAN_POINT('',(-1.7018,0.0,0.0));
#6557=DIRECTION('',(1.0,0.0,0.0));
#6558=DIRECTION('',(0.0,1.0,0.0));
#6559=ORIENTED_EDGE('',*,*,#9832,.T.);
#6560=ORIENTED_EDGE('',*,*,#9785,.F.);
#6561=ORIENTED_EDGE('',*,*,#9807,.F.);
#6562=ORIENTED_EDGE('',*,*,#9831,.T.);
#6563=CARTESIAN_POINT('',(-1.7018,3.6068,-6.5024));
#6564=DIRECTION('',(-1.0,0.0,-0.0));
#6565=DIRECTION('',(0.0,0.0,-1.0));
#6566=ORIENTED_EDGE('',*,*,#9833,.T.);
#6567=ORIENTED_EDGE('',*,*,#9786,.F.);
#6568=ORIENTED_EDGE('',*,*,#9832,.F.);
#6569=ORIENTED_EDGE('',*,*,#9830,.T.);
#6570=CARTESIAN_POINT('',(-1.7018,4.318,-6.5024));
#6571=DIRECTION('',(-0.0,1.0,0.0));
#6572=DIRECTION('',(1.0,0.0,0.0));
#6573=ORIENTED_EDGE('',*,*,#8706,.T.);
#6574=ORIENTED_EDGE('',*,*,#9787,.F.);
#6575=ORIENTED_EDGE('',*,*,#9833,.F.);
#6576=ORIENTED_EDGE('',*,*,#9829,.T.);
#6577=CARTESIAN_POINT('',(-1.7018,4.8768,-1.5494));
#6578=DIRECTION('',(-1.0,0.0,-0.0));
#6579=DIRECTION('',(0.0,0.0,-1.0));
#6580=ORIENTED_EDGE('',*,*,#8704,.T.);
#6581=ORIENTED_EDGE('',*,*,#9788,.F.);
#6582=ORIENTED_EDGE('',*,*,#8708,.F.);
#6583=ORIENTED_EDGE('',*,*,#9828,.T.);
#6584=CARTESIAN_POINT('',(-1.7018,5.36494246691352,-1.27741769911504));
#6585=DIRECTION('',(0.0,-0.873554879947121,-0.486725663716812));
#6586=DIRECTION('',(0.0,0.486725663716812,-0.873554879947121));
#6587=ORIENTED_EDGE('',*,*,#8702,.T.);
#6588=ORIENTED_EDGE('',*,*,#9827,.T.);
#6589=ORIENTED_EDGE('',*,*,#9834,.T.);
#6590=ORIENTED_EDGE('',*,*,#9789,.F.);
#6591=CARTESIAN_POINT('',(-1.7018,6.2738,-4.0566772164236));
#6592=DIRECTION('',(-1.0,0.0,-0.0));
#6593=DIRECTION('',(0.0,0.0,-1.0));
#6594=ORIENTED_EDGE('',*,*,#9835,.T.);
#6595=ORIENTED_EDGE('',*,*,#9790,.F.);
#6596=ORIENTED_EDGE('',*,*,#9834,.F.);
#6597=ORIENTED_EDGE('',*,*,#9826,.T.);
#6598=CARTESIAN_POINT('',(-1.7018,5.89988981716654,-4.4719465449003));
#6599=DIRECTION('',(0.0,0.669130606358878,0.743144825477376));
#6600=DIRECTION('',(1.0,-0.0,0.0));
#6601=ORIENTED_EDGE('',*,*,#9836,.T.);
#6602=ORIENTED_EDGE('',*,*,#9791,.F.);
#6603=ORIENTED_EDGE('',*,*,#9835,.F.);
#6604=ORIENTED_EDGE('',*,*,#9825,.T.);
#6605=CARTESIAN_POINT('',(-1.7018,5.3848,-3.25621802104344));
#6606=DIRECTION('',(-1.0,0.0,-0.0));
#6607=DIRECTION('',(0.0,0.0,-1.0));
#6608=ORIENTED_EDGE('',*,*,#9837,.T.);
#6609=ORIENTED_EDGE('',*,*,#9792,.F.);
#6610=ORIENTED_EDGE('',*,*,#9836,.F.);
#6611=ORIENTED_EDGE('',*,*,#9824,.T.);
#6612=CARTESIAN_POINT('',(-1.7018,4.9695306715233,-2.88230783820998));
#6613=DIRECTION('',(0.0,0.743144825477376,-0.669130606358878));
#6614=DIRECTION('',(-1.0,0.0,0.0));
#6615=ORIENTED_EDGE('',*,*,#9838,.T.);
#6616=ORIENTED_EDGE('',*,*,#9793,.F.);
#6617=ORIENTED_EDGE('',*,*,#9837,.F.);
#6618=ORIENTED_EDGE('',*,*,#9823,.T.);
#6619=CARTESIAN_POINT('',(-1.7018,5.05451025853102,-2.78792844537402));
#6620=DIRECTION('',(0.0,0.669130606358878,0.743144825477376));
#6621=DIRECTION('',(1.0,-0.0,0.0));
#6622=ORIENTED_EDGE('',*,*,#9839,.T.);
#6623=ORIENTED_EDGE('',*,*,#9794,.F.);
#6624=ORIENTED_EDGE('',*,*,#9838,.F.);
#6625=ORIENTED_EDGE('',*,*,#9822,.T.);
#6626=CARTESIAN_POINT('',(-1.7018,4.9035032299945,-2.65196110616116));
#6627=DIRECTION('',(0.0,-0.743144825477376,0.669130606358878));
#6628=DIRECTION('',(-1.0,0.0,0.0));
#6629=ORIENTED_EDGE('',*,*,#9840,.T.);
#6630=ORIENTED_EDGE('',*,*,#9795,.F.);
#6631=ORIENTED_EDGE('',*,*,#9839,.F.);
#6632=ORIENTED_EDGE('',*,*,#9821,.T.);
#6633=CARTESIAN_POINT('',(-1.7018,5.3848,-3.25621802104344));
#6634=DIRECTION('',(-1.0,0.0,-0.0));
#6635=DIRECTION('',(0.0,0.0,-1.0));
#6636=ORIENTED_EDGE('',*,*,#9841,.T.);
#6637=ORIENTED_EDGE('',*,*,#9796,.F.);
#6638=ORIENTED_EDGE('',*,*,#9840,.F.);
#6639=ORIENTED_EDGE('',*,*,#9820,.T.);
#6640=CARTESIAN_POINT('',(-1.7018,4.87492247795368,-3.82249437805666));
#6641=DIRECTION('',(0.0,-0.669130606358878,-0.743144825477376));
#6642=DIRECTION('',(0.0,-0.743144825477376,0.669130606358878));
#6643=ORIENTED_EDGE('',*,*,#8698,.T.);
#6644=ORIENTED_EDGE('',*,*,#9797,.F.);
#6645=ORIENTED_EDGE('',*,*,#9841,.F.);
#6646=ORIENTED_EDGE('',*,*,#9819,.T.);
#6647=CARTESIAN_POINT('',(-1.7018,6.2738,-4.0566772164236));
#6648=DIRECTION('',(-1.0,0.0,-0.0));
#6649=DIRECTION('',(0.0,0.0,-1.0));
#6650=ORIENTED_EDGE('',*,*,#8696,.T.);
#6651=ORIENTED_EDGE('',*,*,#9798,.F.);
#6652=ORIENTED_EDGE('',*,*,#8700,.F.);
#6653=ORIENTED_EDGE('',*,*,#9818,.T.);
#6654=CARTESIAN_POINT('',(-1.7018,6.93944881851936,-3.6857922606715));
#6655=DIRECTION('',(0.0,0.873554879947121,0.486725663716812));
#6656=DIRECTION('',(1.0,0.0,-0.0));
#6657=ORIENTED_EDGE('',*,*,#8694,.T.);
#6658=ORIENTED_EDGE('',*,*,#9817,.T.);
#6659=ORIENTED_EDGE('',*,*,#9101,.T.);
#6660=ORIENTED_EDGE('',*,*,#9799,.F.);
#6661=CARTESIAN_POINT('',(-1.7018,4.8768,-1.5494));
#6662=DIRECTION('',(-1.0,0.0,-0.0));
#6663=DIRECTION('',(0.0,0.0,-1.0));
#6664=ORIENTED_EDGE('',*,*,#9814,.T.);
#6665=ORIENTED_EDGE('',*,*,#9800,.F.);
#6666=ORIENTED_EDGE('',*,*,#9778,.F.);
#6667=ORIENTED_EDGE('',*,*,#9816,.T.);
#6668=CARTESIAN_POINT('',(-1.7018,3.6068,-6.5024));
#6669=DIRECTION('',(-1.0,0.0,-0.0));
#6670=DIRECTION('',(0.0,0.0,-1.0));
#6671=ORIENTED_EDGE('',*,*,#9808,.T.);
#6672=ORIENTED_EDGE('',*,*,#9804,.F.);
#6673=ORIENTED_EDGE('',*,*,#9813,.F.);
#6674=ORIENTED_EDGE('',*,*,#9811,.F.);
#6675=CARTESIAN_POINT('',(-1.7018,-0.254,-7.0104));
#6676=DIRECTION('',(0.0,-1.0,0.0));
#6677=DIRECTION('',(0.0,0.0,-1.0));
#6678=ORIENTED_EDGE('',*,*,#9842,.T.);
#6679=ORIENTED_EDGE('',*,*,#9843,.T.);
#6680=ORIENTED_EDGE('',*,*,#9844,.T.);
#6681=ORIENTED_EDGE('',*,*,#9776,.F.);
#6682=CARTESIAN_POINT('',(-1.016,0.0,0.0));
#6683=DIRECTION('',(1.0,0.0,0.0));
#6684=DIRECTION('',(0.0,1.0,0.0));
#6685=ORIENTED_EDGE('',*,*,#9844,.F.);
#6686=ORIENTED_EDGE('',*,*,#9845,.T.);
#6687=ORIENTED_EDGE('',*,*,#9846,.T.);
#6688=ORIENTED_EDGE('',*,*,#9773,.T.);
#6689=CARTESIAN_POINT('',(-1.016,3.95877782857532,-4.21801590584362));
#6690=DIRECTION('',(0.0,0.0,-1.0));
#6691=DIRECTION('',(0.0,-1.0,0.0));
#6692=ORIENTED_EDGE('',*,*,#9846,.F.);
#6693=ORIENTED_EDGE('',*,*,#9847,.F.);
#6694=ORIENTED_EDGE('',*,*,#9848,.F.);
#6695=ORIENTED_EDGE('',*,*,#9774,.T.);
#6696=CARTESIAN_POINT('',(-1.524,0.0,0.0));
#6697=DIRECTION('',(1.0,0.0,0.0));
#6698=DIRECTION('',(0.0,1.0,0.0));
#6699=ORIENTED_EDGE('',*,*,#9848,.T.);
#6700=ORIENTED_EDGE('',*,*,#9849,.F.);
#6701=ORIENTED_EDGE('',*,*,#9842,.F.);
#6702=ORIENTED_EDGE('',*,*,#9775,.F.);
#6703=CARTESIAN_POINT('',(-1.016,4.1148,-2.6162));
#6704=DIRECTION('',(0.0,-0.93278793092656,0.360425687094785));
#6705=DIRECTION('',(-1.0,0.0,0.0));
#6706=ORIENTED_EDGE('',*,*,#9849,.T.);
#6707=ORIENTED_EDGE('',*,*,#9847,.T.);
#6708=ORIENTED_EDGE('',*,*,#9845,.F.);
#6709=ORIENTED_EDGE('',*,*,#9843,.F.);
#6710=CARTESIAN_POINT('',(-1.016,3.556,-4.06238409415638));
#6711=DIRECTION('',(0.0,-0.360425687094785,-0.93278793092656));
#6712=DIRECTION('',(0.0,-0.93278793092656,0.360425687094785));
#6713=ORIENTED_EDGE('',*,*,#9211,.F.);
#6714=ORIENTED_EDGE('',*,*,#8907,.F.);
#6715=ORIENTED_EDGE('',*,*,#9767,.F.);
#6716=ORIENTED_EDGE('',*,*,#9098,.F.);
#6717=CARTESIAN_POINT('',(-0.7112,3.0988,-7.874));
#6718=DIRECTION('',(1.0,0.0,0.0));
#6719=DIRECTION('',(0.0,1.0,0.0));
#6720=ORIENTED_EDGE('',*,*,#8909,.F.);
#6721=ORIENTED_EDGE('',*,*,#9212,.T.);
#6722=ORIENTED_EDGE('',*,*,#9096,.F.);
#6723=ORIENTED_EDGE('',*,*,#9850,.F.);
#6724=CARTESIAN_POINT('',(0.7112,3.0988,-6.8961));
#6725=DIRECTION('',(-1.0,0.0,0.0));
#6726=DIRECTION('',(0.0,0.0,1.0));
#6727=ORIENTED_EDGE('',*,*,#9091,.F.);
#6728=ORIENTED_EDGE('',*,*,#9851,.T.);
#6729=ORIENTED_EDGE('',*,*,#8910,.F.);
#6730=ORIENTED_EDGE('',*,*,#9850,.T.);
#6731=ORIENTED_EDGE('',*,*,#9095,.F.);
#6732=ORIENTED_EDGE('',*,*,#9852,.F.);
#6733=CARTESIAN_POINT('',(37.0137737497492,3.6068,-6.3881));
#6734=DIRECTION('',(1.0,-0.0,0.0));
#6735=DIRECTION('',(0.0,1.0,0.0));
#6736=ORIENTED_EDGE('',*,*,#9853,.T.);
#6737=ORIENTED_EDGE('',*,*,#9854,.T.);
#6738=ORIENTED_EDGE('',*,*,#9855,.T.);
#6739=ORIENTED_EDGE('',*,*,#9856,.T.);
#6740=ORIENTED_EDGE('',*,*,#9857,.F.);
#6741=ORIENTED_EDGE('',*,*,#9858,.F.);
#6742=ORIENTED_EDGE('',*,*,#9859,.T.);
#6743=ORIENTED_EDGE('',*,*,#9860,.T.);
#6744=CARTESIAN_POINT('',(0.8382,4.1148,-1.5494));
#6745=DIRECTION('',(0.0,-1.0,0.0));
#6746=DIRECTION('',(0.0,0.0,-1.0));
#6747=ORIENTED_EDGE('',*,*,#9861,.T.);
#6748=ORIENTED_EDGE('',*,*,#9862,.T.);
#6749=ORIENTED_EDGE('',*,*,#9863,.F.);
#6750=ORIENTED_EDGE('',*,*,#9852,.T.);
#6751=CARTESIAN_POINT('',(0.8382,4.1148,-1.5494));
#6752=DIRECTION('',(0.0,-1.0,0.0));
#6753=DIRECTION('',(0.0,0.0,-1.0));
#6754=ORIENTED_EDGE('',*,*,#9864,.F.);
#6755=ORIENTED_EDGE('',*,*,#8953,.T.);
#6756=ORIENTED_EDGE('',*,*,#9865,.T.);
#6757=ORIENTED_EDGE('',*,*,#9856,.F.);
#6758=CARTESIAN_POINT('',(0.9017,3.0988,-1.7653));
#6759=DIRECTION('',(-1.0,0.0,0.0));
#6760=DIRECTION('',(0.0,0.0,1.0));
#6761=ORIENTED_EDGE('',*,*,#9865,.F.);
#6762=ORIENTED_EDGE('',*,*,#8952,.T.);
#6763=ORIENTED_EDGE('',*,*,#9866,.T.);
#6764=ORIENTED_EDGE('',*,*,#9853,.F.);
#6765=CARTESIAN_POINT('',(0.9017,3.0988,-4.3053));
#6766=DIRECTION('',(0.0,0.0,-1.0));
#6767=DIRECTION('',(0.0,-1.0,0.0));
#6768=ORIENTED_EDGE('',*,*,#9866,.F.);
#6769=ORIENTED_EDGE('',*,*,#8951,.T.);
#6770=ORIENTED_EDGE('',*,*,#9867,.T.);
#6771=ORIENTED_EDGE('',*,*,#9854,.F.);
#6772=CARTESIAN_POINT('',(1.6383,3.0988,-4.3053));
#6773=DIRECTION('',(1.0,0.0,0.0));
#6774=DIRECTION('',(0.0,1.0,0.0));
#6775=ORIENTED_EDGE('',*,*,#9867,.F.);
#6776=ORIENTED_EDGE('',*,*,#8950,.T.);
#6777=ORIENTED_EDGE('',*,*,#9864,.T.);
#6778=ORIENTED_EDGE('',*,*,#9855,.F.);
#6779=CARTESIAN_POINT('',(1.6383,3.0988,-1.7653));
#6780=DIRECTION('',(0.0,0.0,1.0));
#6781=DIRECTION('',(1.0,0.0,0.0));
#6782=ORIENTED_EDGE('',*,*,#9868,.T.);
#6783=ORIENTED_EDGE('',*,*,#9869,.T.);
#6784=ORIENTED_EDGE('',*,*,#9870,.T.);
#6785=ORIENTED_EDGE('',*,*,#9871,.T.);
#6786=ORIENTED_EDGE('',*,*,#8693,.T.);
#6787=ORIENTED_EDGE('',*,*,#9872,.T.);
#6788=ORIENTED_EDGE('',*,*,#8687,.T.);
#6789=ORIENTED_EDGE('',*,*,#9873,.T.);
#6790=ORIENTED_EDGE('',*,*,#9874,.T.);
#6791=ORIENTED_EDGE('',*,*,#9875,.T.);
#6792=ORIENTED_EDGE('',*,*,#9876,.T.);
#6793=ORIENTED_EDGE('',*,*,#9877,.T.);
#6794=ORIENTED_EDGE('',*,*,#9878,.T.);
#6795=ORIENTED_EDGE('',*,*,#9879,.T.);
#6796=ORIENTED_EDGE('',*,*,#9880,.T.);
#6797=ORIENTED_EDGE('',*,*,#9881,.T.);
#6798=ORIENTED_EDGE('',*,*,#8685,.T.);
#6799=ORIENTED_EDGE('',*,*,#9882,.T.);
#6800=ORIENTED_EDGE('',*,*,#8679,.T.);
#6801=ORIENTED_EDGE('',*,*,#9883,.T.);
#6802=ORIENTED_EDGE('',*,*,#9092,.T.);
#6803=ORIENTED_EDGE('',*,*,#9863,.T.);
#6804=ORIENTED_EDGE('',*,*,#9884,.T.);
#6805=ORIENTED_EDGE('',*,*,#9885,.T.);
#6806=ORIENTED_EDGE('',*,*,#9886,.T.);
#6807=CARTESIAN_POINT('',(1.7018,0.0,0.0));
#6808=DIRECTION('',(1.0,0.0,0.0));
#6809=DIRECTION('',(0.0,1.0,0.0));
#6810=ORIENTED_EDGE('',*,*,#9886,.F.);
#6811=ORIENTED_EDGE('',*,*,#9887,.F.);
#6812=ORIENTED_EDGE('',*,*,#9888,.T.);
#6813=ORIENTED_EDGE('',*,*,#9889,.F.);
#6814=CARTESIAN_POINT('',(1.6129,0.0777793167928714,-7.112));
#6815=DIRECTION('',(0.965925826289076,-0.258819045102493,0.0));
#6816=DIRECTION('',(0.0,0.0,-1.0));
#6817=ORIENTED_EDGE('',*,*,#9890,.T.);
#6818=ORIENTED_EDGE('',*,*,#9891,.T.);
#6819=ORIENTED_EDGE('',*,*,#9868,.F.);
#6820=ORIENTED_EDGE('',*,*,#9889,.T.);
#6821=ORIENTED_EDGE('',*,*,#9892,.F.);
#6822=ORIENTED_EDGE('',*,*,#9893,.T.);
#6823=CARTESIAN_POINT('',(0.8382,-0.254,-7.2136));
#6824=DIRECTION('',(0.0,0.0,-1.0));
#6825=DIRECTION('',(0.0,-1.0,0.0));
#6826=ORIENTED_EDGE('',*,*,#9894,.F.);
#6827=ORIENTED_EDGE('',*,*,#9893,.F.);
#6828=ORIENTED_EDGE('',*,*,#9895,.T.);
#6829=ORIENTED_EDGE('',*,*,#9896,.F.);
#6830=CARTESIAN_POINT('',(0.9271,0.0777793167928714,-7.112));
#6831=DIRECTION('',(-0.965925826289076,-0.258819045102493,0.0));
#6832=DIRECTION('',(-0.258819045102493,0.965925826289076,0.0));
#6833=ORIENTED_EDGE('',*,*,#9897,.T.);
#6834=ORIENTED_EDGE('',*,*,#9887,.T.);
#6835=ORIENTED_EDGE('',*,*,#9885,.F.);
#6836=ORIENTED_EDGE('',*,*,#9898,.F.);
#6837=ORIENTED_EDGE('',*,*,#9899,.T.);
#6838=ORIENTED_EDGE('',*,*,#9896,.T.);
#6839=CARTESIAN_POINT('',(0.8382,3.6068,-7.0104));
#6840=DIRECTION('',(0.0,0.0,1.0));
#6841=DIRECTION('',(1.0,0.0,0.0));
#6842=ORIENTED_EDGE('',*,*,#9899,.F.);
#6843=ORIENTED_EDGE('',*,*,#9900,.F.);
#6844=ORIENTED_EDGE('',*,*,#9861,.F.);
#6845=ORIENTED_EDGE('',*,*,#9094,.F.);
#6846=ORIENTED_EDGE('',*,*,#9901,.F.);
#6847=ORIENTED_EDGE('',*,*,#8681,.F.);
#6848=ORIENTED_EDGE('',*,*,#9902,.F.);
#6849=ORIENTED_EDGE('',*,*,#8683,.F.);
#6850=ORIENTED_EDGE('',*,*,#9903,.F.);
#6851=ORIENTED_EDGE('',*,*,#9904,.F.);
#6852=ORIENTED_EDGE('',*,*,#9905,.F.);
#6853=ORIENTED_EDGE('',*,*,#9906,.F.);
#6854=ORIENTED_EDGE('',*,*,#9907,.F.);
#6855=ORIENTED_EDGE('',*,*,#9908,.F.);
#6856=ORIENTED_EDGE('',*,*,#9909,.F.);
#6857=ORIENTED_EDGE('',*,*,#9910,.F.);
#6858=ORIENTED_EDGE('',*,*,#9911,.F.);
#6859=ORIENTED_EDGE('',*,*,#8689,.F.);
#6860=ORIENTED_EDGE('',*,*,#9912,.F.);
#6861=ORIENTED_EDGE('',*,*,#8691,.F.);
#6862=ORIENTED_EDGE('',*,*,#9913,.F.);
#6863=ORIENTED_EDGE('',*,*,#9914,.F.);
#6864=ORIENTED_EDGE('',*,*,#9915,.F.);
#6865=ORIENTED_EDGE('',*,*,#9890,.F.);
#6866=ORIENTED_EDGE('',*,*,#9894,.T.);
#6867=CARTESIAN_POINT('',(0.8382,0.0,0.0));
#6868=DIRECTION('',(1.0,0.0,0.0));
#6869=DIRECTION('',(0.0,1.0,0.0));
#6870=ORIENTED_EDGE('',*,*,#9916,.T.);
#6871=ORIENTED_EDGE('',*,*,#9869,.F.);
#6872=ORIENTED_EDGE('',*,*,#9891,.F.);
#6873=ORIENTED_EDGE('',*,*,#9915,.T.);
#6874=CARTESIAN_POINT('',(0.8382,3.6068,-6.5024));
#6875=DIRECTION('',(-1.0,0.0,-0.0));
#6876=DIRECTION('',(0.0,0.0,-1.0));
#6877=ORIENTED_EDGE('',*,*,#9917,.T.);
#6878=ORIENTED_EDGE('',*,*,#9870,.F.);
#6879=ORIENTED_EDGE('',*,*,#9916,.F.);
#6880=ORIENTED_EDGE('',*,*,#9914,.T.);
#6881=CARTESIAN_POINT('',(0.8382,4.318,-6.5024));
#6882=DIRECTION('',(-0.0,1.0,0.0));
#6883=DIRECTION('',(1.0,0.0,0.0));
#6884=ORIENTED_EDGE('',*,*,#8690,.T.);
#6885=ORIENTED_EDGE('',*,*,#9871,.F.);
#6886=ORIENTED_EDGE('',*,*,#9917,.F.);
#6887=ORIENTED_EDGE('',*,*,#9913,.T.);
#6888=CARTESIAN_POINT('',(0.8382,4.8768,-1.5494));
#6889=DIRECTION('',(-1.0,0.0,-0.0));
#6890=DIRECTION('',(0.0,0.0,-1.0));
#6891=ORIENTED_EDGE('',*,*,#8688,.T.);
#6892=ORIENTED_EDGE('',*,*,#9872,.F.);
#6893=ORIENTED_EDGE('',*,*,#8692,.F.);
#6894=ORIENTED_EDGE('',*,*,#9912,.T.);
#6895=CARTESIAN_POINT('',(0.8382,5.36494246691352,-1.27741769911504));
#6896=DIRECTION('',(0.0,-0.873554879947121,-0.486725663716812));
#6897=DIRECTION('',(0.0,0.486725663716812,-0.873554879947121));
#6898=ORIENTED_EDGE('',*,*,#8686,.T.);
#6899=ORIENTED_EDGE('',*,*,#9911,.T.);
#6900=ORIENTED_EDGE('',*,*,#9918,.T.);
#6901=ORIENTED_EDGE('',*,*,#9873,.F.);
#6902=CARTESIAN_POINT('',(0.8382,6.2738,-4.0566772164236));
#6903=DIRECTION('',(-1.0,0.0,-0.0));
#6904=DIRECTION('',(0.0,0.0,-1.0));
#6905=ORIENTED_EDGE('',*,*,#9919,.T.);
#6906=ORIENTED_EDGE('',*,*,#9874,.F.);
#6907=ORIENTED_EDGE('',*,*,#9918,.F.);
#6908=ORIENTED_EDGE('',*,*,#9910,.T.);
#6909=CARTESIAN_POINT('',(0.8382,5.89988981716654,-4.4719465449003));
#6910=DIRECTION('',(0.0,0.669130606358878,0.743144825477376));
#6911=DIRECTION('',(1.0,-0.0,0.0));
#6912=ORIENTED_EDGE('',*,*,#9920,.T.);
#6913=ORIENTED_EDGE('',*,*,#9875,.F.);
#6914=ORIENTED_EDGE('',*,*,#9919,.F.);
#6915=ORIENTED_EDGE('',*,*,#9909,.T.);
#6916=CARTESIAN_POINT('',(0.8382,5.3848,-3.25621802104344));
#6917=DIRECTION('',(-1.0,0.0,-0.0));
#6918=DIRECTION('',(0.0,0.0,-1.0));
#6919=ORIENTED_EDGE('',*,*,#9921,.T.);
#6920=ORIENTED_EDGE('',*,*,#9876,.F.);
#6921=ORIENTED_EDGE('',*,*,#9920,.F.);
#6922=ORIENTED_EDGE('',*,*,#9908,.T.);
#6923=CARTESIAN_POINT('',(0.8382,4.9695306715233,-2.88230783820998));
#6924=DIRECTION('',(0.0,0.743144825477376,-0.669130606358878));
#6925=DIRECTION('',(-1.0,0.0,0.0));
#6926=ORIENTED_EDGE('',*,*,#9922,.T.);
#6927=ORIENTED_EDGE('',*,*,#9877,.F.);
#6928=ORIENTED_EDGE('',*,*,#9921,.F.);
#6929=ORIENTED_EDGE('',*,*,#9907,.T.);
#6930=CARTESIAN_POINT('',(0.8382,5.05451025853102,-2.78792844537402));
#6931=DIRECTION('',(0.0,0.669130606358878,0.743144825477376));
#6932=DIRECTION('',(1.0,-0.0,0.0));
#6933=ORIENTED_EDGE('',*,*,#9923,.T.);
#6934=ORIENTED_EDGE('',*,*,#9878,.F.);
#6935=ORIENTED_EDGE('',*,*,#9922,.F.);
#6936=ORIENTED_EDGE('',*,*,#9906,.T.);
#6937=CARTESIAN_POINT('',(0.8382,4.9035032299945,-2.65196110616116));
#6938=DIRECTION('',(0.0,-0.743144825477376,0.669130606358878));
#6939=DIRECTION('',(-1.0,0.0,0.0));
#6940=ORIENTED_EDGE('',*,*,#9924,.T.);
#6941=ORIENTED_EDGE('',*,*,#9879,.F.);
#6942=ORIENTED_EDGE('',*,*,#9923,.F.);
#6943=ORIENTED_EDGE('',*,*,#9905,.T.);
#6944=CARTESIAN_POINT('',(0.8382,5.3848,-3.25621802104344));
#6945=DIRECTION('',(-1.0,0.0,-0.0));
#6946=DIRECTION('',(0.0,0.0,-1.0));
#6947=ORIENTED_EDGE('',*,*,#9925,.T.);
#6948=ORIENTED_EDGE('',*,*,#9880,.F.);
#6949=ORIENTED_EDGE('',*,*,#9924,.F.);
#6950=ORIENTED_EDGE('',*,*,#9904,.T.);
#6951=CARTESIAN_POINT('',(0.8382,4.87492247795368,-3.82249437805666));
#6952=DIRECTION('',(0.0,-0.669130606358878,-0.743144825477376));
#6953=DIRECTION('',(0.0,-0.743144825477376,0.669130606358878));
#6954=ORIENTED_EDGE('',*,*,#8682,.T.);
#6955=ORIENTED_EDGE('',*,*,#9881,.F.);
#6956=ORIENTED_EDGE('',*,*,#9925,.F.);
#6957=ORIENTED_EDGE('',*,*,#9903,.T.);
#6958=CARTESIAN_POINT('',(0.8382,6.2738,-4.0566772164236));
#6959=DIRECTION('',(-1.0,0.0,-0.0));
#6960=DIRECTION('',(0.0,0.0,-1.0));
#6961=ORIENTED_EDGE('',*,*,#8680,.T.);
#6962=ORIENTED_EDGE('',*,*,#9882,.F.);
#6963=ORIENTED_EDGE('',*,*,#8684,.F.);
#6964=ORIENTED_EDGE('',*,*,#9902,.T.);
#6965=CARTESIAN_POINT('',(0.8382,6.93944881851936,-3.6857922606715));
#6966=DIRECTION('',(0.0,0.873554879947121,0.486725663716812));
#6967=DIRECTION('',(1.0,0.0,-0.0));
#6968=ORIENTED_EDGE('',*,*,#8678,.T.);
#6969=ORIENTED_EDGE('',*,*,#9901,.T.);
#6970=ORIENTED_EDGE('',*,*,#9093,.T.);
#6971=ORIENTED_EDGE('',*,*,#9883,.F.);
#6972=CARTESIAN_POINT('',(0.8382,4.8768,-1.5494));
#6973=DIRECTION('',(-1.0,0.0,-0.0));
#6974=DIRECTION('',(0.0,0.0,-1.0));
#6975=ORIENTED_EDGE('',*,*,#9898,.T.);
#6976=ORIENTED_EDGE('',*,*,#9884,.F.);
#6977=ORIENTED_EDGE('',*,*,#9862,.F.);
#6978=ORIENTED_EDGE('',*,*,#9900,.T.);
#6979=CARTESIAN_POINT('',(0.8382,3.6068,-6.5024));
#6980=DIRECTION('',(-1.0,0.0,-0.0));
#6981=DIRECTION('',(0.0,0.0,-1.0));
#6982=ORIENTED_EDGE('',*,*,#9892,.T.);
#6983=ORIENTED_EDGE('',*,*,#9888,.F.);
#6984=ORIENTED_EDGE('',*,*,#9897,.F.);
#6985=ORIENTED_EDGE('',*,*,#9895,.F.);
#6986=CARTESIAN_POINT('',(0.8382,-0.254,-7.0104));
#6987=DIRECTION('',(0.0,-1.0,0.0));
#6988=DIRECTION('',(0.0,0.0,-1.0));
#6989=ORIENTED_EDGE('',*,*,#9926,.T.);
#6990=ORIENTED_EDGE('',*,*,#9927,.T.);
#6991=ORIENTED_EDGE('',*,*,#9928,.T.);
#6992=ORIENTED_EDGE('',*,*,#9860,.F.);
#6993=CARTESIAN_POINT('',(1.524,0.0,0.0));
#6994=DIRECTION('',(1.0,0.0,0.0));
#6995=DIRECTION('',(0.0,1.0,0.0));
#6996=ORIENTED_EDGE('',*,*,#9928,.F.);
#6997=ORIENTED_EDGE('',*,*,#9929,.T.);
#6998=ORIENTED_EDGE('',*,*,#9930,.T.);
#6999=ORIENTED_EDGE('',*,*,#9857,.T.);
#7000=CARTESIAN_POINT('',(1.524,3.95877782857532,-4.21801590584362));
#7001=DIRECTION('',(0.0,0.0,-1.0));
#7002=DIRECTION('',(0.0,-1.0,0.0));
#7003=ORIENTED_EDGE('',*,*,#9930,.F.);
#7004=ORIENTED_EDGE('',*,*,#9931,.F.);
#7005=ORIENTED_EDGE('',*,*,#9932,.F.);
#7006=ORIENTED_EDGE('',*,*,#9858,.T.);
#7007=CARTESIAN_POINT('',(1.016,0.0,0.0));
#7008=DIRECTION('',(1.0,0.0,0.0));
#7009=DIRECTION('',(0.0,1.0,0.0));
#7010=ORIENTED_EDGE('',*,*,#9932,.T.);
#7011=ORIENTED_EDGE('',*,*,#9933,.F.);
#7012=ORIENTED_EDGE('',*,*,#9926,.F.);
#7013=ORIENTED_EDGE('',*,*,#9859,.F.);
#7014=CARTESIAN_POINT('',(1.524,4.1148,-2.6162));
#7015=DIRECTION('',(0.0,-0.93278793092656,0.360425687094785));
#7016=DIRECTION('',(-1.0,0.0,0.0));
#7017=ORIENTED_EDGE('',*,*,#9933,.T.);
#7018=ORIENTED_EDGE('',*,*,#9931,.T.);
#7019=ORIENTED_EDGE('',*,*,#9929,.F.);
#7020=ORIENTED_EDGE('',*,*,#9927,.F.);
#7021=CARTESIAN_POINT('',(1.524,3.556,-4.06238409415638));
#7022=DIRECTION('',(0.0,-0.360425687094785,-0.93278793092656));
#7023=DIRECTION('',(0.0,-0.93278793092656,0.360425687094785));
#7024=ORIENTED_EDGE('',*,*,#9213,.F.);
#7025=ORIENTED_EDGE('',*,*,#8911,.F.);
#7026=ORIENTED_EDGE('',*,*,#9851,.F.);
#7027=ORIENTED_EDGE('',*,*,#9090,.F.);
#7028=CARTESIAN_POINT('',(1.8288,3.0988,-7.874));
#7029=DIRECTION('',(1.0,0.0,0.0));
#7030=DIRECTION('',(0.0,1.0,0.0));
#7031=ORIENTED_EDGE('',*,*,#8913,.F.);
#7032=ORIENTED_EDGE('',*,*,#9214,.T.);
#7033=ORIENTED_EDGE('',*,*,#9088,.F.);
#7034=ORIENTED_EDGE('',*,*,#9934,.F.);
#7035=CARTESIAN_POINT('',(3.2512,3.0988,-6.8961));
#7036=DIRECTION('',(-1.0,0.0,0.0));
#7037=DIRECTION('',(0.0,0.0,1.0));
#7038=ORIENTED_EDGE('',*,*,#9083,.F.);
#7039=ORIENTED_EDGE('',*,*,#9935,.T.);
#7040=ORIENTED_EDGE('',*,*,#8914,.F.);
#7041=ORIENTED_EDGE('',*,*,#9934,.T.);
#7042=ORIENTED_EDGE('',*,*,#9087,.F.);
#7043=ORIENTED_EDGE('',*,*,#9936,.F.);
#7044=CARTESIAN_POINT('',(44.511421826102,3.6068,-6.3881));
#7045=DIRECTION('',(1.0,-0.0,0.0));
#7046=DIRECTION('',(0.0,1.0,0.0));
#7047=ORIENTED_EDGE('',*,*,#9937,.T.);
#7048=ORIENTED_EDGE('',*,*,#9938,.T.);
#7049=ORIENTED_EDGE('',*,*,#9939,.T.);
#7050=ORIENTED_EDGE('',*,*,#9940,.T.);
#7051=ORIENTED_EDGE('',*,*,#9941,.F.);
#7052=ORIENTED_EDGE('',*,*,#9942,.F.);
#7053=ORIENTED_EDGE('',*,*,#9943,.T.);
#7054=ORIENTED_EDGE('',*,*,#9944,.T.);
#7055=CARTESIAN_POINT('',(3.3782,4.1148,-1.5494));
#7056=DIRECTION('',(0.0,-1.0,0.0));
#7057=DIRECTION('',(0.0,0.0,-1.0));
#7058=ORIENTED_EDGE('',*,*,#9945,.T.);
#7059=ORIENTED_EDGE('',*,*,#9946,.T.);
#7060=ORIENTED_EDGE('',*,*,#9947,.F.);
#7061=ORIENTED_EDGE('',*,*,#9936,.T.);
#7062=CARTESIAN_POINT('',(3.3782,4.1148,-1.5494));
#7063=DIRECTION('',(0.0,-1.0,0.0));
#7064=DIRECTION('',(0.0,0.0,-1.0));
#7065=ORIENTED_EDGE('',*,*,#9948,.F.);
#7066=ORIENTED_EDGE('',*,*,#8957,.T.);
#7067=ORIENTED_EDGE('',*,*,#9949,.T.);
#7068=ORIENTED_EDGE('',*,*,#9940,.F.);
#7069=CARTESIAN_POINT('',(3.4417,3.0988,-1.7653));
#7070=DIRECTION('',(-1.0,0.0,0.0));
#7071=DIRECTION('',(0.0,0.0,1.0));
#7072=ORIENTED_EDGE('',*,*,#9949,.F.);
#7073=ORIENTED_EDGE('',*,*,#8956,.T.);
#7074=ORIENTED_EDGE('',*,*,#9950,.T.);
#7075=ORIENTED_EDGE('',*,*,#9937,.F.);
#7076=CARTESIAN_POINT('',(3.4417,3.0988,-4.3053));
#7077=DIRECTION('',(0.0,0.0,-1.0));
#7078=DIRECTION('',(0.0,-1.0,0.0));
#7079=ORIENTED_EDGE('',*,*,#9950,.F.);
#7080=ORIENTED_EDGE('',*,*,#8955,.T.);
#7081=ORIENTED_EDGE('',*,*,#9951,.T.);
#7082=ORIENTED_EDGE('',*,*,#9938,.F.);
#7083=CARTESIAN_POINT('',(4.1783,3.0988,-4.3053));
#7084=DIRECTION('',(1.0,0.0,0.0));
#7085=DIRECTION('',(0.0,1.0,0.0));
#7086=ORIENTED_EDGE('',*,*,#9951,.F.);
#7087=ORIENTED_EDGE('',*,*,#8954,.T.);
#7088=ORIENTED_EDGE('',*,*,#9948,.T.);
#7089=ORIENTED_EDGE('',*,*,#9939,.F.);
#7090=CARTESIAN_POINT('',(4.1783,3.0988,-1.7653));
#7091=DIRECTION('',(0.0,0.0,1.0));
#7092=DIRECTION('',(1.0,0.0,0.0));
#7093=ORIENTED_EDGE('',*,*,#9952,.T.);
#7094=ORIENTED_EDGE('',*,*,#9953,.T.);
#7095=ORIENTED_EDGE('',*,*,#9954,.T.);
#7096=ORIENTED_EDGE('',*,*,#9955,.T.);
#7097=ORIENTED_EDGE('',*,*,#8677,.T.);
#7098=ORIENTED_EDGE('',*,*,#9956,.T.);
#7099=ORIENTED_EDGE('',*,*,#8671,.T.);
#7100=ORIENTED_EDGE('',*,*,#9957,.T.);
#7101=ORIENTED_EDGE('',*,*,#9958,.T.);
#7102=ORIENTED_EDGE('',*,*,#9959,.T.);
#7103=ORIENTED_EDGE('',*,*,#9960,.T.);
#7104=ORIENTED_EDGE('',*,*,#9961,.T.);
#7105=ORIENTED_EDGE('',*,*,#9962,.T.);
#7106=ORIENTED_EDGE('',*,*,#9963,.T.);
#7107=ORIENTED_EDGE('',*,*,#9964,.T.);
#7108=ORIENTED_EDGE('',*,*,#9965,.T.);
#7109=ORIENTED_EDGE('',*,*,#8669,.T.);
#7110=ORIENTED_EDGE('',*,*,#9966,.T.);
#7111=ORIENTED_EDGE('',*,*,#8663,.T.);
#7112=ORIENTED_EDGE('',*,*,#9967,.T.);
#7113=ORIENTED_EDGE('',*,*,#9084,.T.);
#7114=ORIENTED_EDGE('',*,*,#9947,.T.);
#7115=ORIENTED_EDGE('',*,*,#9968,.T.);
#7116=ORIENTED_EDGE('',*,*,#9969,.T.);
#7117=ORIENTED_EDGE('',*,*,#9970,.T.);
#7118=CARTESIAN_POINT('',(4.2418,0.0,0.0));
#7119=DIRECTION('',(1.0,0.0,0.0));
#7120=DIRECTION('',(0.0,1.0,0.0));
#7121=ORIENTED_EDGE('',*,*,#9970,.F.);
#7122=ORIENTED_EDGE('',*,*,#9971,.F.);
#7123=ORIENTED_EDGE('',*,*,#9972,.T.);
#7124=ORIENTED_EDGE('',*,*,#9973,.F.);
#7125=CARTESIAN_POINT('',(4.1529,0.0777793167928714,-7.112));
#7126=DIRECTION('',(0.965925826289076,-0.258819045102493,0.0));
#7127=DIRECTION('',(0.0,0.0,-1.0));
#7128=ORIENTED_EDGE('',*,*,#9974,.T.);
#7129=ORIENTED_EDGE('',*,*,#9975,.T.);
#7130=ORIENTED_EDGE('',*,*,#9952,.F.);
#7131=ORIENTED_EDGE('',*,*,#9973,.T.);
#7132=ORIENTED_EDGE('',*,*,#9976,.F.);
#7133=ORIENTED_EDGE('',*,*,#9977,.T.);
#7134=CARTESIAN_POINT('',(3.3782,-0.254,-7.2136));
#7135=DIRECTION('',(0.0,0.0,-1.0));
#7136=DIRECTION('',(0.0,-1.0,0.0));
#7137=ORIENTED_EDGE('',*,*,#9978,.F.);
#7138=ORIENTED_EDGE('',*,*,#9977,.F.);
#7139=ORIENTED_EDGE('',*,*,#9979,.T.);
#7140=ORIENTED_EDGE('',*,*,#9980,.F.);
#7141=CARTESIAN_POINT('',(3.4671,0.0777793167928714,-7.112));
#7142=DIRECTION('',(-0.965925826289076,-0.258819045102493,0.0));
#7143=DIRECTION('',(-0.258819045102493,0.965925826289076,0.0));
#7144=ORIENTED_EDGE('',*,*,#9981,.T.);
#7145=ORIENTED_EDGE('',*,*,#9971,.T.);
#7146=ORIENTED_EDGE('',*,*,#9969,.F.);
#7147=ORIENTED_EDGE('',*,*,#9982,.F.);
#7148=ORIENTED_EDGE('',*,*,#9983,.T.);
#7149=ORIENTED_EDGE('',*,*,#9980,.T.);
#7150=CARTESIAN_POINT('',(3.3782,3.6068,-7.0104));
#7151=DIRECTION('',(0.0,0.0,1.0));
#7152=DIRECTION('',(1.0,0.0,0.0));
#7153=ORIENTED_EDGE('',*,*,#9983,.F.);
#7154=ORIENTED_EDGE('',*,*,#9984,.F.);
#7155=ORIENTED_EDGE('',*,*,#9945,.F.);
#7156=ORIENTED_EDGE('',*,*,#9086,.F.);
#7157=ORIENTED_EDGE('',*,*,#9985,.F.);
#7158=ORIENTED_EDGE('',*,*,#8665,.F.);
#7159=ORIENTED_EDGE('',*,*,#9986,.F.);
#7160=ORIENTED_EDGE('',*,*,#8667,.F.);
#7161=ORIENTED_EDGE('',*,*,#9987,.F.);
#7162=ORIENTED_EDGE('',*,*,#9988,.F.);
#7163=ORIENTED_EDGE('',*,*,#9989,.F.);
#7164=ORIENTED_EDGE('',*,*,#9990,.F.);
#7165=ORIENTED_EDGE('',*,*,#9991,.F.);
#7166=ORIENTED_EDGE('',*,*,#9992,.F.);
#7167=ORIENTED_EDGE('',*,*,#9993,.F.);
#7168=ORIENTED_EDGE('',*,*,#9994,.F.);
#7169=ORIENTED_EDGE('',*,*,#9995,.F.);
#7170=ORIENTED_EDGE('',*,*,#8673,.F.);
#7171=ORIENTED_EDGE('',*,*,#9996,.F.);
#7172=ORIENTED_EDGE('',*,*,#8675,.F.);
#7173=ORIENTED_EDGE('',*,*,#9997,.F.);
#7174=ORIENTED_EDGE('',*,*,#9998,.F.);
#7175=ORIENTED_EDGE('',*,*,#9999,.F.);
#7176=ORIENTED_EDGE('',*,*,#9974,.F.);
#7177=ORIENTED_EDGE('',*,*,#9978,.T.);
#7178=CARTESIAN_POINT('',(3.3782,0.0,0.0));
#7179=DIRECTION('',(1.0,0.0,0.0));
#7180=DIRECTION('',(0.0,1.0,0.0));
#7181=ORIENTED_EDGE('',*,*,#10000,.T.);
#7182=ORIENTED_EDGE('',*,*,#9953,.F.);
#7183=ORIENTED_EDGE('',*,*,#9975,.F.);
#7184=ORIENTED_EDGE('',*,*,#9999,.T.);
#7185=CARTESIAN_POINT('',(3.3782,3.6068,-6.5024));
#7186=DIRECTION('',(-1.0,0.0,-0.0));
#7187=DIRECTION('',(0.0,0.0,-1.0));
#7188=ORIENTED_EDGE('',*,*,#10001,.T.);
#7189=ORIENTED_EDGE('',*,*,#9954,.F.);
#7190=ORIENTED_EDGE('',*,*,#10000,.F.);
#7191=ORIENTED_EDGE('',*,*,#9998,.T.);
#7192=CARTESIAN_POINT('',(3.3782,4.318,-6.5024));
#7193=DIRECTION('',(-0.0,1.0,0.0));
#7194=DIRECTION('',(1.0,0.0,0.0));
#7195=ORIENTED_EDGE('',*,*,#8674,.T.);
#7196=ORIENTED_EDGE('',*,*,#9955,.F.);
#7197=ORIENTED_EDGE('',*,*,#10001,.F.);
#7198=ORIENTED_EDGE('',*,*,#9997,.T.);
#7199=CARTESIAN_POINT('',(3.3782,4.8768,-1.5494));
#7200=DIRECTION('',(-1.0,0.0,-0.0));
#7201=DIRECTION('',(0.0,0.0,-1.0));
#7202=ORIENTED_EDGE('',*,*,#8672,.T.);
#7203=ORIENTED_EDGE('',*,*,#9956,.F.);
#7204=ORIENTED_EDGE('',*,*,#8676,.F.);
#7205=ORIENTED_EDGE('',*,*,#9996,.T.);
#7206=CARTESIAN_POINT('',(3.3782,5.36494246691352,-1.27741769911504));
#7207=DIRECTION('',(0.0,-0.873554879947121,-0.486725663716812));
#7208=DIRECTION('',(0.0,0.486725663716812,-0.873554879947121));
#7209=ORIENTED_EDGE('',*,*,#8670,.T.);
#7210=ORIENTED_EDGE('',*,*,#9995,.T.);
#7211=ORIENTED_EDGE('',*,*,#10002,.T.);
#7212=ORIENTED_EDGE('',*,*,#9957,.F.);
#7213=CARTESIAN_POINT('',(3.3782,6.2738,-4.0566772164236));
#7214=DIRECTION('',(-1.0,0.0,-0.0));
#7215=DIRECTION('',(0.0,0.0,-1.0));
#7216=ORIENTED_EDGE('',*,*,#10003,.T.);
#7217=ORIENTED_EDGE('',*,*,#9958,.F.);
#7218=ORIENTED_EDGE('',*,*,#10002,.F.);
#7219=ORIENTED_EDGE('',*,*,#9994,.T.);
#7220=CARTESIAN_POINT('',(3.3782,5.89988981716654,-4.4719465449003));
#7221=DIRECTION('',(0.0,0.669130606358878,0.743144825477376));
#7222=DIRECTION('',(1.0,-0.0,0.0));
#7223=ORIENTED_EDGE('',*,*,#10004,.T.);
#7224=ORIENTED_EDGE('',*,*,#9959,.F.);
#7225=ORIENTED_EDGE('',*,*,#10003,.F.);
#7226=ORIENTED_EDGE('',*,*,#9993,.T.);
#7227=CARTESIAN_POINT('',(3.3782,5.3848,-3.25621802104344));
#7228=DIRECTION('',(-1.0,0.0,-0.0));
#7229=DIRECTION('',(0.0,0.0,-1.0));
#7230=ORIENTED_EDGE('',*,*,#10005,.T.);
#7231=ORIENTED_EDGE('',*,*,#9960,.F.);
#7232=ORIENTED_EDGE('',*,*,#10004,.F.);
#7233=ORIENTED_EDGE('',*,*,#9992,.T.);
#7234=CARTESIAN_POINT('',(3.3782,4.9695306715233,-2.88230783820998));
#7235=DIRECTION('',(0.0,0.743144825477376,-0.669130606358878));
#7236=DIRECTION('',(-1.0,0.0,0.0));
#7237=ORIENTED_EDGE('',*,*,#10006,.T.);
#7238=ORIENTED_EDGE('',*,*,#9961,.F.);
#7239=ORIENTED_EDGE('',*,*,#10005,.F.);
#7240=ORIENTED_EDGE('',*,*,#9991,.T.);
#7241=CARTESIAN_POINT('',(3.3782,5.05451025853102,-2.78792844537402));
#7242=DIRECTION('',(0.0,0.669130606358878,0.743144825477376));
#7243=DIRECTION('',(1.0,-0.0,0.0));
#7244=ORIENTED_EDGE('',*,*,#10007,.T.);
#7245=ORIENTED_EDGE('',*,*,#9962,.F.);
#7246=ORIENTED_EDGE('',*,*,#10006,.F.);
#7247=ORIENTED_EDGE('',*,*,#9990,.T.);
#7248=CARTESIAN_POINT('',(3.3782,4.9035032299945,-2.65196110616116));
#7249=DIRECTION('',(0.0,-0.743144825477376,0.669130606358878));
#7250=DIRECTION('',(-1.0,0.0,0.0));
#7251=ORIENTED_EDGE('',*,*,#10008,.T.);
#7252=ORIENTED_EDGE('',*,*,#9963,.F.);
#7253=ORIENTED_EDGE('',*,*,#10007,.F.);
#7254=ORIENTED_EDGE('',*,*,#9989,.T.);
#7255=CARTESIAN_POINT('',(3.3782,5.3848,-3.25621802104344));
#7256=DIRECTION('',(-1.0,0.0,-0.0));
#7257=DIRECTION('',(0.0,0.0,-1.0));
#7258=ORIENTED_EDGE('',*,*,#10009,.T.);
#7259=ORIENTED_EDGE('',*,*,#9964,.F.);
#7260=ORIENTED_EDGE('',*,*,#10008,.F.);
#7261=ORIENTED_EDGE('',*,*,#9988,.T.);
#7262=CARTESIAN_POINT('',(3.3782,4.87492247795368,-3.82249437805666));
#7263=DIRECTION('',(0.0,-0.669130606358878,-0.743144825477376));
#7264=DIRECTION('',(0.0,-0.743144825477376,0.669130606358878));
#7265=ORIENTED_EDGE('',*,*,#8666,.T.);
#7266=ORIENTED_EDGE('',*,*,#9965,.F.);
#7267=ORIENTED_EDGE('',*,*,#10009,.F.);
#7268=ORIENTED_EDGE('',*,*,#9987,.T.);
#7269=CARTESIAN_POINT('',(3.3782,6.2738,-4.0566772164236));
#7270=DIRECTION('',(-1.0,0.0,-0.0));
#7271=DIRECTION('',(0.0,0.0,-1.0));
#7272=ORIENTED_EDGE('',*,*,#8664,.T.);
#7273=ORIENTED_EDGE('',*,*,#9966,.F.);
#7274=ORIENTED_EDGE('',*,*,#8668,.F.);
#7275=ORIENTED_EDGE('',*,*,#9986,.T.);
#7276=CARTESIAN_POINT('',(3.3782,6.93944881851936,-3.6857922606715));
#7277=DIRECTION('',(0.0,0.873554879947121,0.486725663716812));
#7278=DIRECTION('',(1.0,0.0,-0.0));
#7279=ORIENTED_EDGE('',*,*,#8662,.T.);
#7280=ORIENTED_EDGE('',*,*,#9985,.T.);
#7281=ORIENTED_EDGE('',*,*,#9085,.T.);
#7282=ORIENTED_EDGE('',*,*,#9967,.F.);
#7283=CARTESIAN_POINT('',(3.3782,4.8768,-1.5494));
#7284=DIRECTION('',(-1.0,0.0,-0.0));
#7285=DIRECTION('',(0.0,0.0,-1.0));
#7286=ORIENTED_EDGE('',*,*,#9982,.T.);
#7287=ORIENTED_EDGE('',*,*,#9968,.F.);
#7288=ORIENTED_EDGE('',*,*,#9946,.F.);
#7289=ORIENTED_EDGE('',*,*,#9984,.T.);
#7290=CARTESIAN_POINT('',(3.3782,3.6068,-6.5024));
#7291=DIRECTION('',(-1.0,0.0,-0.0));
#7292=DIRECTION('',(0.0,0.0,-1.0));
#7293=ORIENTED_EDGE('',*,*,#9976,.T.);
#7294=ORIENTED_EDGE('',*,*,#9972,.F.);
#7295=ORIENTED_EDGE('',*,*,#9981,.F.);
#7296=ORIENTED_EDGE('',*,*,#9979,.F.);
#7297=CARTESIAN_POINT('',(3.3782,-0.254,-7.0104));
#7298=DIRECTION('',(0.0,-1.0,0.0));
#7299=DIRECTION('',(0.0,0.0,-1.0));
#7300=ORIENTED_EDGE('',*,*,#10010,.T.);
#7301=ORIENTED_EDGE('',*,*,#10011,.T.);
#7302=ORIENTED_EDGE('',*,*,#10012,.T.);
#7303=ORIENTED_EDGE('',*,*,#9944,.F.);
#7304=CARTESIAN_POINT('',(4.064,0.0,0.0));
#7305=DIRECTION('',(1.0,0.0,0.0));
#7306=DIRECTION('',(0.0,1.0,0.0));
#7307=ORIENTED_EDGE('',*,*,#10012,.F.);
#7308=ORIENTED_EDGE('',*,*,#10013,.T.);
#7309=ORIENTED_EDGE('',*,*,#10014,.T.);
#7310=ORIENTED_EDGE('',*,*,#9941,.T.);
#7311=CARTESIAN_POINT('',(4.064,3.95877782857532,-4.21801590584362));
#7312=DIRECTION('',(0.0,0.0,-1.0));
#7313=DIRECTION('',(0.0,-1.0,0.0));
#7314=ORIENTED_EDGE('',*,*,#10014,.F.);
#7315=ORIENTED_EDGE('',*,*,#10015,.F.);
#7316=ORIENTED_EDGE('',*,*,#10016,.F.);
#7317=ORIENTED_EDGE('',*,*,#9942,.T.);
#7318=CARTESIAN_POINT('',(3.556,0.0,0.0));
#7319=DIRECTION('',(1.0,0.0,0.0));
#7320=DIRECTION('',(0.0,1.0,0.0));
#7321=ORIENTED_EDGE('',*,*,#10016,.T.);
#7322=ORIENTED_EDGE('',*,*,#10017,.F.);
#7323=ORIENTED_EDGE('',*,*,#10010,.F.);
#7324=ORIENTED_EDGE('',*,*,#9943,.F.);
#7325=CARTESIAN_POINT('',(4.064,4.1148,-2.6162));
#7326=DIRECTION('',(0.0,-0.93278793092656,0.360425687094785));
#7327=DIRECTION('',(-1.0,0.0,0.0));
#7328=ORIENTED_EDGE('',*,*,#10017,.T.);
#7329=ORIENTED_EDGE('',*,*,#10015,.T.);
#7330=ORIENTED_EDGE('',*,*,#10013,.F.);
#7331=ORIENTED_EDGE('',*,*,#10011,.F.);
#7332=CARTESIAN_POINT('',(4.064,3.556,-4.06238409415638));
#7333=DIRECTION('',(0.0,-0.360425687094785,-0.93278793092656));
#7334=DIRECTION('',(0.0,-0.93278793092656,0.360425687094785));
#7335=ORIENTED_EDGE('',*,*,#9215,.F.);
#7336=ORIENTED_EDGE('',*,*,#8915,.F.);
#7337=ORIENTED_EDGE('',*,*,#9935,.F.);
#7338=ORIENTED_EDGE('',*,*,#9082,.F.);
#7339=CARTESIAN_POINT('',(4.3688,3.0988,-7.874));
#7340=DIRECTION('',(1.0,0.0,0.0));
#7341=DIRECTION('',(0.0,1.0,0.0));
#7342=ORIENTED_EDGE('',*,*,#8917,.F.);
#7343=ORIENTED_EDGE('',*,*,#9216,.T.);
#7344=ORIENTED_EDGE('',*,*,#9080,.F.);
#7345=ORIENTED_EDGE('',*,*,#10018,.F.);
#7346=CARTESIAN_POINT('',(5.7912,3.0988,-6.8961));
#7347=DIRECTION('',(-1.0,0.0,0.0));
#7348=DIRECTION('',(0.0,0.0,1.0));
#7349=ORIENTED_EDGE('',*,*,#9075,.F.);
#7350=ORIENTED_EDGE('',*,*,#10019,.T.);
#7351=ORIENTED_EDGE('',*,*,#8918,.F.);
#7352=ORIENTED_EDGE('',*,*,#10018,.T.);
#7353=ORIENTED_EDGE('',*,*,#9079,.F.);
#7354=ORIENTED_EDGE('',*,*,#10020,.F.);
#7355=CARTESIAN_POINT('',(52.0383747227376,3.6068,-6.3881));
#7356=DIRECTION('',(1.0,-0.0,0.0));
#7357=DIRECTION('',(0.0,1.0,0.0));
#7358=ORIENTED_EDGE('',*,*,#10021,.T.);
#7359=ORIENTED_EDGE('',*,*,#10022,.T.);
#7360=ORIENTED_EDGE('',*,*,#10023,.T.);
#7361=ORIENTED_EDGE('',*,*,#10024,.T.);
#7362=ORIENTED_EDGE('',*,*,#10025,.F.);
#7363=ORIENTED_EDGE('',*,*,#10026,.F.);
#7364=ORIENTED_EDGE('',*,*,#10027,.T.);
#7365=ORIENTED_EDGE('',*,*,#10028,.T.);
#7366=CARTESIAN_POINT('',(5.9182,4.1148,-1.5494));
#7367=DIRECTION('',(0.0,-1.0,0.0));
#7368=DIRECTION('',(0.0,0.0,-1.0));
#7369=ORIENTED_EDGE('',*,*,#10029,.T.);
#7370=ORIENTED_EDGE('',*,*,#10030,.T.);
#7371=ORIENTED_EDGE('',*,*,#10031,.F.);
#7372=ORIENTED_EDGE('',*,*,#10020,.T.);
#7373=CARTESIAN_POINT('',(5.9182,4.1148,-1.5494));
#7374=DIRECTION('',(0.0,-1.0,0.0));
#7375=DIRECTION('',(0.0,0.0,-1.0));
#7376=ORIENTED_EDGE('',*,*,#10032,.F.);
#7377=ORIENTED_EDGE('',*,*,#8961,.T.);
#7378=ORIENTED_EDGE('',*,*,#10033,.T.);
#7379=ORIENTED_EDGE('',*,*,#10024,.F.);
#7380=CARTESIAN_POINT('',(5.9817,3.0988,-1.7653));
#7381=DIRECTION('',(-1.0,0.0,0.0));
#7382=DIRECTION('',(0.0,0.0,1.0));
#7383=ORIENTED_EDGE('',*,*,#10033,.F.);
#7384=ORIENTED_EDGE('',*,*,#8960,.T.);
#7385=ORIENTED_EDGE('',*,*,#10034,.T.);
#7386=ORIENTED_EDGE('',*,*,#10021,.F.);
#7387=CARTESIAN_POINT('',(5.9817,3.0988,-4.3053));
#7388=DIRECTION('',(0.0,0.0,-1.0));
#7389=DIRECTION('',(0.0,-1.0,0.0));
#7390=ORIENTED_EDGE('',*,*,#10034,.F.);
#7391=ORIENTED_EDGE('',*,*,#8959,.T.);
#7392=ORIENTED_EDGE('',*,*,#10035,.T.);
#7393=ORIENTED_EDGE('',*,*,#10022,.F.);
#7394=CARTESIAN_POINT('',(6.7183,3.0988,-4.3053));
#7395=DIRECTION('',(1.0,0.0,0.0));
#7396=DIRECTION('',(0.0,1.0,0.0));
#7397=ORIENTED_EDGE('',*,*,#10035,.F.);
#7398=ORIENTED_EDGE('',*,*,#8958,.T.);
#7399=ORIENTED_EDGE('',*,*,#10032,.T.);
#7400=ORIENTED_EDGE('',*,*,#10023,.F.);
#7401=CARTESIAN_POINT('',(6.7183,3.0988,-1.7653));
#7402=DIRECTION('',(0.0,0.0,1.0));
#7403=DIRECTION('',(1.0,0.0,0.0));
#7404=ORIENTED_EDGE('',*,*,#10036,.T.);
#7405=ORIENTED_EDGE('',*,*,#10037,.T.);
#7406=ORIENTED_EDGE('',*,*,#10038,.T.);
#7407=ORIENTED_EDGE('',*,*,#10039,.T.);
#7408=ORIENTED_EDGE('',*,*,#8661,.T.);
#7409=ORIENTED_EDGE('',*,*,#10040,.T.);
#7410=ORIENTED_EDGE('',*,*,#8655,.T.);
#7411=ORIENTED_EDGE('',*,*,#10041,.T.);
#7412=ORIENTED_EDGE('',*,*,#10042,.T.);
#7413=ORIENTED_EDGE('',*,*,#10043,.T.);
#7414=ORIENTED_EDGE('',*,*,#10044,.T.);
#7415=ORIENTED_EDGE('',*,*,#10045,.T.);
#7416=ORIENTED_EDGE('',*,*,#10046,.T.);
#7417=ORIENTED_EDGE('',*,*,#10047,.T.);
#7418=ORIENTED_EDGE('',*,*,#10048,.T.);
#7419=ORIENTED_EDGE('',*,*,#10049,.T.);
#7420=ORIENTED_EDGE('',*,*,#8653,.T.);
#7421=ORIENTED_EDGE('',*,*,#10050,.T.);
#7422=ORIENTED_EDGE('',*,*,#8647,.T.);
#7423=ORIENTED_EDGE('',*,*,#10051,.T.);
#7424=ORIENTED_EDGE('',*,*,#9076,.T.);
#7425=ORIENTED_EDGE('',*,*,#10031,.T.);
#7426=ORIENTED_EDGE('',*,*,#10052,.T.);
#7427=ORIENTED_EDGE('',*,*,#10053,.T.);
#7428=ORIENTED_EDGE('',*,*,#10054,.T.);
#7429=CARTESIAN_POINT('',(6.7818,0.0,0.0));
#7430=DIRECTION('',(1.0,0.0,0.0));
#7431=DIRECTION('',(0.0,1.0,0.0));
#7432=ORIENTED_EDGE('',*,*,#10054,.F.);
#7433=ORIENTED_EDGE('',*,*,#10055,.F.);
#7434=ORIENTED_EDGE('',*,*,#10056,.T.);
#7435=ORIENTED_EDGE('',*,*,#10057,.F.);
#7436=CARTESIAN_POINT('',(6.6929,0.0777793167928714,-7.112));
#7437=DIRECTION('',(0.965925826289076,-0.258819045102493,0.0));
#7438=DIRECTION('',(0.0,0.0,-1.0));
#7439=ORIENTED_EDGE('',*,*,#10058,.T.);
#7440=ORIENTED_EDGE('',*,*,#10059,.T.);
#7441=ORIENTED_EDGE('',*,*,#10036,.F.);
#7442=ORIENTED_EDGE('',*,*,#10057,.T.);
#7443=ORIENTED_EDGE('',*,*,#10060,.F.);
#7444=ORIENTED_EDGE('',*,*,#10061,.T.);
#7445=CARTESIAN_POINT('',(5.9182,-0.254,-7.2136));
#7446=DIRECTION('',(0.0,0.0,-1.0));
#7447=DIRECTION('',(0.0,-1.0,0.0));
#7448=ORIENTED_EDGE('',*,*,#10062,.F.);
#7449=ORIENTED_EDGE('',*,*,#10061,.F.);
#7450=ORIENTED_EDGE('',*,*,#10063,.T.);
#7451=ORIENTED_EDGE('',*,*,#10064,.F.);
#7452=CARTESIAN_POINT('',(6.0071,0.0777793167928714,-7.112));
#7453=DIRECTION('',(-0.965925826289076,-0.258819045102493,0.0));
#7454=DIRECTION('',(-0.258819045102493,0.965925826289076,0.0));
#7455=ORIENTED_EDGE('',*,*,#10065,.T.);
#7456=ORIENTED_EDGE('',*,*,#10055,.T.);
#7457=ORIENTED_EDGE('',*,*,#10053,.F.);
#7458=ORIENTED_EDGE('',*,*,#10066,.F.);
#7459=ORIENTED_EDGE('',*,*,#10067,.T.);
#7460=ORIENTED_EDGE('',*,*,#10064,.T.);
#7461=CARTESIAN_POINT('',(5.9182,3.6068,-7.0104));
#7462=DIRECTION('',(0.0,0.0,1.0));
#7463=DIRECTION('',(1.0,0.0,0.0));
#7464=ORIENTED_EDGE('',*,*,#10067,.F.);
#7465=ORIENTED_EDGE('',*,*,#10068,.F.);
#7466=ORIENTED_EDGE('',*,*,#10029,.F.);
#7467=ORIENTED_EDGE('',*,*,#9078,.F.);
#7468=ORIENTED_EDGE('',*,*,#10069,.F.);
#7469=ORIENTED_EDGE('',*,*,#8649,.F.);
#7470=ORIENTED_EDGE('',*,*,#10070,.F.);
#7471=ORIENTED_EDGE('',*,*,#8651,.F.);
#7472=ORIENTED_EDGE('',*,*,#10071,.F.);
#7473=ORIENTED_EDGE('',*,*,#10072,.F.);
#7474=ORIENTED_EDGE('',*,*,#10073,.F.);
#7475=ORIENTED_EDGE('',*,*,#10074,.F.);
#7476=ORIENTED_EDGE('',*,*,#10075,.F.);
#7477=ORIENTED_EDGE('',*,*,#10076,.F.);
#7478=ORIENTED_EDGE('',*,*,#10077,.F.);
#7479=ORIENTED_EDGE('',*,*,#10078,.F.);
#7480=ORIENTED_EDGE('',*,*,#10079,.F.);
#7481=ORIENTED_EDGE('',*,*,#8657,.F.);
#7482=ORIENTED_EDGE('',*,*,#10080,.F.);
#7483=ORIENTED_EDGE('',*,*,#8659,.F.);
#7484=ORIENTED_EDGE('',*,*,#10081,.F.);
#7485=ORIENTED_EDGE('',*,*,#10082,.F.);
#7486=ORIENTED_EDGE('',*,*,#10083,.F.);
#7487=ORIENTED_EDGE('',*,*,#10058,.F.);
#7488=ORIENTED_EDGE('',*,*,#10062,.T.);
#7489=CARTESIAN_POINT('',(5.9182,0.0,0.0));
#7490=DIRECTION('',(1.0,0.0,0.0));
#7491=DIRECTION('',(0.0,1.0,0.0));
#7492=ORIENTED_EDGE('',*,*,#10084,.T.);
#7493=ORIENTED_EDGE('',*,*,#10037,.F.);
#7494=ORIENTED_EDGE('',*,*,#10059,.F.);
#7495=ORIENTED_EDGE('',*,*,#10083,.T.);
#7496=CARTESIAN_POINT('',(5.9182,3.6068,-6.5024));
#7497=DIRECTION('',(-1.0,0.0,-0.0));
#7498=DIRECTION('',(0.0,0.0,-1.0));
#7499=ORIENTED_EDGE('',*,*,#10085,.T.);
#7500=ORIENTED_EDGE('',*,*,#10038,.F.);
#7501=ORIENTED_EDGE('',*,*,#10084,.F.);
#7502=ORIENTED_EDGE('',*,*,#10082,.T.);
#7503=CARTESIAN_POINT('',(5.9182,4.318,-6.5024));
#7504=DIRECTION('',(-0.0,1.0,0.0));
#7505=DIRECTION('',(1.0,0.0,0.0));
#7506=ORIENTED_EDGE('',*,*,#8658,.T.);
#7507=ORIENTED_EDGE('',*,*,#10039,.F.);
#7508=ORIENTED_EDGE('',*,*,#10085,.F.);
#7509=ORIENTED_EDGE('',*,*,#10081,.T.);
#7510=CARTESIAN_POINT('',(5.9182,4.8768,-1.5494));
#7511=DIRECTION('',(-1.0,0.0,-0.0));
#7512=DIRECTION('',(0.0,0.0,-1.0));
#7513=ORIENTED_EDGE('',*,*,#8656,.T.);
#7514=ORIENTED_EDGE('',*,*,#10040,.F.);
#7515=ORIENTED_EDGE('',*,*,#8660,.F.);
#7516=ORIENTED_EDGE('',*,*,#10080,.T.);
#7517=CARTESIAN_POINT('',(5.9182,5.36494246691352,-1.27741769911504));
#7518=DIRECTION('',(0.0,-0.873554879947121,-0.486725663716812));
#7519=DIRECTION('',(0.0,0.486725663716812,-0.873554879947121));
#7520=ORIENTED_EDGE('',*,*,#8654,.T.);
#7521=ORIENTED_EDGE('',*,*,#10079,.T.);
#7522=ORIENTED_EDGE('',*,*,#10086,.T.);
#7523=ORIENTED_EDGE('',*,*,#10041,.F.);
#7524=CARTESIAN_POINT('',(5.9182,6.2738,-4.0566772164236));
#7525=DIRECTION('',(-1.0,0.0,-0.0));
#7526=DIRECTION('',(0.0,0.0,-1.0));
#7527=ORIENTED_EDGE('',*,*,#10087,.T.);
#7528=ORIENTED_EDGE('',*,*,#10042,.F.);
#7529=ORIENTED_EDGE('',*,*,#10086,.F.);
#7530=ORIENTED_EDGE('',*,*,#10078,.T.);
#7531=CARTESIAN_POINT('',(5.9182,5.89988981716654,-4.4719465449003));
#7532=DIRECTION('',(0.0,0.669130606358878,0.743144825477376));
#7533=DIRECTION('',(1.0,-0.0,0.0));
#7534=ORIENTED_EDGE('',*,*,#10088,.T.);
#7535=ORIENTED_EDGE('',*,*,#10043,.F.);
#7536=ORIENTED_EDGE('',*,*,#10087,.F.);
#7537=ORIENTED_EDGE('',*,*,#10077,.T.);
#7538=CARTESIAN_POINT('',(5.9182,5.3848,-3.25621802104344));
#7539=DIRECTION('',(-1.0,0.0,-0.0));
#7540=DIRECTION('',(0.0,0.0,-1.0));
#7541=ORIENTED_EDGE('',*,*,#10089,.T.);
#7542=ORIENTED_EDGE('',*,*,#10044,.F.);
#7543=ORIENTED_EDGE('',*,*,#10088,.F.);
#7544=ORIENTED_EDGE('',*,*,#10076,.T.);
#7545=CARTESIAN_POINT('',(5.9182,4.9695306715233,-2.88230783820998));
#7546=DIRECTION('',(0.0,0.743144825477376,-0.669130606358878));
#7547=DIRECTION('',(-1.0,0.0,0.0));
#7548=ORIENTED_EDGE('',*,*,#10090,.T.);
#7549=ORIENTED_EDGE('',*,*,#10045,.F.);
#7550=ORIENTED_EDGE('',*,*,#10089,.F.);
#7551=ORIENTED_EDGE('',*,*,#10075,.T.);
#7552=CARTESIAN_POINT('',(5.9182,5.05451025853102,-2.78792844537402));
#7553=DIRECTION('',(0.0,0.669130606358878,0.743144825477376));
#7554=DIRECTION('',(1.0,-0.0,0.0));
#7555=ORIENTED_EDGE('',*,*,#10091,.T.);
#7556=ORIENTED_EDGE('',*,*,#10046,.F.);
#7557=ORIENTED_EDGE('',*,*,#10090,.F.);
#7558=ORIENTED_EDGE('',*,*,#10074,.T.);
#7559=CARTESIAN_POINT('',(5.9182,4.9035032299945,-2.65196110616116));
#7560=DIRECTION('',(0.0,-0.743144825477376,0.669130606358878));
#7561=DIRECTION('',(-1.0,0.0,0.0));
#7562=ORIENTED_EDGE('',*,*,#10092,.T.);
#7563=ORIENTED_EDGE('',*,*,#10047,.F.);
#7564=ORIENTED_EDGE('',*,*,#10091,.F.);
#7565=ORIENTED_EDGE('',*,*,#10073,.T.);
#7566=CARTESIAN_POINT('',(5.9182,5.3848,-3.25621802104344));
#7567=DIRECTION('',(-1.0,0.0,-0.0));
#7568=DIRECTION('',(0.0,0.0,-1.0));
#7569=ORIENTED_EDGE('',*,*,#10093,.T.);
#7570=ORIENTED_EDGE('',*,*,#10048,.F.);
#7571=ORIENTED_EDGE('',*,*,#10092,.F.);
#7572=ORIENTED_EDGE('',*,*,#10072,.T.);
#7573=CARTESIAN_POINT('',(5.9182,4.87492247795368,-3.82249437805666));
#7574=DIRECTION('',(0.0,-0.669130606358878,-0.743144825477376));
#7575=DIRECTION('',(0.0,-0.743144825477376,0.669130606358878));
#7576=ORIENTED_EDGE('',*,*,#8650,.T.);
#7577=ORIENTED_EDGE('',*,*,#10049,.F.);
#7578=ORIENTED_EDGE('',*,*,#10093,.F.);
#7579=ORIENTED_EDGE('',*,*,#10071,.T.);
#7580=CARTESIAN_POINT('',(5.9182,6.2738,-4.0566772164236));
#7581=DIRECTION('',(-1.0,0.0,-0.0));
#7582=DIRECTION('',(0.0,0.0,-1.0));
#7583=ORIENTED_EDGE('',*,*,#8648,.T.);
#7584=ORIENTED_EDGE('',*,*,#10050,.F.);
#7585=ORIENTED_EDGE('',*,*,#8652,.F.);
#7586=ORIENTED_EDGE('',*,*,#10070,.T.);
#7587=CARTESIAN_POINT('',(5.9182,6.93944881851936,-3.6857922606715));
#7588=DIRECTION('',(0.0,0.873554879947121,0.486725663716812));
#7589=DIRECTION('',(1.0,0.0,-0.0));
#7590=ORIENTED_EDGE('',*,*,#8646,.T.);
#7591=ORIENTED_EDGE('',*,*,#10069,.T.);
#7592=ORIENTED_EDGE('',*,*,#9077,.T.);
#7593=ORIENTED_EDGE('',*,*,#10051,.F.);
#7594=CARTESIAN_POINT('',(5.9182,4.8768,-1.5494));
#7595=DIRECTION('',(-1.0,0.0,-0.0));
#7596=DIRECTION('',(0.0,0.0,-1.0));
#7597=ORIENTED_EDGE('',*,*,#10066,.T.);
#7598=ORIENTED_EDGE('',*,*,#10052,.F.);
#7599=ORIENTED_EDGE('',*,*,#10030,.F.);
#7600=ORIENTED_EDGE('',*,*,#10068,.T.);
#7601=CARTESIAN_POINT('',(5.9182,3.6068,-6.5024));
#7602=DIRECTION('',(-1.0,0.0,-0.0));
#7603=DIRECTION('',(0.0,0.0,-1.0));
#7604=ORIENTED_EDGE('',*,*,#10060,.T.);
#7605=ORIENTED_EDGE('',*,*,#10056,.F.);
#7606=ORIENTED_EDGE('',*,*,#10065,.F.);
#7607=ORIENTED_EDGE('',*,*,#10063,.F.);
#7608=CARTESIAN_POINT('',(5.9182,-0.254,-7.0104));
#7609=DIRECTION('',(0.0,-1.0,0.0));
#7610=DIRECTION('',(0.0,0.0,-1.0));
#7611=ORIENTED_EDGE('',*,*,#10094,.T.);
#7612=ORIENTED_EDGE('',*,*,#10095,.T.);
#7613=ORIENTED_EDGE('',*,*,#10096,.T.);
#7614=ORIENTED_EDGE('',*,*,#10028,.F.);
#7615=CARTESIAN_POINT('',(6.604,0.0,0.0));
#7616=DIRECTION('',(1.0,0.0,0.0));
#7617=DIRECTION('',(0.0,1.0,0.0));
#7618=ORIENTED_EDGE('',*,*,#10096,.F.);
#7619=ORIENTED_EDGE('',*,*,#10097,.T.);
#7620=ORIENTED_EDGE('',*,*,#10098,.T.);
#7621=ORIENTED_EDGE('',*,*,#10025,.T.);
#7622=CARTESIAN_POINT('',(6.604,3.95877782857532,-4.21801590584362));
#7623=DIRECTION('',(0.0,0.0,-1.0));
#7624=DIRECTION('',(0.0,-1.0,0.0));
#7625=ORIENTED_EDGE('',*,*,#10098,.F.);
#7626=ORIENTED_EDGE('',*,*,#10099,.F.);
#7627=ORIENTED_EDGE('',*,*,#10100,.F.);
#7628=ORIENTED_EDGE('',*,*,#10026,.T.);
#7629=CARTESIAN_POINT('',(6.096,0.0,0.0));
#7630=DIRECTION('',(1.0,0.0,0.0));
#7631=DIRECTION('',(0.0,1.0,0.0));
#7632=ORIENTED_EDGE('',*,*,#10100,.T.);
#7633=ORIENTED_EDGE('',*,*,#10101,.F.);
#7634=ORIENTED_EDGE('',*,*,#10094,.F.);
#7635=ORIENTED_EDGE('',*,*,#10027,.F.);
#7636=CARTESIAN_POINT('',(6.604,4.1148,-2.6162));
#7637=DIRECTION('',(0.0,-0.93278793092656,0.360425687094785));
#7638=DIRECTION('',(-1.0,0.0,0.0));
#7639=ORIENTED_EDGE('',*,*,#10101,.T.);
#7640=ORIENTED_EDGE('',*,*,#10099,.T.);
#7641=ORIENTED_EDGE('',*,*,#10097,.F.);
#7642=ORIENTED_EDGE('',*,*,#10095,.F.);
#7643=CARTESIAN_POINT('',(6.604,3.556,-4.06238409415638));
#7644=DIRECTION('',(0.0,-0.360425687094785,-0.93278793092656));
#7645=DIRECTION('',(0.0,-0.93278793092656,0.360425687094785));
#7646=ORIENTED_EDGE('',*,*,#9217,.F.);
#7647=ORIENTED_EDGE('',*,*,#8919,.F.);
#7648=ORIENTED_EDGE('',*,*,#10019,.F.);
#7649=ORIENTED_EDGE('',*,*,#9074,.F.);
#7650=CARTESIAN_POINT('',(6.9088,3.0988,-7.874));
#7651=DIRECTION('',(1.0,0.0,0.0));
#7652=DIRECTION('',(0.0,1.0,0.0));
#7653=ORIENTED_EDGE('',*,*,#8921,.F.);
#7654=ORIENTED_EDGE('',*,*,#9218,.T.);
#7655=ORIENTED_EDGE('',*,*,#9072,.F.);
#7656=ORIENTED_EDGE('',*,*,#10102,.F.);
#7657=CARTESIAN_POINT('',(8.3312,3.0988,-6.8961));
#7658=DIRECTION('',(-1.0,0.0,0.0));
#7659=DIRECTION('',(0.0,0.0,1.0));
#7660=ORIENTED_EDGE('',*,*,#9067,.F.);
#7661=ORIENTED_EDGE('',*,*,#10103,.T.);
#7662=ORIENTED_EDGE('',*,*,#8922,.F.);
#7663=ORIENTED_EDGE('',*,*,#10102,.T.);
#7664=ORIENTED_EDGE('',*,*,#9071,.F.);
#7665=ORIENTED_EDGE('',*,*,#10104,.F.);
#7666=CARTESIAN_POINT('',(54.79048224,3.6068,-6.3881));
#7667=DIRECTION('',(1.0,-0.0,0.0));
#7668=DIRECTION('',(0.0,1.0,0.0));
#7669=ORIENTED_EDGE('',*,*,#10105,.T.);
#7670=ORIENTED_EDGE('',*,*,#10106,.T.);
#7671=ORIENTED_EDGE('',*,*,#10107,.T.);
#7672=ORIENTED_EDGE('',*,*,#10108,.T.);
#7673=ORIENTED_EDGE('',*,*,#10109,.F.);
#7674=ORIENTED_EDGE('',*,*,#10110,.F.);
#7675=ORIENTED_EDGE('',*,*,#10111,.T.);
#7676=ORIENTED_EDGE('',*,*,#10112,.T.);
#7677=CARTESIAN_POINT('',(8.4582,4.1148,-1.5494));
#7678=DIRECTION('',(0.0,-1.0,0.0));
#7679=DIRECTION('',(0.0,0.0,-1.0));
#7680=ORIENTED_EDGE('',*,*,#10113,.T.);
#7681=ORIENTED_EDGE('',*,*,#10114,.T.);
#7682=ORIENTED_EDGE('',*,*,#10115,.F.);
#7683=ORIENTED_EDGE('',*,*,#10104,.T.);
#7684=CARTESIAN_POINT('',(8.4582,4.1148,-1.5494));
#7685=DIRECTION('',(0.0,-1.0,0.0));
#7686=DIRECTION('',(0.0,0.0,-1.0));
#7687=ORIENTED_EDGE('',*,*,#10116,.F.);
#7688=ORIENTED_EDGE('',*,*,#8965,.T.);
#7689=ORIENTED_EDGE('',*,*,#10117,.T.);
#7690=ORIENTED_EDGE('',*,*,#10108,.F.);
#7691=CARTESIAN_POINT('',(8.5217,3.0988,-1.7653));
#7692=DIRECTION('',(-1.0,0.0,0.0));
#7693=DIRECTION('',(0.0,0.0,1.0));
#7694=ORIENTED_EDGE('',*,*,#10117,.F.);
#7695=ORIENTED_EDGE('',*,*,#8964,.T.);
#7696=ORIENTED_EDGE('',*,*,#10118,.T.);
#7697=ORIENTED_EDGE('',*,*,#10105,.F.);
#7698=CARTESIAN_POINT('',(8.5217,3.0988,-4.3053));
#7699=DIRECTION('',(0.0,0.0,-1.0));
#7700=DIRECTION('',(0.0,-1.0,0.0));
#7701=ORIENTED_EDGE('',*,*,#10118,.F.);
#7702=ORIENTED_EDGE('',*,*,#8963,.T.);
#7703=ORIENTED_EDGE('',*,*,#10119,.T.);
#7704=ORIENTED_EDGE('',*,*,#10106,.F.);
#7705=CARTESIAN_POINT('',(9.2583,3.0988,-4.3053));
#7706=DIRECTION('',(1.0,0.0,0.0));
#7707=DIRECTION('',(0.0,1.0,0.0));
#7708=ORIENTED_EDGE('',*,*,#10119,.F.);
#7709=ORIENTED_EDGE('',*,*,#8962,.T.);
#7710=ORIENTED_EDGE('',*,*,#10116,.T.);
#7711=ORIENTED_EDGE('',*,*,#10107,.F.);
#7712=CARTESIAN_POINT('',(9.2583,3.0988,-1.7653));
#7713=DIRECTION('',(0.0,0.0,1.0));
#7714=DIRECTION('',(1.0,0.0,0.0));
#7715=ORIENTED_EDGE('',*,*,#10120,.T.);
#7716=ORIENTED_EDGE('',*,*,#10121,.T.);
#7717=ORIENTED_EDGE('',*,*,#10122,.T.);
#7718=ORIENTED_EDGE('',*,*,#10123,.T.);
#7719=ORIENTED_EDGE('',*,*,#8645,.T.);
#7720=ORIENTED_EDGE('',*,*,#10124,.T.);
#7721=ORIENTED_EDGE('',*,*,#8639,.T.);
#7722=ORIENTED_EDGE('',*,*,#10125,.T.);
#7723=ORIENTED_EDGE('',*,*,#10126,.T.);
#7724=ORIENTED_EDGE('',*,*,#10127,.T.);
#7725=ORIENTED_EDGE('',*,*,#10128,.T.);
#7726=ORIENTED_EDGE('',*,*,#10129,.T.);
#7727=ORIENTED_EDGE('',*,*,#10130,.T.);
#7728=ORIENTED_EDGE('',*,*,#10131,.T.);
#7729=ORIENTED_EDGE('',*,*,#10132,.T.);
#7730=ORIENTED_EDGE('',*,*,#10133,.T.);
#7731=ORIENTED_EDGE('',*,*,#8637,.T.);
#7732=ORIENTED_EDGE('',*,*,#10134,.T.);
#7733=ORIENTED_EDGE('',*,*,#8631,.T.);
#7734=ORIENTED_EDGE('',*,*,#10135,.T.);
#7735=ORIENTED_EDGE('',*,*,#9068,.T.);
#7736=ORIENTED_EDGE('',*,*,#10115,.T.);
#7737=ORIENTED_EDGE('',*,*,#10136,.T.);
#7738=ORIENTED_EDGE('',*,*,#10137,.T.);
#7739=ORIENTED_EDGE('',*,*,#10138,.T.);
#7740=CARTESIAN_POINT('',(9.3218,0.0,0.0));
#7741=DIRECTION('',(1.0,0.0,0.0));
#7742=DIRECTION('',(0.0,1.0,0.0));
#7743=ORIENTED_EDGE('',*,*,#10138,.F.);
#7744=ORIENTED_EDGE('',*,*,#10139,.F.);
#7745=ORIENTED_EDGE('',*,*,#10140,.T.);
#7746=ORIENTED_EDGE('',*,*,#10141,.F.);
#7747=CARTESIAN_POINT('',(9.2329,0.0777793167928714,-7.112));
#7748=DIRECTION('',(0.965925826289076,-0.258819045102493,0.0));
#7749=DIRECTION('',(0.0,0.0,-1.0));
#7750=ORIENTED_EDGE('',*,*,#10142,.T.);
#7751=ORIENTED_EDGE('',*,*,#10143,.T.);
#7752=ORIENTED_EDGE('',*,*,#10120,.F.);
#7753=ORIENTED_EDGE('',*,*,#10141,.T.);
#7754=ORIENTED_EDGE('',*,*,#10144,.F.);
#7755=ORIENTED_EDGE('',*,*,#10145,.T.);
#7756=CARTESIAN_POINT('',(8.4582,-0.254,-7.2136));
#7757=DIRECTION('',(0.0,0.0,-1.0));
#7758=DIRECTION('',(0.0,-1.0,0.0));
#7759=ORIENTED_EDGE('',*,*,#10146,.F.);
#7760=ORIENTED_EDGE('',*,*,#10145,.F.);
#7761=ORIENTED_EDGE('',*,*,#10147,.T.);
#7762=ORIENTED_EDGE('',*,*,#10148,.F.);
#7763=CARTESIAN_POINT('',(8.5471,0.0777793167928714,-7.112));
#7764=DIRECTION('',(-0.965925826289076,-0.258819045102493,0.0));
#7765=DIRECTION('',(-0.258819045102493,0.965925826289076,0.0));
#7766=ORIENTED_EDGE('',*,*,#10149,.T.);
#7767=ORIENTED_EDGE('',*,*,#10139,.T.);
#7768=ORIENTED_EDGE('',*,*,#10137,.F.);
#7769=ORIENTED_EDGE('',*,*,#10150,.F.);
#7770=ORIENTED_EDGE('',*,*,#10151,.T.);
#7771=ORIENTED_EDGE('',*,*,#10148,.T.);
#7772=CARTESIAN_POINT('',(8.4582,3.6068,-7.0104));
#7773=DIRECTION('',(0.0,0.0,1.0));
#7774=DIRECTION('',(1.0,0.0,0.0));
#7775=ORIENTED_EDGE('',*,*,#10151,.F.);
#7776=ORIENTED_EDGE('',*,*,#10152,.F.);
#7777=ORIENTED_EDGE('',*,*,#10113,.F.);
#7778=ORIENTED_EDGE('',*,*,#9070,.F.);
#7779=ORIENTED_EDGE('',*,*,#10153,.F.);
#7780=ORIENTED_EDGE('',*,*,#8633,.F.);
#7781=ORIENTED_EDGE('',*,*,#10154,.F.);
#7782=ORIENTED_EDGE('',*,*,#8635,.F.);
#7783=ORIENTED_EDGE('',*,*,#10155,.F.);
#7784=ORIENTED_EDGE('',*,*,#10156,.F.);
#7785=ORIENTED_EDGE('',*,*,#10157,.F.);
#7786=ORIENTED_EDGE('',*,*,#10158,.F.);
#7787=ORIENTED_EDGE('',*,*,#10159,.F.);
#7788=ORIENTED_EDGE('',*,*,#10160,.F.);
#7789=ORIENTED_EDGE('',*,*,#10161,.F.);
#7790=ORIENTED_EDGE('',*,*,#10162,.F.);
#7791=ORIENTED_EDGE('',*,*,#10163,.F.);
#7792=ORIENTED_EDGE('',*,*,#8641,.F.);
#7793=ORIENTED_EDGE('',*,*,#10164,.F.);
#7794=ORIENTED_EDGE('',*,*,#8643,.F.);
#7795=ORIENTED_EDGE('',*,*,#10165,.F.);
#7796=ORIENTED_EDGE('',*,*,#10166,.F.);
#7797=ORIENTED_EDGE('',*,*,#10167,.F.);
#7798=ORIENTED_EDGE('',*,*,#10142,.F.);
#7799=ORIENTED_EDGE('',*,*,#10146,.T.);
#7800=CARTESIAN_POINT('',(8.4582,0.0,0.0));
#7801=DIRECTION('',(1.0,0.0,0.0));
#7802=DIRECTION('',(0.0,1.0,0.0));
#7803=ORIENTED_EDGE('',*,*,#10168,.T.);
#7804=ORIENTED_EDGE('',*,*,#10121,.F.);
#7805=ORIENTED_EDGE('',*,*,#10143,.F.);
#7806=ORIENTED_EDGE('',*,*,#10167,.T.);
#7807=CARTESIAN_POINT('',(8.4582,3.6068,-6.5024));
#7808=DIRECTION('',(-1.0,0.0,-0.0));
#7809=DIRECTION('',(0.0,0.0,-1.0));
#7810=ORIENTED_EDGE('',*,*,#10169,.T.);
#7811=ORIENTED_EDGE('',*,*,#10122,.F.);
#7812=ORIENTED_EDGE('',*,*,#10168,.F.);
#7813=ORIENTED_EDGE('',*,*,#10166,.T.);
#7814=CARTESIAN_POINT('',(8.4582,4.318,-6.5024));
#7815=DIRECTION('',(-0.0,1.0,0.0));
#7816=DIRECTION('',(1.0,0.0,0.0));
#7817=ORIENTED_EDGE('',*,*,#8642,.T.);
#7818=ORIENTED_EDGE('',*,*,#10123,.F.);
#7819=ORIENTED_EDGE('',*,*,#10169,.F.);
#7820=ORIENTED_EDGE('',*,*,#10165,.T.);
#7821=CARTESIAN_POINT('',(8.4582,4.8768,-1.5494));
#7822=DIRECTION('',(-1.0,0.0,-0.0));
#7823=DIRECTION('',(0.0,0.0,-1.0));
#7824=ORIENTED_EDGE('',*,*,#8640,.T.);
#7825=ORIENTED_EDGE('',*,*,#10124,.F.);
#7826=ORIENTED_EDGE('',*,*,#8644,.F.);
#7827=ORIENTED_EDGE('',*,*,#10164,.T.);
#7828=CARTESIAN_POINT('',(8.4582,5.36494246691352,-1.27741769911504));
#7829=DIRECTION('',(0.0,-0.873554879947121,-0.486725663716812));
#7830=DIRECTION('',(0.0,0.486725663716812,-0.873554879947121));
#7831=ORIENTED_EDGE('',*,*,#8638,.T.);
#7832=ORIENTED_EDGE('',*,*,#10163,.T.);
#7833=ORIENTED_EDGE('',*,*,#10170,.T.);
#7834=ORIENTED_EDGE('',*,*,#10125,.F.);
#7835=CARTESIAN_POINT('',(8.4582,6.2738,-4.0566772164236));
#7836=DIRECTION('',(-1.0,0.0,-0.0));
#7837=DIRECTION('',(0.0,0.0,-1.0));
#7838=ORIENTED_EDGE('',*,*,#10171,.T.);
#7839=ORIENTED_EDGE('',*,*,#10126,.F.);
#7840=ORIENTED_EDGE('',*,*,#10170,.F.);
#7841=ORIENTED_EDGE('',*,*,#10162,.T.);
#7842=CARTESIAN_POINT('',(8.4582,5.89988981716654,-4.4719465449003));
#7843=DIRECTION('',(0.0,0.669130606358878,0.743144825477376));
#7844=DIRECTION('',(1.0,-0.0,0.0));
#7845=ORIENTED_EDGE('',*,*,#10172,.T.);
#7846=ORIENTED_EDGE('',*,*,#10127,.F.);
#7847=ORIENTED_EDGE('',*,*,#10171,.F.);
#7848=ORIENTED_EDGE('',*,*,#10161,.T.);
#7849=CARTESIAN_POINT('',(8.4582,5.3848,-3.25621802104344));
#7850=DIRECTION('',(-1.0,0.0,-0.0));
#7851=DIRECTION('',(0.0,0.0,-1.0));
#7852=ORIENTED_EDGE('',*,*,#10173,.T.);
#7853=ORIENTED_EDGE('',*,*,#10128,.F.);
#7854=ORIENTED_EDGE('',*,*,#10172,.F.);
#7855=ORIENTED_EDGE('',*,*,#10160,.T.);
#7856=CARTESIAN_POINT('',(8.4582,4.9695306715233,-2.88230783820998));
#7857=DIRECTION('',(0.0,0.743144825477376,-0.669130606358878));
#7858=DIRECTION('',(-1.0,0.0,0.0));
#7859=ORIENTED_EDGE('',*,*,#10174,.T.);
#7860=ORIENTED_EDGE('',*,*,#10129,.F.);
#7861=ORIENTED_EDGE('',*,*,#10173,.F.);
#7862=ORIENTED_EDGE('',*,*,#10159,.T.);
#7863=CARTESIAN_POINT('',(8.4582,5.05451025853102,-2.78792844537402));
#7864=DIRECTION('',(0.0,0.669130606358878,0.743144825477376));
#7865=DIRECTION('',(1.0,-0.0,0.0));
#7866=ORIENTED_EDGE('',*,*,#10175,.T.);
#7867=ORIENTED_EDGE('',*,*,#10130,.F.);
#7868=ORIENTED_EDGE('',*,*,#10174,.F.);
#7869=ORIENTED_EDGE('',*,*,#10158,.T.);
#7870=CARTESIAN_POINT('',(8.4582,4.9035032299945,-2.65196110616116));
#7871=DIRECTION('',(0.0,-0.743144825477376,0.669130606358878));
#7872=DIRECTION('',(-1.0,0.0,0.0));
#7873=ORIENTED_EDGE('',*,*,#10176,.T.);
#7874=ORIENTED_EDGE('',*,*,#10131,.F.);
#7875=ORIENTED_EDGE('',*,*,#10175,.F.);
#7876=ORIENTED_EDGE('',*,*,#10157,.T.);
#7877=CARTESIAN_POINT('',(8.4582,5.3848,-3.25621802104344));
#7878=DIRECTION('',(-1.0,0.0,-0.0));
#7879=DIRECTION('',(0.0,0.0,-1.0));
#7880=ORIENTED_EDGE('',*,*,#10177,.T.);
#7881=ORIENTED_EDGE('',*,*,#10132,.F.);
#7882=ORIENTED_EDGE('',*,*,#10176,.F.);
#7883=ORIENTED_EDGE('',*,*,#10156,.T.);
#7884=CARTESIAN_POINT('',(8.4582,4.87492247795368,-3.82249437805666));
#7885=DIRECTION('',(0.0,-0.669130606358878,-0.743144825477376));
#7886=DIRECTION('',(0.0,-0.743144825477376,0.669130606358878));
#7887=ORIENTED_EDGE('',*,*,#8634,.T.);
#7888=ORIENTED_EDGE('',*,*,#10133,.F.);
#7889=ORIENTED_EDGE('',*,*,#10177,.F.);
#7890=ORIENTED_EDGE('',*,*,#10155,.T.);
#7891=CARTESIAN_POINT('',(8.4582,6.2738,-4.0566772164236));
#7892=DIRECTION('',(-1.0,0.0,-0.0));
#7893=DIRECTION('',(0.0,0.0,-1.0));
#7894=ORIENTED_EDGE('',*,*,#8632,.T.);
#7895=ORIENTED_EDGE('',*,*,#10134,.F.);
#7896=ORIENTED_EDGE('',*,*,#8636,.F.);
#7897=ORIENTED_EDGE('',*,*,#10154,.T.);
#7898=CARTESIAN_POINT('',(8.4582,6.93944881851936,-3.6857922606715));
#7899=DIRECTION('',(0.0,0.873554879947121,0.486725663716812));
#7900=DIRECTION('',(1.0,0.0,-0.0));
#7901=ORIENTED_EDGE('',*,*,#8630,.T.);
#7902=ORIENTED_EDGE('',*,*,#10153,.T.);
#7903=ORIENTED_EDGE('',*,*,#9069,.T.);
#7904=ORIENTED_EDGE('',*,*,#10135,.F.);
#7905=CARTESIAN_POINT('',(8.4582,4.8768,-1.5494));
#7906=DIRECTION('',(-1.0,0.0,-0.0));
#7907=DIRECTION('',(0.0,0.0,-1.0));
#7908=ORIENTED_EDGE('',*,*,#10150,.T.);
#7909=ORIENTED_EDGE('',*,*,#10136,.F.);
#7910=ORIENTED_EDGE('',*,*,#10114,.F.);
#7911=ORIENTED_EDGE('',*,*,#10152,.T.);
#7912=CARTESIAN_POINT('',(8.4582,3.6068,-6.5024));
#7913=DIRECTION('',(-1.0,0.0,-0.0));
#7914=DIRECTION('',(0.0,0.0,-1.0));
#7915=ORIENTED_EDGE('',*,*,#10144,.T.);
#7916=ORIENTED_EDGE('',*,*,#10140,.F.);
#7917=ORIENTED_EDGE('',*,*,#10149,.F.);
#7918=ORIENTED_EDGE('',*,*,#10147,.F.);
#7919=CARTESIAN_POINT('',(8.4582,-0.254,-7.0104));
#7920=DIRECTION('',(0.0,-1.0,0.0));
#7921=DIRECTION('',(0.0,0.0,-1.0));
#7922=ORIENTED_EDGE('',*,*,#10178,.T.);
#7923=ORIENTED_EDGE('',*,*,#10179,.T.);
#7924=ORIENTED_EDGE('',*,*,#10180,.T.);
#7925=ORIENTED_EDGE('',*,*,#10112,.F.);
#7926=CARTESIAN_POINT('',(9.144,0.0,0.0));
#7927=DIRECTION('',(1.0,0.0,0.0));
#7928=DIRECTION('',(0.0,1.0,0.0));
#7929=ORIENTED_EDGE('',*,*,#10180,.F.);
#7930=ORIENTED_EDGE('',*,*,#10181,.T.);
#7931=ORIENTED_EDGE('',*,*,#10182,.T.);
#7932=ORIENTED_EDGE('',*,*,#10109,.T.);
#7933=CARTESIAN_POINT('',(9.144,3.95877782857532,-4.21801590584362));
#7934=DIRECTION('',(0.0,0.0,-1.0));
#7935=DIRECTION('',(0.0,-1.0,0.0));
#7936=ORIENTED_EDGE('',*,*,#10182,.F.);
#7937=ORIENTED_EDGE('',*,*,#10183,.F.);
#7938=ORIENTED_EDGE('',*,*,#10184,.F.);
#7939=ORIENTED_EDGE('',*,*,#10110,.T.);
#7940=CARTESIAN_POINT('',(8.636,0.0,0.0));
#7941=DIRECTION('',(1.0,0.0,0.0));
#7942=DIRECTION('',(0.0,1.0,0.0));
#7943=ORIENTED_EDGE('',*,*,#10184,.T.);
#7944=ORIENTED_EDGE('',*,*,#10185,.F.);
#7945=ORIENTED_EDGE('',*,*,#10178,.F.);
#7946=ORIENTED_EDGE('',*,*,#10111,.F.);
#7947=CARTESIAN_POINT('',(9.144,4.1148,-2.6162));
#7948=DIRECTION('',(0.0,-0.93278793092656,0.360425687094785));
#7949=DIRECTION('',(-1.0,0.0,0.0));
#7950=ORIENTED_EDGE('',*,*,#10185,.T.);
#7951=ORIENTED_EDGE('',*,*,#10183,.T.);
#7952=ORIENTED_EDGE('',*,*,#10181,.F.);
#7953=ORIENTED_EDGE('',*,*,#10179,.F.);
#7954=CARTESIAN_POINT('',(9.144,3.556,-4.06238409415638));
#7955=DIRECTION('',(0.0,-0.360425687094785,-0.93278793092656));
#7956=DIRECTION('',(0.0,-0.93278793092656,0.360425687094785));
#7957=ORIENTED_EDGE('',*,*,#9219,.F.);
#7958=ORIENTED_EDGE('',*,*,#8923,.F.);
#7959=ORIENTED_EDGE('',*,*,#10103,.F.);
#7960=ORIENTED_EDGE('',*,*,#9066,.F.);
#7961=CARTESIAN_POINT('',(9.4488,3.0988,-7.874));
#7962=DIRECTION('',(1.0,0.0,0.0));
#7963=DIRECTION('',(0.0,1.0,0.0));
#7964=ORIENTED_EDGE('',*,*,#8925,.F.);
#7965=ORIENTED_EDGE('',*,*,#9220,.T.);
#7966=ORIENTED_EDGE('',*,*,#9064,.F.);
#7967=ORIENTED_EDGE('',*,*,#10186,.F.);
#7968=CARTESIAN_POINT('',(10.8712,3.0988,-6.8961));
#7969=DIRECTION('',(-1.0,0.0,0.0));
#7970=DIRECTION('',(0.0,0.0,1.0));
#7971=ORIENTED_EDGE('',*,*,#9059,.F.);
#7972=ORIENTED_EDGE('',*,*,#10187,.T.);
#7973=ORIENTED_EDGE('',*,*,#8926,.F.);
#7974=ORIENTED_EDGE('',*,*,#10186,.T.);
#7975=ORIENTED_EDGE('',*,*,#9063,.F.);
#7976=ORIENTED_EDGE('',*,*,#10188,.F.);
#7977=CARTESIAN_POINT('',(54.79048224,3.6068,-6.3881));
#7978=DIRECTION('',(1.0,-0.0,0.0));
#7979=DIRECTION('',(0.0,1.0,0.0));
#7980=ORIENTED_EDGE('',*,*,#10189,.T.);
#7981=ORIENTED_EDGE('',*,*,#10190,.T.);
#7982=ORIENTED_EDGE('',*,*,#10191,.T.);
#7983=ORIENTED_EDGE('',*,*,#10192,.T.);
#7984=ORIENTED_EDGE('',*,*,#10193,.F.);
#7985=ORIENTED_EDGE('',*,*,#10194,.F.);
#7986=ORIENTED_EDGE('',*,*,#10195,.T.);
#7987=ORIENTED_EDGE('',*,*,#10196,.T.);
#7988=CARTESIAN_POINT('',(10.9982,4.1148,-1.5494));
#7989=DIRECTION('',(0.0,-1.0,0.0));
#7990=DIRECTION('',(0.0,0.0,-1.0));
#7991=ORIENTED_EDGE('',*,*,#10197,.T.);
#7992=ORIENTED_EDGE('',*,*,#10198,.T.);
#7993=ORIENTED_EDGE('',*,*,#10199,.F.);
#7994=ORIENTED_EDGE('',*,*,#10188,.T.);
#7995=CARTESIAN_POINT('',(10.9982,4.1148,-1.5494));
#7996=DIRECTION('',(0.0,-1.0,0.0));
#7997=DIRECTION('',(0.0,0.0,-1.0));
#7998=ORIENTED_EDGE('',*,*,#10200,.F.);
#7999=ORIENTED_EDGE('',*,*,#8969,.T.);
#8000=ORIENTED_EDGE('',*,*,#10201,.T.);
#8001=ORIENTED_EDGE('',*,*,#10192,.F.);
#8002=CARTESIAN_POINT('',(11.0617,3.0988,-1.7653));
#8003=DIRECTION('',(-1.0,0.0,0.0));
#8004=DIRECTION('',(0.0,0.0,1.0));
#8005=ORIENTED_EDGE('',*,*,#10201,.F.);
#8006=ORIENTED_EDGE('',*,*,#8968,.T.);
#8007=ORIENTED_EDGE('',*,*,#10202,.T.);
#8008=ORIENTED_EDGE('',*,*,#10189,.F.);
#8009=CARTESIAN_POINT('',(11.0617,3.0988,-4.3053));
#8010=DIRECTION('',(0.0,0.0,-1.0));
#8011=DIRECTION('',(0.0,-1.0,0.0));
#8012=ORIENTED_EDGE('',*,*,#10202,.F.);
#8013=ORIENTED_EDGE('',*,*,#8967,.T.);
#8014=ORIENTED_EDGE('',*,*,#10203,.T.);
#8015=ORIENTED_EDGE('',*,*,#10190,.F.);
#8016=CARTESIAN_POINT('',(11.7983,3.0988,-4.3053));
#8017=DIRECTION('',(1.0,0.0,0.0));
#8018=DIRECTION('',(0.0,1.0,0.0));
#8019=ORIENTED_EDGE('',*,*,#10203,.F.);
#8020=ORIENTED_EDGE('',*,*,#8966,.T.);
#8021=ORIENTED_EDGE('',*,*,#10200,.T.);
#8022=ORIENTED_EDGE('',*,*,#10191,.F.);
#8023=CARTESIAN_POINT('',(11.7983,3.0988,-1.7653));
#8024=DIRECTION('',(0.0,0.0,1.0));
#8025=DIRECTION('',(1.0,0.0,0.0));
#8026=ORIENTED_EDGE('',*,*,#10204,.T.);
#8027=ORIENTED_EDGE('',*,*,#10205,.T.);
#8028=ORIENTED_EDGE('',*,*,#10206,.T.);
#8029=ORIENTED_EDGE('',*,*,#10207,.T.);
#8030=ORIENTED_EDGE('',*,*,#8629,.T.);
#8031=ORIENTED_EDGE('',*,*,#10208,.T.);
#8032=ORIENTED_EDGE('',*,*,#8623,.T.);
#8033=ORIENTED_EDGE('',*,*,#10209,.T.);
#8034=ORIENTED_EDGE('',*,*,#10210,.T.);
#8035=ORIENTED_EDGE('',*,*,#10211,.T.);
#8036=ORIENTED_EDGE('',*,*,#10212,.T.);
#8037=ORIENTED_EDGE('',*,*,#10213,.T.);
#8038=ORIENTED_EDGE('',*,*,#10214,.T.);
#8039=ORIENTED_EDGE('',*,*,#10215,.T.);
#8040=ORIENTED_EDGE('',*,*,#10216,.T.);
#8041=ORIENTED_EDGE('',*,*,#10217,.T.);
#8042=ORIENTED_EDGE('',*,*,#8621,.T.);
#8043=ORIENTED_EDGE('',*,*,#10218,.T.);
#8044=ORIENTED_EDGE('',*,*,#8615,.T.);
#8045=ORIENTED_EDGE('',*,*,#10219,.T.);
#8046=ORIENTED_EDGE('',*,*,#9060,.T.);
#8047=ORIENTED_EDGE('',*,*,#10199,.T.);
#8048=ORIENTED_EDGE('',*,*,#10220,.T.);
#8049=ORIENTED_EDGE('',*,*,#10221,.T.);
#8050=ORIENTED_EDGE('',*,*,#10222,.T.);
#8051=CARTESIAN_POINT('',(11.8618,0.0,0.0));
#8052=DIRECTION('',(1.0,0.0,0.0));
#8053=DIRECTION('',(0.0,1.0,0.0));
#8054=ORIENTED_EDGE('',*,*,#10222,.F.);
#8055=ORIENTED_EDGE('',*,*,#10223,.F.);
#8056=ORIENTED_EDGE('',*,*,#10224,.T.);
#8057=ORIENTED_EDGE('',*,*,#10225,.F.);
#8058=CARTESIAN_POINT('',(11.7729,0.0777793167928714,-7.112));
#8059=DIRECTION('',(0.965925826289076,-0.258819045102493,0.0));
#8060=DIRECTION('',(0.0,0.0,-1.0));
#8061=ORIENTED_EDGE('',*,*,#10226,.T.);
#8062=ORIENTED_EDGE('',*,*,#10227,.T.);
#8063=ORIENTED_EDGE('',*,*,#10204,.F.);
#8064=ORIENTED_EDGE('',*,*,#10225,.T.);
#8065=ORIENTED_EDGE('',*,*,#10228,.F.);
#8066=ORIENTED_EDGE('',*,*,#10229,.T.);
#8067=CARTESIAN_POINT('',(10.9982,-0.254,-7.2136));
#8068=DIRECTION('',(0.0,0.0,-1.0));
#8069=DIRECTION('',(0.0,-1.0,0.0));
#8070=ORIENTED_EDGE('',*,*,#10230,.F.);
#8071=ORIENTED_EDGE('',*,*,#10229,.F.);
#8072=ORIENTED_EDGE('',*,*,#10231,.T.);
#8073=ORIENTED_EDGE('',*,*,#10232,.F.);
#8074=CARTESIAN_POINT('',(11.0871,0.0777793167928714,-7.112));
#8075=DIRECTION('',(-0.965925826289076,-0.258819045102493,0.0));
#8076=DIRECTION('',(-0.258819045102493,0.965925826289076,0.0));
#8077=ORIENTED_EDGE('',*,*,#10233,.T.);
#8078=ORIENTED_EDGE('',*,*,#10223,.T.);
#8079=ORIENTED_EDGE('',*,*,#10221,.F.);
#8080=ORIENTED_EDGE('',*,*,#10234,.F.);
#8081=ORIENTED_EDGE('',*,*,#10235,.T.);
#8082=ORIENTED_EDGE('',*,*,#10232,.T.);
#8083=CARTESIAN_POINT('',(10.9982,3.6068,-7.0104));
#8084=DIRECTION('',(0.0,0.0,1.0));
#8085=DIRECTION('',(1.0,0.0,0.0));
#8086=ORIENTED_EDGE('',*,*,#10235,.F.);
#8087=ORIENTED_EDGE('',*,*,#10236,.F.);
#8088=ORIENTED_EDGE('',*,*,#10197,.F.);
#8089=ORIENTED_EDGE('',*,*,#9062,.F.);
#8090=ORIENTED_EDGE('',*,*,#10237,.F.);
#8091=ORIENTED_EDGE('',*,*,#8617,.F.);
#8092=ORIENTED_EDGE('',*,*,#10238,.F.);
#8093=ORIENTED_EDGE('',*,*,#8619,.F.);
#8094=ORIENTED_EDGE('',*,*,#10239,.F.);
#8095=ORIENTED_EDGE('',*,*,#10240,.F.);
#8096=ORIENTED_EDGE('',*,*,#10241,.F.);
#8097=ORIENTED_EDGE('',*,*,#10242,.F.);
#8098=ORIENTED_EDGE('',*,*,#10243,.F.);
#8099=ORIENTED_EDGE('',*,*,#10244,.F.);
#8100=ORIENTED_EDGE('',*,*,#10245,.F.);
#8101=ORIENTED_EDGE('',*,*,#10246,.F.);
#8102=ORIENTED_EDGE('',*,*,#10247,.F.);
#8103=ORIENTED_EDGE('',*,*,#8625,.F.);
#8104=ORIENTED_EDGE('',*,*,#10248,.F.);
#8105=ORIENTED_EDGE('',*,*,#8627,.F.);
#8106=ORIENTED_EDGE('',*,*,#10249,.F.);
#8107=ORIENTED_EDGE('',*,*,#10250,.F.);
#8108=ORIENTED_EDGE('',*,*,#10251,.F.);
#8109=ORIENTED_EDGE('',*,*,#10226,.F.);
#8110=ORIENTED_EDGE('',*,*,#10230,.T.);
#8111=CARTESIAN_POINT('',(10.9982,0.0,0.0));
#8112=DIRECTION('',(1.0,0.0,0.0));
#8113=DIRECTION('',(0.0,1.0,0.0));
#8114=ORIENTED_EDGE('',*,*,#10252,.T.);
#8115=ORIENTED_EDGE('',*,*,#10205,.F.);
#8116=ORIENTED_EDGE('',*,*,#10227,.F.);
#8117=ORIENTED_EDGE('',*,*,#10251,.T.);
#8118=CARTESIAN_POINT('',(10.9982,3.6068,-6.5024));
#8119=DIRECTION('',(-1.0,0.0,-0.0));
#8120=DIRECTION('',(0.0,0.0,-1.0));
#8121=ORIENTED_EDGE('',*,*,#10253,.T.);
#8122=ORIENTED_EDGE('',*,*,#10206,.F.);
#8123=ORIENTED_EDGE('',*,*,#10252,.F.);
#8124=ORIENTED_EDGE('',*,*,#10250,.T.);
#8125=CARTESIAN_POINT('',(10.9982,4.318,-6.5024));
#8126=DIRECTION('',(-0.0,1.0,0.0));
#8127=DIRECTION('',(1.0,0.0,0.0));
#8128=ORIENTED_EDGE('',*,*,#8626,.T.);
#8129=ORIENTED_EDGE('',*,*,#10207,.F.);
#8130=ORIENTED_EDGE('',*,*,#10253,.F.);
#8131=ORIENTED_EDGE('',*,*,#10249,.T.);
#8132=CARTESIAN_POINT('',(10.9982,4.8768,-1.5494));
#8133=DIRECTION('',(-1.0,0.0,-0.0));
#8134=DIRECTION('',(0.0,0.0,-1.0));
#8135=ORIENTED_EDGE('',*,*,#8624,.T.);
#8136=ORIENTED_EDGE('',*,*,#10208,.F.);
#8137=ORIENTED_EDGE('',*,*,#8628,.F.);
#8138=ORIENTED_EDGE('',*,*,#10248,.T.);
#8139=CARTESIAN_POINT('',(10.9982,5.36494246691352,-1.27741769911504));
#8140=DIRECTION('',(0.0,-0.873554879947121,-0.486725663716812));
#8141=DIRECTION('',(0.0,0.486725663716812,-0.873554879947121));
#8142=ORIENTED_EDGE('',*,*,#8622,.T.);
#8143=ORIENTED_EDGE('',*,*,#10247,.T.);
#8144=ORIENTED_EDGE('',*,*,#10254,.T.);
#8145=ORIENTED_EDGE('',*,*,#10209,.F.);
#8146=CARTESIAN_POINT('',(10.9982,6.2738,-4.0566772164236));
#8147=DIRECTION('',(-1.0,0.0,-0.0));
#8148=DIRECTION('',(0.0,0.0,-1.0));
#8149=ORIENTED_EDGE('',*,*,#10255,.T.);
#8150=ORIENTED_EDGE('',*,*,#10210,.F.);
#8151=ORIENTED_EDGE('',*,*,#10254,.F.);
#8152=ORIENTED_EDGE('',*,*,#10246,.T.);
#8153=CARTESIAN_POINT('',(10.9982,5.89988981716654,-4.4719465449003));
#8154=DIRECTION('',(0.0,0.669130606358878,0.743144825477376));
#8155=DIRECTION('',(1.0,-0.0,0.0));
#8156=ORIENTED_EDGE('',*,*,#10256,.T.);
#8157=ORIENTED_EDGE('',*,*,#10211,.F.);
#8158=ORIENTED_EDGE('',*,*,#10255,.F.);
#8159=ORIENTED_EDGE('',*,*,#10245,.T.);
#8160=CARTESIAN_POINT('',(10.9982,5.3848,-3.25621802104344));
#8161=DIRECTION('',(-1.0,0.0,-0.0));
#8162=DIRECTION('',(0.0,0.0,-1.0));
#8163=ORIENTED_EDGE('',*,*,#10257,.T.);
#8164=ORIENTED_EDGE('',*,*,#10212,.F.);
#8165=ORIENTED_EDGE('',*,*,#10256,.F.);
#8166=ORIENTED_EDGE('',*,*,#10244,.T.);
#8167=CARTESIAN_POINT('',(10.9982,4.9695306715233,-2.88230783820998));
#8168=DIRECTION('',(0.0,0.743144825477376,-0.669130606358878));
#8169=DIRECTION('',(-1.0,0.0,0.0));
#8170=ORIENTED_EDGE('',*,*,#10258,.T.);
#8171=ORIENTED_EDGE('',*,*,#10213,.F.);
#8172=ORIENTED_EDGE('',*,*,#10257,.F.);
#8173=ORIENTED_EDGE('',*,*,#10243,.T.);
#8174=CARTESIAN_POINT('',(10.9982,5.05451025853102,-2.78792844537402));
#8175=DIRECTION('',(0.0,0.669130606358878,0.743144825477376));
#8176=DIRECTION('',(1.0,-0.0,0.0));
#8177=ORIENTED_EDGE('',*,*,#10259,.T.);
#8178=ORIENTED_EDGE('',*,*,#10214,.F.);
#8179=ORIENTED_EDGE('',*,*,#10258,.F.);
#8180=ORIENTED_EDGE('',*,*,#10242,.T.);
#8181=CARTESIAN_POINT('',(10.9982,4.9035032299945,-2.65196110616116));
#8182=DIRECTION('',(0.0,-0.743144825477376,0.669130606358878));
#8183=DIRECTION('',(-1.0,0.0,0.0));
#8184=ORIENTED_EDGE('',*,*,#10260,.T.);
#8185=ORIENTED_EDGE('',*,*,#10215,.F.);
#8186=ORIENTED_EDGE('',*,*,#10259,.F.);
#8187=ORIENTED_EDGE('',*,*,#10241,.T.);
#8188=CARTESIAN_POINT('',(10.9982,5.3848,-3.25621802104344));
#8189=DIRECTION('',(-1.0,0.0,-0.0));
#8190=DIRECTION('',(0.0,0.0,-1.0));
#8191=ORIENTED_EDGE('',*,*,#10261,.T.);
#8192=ORIENTED_EDGE('',*,*,#10216,.F.);
#8193=ORIENTED_EDGE('',*,*,#10260,.F.);
#8194=ORIENTED_EDGE('',*,*,#10240,.T.);
#8195=CARTESIAN_POINT('',(10.9982,4.87492247795368,-3.82249437805666));
#8196=DIRECTION('',(0.0,-0.669130606358878,-0.743144825477376));
#8197=DIRECTION('',(0.0,-0.743144825477376,0.669130606358878));
#8198=ORIENTED_EDGE('',*,*,#8618,.T.);
#8199=ORIENTED_EDGE('',*,*,#10217,.F.);
#8200=ORIENTED_EDGE('',*,*,#10261,.F.);
#8201=ORIENTED_EDGE('',*,*,#10239,.T.);
#8202=CARTESIAN_POINT('',(10.9982,6.2738,-4.0566772164236));
#8203=DIRECTION('',(-1.0,0.0,-0.0));
#8204=DIRECTION('',(0.0,0.0,-1.0));
#8205=ORIENTED_EDGE('',*,*,#8616,.T.);
#8206=ORIENTED_EDGE('',*,*,#10218,.F.);
#8207=ORIENTED_EDGE('',*,*,#8620,.F.);
#8208=ORIENTED_EDGE('',*,*,#10238,.T.);
#8209=CARTESIAN_POINT('',(10.9982,6.93944881851936,-3.6857922606715));
#8210=DIRECTION('',(0.0,0.873554879947121,0.486725663716812));
#8211=DIRECTION('',(1.0,0.0,-0.0));
#8212=ORIENTED_EDGE('',*,*,#8614,.T.);
#8213=ORIENTED_EDGE('',*,*,#10237,.T.);
#8214=ORIENTED_EDGE('',*,*,#9061,.T.);
#8215=ORIENTED_EDGE('',*,*,#10219,.F.);
#8216=CARTESIAN_POINT('',(10.9982,4.8768,-1.5494));
#8217=DIRECTION('',(-1.0,0.0,-0.0));
#8218=DIRECTION('',(0.0,0.0,-1.0));
#8219=ORIENTED_EDGE('',*,*,#10234,.T.);
#8220=ORIENTED_EDGE('',*,*,#10220,.F.);
#8221=ORIENTED_EDGE('',*,*,#10198,.F.);
#8222=ORIENTED_EDGE('',*,*,#10236,.T.);
#8223=CARTESIAN_POINT('',(10.9982,3.6068,-6.5024));
#8224=DIRECTION('',(-1.0,0.0,-0.0));
#8225=DIRECTION('',(0.0,0.0,-1.0));
#8226=ORIENTED_EDGE('',*,*,#10228,.T.);
#8227=ORIENTED_EDGE('',*,*,#10224,.F.);
#8228=ORIENTED_EDGE('',*,*,#10233,.F.);
#8229=ORIENTED_EDGE('',*,*,#10231,.F.);
#8230=CARTESIAN_POINT('',(10.9982,-0.254,-7.0104));
#8231=DIRECTION('',(0.0,-1.0,0.0));
#8232=DIRECTION('',(0.0,0.0,-1.0));
#8233=ORIENTED_EDGE('',*,*,#10262,.T.);
#8234=ORIENTED_EDGE('',*,*,#10263,.T.);
#8235=ORIENTED_EDGE('',*,*,#10264,.T.);
#8236=ORIENTED_EDGE('',*,*,#10196,.F.);
#8237=CARTESIAN_POINT('',(11.684,0.0,0.0));
#8238=DIRECTION('',(1.0,0.0,0.0));
#8239=DIRECTION('',(0.0,1.0,0.0));
#8240=ORIENTED_EDGE('',*,*,#10264,.F.);
#8241=ORIENTED_EDGE('',*,*,#10265,.T.);
#8242=ORIENTED_EDGE('',*,*,#10266,.T.);
#8243=ORIENTED_EDGE('',*,*,#10193,.T.);
#8244=CARTESIAN_POINT('',(11.684,3.95877782857532,-4.21801590584362));
#8245=DIRECTION('',(0.0,0.0,-1.0));
#8246=DIRECTION('',(0.0,-1.0,0.0));
#8247=ORIENTED_EDGE('',*,*,#10266,.F.);
#8248=ORIENTED_EDGE('',*,*,#10267,.F.);
#8249=ORIENTED_EDGE('',*,*,#10268,.F.);
#8250=ORIENTED_EDGE('',*,*,#10194,.T.);
#8251=CARTESIAN_POINT('',(11.176,0.0,0.0));
#8252=DIRECTION('',(1.0,0.0,0.0));
#8253=DIRECTION('',(0.0,1.0,0.0));
#8254=ORIENTED_EDGE('',*,*,#10268,.T.);
#8255=ORIENTED_EDGE('',*,*,#10269,.F.);
#8256=ORIENTED_EDGE('',*,*,#10262,.F.);
#8257=ORIENTED_EDGE('',*,*,#10195,.F.);
#8258=CARTESIAN_POINT('',(11.684,4.1148,-2.6162));
#8259=DIRECTION('',(0.0,-0.93278793092656,0.360425687094785));
#8260=DIRECTION('',(-1.0,0.0,0.0));
#8261=ORIENTED_EDGE('',*,*,#10269,.T.);
#8262=ORIENTED_EDGE('',*,*,#10267,.T.);
#8263=ORIENTED_EDGE('',*,*,#10265,.F.);
#8264=ORIENTED_EDGE('',*,*,#10263,.F.);
#8265=CARTESIAN_POINT('',(11.684,3.556,-4.06238409415638));
#8266=DIRECTION('',(0.0,-0.360425687094785,-0.93278793092656));
#8267=DIRECTION('',(0.0,-0.93278793092656,0.360425687094785));
#8268=ORIENTED_EDGE('',*,*,#9221,.F.);
#8269=ORIENTED_EDGE('',*,*,#8927,.F.);
#8270=ORIENTED_EDGE('',*,*,#10187,.F.);
#8271=ORIENTED_EDGE('',*,*,#9058,.F.);
#8272=CARTESIAN_POINT('',(11.9888,3.0988,-7.874));
#8273=DIRECTION('',(1.0,0.0,0.0));
#8274=DIRECTION('',(0.0,1.0,0.0));
#8275=ORIENTED_EDGE('',*,*,#9224,.F.);
#8276=ORIENTED_EDGE('',*,*,#8879,.F.);
#8277=ORIENTED_EDGE('',*,*,#9195,.F.);
#8278=ORIENTED_EDGE('',*,*,#9147,.F.);
#8279=CARTESIAN_POINT('',(14.5288,3.0988,-7.874));
#8280=DIRECTION('',(1.0,0.0,0.0));
#8281=DIRECTION('',(0.0,1.0,0.0));
#8282=ORIENTED_EDGE('',*,*,#10270,.T.);
#8283=ORIENTED_EDGE('',*,*,#10271,.T.);
#8284=ORIENTED_EDGE('',*,*,#10272,.T.);
#8285=ORIENTED_EDGE('',*,*,#10273,.T.);
#8286=ORIENTED_EDGE('',*,*,#8613,.T.);
#8287=ORIENTED_EDGE('',*,*,#10274,.T.);
#8288=ORIENTED_EDGE('',*,*,#8607,.T.);
#8289=ORIENTED_EDGE('',*,*,#10275,.T.);
#8290=ORIENTED_EDGE('',*,*,#10276,.T.);
#8291=ORIENTED_EDGE('',*,*,#10277,.T.);
#8292=ORIENTED_EDGE('',*,*,#10278,.T.);
#8293=ORIENTED_EDGE('',*,*,#10279,.T.);
#8294=ORIENTED_EDGE('',*,*,#10280,.T.);
#8295=ORIENTED_EDGE('',*,*,#10281,.T.);
#8296=ORIENTED_EDGE('',*,*,#10282,.T.);
#8297=ORIENTED_EDGE('',*,*,#10283,.T.);
#8298=ORIENTED_EDGE('',*,*,#8605,.T.);
#8299=ORIENTED_EDGE('',*,*,#10284,.T.);
#8300=ORIENTED_EDGE('',*,*,#8599,.T.);
#8301=ORIENTED_EDGE('',*,*,#10285,.T.);
#8302=ORIENTED_EDGE('',*,*,#9149,.T.);
#8303=ORIENTED_EDGE('',*,*,#9189,.T.);
#8304=ORIENTED_EDGE('',*,*,#9179,.T.);
#8305=ORIENTED_EDGE('',*,*,#9177,.T.);
#8306=ORIENTED_EDGE('',*,*,#10286,.T.);
#8307=CARTESIAN_POINT('',(14.4018,0.0,0.0));
#8308=DIRECTION('',(1.0,0.0,0.0));
#8309=DIRECTION('',(0.0,1.0,0.0));
#8310=ORIENTED_EDGE('',*,*,#10286,.F.);
#8311=ORIENTED_EDGE('',*,*,#9176,.F.);
#8312=ORIENTED_EDGE('',*,*,#10287,.T.);
#8313=ORIENTED_EDGE('',*,*,#10288,.F.);
#8314=CARTESIAN_POINT('',(14.3129,0.0777793167928714,-7.112));
#8315=DIRECTION('',(0.965925826289076,-0.258819045102493,0.0));
#8316=DIRECTION('',(0.0,0.0,-1.0));
#8317=ORIENTED_EDGE('',*,*,#9170,.T.);
#8318=ORIENTED_EDGE('',*,*,#10289,.T.);
#8319=ORIENTED_EDGE('',*,*,#10270,.F.);
#8320=ORIENTED_EDGE('',*,*,#10288,.T.);
#8321=ORIENTED_EDGE('',*,*,#10290,.F.);
#8322=ORIENTED_EDGE('',*,*,#9172,.T.);
#8323=CARTESIAN_POINT('',(13.5382,-0.254,-7.2136));
#8324=DIRECTION('',(0.0,0.0,-1.0));
#8325=DIRECTION('',(0.0,-1.0,0.0));
#8326=ORIENTED_EDGE('',*,*,#10290,.T.);
#8327=ORIENTED_EDGE('',*,*,#10287,.F.);
#8328=ORIENTED_EDGE('',*,*,#9175,.F.);
#8329=ORIENTED_EDGE('',*,*,#9173,.F.);
#8330=CARTESIAN_POINT('',(13.5382,-0.254,-7.0104));
#8331=DIRECTION('',(0.0,-1.0,0.0));
#8332=DIRECTION('',(0.0,0.0,-1.0));
#8333=ORIENTED_EDGE('',*,*,#10291,.T.);
#8334=ORIENTED_EDGE('',*,*,#10271,.F.);
#8335=ORIENTED_EDGE('',*,*,#10289,.F.);
#8336=ORIENTED_EDGE('',*,*,#9169,.T.);
#8337=CARTESIAN_POINT('',(13.5382,3.6068,-6.5024));
#8338=DIRECTION('',(-1.0,0.0,-0.0));
#8339=DIRECTION('',(0.0,0.0,-1.0));
#8340=ORIENTED_EDGE('',*,*,#10292,.T.);
#8341=ORIENTED_EDGE('',*,*,#10272,.F.);
#8342=ORIENTED_EDGE('',*,*,#10291,.F.);
#8343=ORIENTED_EDGE('',*,*,#9168,.T.);
#8344=CARTESIAN_POINT('',(13.5382,4.318,-6.5024));
#8345=DIRECTION('',(-0.0,1.0,0.0));
#8346=DIRECTION('',(1.0,0.0,0.0));
#8347=ORIENTED_EDGE('',*,*,#8610,.T.);
#8348=ORIENTED_EDGE('',*,*,#10273,.F.);
#8349=ORIENTED_EDGE('',*,*,#10292,.F.);
#8350=ORIENTED_EDGE('',*,*,#9167,.T.);
#8351=CARTESIAN_POINT('',(13.5382,4.8768,-1.5494));
#8352=DIRECTION('',(-1.0,0.0,-0.0));
#8353=DIRECTION('',(0.0,0.0,-1.0));
#8354=ORIENTED_EDGE('',*,*,#8608,.T.);
#8355=ORIENTED_EDGE('',*,*,#10274,.F.);
#8356=ORIENTED_EDGE('',*,*,#8612,.F.);
#8357=ORIENTED_EDGE('',*,*,#9166,.T.);
#8358=CARTESIAN_POINT('',(13.5382,5.36494246691352,-1.27741769911504));
#8359=DIRECTION('',(0.0,-0.873554879947121,-0.486725663716812));
#8360=DIRECTION('',(0.0,0.486725663716812,-0.873554879947121));
#8361=ORIENTED_EDGE('',*,*,#8606,.T.);
#8362=ORIENTED_EDGE('',*,*,#9165,.T.);
#8363=ORIENTED_EDGE('',*,*,#10293,.T.);
#8364=ORIENTED_EDGE('',*,*,#10275,.F.);
#8365=CARTESIAN_POINT('',(13.5382,6.2738,-4.0566772164236));
#8366=DIRECTION('',(-1.0,0.0,-0.0));
#8367=DIRECTION('',(0.0,0.0,-1.0));
#8368=ORIENTED_EDGE('',*,*,#10294,.T.);
#8369=ORIENTED_EDGE('',*,*,#10276,.F.);
#8370=ORIENTED_EDGE('',*,*,#10293,.F.);
#8371=ORIENTED_EDGE('',*,*,#9164,.T.);
#8372=CARTESIAN_POINT('',(13.5382,5.89988981716654,-4.4719465449003));
#8373=DIRECTION('',(0.0,0.669130606358878,0.743144825477376));
#8374=DIRECTION('',(1.0,-0.0,0.0));
#8375=ORIENTED_EDGE('',*,*,#10295,.T.);
#8376=ORIENTED_EDGE('',*,*,#10277,.F.);
#8377=ORIENTED_EDGE('',*,*,#10294,.F.);
#8378=ORIENTED_EDGE('',*,*,#9163,.T.);
#8379=CARTESIAN_POINT('',(13.5382,5.3848,-3.25621802104344));
#8380=DIRECTION('',(-1.0,0.0,-0.0));
#8381=DIRECTION('',(0.0,0.0,-1.0));
#8382=ORIENTED_EDGE('',*,*,#10296,.T.);
#8383=ORIENTED_EDGE('',*,*,#10278,.F.);
#8384=ORIENTED_EDGE('',*,*,#10295,.F.);
#8385=ORIENTED_EDGE('',*,*,#9162,.T.);
#8386=CARTESIAN_POINT('',(13.5382,4.9695306715233,-2.88230783820998));
#8387=DIRECTION('',(0.0,0.743144825477376,-0.669130606358878));
#8388=DIRECTION('',(-1.0,0.0,0.0));
#8389=ORIENTED_EDGE('',*,*,#10297,.T.);
#8390=ORIENTED_EDGE('',*,*,#10279,.F.);
#8391=ORIENTED_EDGE('',*,*,#10296,.F.);
#8392=ORIENTED_EDGE('',*,*,#9161,.T.);
#8393=CARTESIAN_POINT('',(13.5382,5.05451025853102,-2.78792844537402));
#8394=DIRECTION('',(0.0,0.669130606358878,0.743144825477376));
#8395=DIRECTION('',(1.0,-0.0,0.0));
#8396=ORIENTED_EDGE('',*,*,#10298,.T.);
#8397=ORIENTED_EDGE('',*,*,#10280,.F.);
#8398=ORIENTED_EDGE('',*,*,#10297,.F.);
#8399=ORIENTED_EDGE('',*,*,#9160,.T.);
#8400=CARTESIAN_POINT('',(13.5382,4.9035032299945,-2.65196110616116));
#8401=DIRECTION('',(0.0,-0.743144825477376,0.669130606358878));
#8402=DIRECTION('',(-1.0,0.0,0.0));
#8403=ORIENTED_EDGE('',*,*,#10299,.T.);
#8404=ORIENTED_EDGE('',*,*,#10281,.F.);
#8405=ORIENTED_EDGE('',*,*,#10298,.F.);
#8406=ORIENTED_EDGE('',*,*,#9159,.T.);
#8407=CARTESIAN_POINT('',(13.5382,5.3848,-3.25621802104344));
#8408=DIRECTION('',(-1.0,0.0,-0.0));
#8409=DIRECTION('',(0.0,0.0,-1.0));
#8410=ORIENTED_EDGE('',*,*,#10300,.T.);
#8411=ORIENTED_EDGE('',*,*,#10282,.F.);
#8412=ORIENTED_EDGE('',*,*,#10299,.F.);
#8413=ORIENTED_EDGE('',*,*,#9158,.T.);
#8414=CARTESIAN_POINT('',(13.5382,4.87492247795368,-3.82249437805666));
#8415=DIRECTION('',(0.0,-0.669130606358878,-0.743144825477376));
#8416=DIRECTION('',(0.0,-0.743144825477376,0.669130606358878));
#8417=ORIENTED_EDGE('',*,*,#8602,.T.);
#8418=ORIENTED_EDGE('',*,*,#10283,.F.);
#8419=ORIENTED_EDGE('',*,*,#10300,.F.);
#8420=ORIENTED_EDGE('',*,*,#9157,.T.);
#8421=CARTESIAN_POINT('',(13.5382,6.2738,-4.0566772164236));
#8422=DIRECTION('',(-1.0,0.0,-0.0));
#8423=DIRECTION('',(0.0,0.0,-1.0));
#8424=ORIENTED_EDGE('',*,*,#8600,.T.);
#8425=ORIENTED_EDGE('',*,*,#10284,.F.);
#8426=ORIENTED_EDGE('',*,*,#8604,.F.);
#8427=ORIENTED_EDGE('',*,*,#9156,.T.);
#8428=CARTESIAN_POINT('',(13.5382,6.93944881851936,-3.6857922606715));
#8429=DIRECTION('',(0.0,0.873554879947121,0.486725663716812));
#8430=DIRECTION('',(1.0,0.0,-0.0));
#8431=ORIENTED_EDGE('',*,*,#8598,.T.);
#8432=ORIENTED_EDGE('',*,*,#9155,.T.);
#8433=ORIENTED_EDGE('',*,*,#9150,.T.);
#8434=ORIENTED_EDGE('',*,*,#10285,.F.);
#8435=CARTESIAN_POINT('',(13.5382,4.8768,-1.5494));
#8436=DIRECTION('',(-1.0,0.0,-0.0));
#8437=DIRECTION('',(0.0,0.0,-1.0));
#8438=ORIENTED_EDGE('',*,*,#10301,.T.);
#8439=ORIENTED_EDGE('',*,*,#10302,.T.);
#8440=ORIENTED_EDGE('',*,*,#10303,.T.);
#8441=ORIENTED_EDGE('',*,*,#9188,.F.);
#8442=CARTESIAN_POINT('',(14.224,0.0,0.0));
#8443=DIRECTION('',(1.0,0.0,0.0));
#8444=DIRECTION('',(0.0,1.0,0.0));
#8445=ORIENTED_EDGE('',*,*,#10303,.F.);
#8446=ORIENTED_EDGE('',*,*,#10304,.T.);
#8447=ORIENTED_EDGE('',*,*,#10305,.T.);
#8448=ORIENTED_EDGE('',*,*,#9185,.T.);
#8449=CARTESIAN_POINT('',(14.224,3.95877782857532,-4.21801590584362));
#8450=DIRECTION('',(0.0,0.0,-1.0));
#8451=DIRECTION('',(0.0,-1.0,0.0));
#8452=ORIENTED_EDGE('',*,*,#10305,.F.);
#8453=ORIENTED_EDGE('',*,*,#10306,.F.);
#8454=ORIENTED_EDGE('',*,*,#10307,.F.);
#8455=ORIENTED_EDGE('',*,*,#9186,.T.);
#8456=CARTESIAN_POINT('',(13.716,0.0,0.0));
#8457=DIRECTION('',(1.0,0.0,0.0));
#8458=DIRECTION('',(0.0,1.0,0.0));
#8459=ORIENTED_EDGE('',*,*,#10307,.T.);
#8460=ORIENTED_EDGE('',*,*,#10308,.F.);
#8461=ORIENTED_EDGE('',*,*,#10301,.F.);
#8462=ORIENTED_EDGE('',*,*,#9187,.F.);
#8463=CARTESIAN_POINT('',(14.224,4.1148,-2.6162));
#8464=DIRECTION('',(0.0,-0.93278793092656,0.360425687094785));
#8465=DIRECTION('',(-1.0,0.0,0.0));
#8466=ORIENTED_EDGE('',*,*,#10308,.T.);
#8467=ORIENTED_EDGE('',*,*,#10306,.T.);
#8468=ORIENTED_EDGE('',*,*,#10304,.F.);
#8469=ORIENTED_EDGE('',*,*,#10302,.F.);
#8470=CARTESIAN_POINT('',(14.224,3.556,-4.06238409415638));
#8471=DIRECTION('',(0.0,-0.360425687094785,-0.93278793092656));
#8472=DIRECTION('',(0.0,-0.93278793092656,0.360425687094785));
#8473=ORIENTED_EDGE('',*,*,#9025,.T.);
#8474=ORIENTED_EDGE('',*,*,#9011,.F.);
#8475=ORIENTED_EDGE('',*,*,#8990,.F.);
#8476=ORIENTED_EDGE('',*,*,#9027,.T.);
#8477=CARTESIAN_POINT('',(-14.4018,3.6068,-6.5024));
#8478=DIRECTION('',(-1.0,0.0,-0.0));
#8479=DIRECTION('',(0.0,0.0,-1.0));
#8480=ORIENTED_EDGE('',*,*,#9019,.T.);
#8481=ORIENTED_EDGE('',*,*,#9015,.F.);
#8482=ORIENTED_EDGE('',*,*,#9024,.F.);
#8483=ORIENTED_EDGE('',*,*,#9022,.F.);
#8484=CARTESIAN_POINT('',(-14.4018,-0.254,-7.0104));
#8485=DIRECTION('',(0.0,-1.0,0.0));
#8486=DIRECTION('',(0.0,0.0,-1.0));
#8487=ORIENTED_EDGE('',*,*,#10309,.T.);
#8488=ORIENTED_EDGE('',*,*,#10310,.T.);
#8489=ORIENTED_EDGE('',*,*,#10311,.T.);
#8490=ORIENTED_EDGE('',*,*,#8987,.F.);
#8491=CARTESIAN_POINT('',(-13.716,0.0,0.0));
#8492=DIRECTION('',(1.0,0.0,0.0));
#8493=DIRECTION('',(0.0,1.0,0.0));
#8494=ORIENTED_EDGE('',*,*,#10311,.F.);
#8495=ORIENTED_EDGE('',*,*,#10312,.T.);
#8496=ORIENTED_EDGE('',*,*,#10313,.T.);
#8497=ORIENTED_EDGE('',*,*,#8984,.T.);
#8498=CARTESIAN_POINT('',(-13.716,3.95877782857532,-4.21801590584362));
#8499=DIRECTION('',(0.0,0.0,-1.0));
#8500=DIRECTION('',(0.0,-1.0,0.0));
#8501=ORIENTED_EDGE('',*,*,#10313,.F.);
#8502=ORIENTED_EDGE('',*,*,#10314,.F.);
#8503=ORIENTED_EDGE('',*,*,#10315,.F.);
#8504=ORIENTED_EDGE('',*,*,#8985,.T.);
#8505=CARTESIAN_POINT('',(-14.224,0.0,0.0));
#8506=DIRECTION('',(1.0,0.0,0.0));
#8507=DIRECTION('',(0.0,1.0,0.0));
#8508=ORIENTED_EDGE('',*,*,#10315,.T.);
#8509=ORIENTED_EDGE('',*,*,#10316,.F.);
#8510=ORIENTED_EDGE('',*,*,#10309,.F.);
#8511=ORIENTED_EDGE('',*,*,#8986,.F.);
#8512=CARTESIAN_POINT('',(-13.716,4.1148,-2.6162));
#8513=DIRECTION('',(0.0,-0.93278793092656,0.360425687094785));
#8514=DIRECTION('',(-1.0,0.0,0.0));
#8515=ORIENTED_EDGE('',*,*,#10316,.T.);
#8516=ORIENTED_EDGE('',*,*,#10314,.T.);
#8517=ORIENTED_EDGE('',*,*,#10312,.F.);
#8518=ORIENTED_EDGE('',*,*,#10310,.F.);
#8519=CARTESIAN_POINT('',(-13.716,3.556,-4.06238409415638));
#8520=DIRECTION('',(0.0,-0.360425687094785,-0.93278793092656));
#8521=DIRECTION('',(0.0,-0.93278793092656,0.360425687094785));
#8522=ORIENTED_EDGE('',*,*,#8881,.T.);
#8523=ORIENTED_EDGE('',*,*,#8820,.F.);
#8524=ORIENTED_EDGE('',*,*,#10317,.F.);
#8525=ORIENTED_EDGE('',*,*,#8810,.T.);
#8526=CARTESIAN_POINT('',(-15.1892,1.524,-1.778));
#8527=DIRECTION('',(0.0,0.0,-1.0));
#8528=DIRECTION('',(0.0,-1.0,0.0));
#8529=ORIENTED_EDGE('',*,*,#10318,.F.);
#8530=ORIENTED_EDGE('',*,*,#8796,.T.);
#8531=ORIENTED_EDGE('',*,*,#8883,.T.);
#8532=ORIENTED_EDGE('',*,*,#10319,.F.);
#8533=CARTESIAN_POINT('',(-15.1892,1.524,-1.778));
#8534=DIRECTION('',(0.0,0.0,-1.0));
#8535=DIRECTION('',(0.0,-1.0,0.0));
#8536=ORIENTED_EDGE('',*,*,#10317,.T.);
#8537=ORIENTED_EDGE('',*,*,#8819,.F.);
#8538=ORIENTED_EDGE('',*,*,#10320,.F.);
#8539=ORIENTED_EDGE('',*,*,#8811,.T.);
#8540=CARTESIAN_POINT('',(-15.1892,1.524,-2.12461987957496));
#8541=DIRECTION('',(-0.0,1.0,0.0));
#8542=DIRECTION('',(1.0,0.0,0.0));
#8543=ORIENTED_EDGE('',*,*,#10321,.F.);
#8544=ORIENTED_EDGE('',*,*,#8797,.T.);
#8545=ORIENTED_EDGE('',*,*,#10318,.T.);
#8546=ORIENTED_EDGE('',*,*,#10322,.F.);
#8547=CARTESIAN_POINT('',(-15.1892,1.524,-2.12461987957496));
#8548=DIRECTION('',(-0.0,1.0,0.0));
#8549=DIRECTION('',(1.0,0.0,0.0));
#8550=ORIENTED_EDGE('',*,*,#10320,.T.);
#8551=ORIENTED_EDGE('',*,*,#8818,.F.);
#8552=ORIENTED_EDGE('',*,*,#8814,.F.);
#8553=ORIENTED_EDGE('',*,*,#8812,.T.);
#8554=CARTESIAN_POINT('',(-15.1892,0.762,-2.12461987957496));
#8555=DIRECTION('',(-1.0,0.0,-0.0));
#8556=DIRECTION('',(0.0,0.0,-1.0));
#8557=ORIENTED_EDGE('',*,*,#8816,.F.);
#8558=ORIENTED_EDGE('',*,*,#8798,.T.);
#8559=ORIENTED_EDGE('',*,*,#10321,.T.);
#8560=ORIENTED_EDGE('',*,*,#10323,.F.);
#8561=CARTESIAN_POINT('',(-15.1892,0.762,-2.12461987957496));
#8562=DIRECTION('',(-1.0,0.0,-0.0));
#8563=DIRECTION('',(0.0,0.0,-1.0));
#8564=ORIENTED_EDGE('',*,*,#8817,.T.);
#8565=ORIENTED_EDGE('',*,*,#10323,.T.);
#8566=ORIENTED_EDGE('',*,*,#10322,.T.);
#8567=ORIENTED_EDGE('',*,*,#10319,.T.);
#8568=ORIENTED_EDGE('',*,*,#8882,.F.);
#8569=ORIENTED_EDGE('',*,*,#8828,.F.);
#8570=ORIENTED_EDGE('',*,*,#8807,.T.);
#8571=CARTESIAN_POINT('',(-14.4272,0.0,0.0));
#8572=DIRECTION('',(-1.0,0.0,0.0));
#8573=DIRECTION('',(0.0,0.0,1.0));
#8574=AXIS2_PLACEMENT_3D('',#10324,#10325,#10326);
#8575=AXIS2_PLACEMENT_3D('',#10327,#10328,#10329);
#8576=AXIS2_PLACEMENT_3D('',#10330,#10331,#10332);
#8577=AXIS2_PLACEMENT_3D('',#10333,#10334,#10335);
#8578=AXIS2_PLACEMENT_3D('',#10336,#10337,#10338);
#8579=AXIS2_PLACEMENT_3D('',#10339,#10340,#10341);
#8580=AXIS2_PLACEMENT_3D('',#10342,#10343,#10344);
#8581=AXIS2_PLACEMENT_3D('',#10345,#10346,#10347);
#8582=AXIS2_PLACEMENT_3D('',#10348,#10349,#10350);
#8583=AXIS2_PLACEMENT_3D('',#10351,#10352,#10353);
#8584=AXIS2_PLACEMENT_3D('',#10354,#10355,#10356);
#8585=AXIS2_PLACEMENT_3D('',#10357,#10358,#10359);
#8586=AXIS2_PLACEMENT_3D('',#10360,#10361,#10362);
#8587=AXIS2_PLACEMENT_3D('',#10363,#10364,#10365);
#8588=AXIS2_PLACEMENT_3D('',#10366,#10367,#10368);
#8589=AXIS2_PLACEMENT_3D('',#10369,#10370,#10371);
#8590=AXIS2_PLACEMENT_3D('',#10372,#10373,#10374);
#8591=AXIS2_PLACEMENT_3D('',#10375,#10376,#10377);
#8592=AXIS2_PLACEMENT_3D('',#10378,#10379,#10380);
#8593=AXIS2_PLACEMENT_3D('',#10381,#10382,#10383);
#8594=AXIS2_PLACEMENT_3D('',#10384,#10385,#10386);
#8595=AXIS2_PLACEMENT_3D('',#10387,#10388,#10389);
#8596=AXIS2_PLACEMENT_3D('',#10390,#10391,#10392);
#8597=AXIS2_PLACEMENT_3D('',#10393,#10394,#10395);
#8598=EDGE_CURVE('',#10396,#10397,#10398,.T.);
#8599=EDGE_CURVE('',#10399,#10396,#10400,.T.);
#8600=EDGE_CURVE('',#10401,#10399,#10402,.T.);
#8601=EDGE_CURVE('',#10401,#10397,#10403,.T.);
#8602=EDGE_CURVE('',#10404,#10405,#10406,.T.);
#8603=EDGE_CURVE('',#10404,#10407,#10408,.T.);
#8604=EDGE_CURVE('',#10407,#10409,#10410,.T.);
#8605=EDGE_CURVE('',#10405,#10409,#10411,.T.);
#8606=EDGE_CURVE('',#10412,#10413,#10414,.T.);
#8607=EDGE_CURVE('',#10415,#10412,#10416,.T.);
#8608=EDGE_CURVE('',#10417,#10415,#10418,.T.);
#8609=EDGE_CURVE('',#10417,#10413,#10419,.T.);
#8610=EDGE_CURVE('',#10420,#10421,#10422,.T.);
#8611=EDGE_CURVE('',#10420,#10423,#10424,.T.);
#8612=EDGE_CURVE('',#10423,#10425,#10426,.T.);
#8613=EDGE_CURVE('',#10421,#10425,#10427,.T.);
#8614=EDGE_CURVE('',#10428,#10429,#10430,.T.);
#8615=EDGE_CURVE('',#10431,#10428,#10432,.T.);
#8616=EDGE_CURVE('',#10433,#10431,#10434,.T.);
#8617=EDGE_CURVE('',#10433,#10429,#10435,.T.);
#8618=EDGE_CURVE('',#10436,#10437,#10438,.T.);
#8619=EDGE_CURVE('',#10436,#10439,#10440,.T.);
#8620=EDGE_CURVE('',#10439,#10441,#10442,.T.);
#8621=EDGE_CURVE('',#10437,#10441,#10443,.T.);
#8622=EDGE_CURVE('',#10444,#10445,#10446,.T.);
#8623=EDGE_CURVE('',#10447,#10444,#10448,.T.);
#8624=EDGE_CURVE('',#10449,#10447,#10450,.T.);
#8625=EDGE_CURVE('',#10449,#10445,#10451,.T.);
#8626=EDGE_CURVE('',#10452,#10453,#10454,.T.);
#8627=EDGE_CURVE('',#10452,#10455,#10456,.T.);
#8628=EDGE_CURVE('',#10455,#10457,#10458,.T.);
#8629=EDGE_CURVE('',#10453,#10457,#10459,.T.);
#8630=EDGE_CURVE('',#10460,#10461,#10462,.T.);
#8631=EDGE_CURVE('',#10463,#10460,#10464,.T.);
#8632=EDGE_CURVE('',#10465,#10463,#10466,.T.);
#8633=EDGE_CURVE('',#10465,#10461,#10467,.T.);
#8634=EDGE_CURVE('',#10468,#10469,#10470,.T.);
#8635=EDGE_CURVE('',#10468,#10471,#10472,.T.);
#8636=EDGE_CURVE('',#10471,#10473,#10474,.T.);
#8637=EDGE_CURVE('',#10469,#10473,#10475,.T.);
#8638=EDGE_CURVE('',#10476,#10477,#10478,.T.);
#8639=EDGE_CURVE('',#10479,#10476,#10480,.T.);
#8640=EDGE_CURVE('',#10481,#10479,#10482,.T.);
#8641=EDGE_CURVE('',#10481,#10477,#10483,.T.);
#8642=EDGE_CURVE('',#10484,#10485,#10486,.T.);
#8643=EDGE_CURVE('',#10484,#10487,#10488,.T.);
#8644=EDGE_CURVE('',#10487,#10489,#10490,.T.);
#8645=EDGE_CURVE('',#10485,#10489,#10491,.T.);
#8646=EDGE_CURVE('',#10492,#10493,#10494,.T.);
#8647=EDGE_CURVE('',#10495,#10492,#10496,.T.);
#8648=EDGE_CURVE('',#10497,#10495,#10498,.T.);
#8649=EDGE_CURVE('',#10497,#10493,#10499,.T.);
#8650=EDGE_CURVE('',#10500,#10501,#10502,.T.);
#8651=EDGE_CURVE('',#10500,#10503,#10504,.T.);
#8652=EDGE_CURVE('',#10503,#10505,#10506,.T.);
#8653=EDGE_CURVE('',#10501,#10505,#10507,.T.);
#8654=EDGE_CURVE('',#10508,#10509,#10510,.T.);
#8655=EDGE_CURVE('',#10511,#10508,#10512,.T.);
#8656=EDGE_CURVE('',#10513,#10511,#10514,.T.);
#8657=EDGE_CURVE('',#10513,#10509,#10515,.T.);
#8658=EDGE_CURVE('',#10516,#10517,#10518,.T.);
#8659=EDGE_CURVE('',#10516,#10519,#10520,.T.);
#8660=EDGE_CURVE('',#10519,#10521,#10522,.T.);
#8661=EDGE_CURVE('',#10517,#10521,#10523,.T.);
#8662=EDGE_CURVE('',#10524,#10525,#10526,.T.);
#8663=EDGE_CURVE('',#10527,#10524,#10528,.T.);
#8664=EDGE_CURVE('',#10529,#10527,#10530,.T.);
#8665=EDGE_CURVE('',#10529,#10525,#10531,.T.);
#8666=EDGE_CURVE('',#10532,#10533,#10534,.T.);
#8667=EDGE_CURVE('',#10532,#10535,#10536,.T.);
#8668=EDGE_CURVE('',#10535,#10537,#10538,.T.);
#8669=EDGE_CURVE('',#10533,#10537,#10539,.T.);
#8670=EDGE_CURVE('',#10540,#10541,#10542,.T.);
#8671=EDGE_CURVE('',#10543,#10540,#10544,.T.);
#8672=EDGE_CURVE('',#10545,#10543,#10546,.T.);
#8673=EDGE_CURVE('',#10545,#10541,#10547,.T.);
#8674=EDGE_CURVE('',#10548,#10549,#10550,.T.);
#8675=EDGE_CURVE('',#10548,#10551,#10552,.T.);
#8676=EDGE_CURVE('',#10551,#10553,#10554,.T.);
#8677=EDGE_CURVE('',#10549,#10553,#10555,.T.);
#8678=EDGE_CURVE('',#10556,#10557,#10558,.T.);
#8679=EDGE_CURVE('',#10559,#10556,#10560,.T.);
#8680=EDGE_CURVE('',#10561,#10559,#10562,.T.);
#8681=EDGE_CURVE('',#10561,#10557,#10563,.T.);
#8682=EDGE_CURVE('',#10564,#10565,#10566,.T.);
#8683=EDGE_CURVE('',#10564,#10567,#10568,.T.);
#8684=EDGE_CURVE('',#10567,#10569,#10570,.T.);
#8685=EDGE_CURVE('',#10565,#10569,#10571,.T.);
#8686=EDGE_CURVE('',#10572,#10573,#10574,.T.);
#8687=EDGE_CURVE('',#10575,#10572,#10576,.T.);
#8688=EDGE_CURVE('',#10577,#10575,#10578,.T.);
#8689=EDGE_CURVE('',#10577,#10573,#10579,.T.);
#8690=EDGE_CURVE('',#10580,#10581,#10582,.T.);
#8691=EDGE_CURVE('',#10580,#10583,#10584,.T.);
#8692=EDGE_CURVE('',#10583,#10585,#10586,.T.);
#8693=EDGE_CURVE('',#10581,#10585,#10587,.T.);
#8694=EDGE_CURVE('',#10588,#10589,#10590,.T.);
#8695=EDGE_CURVE('',#10591,#10588,#10592,.T.);
#8696=EDGE_CURVE('',#10593,#10591,#10594,.T.);
#8697=EDGE_CURVE('',#10593,#10589,#10595,.T.);
#8698=EDGE_CURVE('',#10596,#10597,#10598,.T.);
#8699=EDGE_CURVE('',#10596,#10599,#10600,.T.);
#8700=EDGE_CURVE('',#10599,#10601,#10602,.T.);
#8701=EDGE_CURVE('',#10597,#10601,#10603,.T.);
#8702=EDGE_CURVE('',#10604,#10605,#10606,.T.);
#8703=EDGE_CURVE('',#10607,#10604,#10608,.T.);
#8704=EDGE_CURVE('',#10609,#10607,#10610,.T.);
#8705=EDGE_CURVE('',#10609,#10605,#10611,.T.);
#8706=EDGE_CURVE('',#10612,#10613,#10614,.T.);
#8707=EDGE_CURVE('',#10612,#10615,#10616,.T.);
#8708=EDGE_CURVE('',#10615,#10617,#10618,.T.);
#8709=EDGE_CURVE('',#10613,#10617,#10619,.T.);
#8710=EDGE_CURVE('',#10620,#10621,#10622,.T.);
#8711=EDGE_CURVE('',#10623,#10620,#10624,.T.);
#8712=EDGE_CURVE('',#10625,#10623,#10626,.T.);
#8713=EDGE_CURVE('',#10625,#10621,#10627,.T.);
#8714=EDGE_CURVE('',#10628,#10629,#10630,.T.);
#8715=EDGE_CURVE('',#10628,#10631,#10632,.T.);
#8716=EDGE_CURVE('',#10631,#10633,#10634,.T.);
#8717=EDGE_CURVE('',#10629,#10633,#10635,.T.);
#8718=EDGE_CURVE('',#10636,#10637,#10638,.T.);
#8719=EDGE_CURVE('',#10639,#10636,#10640,.T.);
#8720=EDGE_CURVE('',#10641,#10639,#10642,.T.);
#8721=EDGE_CURVE('',#10641,#10637,#10643,.T.);
#8722=EDGE_CURVE('',#10644,#10645,#10646,.T.);
#8723=EDGE_CURVE('',#10644,#10647,#10648,.T.);
#8724=EDGE_CURVE('',#10647,#10649,#10650,.T.);
#8725=EDGE_CURVE('',#10645,#10649,#10651,.T.);
#8726=EDGE_CURVE('',#10652,#10653,#10654,.T.);
#8727=EDGE_CURVE('',#10655,#10652,#10656,.T.);
#8728=EDGE_CURVE('',#10657,#10655,#10658,.T.);
#8729=EDGE_CURVE('',#10657,#10653,#10659,.T.);
#8730=EDGE_CURVE('',#10660,#10661,#10662,.T.);
#8731=EDGE_CURVE('',#10660,#10663,#10664,.T.);
#8732=EDGE_CURVE('',#10663,#10665,#10666,.T.);
#8733=EDGE_CURVE('',#10661,#10665,#10667,.T.);
#8734=EDGE_CURVE('',#10668,#10669,#10670,.T.);
#8735=EDGE_CURVE('',#10671,#10668,#10672,.T.);
#8736=EDGE_CURVE('',#10673,#10671,#10674,.T.);
#8737=EDGE_CURVE('',#10673,#10669,#10675,.T.);
#8738=EDGE_CURVE('',#10676,#10677,#10678,.T.);
#8739=EDGE_CURVE('',#10676,#10679,#10680,.T.);
#8740=EDGE_CURVE('',#10679,#10681,#10682,.T.);
#8741=EDGE_CURVE('',#10677,#10681,#10683,.T.);
#8742=EDGE_CURVE('',#10684,#10685,#10686,.T.);
#8743=EDGE_CURVE('',#10687,#10684,#10688,.T.);
#8744=EDGE_CURVE('',#10689,#10687,#10690,.T.);
#8745=EDGE_CURVE('',#10689,#10685,#10691,.T.);
#8746=EDGE_CURVE('',#10692,#10693,#10694,.T.);
#8747=EDGE_CURVE('',#10692,#10695,#10696,.T.);
#8748=EDGE_CURVE('',#10695,#10697,#10698,.T.);
#8749=EDGE_CURVE('',#10693,#10697,#10699,.T.);
#8750=EDGE_CURVE('',#10700,#10701,#10702,.T.);
#8751=EDGE_CURVE('',#10703,#10700,#10704,.T.);
#8752=EDGE_CURVE('',#10705,#10703,#10706,.T.);
#8753=EDGE_CURVE('',#10705,#10701,#10707,.T.);
#8754=EDGE_CURVE('',#10708,#10709,#10710,.T.);
#8755=EDGE_CURVE('',#10708,#10711,#10712,.T.);
#8756=EDGE_CURVE('',#10711,#10713,#10714,.T.);
#8757=EDGE_CURVE('',#10709,#10713,#10715,.T.);
#8758=EDGE_CURVE('',#10716,#10717,#10718,.T.);
#8759=EDGE_CURVE('',#10719,#10716,#10720,.T.);
#8760=EDGE_CURVE('',#10721,#10719,#10722,.T.);
#8761=EDGE_CURVE('',#10721,#10717,#10723,.T.);
#8762=EDGE_CURVE('',#10724,#10725,#10726,.T.);
#8763=EDGE_CURVE('',#10724,#10727,#10728,.T.);
#8764=EDGE_CURVE('',#10727,#10729,#10730,.T.);
#8765=EDGE_CURVE('',#10725,#10729,#10731,.T.);
#8766=EDGE_CURVE('',#10732,#10733,#10734,.T.);
#8767=EDGE_CURVE('',#10735,#10732,#10736,.T.);
#8768=EDGE_CURVE('',#10737,#10735,#10738,.T.);
#8769=EDGE_CURVE('',#10737,#10733,#10739,.T.);
#8770=EDGE_CURVE('',#10740,#10741,#10742,.T.);
#8771=EDGE_CURVE('',#10740,#10743,#10744,.T.);
#8772=EDGE_CURVE('',#10743,#10745,#10746,.T.);
#8773=EDGE_CURVE('',#10741,#10745,#10747,.T.);
#8774=EDGE_CURVE('',#10748,#10749,#10750,.T.);
#8775=EDGE_CURVE('',#10751,#10748,#10752,.T.);
#8776=EDGE_CURVE('',#10753,#10751,#10754,.T.);
#8777=EDGE_CURVE('',#10753,#10749,#10755,.T.);
#8778=EDGE_CURVE('',#10756,#10757,#10758,.T.);
#8779=EDGE_CURVE('',#10756,#10759,#10760,.T.);
#8780=EDGE_CURVE('',#10759,#10761,#10762,.T.);
#8781=EDGE_CURVE('',#10757,#10761,#10763,.T.);
#8782=EDGE_CURVE('',#10764,#10765,#10766,.T.);
#8783=EDGE_CURVE('',#10767,#10764,#10768,.T.);
#8784=EDGE_CURVE('',#10769,#10767,#10770,.T.);
#8785=EDGE_CURVE('',#10769,#10765,#10771,.T.);
#8786=EDGE_CURVE('',#10772,#10773,#10774,.T.);
#8787=EDGE_CURVE('',#10772,#10775,#10776,.T.);
#8788=EDGE_CURVE('',#10775,#10777,#10778,.T.);
#8789=EDGE_CURVE('',#10773,#10777,#10779,.T.);
#8790=EDGE_CURVE('',#10780,#10781,#10782,.T.);
#8791=EDGE_CURVE('',#10783,#10780,#10784,.T.);
#8792=EDGE_CURVE('',#10785,#10783,#10786,.T.);
#8793=EDGE_CURVE('',#10787,#10785,#10788,.T.);
#8794=EDGE_CURVE('',#10789,#10787,#10790,.T.);
#8795=EDGE_CURVE('',#10791,#10789,#10792,.T.);
#8796=EDGE_CURVE('',#10793,#10791,#10794,.T.);
#8797=EDGE_CURVE('',#10795,#10793,#10796,.T.);
#8798=EDGE_CURVE('',#10797,#10795,#10798,.T.);
#8799=EDGE_CURVE('',#10799,#10797,#10800,.T.);
#8800=EDGE_CURVE('',#10781,#10799,#10801,.T.);
#8801=EDGE_CURVE('',#10802,#10803,#10804,.T.);
#8802=EDGE_CURVE('',#10805,#10803,#10806,.T.);
#8803=EDGE_CURVE('',#10807,#10805,#10808,.T.);
#8804=EDGE_CURVE('',#10807,#10802,#10809,.T.);
#8805=EDGE_CURVE('',#10781,#10810,#10811,.T.);
#8806=EDGE_CURVE('',#10799,#10812,#10813,.T.);
#8807=EDGE_CURVE('',#10810,#10812,#10814,.T.);
#8808=EDGE_CURVE('',#10807,#10815,#10816,.T.);
#8809=EDGE_CURVE('',#10815,#10817,#10818,.T.);
#8810=EDGE_CURVE('',#10819,#10817,#10820,.T.);
#8811=EDGE_CURVE('',#10821,#10819,#10822,.T.);
#8812=EDGE_CURVE('',#10823,#10821,#10824,.T.);
#8813=EDGE_CURVE('',#10802,#10823,#10825,.T.);
#8814=EDGE_CURVE('',#10823,#10826,#10827,.T.);
#8815=EDGE_CURVE('',#10803,#10826,#10828,.T.);
#8816=EDGE_CURVE('',#10797,#10829,#10830,.T.);
#8817=EDGE_CURVE('',#10812,#10829,#10831,.T.);
#8818=EDGE_CURVE('',#10826,#10832,#10833,.T.);
#8819=EDGE_CURVE('',#10832,#10834,#10835,.T.);
#8820=EDGE_CURVE('',#10834,#10836,#10837,.T.);
#8821=EDGE_CURVE('',#10836,#10838,#10839,.T.);
#8822=EDGE_CURVE('',#10838,#10840,#10841,.T.);
#8823=EDGE_CURVE('',#10840,#10842,#10843,.T.);
#8824=EDGE_CURVE('',#10842,#10844,#10845,.T.);
#8825=EDGE_CURVE('',#10844,#10846,#10847,.T.);
#8826=EDGE_CURVE('',#10846,#10805,#10848,.T.);
#8827=EDGE_CURVE('',#10780,#10846,#10849,.T.);
#8828=EDGE_CURVE('',#10810,#10850,#10851,.T.);
#8829=EDGE_CURVE('',#10850,#10815,#10852,.T.);
#8830=EDGE_CURVE('',#10853,#10854,#10855,.T.);
#8831=EDGE_CURVE('',#10856,#10853,#10857,.T.);
#8832=EDGE_CURVE('',#10858,#10856,#10859,.T.);
#8833=EDGE_CURVE('',#10854,#10858,#10860,.T.);
#8834=EDGE_CURVE('',#10861,#10862,#10863,.T.);
#8835=EDGE_CURVE('',#10864,#10861,#10865,.T.);
#8836=EDGE_CURVE('',#10866,#10864,#10867,.T.);
#8837=EDGE_CURVE('',#10862,#10866,#10868,.T.);
#8838=EDGE_CURVE('',#10869,#10870,#10871,.T.);
#8839=EDGE_CURVE('',#10872,#10869,#10873,.T.);
#8840=EDGE_CURVE('',#10874,#10872,#10875,.T.);
#8841=EDGE_CURVE('',#10870,#10874,#10876,.T.);
#8842=EDGE_CURVE('',#10877,#10878,#10879,.T.);
#8843=EDGE_CURVE('',#10880,#10877,#10881,.T.);
#8844=EDGE_CURVE('',#10882,#10880,#10883,.T.);
#8845=EDGE_CURVE('',#10878,#10882,#10884,.T.);
#8846=EDGE_CURVE('',#10885,#10886,#10887,.T.);
#8847=EDGE_CURVE('',#10888,#10885,#10889,.T.);
#8848=EDGE_CURVE('',#10890,#10888,#10891,.T.);
#8849=EDGE_CURVE('',#10886,#10890,#10892,.T.);
#8850=EDGE_CURVE('',#10893,#10894,#10895,.T.);
#8851=EDGE_CURVE('',#10896,#10893,#10897,.T.);
#8852=EDGE_CURVE('',#10898,#10896,#10899,.T.);
#8853=EDGE_CURVE('',#10894,#10898,#10900,.T.);
#8854=EDGE_CURVE('',#10901,#10902,#10903,.T.);
#8855=EDGE_CURVE('',#10904,#10901,#10905,.T.);
#8856=EDGE_CURVE('',#10906,#10904,#10907,.T.);
#8857=EDGE_CURVE('',#10902,#10906,#10908,.T.);
#8858=EDGE_CURVE('',#10909,#10910,#10911,.T.);
#8859=EDGE_CURVE('',#10912,#10909,#10913,.T.);
#8860=EDGE_CURVE('',#10914,#10912,#10915,.T.);
#8861=EDGE_CURVE('',#10910,#10914,#10916,.T.);
#8862=EDGE_CURVE('',#10917,#10918,#10919,.T.);
#8863=EDGE_CURVE('',#10920,#10917,#10921,.T.);
#8864=EDGE_CURVE('',#10922,#10920,#10923,.T.);
#8865=EDGE_CURVE('',#10918,#10922,#10924,.T.);
#8866=EDGE_CURVE('',#10925,#10926,#10927,.T.);
#8867=EDGE_CURVE('',#10928,#10925,#10929,.T.);
#8868=EDGE_CURVE('',#10930,#10928,#10931,.T.);
#8869=EDGE_CURVE('',#10926,#10930,#10932,.T.);
#8870=EDGE_CURVE('',#10933,#10934,#10935,.T.);
#8871=EDGE_CURVE('',#10936,#10933,#10937,.T.);
#8872=EDGE_CURVE('',#10938,#10936,#10939,.T.);
#8873=EDGE_CURVE('',#10934,#10938,#10940,.T.);
#8874=EDGE_CURVE('',#10941,#10942,#10943,.T.);
#8875=EDGE_CURVE('',#10944,#10941,#10945,.T.);
#8876=EDGE_CURVE('',#10946,#10944,#10947,.T.);
#8877=EDGE_CURVE('',#10942,#10946,#10948,.T.);
#8878=EDGE_CURVE('',#10949,#10950,#10951,.T.);
#8879=EDGE_CURVE('',#10950,#10952,#10953,.T.);
#8880=EDGE_CURVE('',#10952,#10838,#10954,.T.);
#8881=EDGE_CURVE('',#10817,#10836,#10955,.T.);
#8882=EDGE_CURVE('',#10850,#10956,#10957,.T.);
#8883=EDGE_CURVE('',#10791,#10956,#10958,.T.);
#8884=EDGE_CURVE('',#10789,#10959,#10960,.T.);
#8885=EDGE_CURVE('',#10959,#10961,#10962,.T.);
#8886=EDGE_CURVE('',#10961,#10963,#10964,.T.);
#8887=EDGE_CURVE('',#10963,#10965,#10966,.T.);
#8888=EDGE_CURVE('',#10965,#10967,#10968,.T.);
#8889=EDGE_CURVE('',#10967,#10969,#10970,.T.);
#8890=EDGE_CURVE('',#10969,#10971,#10972,.T.);
#8891=EDGE_CURVE('',#10971,#10973,#10974,.T.);
#8892=EDGE_CURVE('',#10973,#10975,#10976,.T.);
#8893=EDGE_CURVE('',#10975,#10977,#10978,.T.);
#8894=EDGE_CURVE('',#10977,#10979,#10980,.T.);
#8895=EDGE_CURVE('',#10979,#10981,#10982,.T.);
#8896=EDGE_CURVE('',#10981,#10983,#10984,.T.);
#8897=EDGE_CURVE('',#10983,#10985,#10986,.T.);
#8898=EDGE_CURVE('',#10985,#10987,#10988,.T.);
#8899=EDGE_CURVE('',#10987,#10989,#10990,.T.);
#8900=EDGE_CURVE('',#10989,#10991,#10992,.T.);
#8901=EDGE_CURVE('',#10991,#10993,#10994,.T.);
#8902=EDGE_CURVE('',#10993,#10995,#10996,.T.);
#8903=EDGE_CURVE('',#10995,#10997,#10998,.T.);
#8904=EDGE_CURVE('',#10997,#10999,#11000,.T.);
#8905=EDGE_CURVE('',#10999,#11001,#11002,.T.);
#8906=EDGE_CURVE('',#11001,#11003,#11004,.T.);
#8907=EDGE_CURVE('',#11003,#11005,#11006,.T.);
#8908=EDGE_CURVE('',#11005,#11007,#11008,.T.);
#8909=EDGE_CURVE('',#11007,#11009,#11010,.T.);
#8910=EDGE_CURVE('',#11009,#11011,#11012,.T.);
#8911=EDGE_CURVE('',#11011,#11013,#11014,.T.);
#8912=EDGE_CURVE('',#11013,#11015,#11016,.T.);
#8913=EDGE_CURVE('',#11015,#11017,#11018,.T.);
#8914=EDGE_CURVE('',#11017,#11019,#11020,.T.);
#8915=EDGE_CURVE('',#11019,#11021,#11022,.T.);
#8916=EDGE_CURVE('',#11021,#11023,#11024,.T.);
#8917=EDGE_CURVE('',#11023,#11025,#11026,.T.);
#8918=EDGE_CURVE('',#11025,#11027,#11028,.T.);
#8919=EDGE_CURVE('',#11027,#11029,#11030,.T.);
#8920=EDGE_CURVE('',#11029,#11031,#11032,.T.);
#8921=EDGE_CURVE('',#11031,#11033,#11034,.T.);
#8922=EDGE_CURVE('',#11033,#11035,#11036,.T.);
#8923=EDGE_CURVE('',#11035,#11037,#11038,.T.);
#8924=EDGE_CURVE('',#11037,#11039,#11040,.T.);
#8925=EDGE_CURVE('',#11039,#11041,#11042,.T.);
#8926=EDGE_CURVE('',#11041,#11043,#11044,.T.);
#8927=EDGE_CURVE('',#11043,#11045,#11046,.T.);
#8928=EDGE_CURVE('',#11045,#11047,#11048,.T.);
#8929=EDGE_CURVE('',#11047,#10949,#11049,.T.);
#8930=EDGE_CURVE('',#11050,#11051,#11052,.T.);
#8931=EDGE_CURVE('',#11053,#11050,#11054,.T.);
#8932=EDGE_CURVE('',#11055,#11053,#11056,.T.);
#8933=EDGE_CURVE('',#11051,#11055,#11057,.T.);
#8934=EDGE_CURVE('',#11058,#11059,#11060,.T.);
#8935=EDGE_CURVE('',#11061,#11058,#11062,.T.);
#8936=EDGE_CURVE('',#11063,#11061,#11064,.T.);
#8937=EDGE_CURVE('',#11059,#11063,#11065,.T.);
#8938=EDGE_CURVE('',#11066,#11067,#11068,.T.);
#8939=EDGE_CURVE('',#11069,#11066,#11070,.T.);
#8940=EDGE_CURVE('',#11071,#11069,#11072,.T.);
#8941=EDGE_CURVE('',#11067,#11071,#11073,.T.);
#8942=EDGE_CURVE('',#11074,#11075,#11076,.T.);
#8943=EDGE_CURVE('',#11077,#11074,#11078,.T.);
#8944=EDGE_CURVE('',#11079,#11077,#11080,.T.);
#8945=EDGE_CURVE('',#11075,#11079,#11081,.T.);
#8946=EDGE_CURVE('',#11082,#11083,#11084,.T.);
#8947=EDGE_CURVE('',#11085,#11082,#11086,.T.);
#8948=EDGE_CURVE('',#11087,#11085,#11088,.T.);
#8949=EDGE_CURVE('',#11083,#11087,#11089,.T.);
#8950=EDGE_CURVE('',#11090,#11091,#11092,.T.);
#8951=EDGE_CURVE('',#11093,#11090,#11094,.T.);
#8952=EDGE_CURVE('',#11095,#11093,#11096,.T.);
#8953=EDGE_CURVE('',#11091,#11095,#11097,.T.);
#8954=EDGE_CURVE('',#11098,#11099,#11100,.T.);
#8955=EDGE_CURVE('',#11101,#11098,#11102,.T.);
#8956=EDGE_CURVE('',#11103,#11101,#11104,.T.);
#8957=EDGE_CURVE('',#11099,#11103,#11105,.T.);
#8958=EDGE_CURVE('',#11106,#11107,#11108,.T.);
#8959=EDGE_CURVE('',#11109,#11106,#11110,.T.);
#8960=EDGE_CURVE('',#11111,#11109,#11112,.T.);
#8961=EDGE_CURVE('',#11107,#11111,#11113,.T.);
#8962=EDGE_CURVE('',#11114,#11115,#11116,.T.);
#8963=EDGE_CURVE('',#11117,#11114,#11118,.T.);
#8964=EDGE_CURVE('',#11119,#11117,#11120,.T.);
#8965=EDGE_CURVE('',#11115,#11119,#11121,.T.);
#8966=EDGE_CURVE('',#11122,#11123,#11124,.T.);
#8967=EDGE_CURVE('',#11125,#11122,#11126,.T.);
#8968=EDGE_CURVE('',#11127,#11125,#11128,.T.);
#8969=EDGE_CURVE('',#11123,#11127,#11129,.T.);
#8970=EDGE_CURVE('',#11130,#11131,#11132,.T.);
#8971=EDGE_CURVE('',#11133,#11130,#11134,.T.);
#8972=EDGE_CURVE('',#11135,#11133,#11136,.T.);
#8973=EDGE_CURVE('',#11131,#11135,#11137,.T.);
#8974=EDGE_CURVE('',#11138,#11139,#11140,.T.);
#8975=EDGE_CURVE('',#11138,#11141,#11142,.T.);
#8976=EDGE_CURVE('',#11143,#11141,#11144,.T.);
#8977=EDGE_CURVE('',#11139,#11143,#11145,.T.);
#8978=EDGE_CURVE('',#11139,#11146,#11147,.T.);
#8979=EDGE_CURVE('',#11143,#11148,#11149,.T.);
#8980=EDGE_CURVE('',#11146,#11148,#11150,.T.);
#8981=EDGE_CURVE('',#11148,#11151,#11152,.T.);
#8982=EDGE_CURVE('',#11151,#11153,#11154,.T.);
#8983=EDGE_CURVE('',#11146,#11153,#11155,.T.);
#8984=EDGE_CURVE('',#11156,#11157,#11158,.T.);
#8985=EDGE_CURVE('',#11159,#11156,#11160,.T.);
#8986=EDGE_CURVE('',#11159,#11161,#11162,.T.);
#8987=EDGE_CURVE('',#11161,#11157,#11163,.T.);
#8988=EDGE_CURVE('',#11164,#11165,#11166,.T.);
#8989=EDGE_CURVE('',#11165,#11167,#11168,.T.);
#8990=EDGE_CURVE('',#11167,#11169,#11170,.T.);
#8991=EDGE_CURVE('',#11164,#11169,#11171,.T.);
#8992=EDGE_CURVE('',#11138,#11153,#11172,.T.);
#8993=EDGE_CURVE('',#11141,#11151,#11173,.T.);
#8994=EDGE_CURVE('',#11174,#11175,#11176,.T.);
#8995=EDGE_CURVE('',#11175,#11177,#11178,.T.);
#8996=EDGE_CURVE('',#11177,#11179,#11180,.T.);
#8997=EDGE_CURVE('',#11179,#10773,#11181,.T.);
#8998=EDGE_CURVE('',#10777,#10767,#11182,.T.);
#8999=EDGE_CURVE('',#10764,#11183,#11184,.T.);
#9000=EDGE_CURVE('',#11183,#11185,#11186,.T.);
#9001=EDGE_CURVE('',#11185,#11187,#11188,.T.);
#9002=EDGE_CURVE('',#11187,#11189,#11190,.T.);
#9003=EDGE_CURVE('',#11189,#11191,#11192,.T.);
#9004=EDGE_CURVE('',#11191,#11193,#11194,.T.);
#9005=EDGE_CURVE('',#11193,#11195,#11196,.T.);
#9006=EDGE_CURVE('',#11195,#11197,#11198,.T.);
#9007=EDGE_CURVE('',#11197,#10757,#11199,.T.);
#9008=EDGE_CURVE('',#10761,#10751,#11200,.T.);
#9009=EDGE_CURVE('',#10748,#11201,#11202,.T.);
#9010=EDGE_CURVE('',#11201,#11164,#11203,.T.);
#9011=EDGE_CURVE('',#11169,#11204,#11205,.T.);
#9012=EDGE_CURVE('',#11204,#11206,#11207,.T.);
#9013=EDGE_CURVE('',#11206,#11174,#11208,.T.);
#9014=EDGE_CURVE('',#11209,#11206,#11210,.T.);
#9015=EDGE_CURVE('',#11209,#11211,#11212,.T.);
#9016=EDGE_CURVE('',#11174,#11211,#11213,.T.);
#9017=EDGE_CURVE('',#11214,#11215,#11216,.T.);
#9018=EDGE_CURVE('',#11215,#11175,#11217,.T.);
#9019=EDGE_CURVE('',#11218,#11211,#11219,.T.);
#9020=EDGE_CURVE('',#11218,#11214,#11220,.T.);
#9021=EDGE_CURVE('',#11214,#11221,#11222,.T.);
#9022=EDGE_CURVE('',#11218,#11223,#11224,.T.);
#9023=EDGE_CURVE('',#11221,#11223,#11225,.T.);
#9024=EDGE_CURVE('',#11223,#11209,#11226,.T.);
#9025=EDGE_CURVE('',#11227,#11204,#11228,.T.);
#9026=EDGE_CURVE('',#11227,#11221,#11229,.T.);
#9027=EDGE_CURVE('',#11167,#11227,#11230,.T.);
#9028=EDGE_CURVE('',#11165,#11231,#11232,.T.);
#9029=EDGE_CURVE('',#10749,#11231,#11233,.T.);
#9030=EDGE_CURVE('',#10759,#10753,#11234,.T.);
#9031=EDGE_CURVE('',#11235,#10756,#11236,.T.);
#9032=EDGE_CURVE('',#11237,#11235,#11238,.T.);
#9033=EDGE_CURVE('',#11239,#11237,#11240,.T.);
#9034=EDGE_CURVE('',#11241,#11239,#11242,.T.);
#9035=EDGE_CURVE('',#11243,#11241,#11244,.T.);
#9036=EDGE_CURVE('',#11245,#11243,#11246,.T.);
#9037=EDGE_CURVE('',#11247,#11245,#11248,.T.);
#9038=EDGE_CURVE('',#11249,#11247,#11250,.T.);
#9039=EDGE_CURVE('',#10765,#11249,#11251,.T.);
#9040=EDGE_CURVE('',#10775,#10769,#11252,.T.);
#9041=EDGE_CURVE('',#11253,#10772,#11254,.T.);
#9042=EDGE_CURVE('',#11255,#11253,#11256,.T.);
#9043=EDGE_CURVE('',#11215,#11255,#11257,.T.);
#9044=EDGE_CURVE('',#11255,#11177,#11258,.T.);
#9045=EDGE_CURVE('',#11253,#11179,#11259,.T.);
#9046=EDGE_CURVE('',#11249,#11183,#11260,.T.);
#9047=EDGE_CURVE('',#11247,#11185,#11261,.T.);
#9048=EDGE_CURVE('',#11245,#11187,#11262,.T.);
#9049=EDGE_CURVE('',#11243,#11189,#11263,.T.);
#9050=EDGE_CURVE('',#11241,#11191,#11264,.T.);
#9051=EDGE_CURVE('',#11239,#11193,#11265,.T.);
#9052=EDGE_CURVE('',#11237,#11195,#11266,.T.);
#9053=EDGE_CURVE('',#11235,#11197,#11267,.T.);
#9054=EDGE_CURVE('',#11231,#11201,#11268,.T.);
#9055=EDGE_CURVE('',#11269,#11270,#11271,.T.);
#9056=EDGE_CURVE('',#11270,#11272,#11273,.T.);
#9057=EDGE_CURVE('',#11274,#11272,#11275,.T.);
#9058=EDGE_CURVE('',#11274,#11276,#11277,.T.);
#9059=EDGE_CURVE('',#11276,#11278,#11279,.T.);
#9060=EDGE_CURVE('',#11280,#11278,#11281,.T.);
#9061=EDGE_CURVE('',#11282,#11280,#11283,.T.);
#9062=EDGE_CURVE('',#11282,#11284,#11285,.T.);
#9063=EDGE_CURVE('',#11284,#11286,#11287,.T.);
#9064=EDGE_CURVE('',#11286,#11288,#11289,.T.);
#9065=EDGE_CURVE('',#11290,#11288,#11291,.T.);
#9066=EDGE_CURVE('',#11290,#11292,#11293,.T.);
#9067=EDGE_CURVE('',#11292,#11294,#11295,.T.);
#9068=EDGE_CURVE('',#11296,#11294,#11297,.T.);
#9069=EDGE_CURVE('',#11298,#11296,#11299,.T.);
#9070=EDGE_CURVE('',#11298,#11300,#11301,.T.);
#9071=EDGE_CURVE('',#11300,#11302,#11303,.T.);
#9072=EDGE_CURVE('',#11302,#11304,#11305,.T.);
#9073=EDGE_CURVE('',#11306,#11304,#11307,.T.);
#9074=EDGE_CURVE('',#11306,#11308,#11309,.T.);
#9075=EDGE_CURVE('',#11308,#11310,#11311,.T.);
#9076=EDGE_CURVE('',#11312,#11310,#11313,.T.);
#9077=EDGE_CURVE('',#11314,#11312,#11315,.T.);
#9078=EDGE_CURVE('',#11314,#11316,#11317,.T.);
#9079=EDGE_CURVE('',#11316,#11318,#11319,.T.);
#9080=EDGE_CURVE('',#11318,#11320,#11321,.T.);
#9081=EDGE_CURVE('',#11322,#11320,#11323,.T.);
#9082=EDGE_CURVE('',#11322,#11324,#11325,.T.);
#9083=EDGE_CURVE('',#11324,#11326,#11327,.T.);
#9084=EDGE_CURVE('',#11328,#11326,#11329,.T.);
#9085=EDGE_CURVE('',#11330,#11328,#11331,.T.);
#9086=EDGE_CURVE('',#11330,#11332,#11333,.T.);
#9087=EDGE_CURVE('',#11332,#11334,#11335,.T.);
#9088=EDGE_CURVE('',#11334,#11336,#11337,.T.);
#9089=EDGE_CURVE('',#11338,#11336,#11339,.T.);
#9090=EDGE_CURVE('',#11338,#11340,#11341,.T.);
#9091=EDGE_CURVE('',#11340,#11342,#11343,.T.);
#9092=EDGE_CURVE('',#11344,#11342,#11345,.T.);
#9093=EDGE_CURVE('',#11346,#11344,#11347,.T.);
#9094=EDGE_CURVE('',#11346,#11348,#11349,.T.);
#9095=EDGE_CURVE('',#11348,#11350,#11351,.T.);
#9096=EDGE_CURVE('',#11350,#11352,#11353,.T.);
#9097=EDGE_CURVE('',#11354,#11352,#11355,.T.);
#9098=EDGE_CURVE('',#11354,#11356,#11357,.T.);
#9099=EDGE_CURVE('',#11356,#11358,#11359,.T.);
#9100=EDGE_CURVE('',#11360,#11358,#11361,.T.);
#9101=EDGE_CURVE('',#11362,#11360,#11363,.T.);
#9102=EDGE_CURVE('',#11362,#11364,#11365,.T.);
#9103=EDGE_CURVE('',#11364,#11366,#11367,.T.);
#9104=EDGE_CURVE('',#11366,#11368,#11369,.T.);
#9105=EDGE_CURVE('',#11370,#11368,#11371,.T.);
#9106=EDGE_CURVE('',#11370,#11372,#11373,.T.);
#9107=EDGE_CURVE('',#11372,#11374,#11375,.T.);
#9108=EDGE_CURVE('',#11376,#11374,#11377,.T.);
#9109=EDGE_CURVE('',#11378,#11376,#11379,.T.);
#9110=EDGE_CURVE('',#11378,#11380,#11381,.T.);
#9111=EDGE_CURVE('',#11380,#11382,#11383,.T.);
#9112=EDGE_CURVE('',#11382,#11384,#11385,.T.);
#9113=EDGE_CURVE('',#11386,#11384,#11387,.T.);
#9114=EDGE_CURVE('',#11386,#11388,#11389,.T.);
#9115=EDGE_CURVE('',#11388,#11390,#11391,.T.);
#9116=EDGE_CURVE('',#11392,#11390,#11393,.T.);
#9117=EDGE_CURVE('',#11394,#11392,#11395,.T.);
#9118=EDGE_CURVE('',#11394,#11396,#11397,.T.);
#9119=EDGE_CURVE('',#11396,#11398,#11399,.T.);
#9120=EDGE_CURVE('',#11398,#11400,#11401,.T.);
#9121=EDGE_CURVE('',#11402,#11400,#11403,.T.);
#9122=EDGE_CURVE('',#11402,#11404,#11405,.T.);
#9123=EDGE_CURVE('',#11404,#11406,#11407,.T.);
#9124=EDGE_CURVE('',#11408,#11406,#11409,.T.);
#9125=EDGE_CURVE('',#11410,#11408,#11411,.T.);
#9126=EDGE_CURVE('',#11410,#11412,#11413,.T.);
#9127=EDGE_CURVE('',#11412,#11414,#11415,.T.);
#9128=EDGE_CURVE('',#11414,#11416,#11417,.T.);
#9129=EDGE_CURVE('',#11418,#11416,#11419,.T.);
#9130=EDGE_CURVE('',#11418,#11420,#11421,.T.);
#9131=EDGE_CURVE('',#11420,#11422,#11423,.T.);
#9132=EDGE_CURVE('',#11424,#11422,#11425,.T.);
#9133=EDGE_CURVE('',#11426,#11424,#11427,.T.);
#9134=EDGE_CURVE('',#11426,#11428,#11429,.T.);
#9135=EDGE_CURVE('',#11428,#11430,#11431,.T.);
#9136=EDGE_CURVE('',#11430,#11432,#11433,.T.);
#9137=EDGE_CURVE('',#11434,#11432,#11435,.T.);
#9138=EDGE_CURVE('',#11434,#11436,#11437,.T.);
#9139=EDGE_CURVE('',#11436,#11164,#11438,.T.);
#9140=EDGE_CURVE('',#11165,#11439,#11440,.T.);
#9141=EDGE_CURVE('',#11439,#11441,#11442,.T.);
#9142=EDGE_CURVE('',#11443,#11441,#11444,.T.);
#9143=EDGE_CURVE('',#11445,#11443,#11446,.T.);
#9144=EDGE_CURVE('',#11447,#11445,#11448,.T.);
#9145=EDGE_CURVE('',#11447,#11449,#11450,.T.);
#9146=EDGE_CURVE('',#11451,#11449,#11452,.T.);
#9147=EDGE_CURVE('',#11451,#11453,#11454,.T.);
#9148=EDGE_CURVE('',#11453,#11455,#11456,.T.);
#9149=EDGE_CURVE('',#11457,#11455,#11458,.T.);
#9150=EDGE_CURVE('',#11459,#11457,#11460,.T.);
#9151=EDGE_CURVE('',#11459,#11269,#11461,.T.);
#9152=EDGE_CURVE('',#11462,#11463,#11464,.T.);
#9153=EDGE_CURVE('',#11465,#11462,#11466,.T.);
#9154=EDGE_CURVE('',#11269,#11465,#11467,.T.);
#9155=EDGE_CURVE('',#10397,#11459,#11468,.T.);
#9156=EDGE_CURVE('',#10407,#10401,#11469,.T.);
#9157=EDGE_CURVE('',#11470,#10404,#11471,.T.);
#9158=EDGE_CURVE('',#11472,#11470,#11473,.T.);
#9159=EDGE_CURVE('',#11474,#11472,#11475,.T.);
#9160=EDGE_CURVE('',#11476,#11474,#11477,.T.);
#9161=EDGE_CURVE('',#11478,#11476,#11479,.T.);
#9162=EDGE_CURVE('',#11480,#11478,#11481,.T.);
#9163=EDGE_CURVE('',#11482,#11480,#11483,.T.);
#9164=EDGE_CURVE('',#11484,#11482,#11485,.T.);
#9165=EDGE_CURVE('',#10413,#11484,#11486,.T.);
#9166=EDGE_CURVE('',#10423,#10417,#11487,.T.);
#9167=EDGE_CURVE('',#11488,#10420,#11489,.T.);
#9168=EDGE_CURVE('',#11490,#11488,#11491,.T.);
#9169=EDGE_CURVE('',#11492,#11490,#11493,.T.);
#9170=EDGE_CURVE('',#11494,#11492,#11495,.T.);
#9171=EDGE_CURVE('',#11494,#11463,#11496,.T.);
#9172=EDGE_CURVE('',#11497,#11494,#11498,.T.);
#9173=EDGE_CURVE('',#11497,#11499,#11500,.T.);
#9174=EDGE_CURVE('',#11463,#11499,#11501,.T.);
#9175=EDGE_CURVE('',#11499,#11502,#11503,.T.);
#9176=EDGE_CURVE('',#11502,#11504,#11505,.T.);
#9177=EDGE_CURVE('',#11506,#11504,#11507,.T.);
#9178=EDGE_CURVE('',#11462,#11506,#11508,.T.);
#9179=EDGE_CURVE('',#11509,#11506,#11510,.T.);
#9180=EDGE_CURVE('',#11465,#11509,#11511,.T.);
#9181=EDGE_CURVE('',#11512,#11513,#11514,.T.);
#9182=EDGE_CURVE('',#11513,#11515,#11516,.T.);
#9183=EDGE_CURVE('',#11515,#11517,#11518,.T.);
#9184=EDGE_CURVE('',#11517,#11512,#11519,.T.);
#9185=EDGE_CURVE('',#11520,#11521,#11522,.T.);
#9186=EDGE_CURVE('',#11523,#11520,#11524,.T.);
#9187=EDGE_CURVE('',#11523,#11525,#11526,.T.);
#9188=EDGE_CURVE('',#11525,#11521,#11527,.T.);
#9189=EDGE_CURVE('',#11455,#11509,#11528,.T.);
#9190=EDGE_CURVE('',#11455,#11269,#11529,.T.);
#9191=EDGE_CURVE('',#11131,#11517,#11530,.T.);
#9192=EDGE_CURVE('',#11135,#11512,#11531,.T.);
#9193=EDGE_CURVE('',#11133,#11513,#11532,.T.);
#9194=EDGE_CURVE('',#11130,#11515,#11533,.T.);
#9195=EDGE_CURVE('',#11453,#10950,#11534,.T.);
#9196=EDGE_CURVE('',#10949,#11270,#11535,.T.);
#9197=EDGE_CURVE('',#11047,#11272,#11536,.T.);
#9198=EDGE_CURVE('',#10787,#11537,#11538,.T.);
#9199=EDGE_CURVE('',#11537,#11443,#11539,.T.);
#9200=EDGE_CURVE('',#10959,#11441,#11540,.T.);
#9201=EDGE_CURVE('',#10965,#11434,#11541,.T.);
#9202=EDGE_CURVE('',#10967,#11432,#11542,.T.);
#9203=EDGE_CURVE('',#10973,#11418,#11543,.T.);
#9204=EDGE_CURVE('',#10975,#11416,#11544,.T.);
#9205=EDGE_CURVE('',#10981,#11402,#11545,.T.);
#9206=EDGE_CURVE('',#10983,#11400,#11546,.T.);
#9207=EDGE_CURVE('',#10989,#11386,#11547,.T.);
#9208=EDGE_CURVE('',#10991,#11384,#11548,.T.);
#9209=EDGE_CURVE('',#10997,#11370,#11549,.T.);
#9210=EDGE_CURVE('',#10999,#11368,#11550,.T.);
#9211=EDGE_CURVE('',#11005,#11354,#11551,.T.);
#9212=EDGE_CURVE('',#11007,#11352,#11552,.T.);
#9213=EDGE_CURVE('',#11013,#11338,#11553,.T.);
#9214=EDGE_CURVE('',#11015,#11336,#11554,.T.);
#9215=EDGE_CURVE('',#11021,#11322,#11555,.T.);
#9216=EDGE_CURVE('',#11023,#11320,#11556,.T.);
#9217=EDGE_CURVE('',#11029,#11306,#11557,.T.);
#9218=EDGE_CURVE('',#11031,#11304,#11558,.T.);
#9219=EDGE_CURVE('',#11037,#11290,#11559,.T.);
#9220=EDGE_CURVE('',#11039,#11288,#11560,.T.);
#9221=EDGE_CURVE('',#11045,#11274,#11561,.T.);
#9222=EDGE_CURVE('',#11562,#11449,#11563,.T.);
#9223=EDGE_CURVE('',#11562,#10840,#11564,.T.);
#9224=EDGE_CURVE('',#10952,#11451,#11565,.T.);
#9225=EDGE_CURVE('',#10961,#11439,#11566,.T.);
#9226=EDGE_CURVE('',#11436,#10963,#11567,.T.);
#9227=EDGE_CURVE('',#11537,#11568,#11569,.T.);
#9228=EDGE_CURVE('',#11568,#11570,#11571,.T.);
#9229=EDGE_CURVE('',#11570,#11445,#11572,.T.);
#9230=EDGE_CURVE('',#11573,#11574,#11575,.T.);
#9231=EDGE_CURVE('',#11576,#11574,#11577,.T.);
#9232=EDGE_CURVE('',#11578,#11576,#11579,.T.);
#9233=EDGE_CURVE('',#11578,#11447,#11580,.T.);
#9234=EDGE_CURVE('',#11581,#11570,#11582,.T.);
#9235=EDGE_CURVE('',#11581,#11583,#11584,.T.);
#9236=EDGE_CURVE('',#11583,#11585,#11586,.T.);
#9237=EDGE_CURVE('',#11585,#11587,#11588,.T.);
#9238=EDGE_CURVE('',#11589,#11587,#11590,.T.);
#9239=EDGE_CURVE('',#11589,#11591,#11592,.T.);
#9240=EDGE_CURVE('',#11591,#11593,#11594,.T.);
#9241=EDGE_CURVE('',#11595,#11593,#11596,.T.);
#9242=EDGE_CURVE('',#11597,#11595,#11598,.T.);
#9243=EDGE_CURVE('',#11597,#11599,#11600,.T.);
#9244=EDGE_CURVE('',#11599,#11601,#11602,.T.);
#9245=EDGE_CURVE('',#11603,#11601,#11604,.T.);
#9246=EDGE_CURVE('',#11605,#11603,#11606,.T.);
#9247=EDGE_CURVE('',#11605,#11607,#11608,.T.);
#9248=EDGE_CURVE('',#11607,#11609,#11610,.T.);
#9249=EDGE_CURVE('',#11611,#11609,#11612,.T.);
#9250=EDGE_CURVE('',#11613,#11611,#11614,.T.);
#9251=EDGE_CURVE('',#11613,#11615,#11616,.T.);
#9252=EDGE_CURVE('',#11615,#11617,#11618,.T.);
#9253=EDGE_CURVE('',#11619,#11617,#11620,.T.);
#9254=EDGE_CURVE('',#11621,#11619,#11622,.T.);
#9255=EDGE_CURVE('',#11621,#11623,#11624,.T.);
#9256=EDGE_CURVE('',#11623,#11625,#11626,.T.);
#9257=EDGE_CURVE('',#11627,#11625,#11628,.T.);
#9258=EDGE_CURVE('',#11629,#11627,#11630,.T.);
#9259=EDGE_CURVE('',#11629,#11631,#11632,.T.);
#9260=EDGE_CURVE('',#11631,#11633,#11634,.T.);
#9261=EDGE_CURVE('',#11635,#11633,#11636,.T.);
#9262=EDGE_CURVE('',#11637,#11635,#11638,.T.);
#9263=EDGE_CURVE('',#11637,#11639,#11640,.T.);
#9264=EDGE_CURVE('',#11639,#11641,#11642,.T.);
#9265=EDGE_CURVE('',#11643,#11641,#11644,.T.);
#9266=EDGE_CURVE('',#11645,#11643,#11646,.T.);
#9267=EDGE_CURVE('',#11645,#11647,#11648,.T.);
#9268=EDGE_CURVE('',#11647,#11649,#11650,.T.);
#9269=EDGE_CURVE('',#11651,#11649,#11652,.T.);
#9270=EDGE_CURVE('',#11653,#11651,#11654,.T.);
#9271=EDGE_CURVE('',#11653,#11655,#11656,.T.);
#9272=EDGE_CURVE('',#11655,#11657,#11658,.T.);
#9273=EDGE_CURVE('',#11659,#11657,#11660,.T.);
#9274=EDGE_CURVE('',#11661,#11659,#11662,.T.);
#9275=EDGE_CURVE('',#11661,#11663,#11664,.T.);
#9276=EDGE_CURVE('',#11663,#11665,#11666,.T.);
#9277=EDGE_CURVE('',#11667,#11665,#11668,.T.);
#9278=EDGE_CURVE('',#11669,#11667,#11670,.T.);
#9279=EDGE_CURVE('',#11669,#11573,#11671,.T.);
#9280=EDGE_CURVE('',#11669,#11672,#11673,.T.);
#9281=EDGE_CURVE('',#11672,#11674,#11675,.T.);
#9282=EDGE_CURVE('',#11573,#11674,#11676,.T.);
#9283=EDGE_CURVE('',#11674,#11677,#11678,.T.);
#9284=EDGE_CURVE('',#11574,#11677,#11679,.T.);
#9285=EDGE_CURVE('',#11677,#11680,#11681,.T.);
#9286=EDGE_CURVE('',#11576,#11680,#11682,.T.);
#9287=EDGE_CURVE('',#11667,#11683,#11684,.T.);
#9288=EDGE_CURVE('',#11683,#11685,#11686,.T.);
#9289=EDGE_CURVE('',#11661,#11685,#11687,.T.);
#9290=EDGE_CURVE('',#11659,#11688,#11689,.T.);
#9291=EDGE_CURVE('',#11688,#11690,#11691,.T.);
#9292=EDGE_CURVE('',#11653,#11690,#11692,.T.);
#9293=EDGE_CURVE('',#11651,#11693,#11694,.T.);
#9294=EDGE_CURVE('',#11693,#11695,#11696,.T.);
#9295=EDGE_CURVE('',#11645,#11695,#11697,.T.);
#9296=EDGE_CURVE('',#11643,#11698,#11699,.T.);
#9297=EDGE_CURVE('',#11698,#11700,#11701,.T.);
#9298=EDGE_CURVE('',#11637,#11700,#11702,.T.);
#9299=EDGE_CURVE('',#11635,#11703,#11704,.T.);
#9300=EDGE_CURVE('',#11703,#11705,#11706,.T.);
#9301=EDGE_CURVE('',#11629,#11705,#11707,.T.);
#9302=EDGE_CURVE('',#11627,#11708,#11709,.T.);
#9303=EDGE_CURVE('',#11708,#11710,#11711,.T.);
#9304=EDGE_CURVE('',#11621,#11710,#11712,.T.);
#9305=EDGE_CURVE('',#11619,#11713,#11714,.T.);
#9306=EDGE_CURVE('',#11713,#11715,#11716,.T.);
#9307=EDGE_CURVE('',#11613,#11715,#11717,.T.);
#9308=EDGE_CURVE('',#11611,#11718,#11719,.T.);
#9309=EDGE_CURVE('',#11718,#11720,#11721,.T.);
#9310=EDGE_CURVE('',#11605,#11720,#11722,.T.);
#9311=EDGE_CURVE('',#11603,#11723,#11724,.T.);
#9312=EDGE_CURVE('',#11723,#11725,#11726,.T.);
#9313=EDGE_CURVE('',#11597,#11725,#11727,.T.);
#9314=EDGE_CURVE('',#11595,#11728,#11729,.T.);
#9315=EDGE_CURVE('',#11728,#11730,#11731,.T.);
#9316=EDGE_CURVE('',#11589,#11730,#11732,.T.);
#9317=EDGE_CURVE('',#11587,#11733,#11734,.T.);
#9318=EDGE_CURVE('',#11733,#11735,#11736,.T.);
#9319=EDGE_CURVE('',#11581,#11735,#11737,.T.);
#9320=EDGE_CURVE('',#11568,#11738,#11739,.T.);
#9321=EDGE_CURVE('',#11738,#11578,#11740,.T.);
#9322=EDGE_CURVE('',#11680,#11672,#11741,.T.);
#9323=EDGE_CURVE('',#11672,#10942,#11742,.T.);
#9324=EDGE_CURVE('',#11680,#10941,#11743,.T.);
#9325=EDGE_CURVE('',#11677,#10944,#11744,.T.);
#9326=EDGE_CURVE('',#11674,#10946,#11745,.T.);
#9327=EDGE_CURVE('',#11562,#11738,#11746,.T.);
#9328=EDGE_CURVE('',#11738,#10842,#11747,.T.);
#9329=EDGE_CURVE('',#10785,#11568,#11748,.T.);
#9330=EDGE_CURVE('',#10783,#10844,#11749,.T.);
#9331=EDGE_CURVE('',#11735,#11750,#11751,.T.);
#9332=EDGE_CURVE('',#11583,#11750,#11752,.T.);
#9333=EDGE_CURVE('',#11750,#11753,#11754,.T.);
#9334=EDGE_CURVE('',#11585,#11753,#11755,.T.);
#9335=EDGE_CURVE('',#11753,#11733,#11756,.T.);
#9336=EDGE_CURVE('',#11733,#10853,#11757,.T.);
#9337=EDGE_CURVE('',#11753,#10856,#11758,.T.);
#9338=EDGE_CURVE('',#11750,#10858,#11759,.T.);
#9339=EDGE_CURVE('',#11735,#10854,#11760,.T.);
#9340=EDGE_CURVE('',#11730,#11761,#11762,.T.);
#9341=EDGE_CURVE('',#11591,#11761,#11763,.T.);
#9342=EDGE_CURVE('',#11761,#11764,#11765,.T.);
#9343=EDGE_CURVE('',#11593,#11764,#11766,.T.);
#9344=EDGE_CURVE('',#11764,#11728,#11767,.T.);
#9345=EDGE_CURVE('',#11728,#10861,#11768,.T.);
#9346=EDGE_CURVE('',#11764,#10864,#11769,.T.);
#9347=EDGE_CURVE('',#11761,#10866,#11770,.T.);
#9348=EDGE_CURVE('',#11730,#10862,#11771,.T.);
#9349=EDGE_CURVE('',#11725,#11772,#11773,.T.);
#9350=EDGE_CURVE('',#11599,#11772,#11774,.T.);
#9351=EDGE_CURVE('',#11772,#11775,#11776,.T.);
#9352=EDGE_CURVE('',#11601,#11775,#11777,.T.);
#9353=EDGE_CURVE('',#11775,#11723,#11778,.T.);
#9354=EDGE_CURVE('',#11723,#10869,#11779,.T.);
#9355=EDGE_CURVE('',#11775,#10872,#11780,.T.);
#9356=EDGE_CURVE('',#11772,#10874,#11781,.T.);
#9357=EDGE_CURVE('',#11725,#10870,#11782,.T.);
#9358=EDGE_CURVE('',#11720,#11783,#11784,.T.);
#9359=EDGE_CURVE('',#11607,#11783,#11785,.T.);
#9360=EDGE_CURVE('',#11783,#11786,#11787,.T.);
#9361=EDGE_CURVE('',#11609,#11786,#11788,.T.);
#9362=EDGE_CURVE('',#11786,#11718,#11789,.T.);
#9363=EDGE_CURVE('',#11718,#10877,#11790,.T.);
#9364=EDGE_CURVE('',#11786,#10880,#11791,.T.);
#9365=EDGE_CURVE('',#11783,#10882,#11792,.T.);
#9366=EDGE_CURVE('',#11720,#10878,#11793,.T.);
#9367=EDGE_CURVE('',#11715,#11794,#11795,.T.);
#9368=EDGE_CURVE('',#11615,#11794,#11796,.T.);
#9369=EDGE_CURVE('',#11794,#11797,#11798,.T.);
#9370=EDGE_CURVE('',#11617,#11797,#11799,.T.);
#9371=EDGE_CURVE('',#11797,#11713,#11800,.T.);
#9372=EDGE_CURVE('',#11713,#10885,#11801,.T.);
#9373=EDGE_CURVE('',#11797,#10888,#11802,.T.);
#9374=EDGE_CURVE('',#11794,#10890,#11803,.T.);
#9375=EDGE_CURVE('',#11715,#10886,#11804,.T.);
#9376=EDGE_CURVE('',#11710,#11805,#11806,.T.);
#9377=EDGE_CURVE('',#11623,#11805,#11807,.T.);
#9378=EDGE_CURVE('',#11805,#11808,#11809,.T.);
#9379=EDGE_CURVE('',#11625,#11808,#11810,.T.);
#9380=EDGE_CURVE('',#11808,#11708,#11811,.T.);
#9381=EDGE_CURVE('',#11708,#10893,#11812,.T.);
#9382=EDGE_CURVE('',#11808,#10896,#11813,.T.);
#9383=EDGE_CURVE('',#11805,#10898,#11814,.T.);
#9384=EDGE_CURVE('',#11710,#10894,#11815,.T.);
#9385=EDGE_CURVE('',#11705,#11816,#11817,.T.);
#9386=EDGE_CURVE('',#11631,#11816,#11818,.T.);
#9387=EDGE_CURVE('',#11816,#11819,#11820,.T.);
#9388=EDGE_CURVE('',#11633,#11819,#11821,.T.);
#9389=EDGE_CURVE('',#11819,#11703,#11822,.T.);
#9390=EDGE_CURVE('',#11703,#10901,#11823,.T.);
#9391=EDGE_CURVE('',#11819,#10904,#11824,.T.);
#9392=EDGE_CURVE('',#11816,#10906,#11825,.T.);
#9393=EDGE_CURVE('',#11705,#10902,#11826,.T.);
#9394=EDGE_CURVE('',#11700,#11827,#11828,.T.);
#9395=EDGE_CURVE('',#11639,#11827,#11829,.T.);
#9396=EDGE_CURVE('',#11827,#11830,#11831,.T.);
#9397=EDGE_CURVE('',#11641,#11830,#11832,.T.);
#9398=EDGE_CURVE('',#11830,#11698,#11833,.T.);
#9399=EDGE_CURVE('',#11698,#10909,#11834,.T.);
#9400=EDGE_CURVE('',#11830,#10912,#11835,.T.);
#9401=EDGE_CURVE('',#11827,#10914,#11836,.T.);
#9402=EDGE_CURVE('',#11700,#10910,#11837,.T.);
#9403=EDGE_CURVE('',#11695,#11838,#11839,.T.);
#9404=EDGE_CURVE('',#11647,#11838,#11840,.T.);
#9405=EDGE_CURVE('',#11838,#11841,#11842,.T.);
#9406=EDGE_CURVE('',#11649,#11841,#11843,.T.);
#9407=EDGE_CURVE('',#11841,#11693,#11844,.T.);
#9408=EDGE_CURVE('',#11693,#10917,#11845,.T.);
#9409=EDGE_CURVE('',#11841,#10920,#11846,.T.);
#9410=EDGE_CURVE('',#11838,#10922,#11847,.T.);
#9411=EDGE_CURVE('',#11695,#10918,#11848,.T.);
#9412=EDGE_CURVE('',#11690,#11849,#11850,.T.);
#9413=EDGE_CURVE('',#11655,#11849,#11851,.T.);
#9414=EDGE_CURVE('',#11849,#11852,#11853,.T.);
#9415=EDGE_CURVE('',#11657,#11852,#11854,.T.);
#9416=EDGE_CURVE('',#11852,#11688,#11855,.T.);
#9417=EDGE_CURVE('',#11688,#10925,#11856,.T.);
#9418=EDGE_CURVE('',#11852,#10928,#11857,.T.);
#9419=EDGE_CURVE('',#11849,#10930,#11858,.T.);
#9420=EDGE_CURVE('',#11690,#10926,#11859,.T.);
#9421=EDGE_CURVE('',#11685,#11860,#11861,.T.);
#9422=EDGE_CURVE('',#11663,#11860,#11862,.T.);
#9423=EDGE_CURVE('',#11860,#11863,#11864,.T.);
#9424=EDGE_CURVE('',#11665,#11863,#11865,.T.);
#9425=EDGE_CURVE('',#11863,#11683,#11866,.T.);
#9426=EDGE_CURVE('',#11683,#10933,#11867,.T.);
#9427=EDGE_CURVE('',#11863,#10936,#11868,.T.);
#9428=EDGE_CURVE('',#11860,#10938,#11869,.T.);
#9429=EDGE_CURVE('',#11685,#10934,#11870,.T.);
#9430=EDGE_CURVE('',#10969,#11430,#11871,.T.);
#9431=EDGE_CURVE('',#11420,#10971,#11872,.T.);
#9432=EDGE_CURVE('',#11422,#11428,#11873,.T.);
#9433=EDGE_CURVE('',#11874,#11875,#11876,.T.);
#9434=EDGE_CURVE('',#11875,#11877,#11878,.T.);
#9435=EDGE_CURVE('',#11877,#11879,#11880,.T.);
#9436=EDGE_CURVE('',#11879,#11874,#11881,.T.);
#9437=EDGE_CURVE('',#11882,#11883,#11884,.T.);
#9438=EDGE_CURVE('',#11885,#11882,#11886,.T.);
#9439=EDGE_CURVE('',#11885,#11887,#11888,.T.);
#9440=EDGE_CURVE('',#11887,#11883,#11889,.T.);
#9441=EDGE_CURVE('',#11428,#11890,#11891,.T.);
#9442=EDGE_CURVE('',#11890,#11892,#11893,.T.);
#9443=EDGE_CURVE('',#11422,#11892,#11894,.T.);
#9444=EDGE_CURVE('',#11051,#11879,#11895,.T.);
#9445=EDGE_CURVE('',#11055,#11874,#11896,.T.);
#9446=EDGE_CURVE('',#11053,#11875,#11897,.T.);
#9447=EDGE_CURVE('',#11050,#11877,#11898,.T.);
#9448=EDGE_CURVE('',#11899,#11900,#11901,.T.);
#9449=EDGE_CURVE('',#11900,#11902,#11903,.T.);
#9450=EDGE_CURVE('',#11902,#11904,#11905,.T.);
#9451=EDGE_CURVE('',#11904,#10741,#11906,.T.);
#9452=EDGE_CURVE('',#10745,#10735,#11907,.T.);
#9453=EDGE_CURVE('',#10732,#11908,#11909,.T.);
#9454=EDGE_CURVE('',#11908,#11910,#11911,.T.);
#9455=EDGE_CURVE('',#11910,#11912,#11913,.T.);
#9456=EDGE_CURVE('',#11912,#11914,#11915,.T.);
#9457=EDGE_CURVE('',#11914,#11916,#11917,.T.);
#9458=EDGE_CURVE('',#11916,#11918,#11919,.T.);
#9459=EDGE_CURVE('',#11918,#11920,#11921,.T.);
#9460=EDGE_CURVE('',#11920,#11922,#11923,.T.);
#9461=EDGE_CURVE('',#11922,#10725,#11924,.T.);
#9462=EDGE_CURVE('',#10729,#10719,#11925,.T.);
#9463=EDGE_CURVE('',#10716,#11424,#11926,.T.);
#9464=EDGE_CURVE('',#11892,#11927,#11928,.T.);
#9465=EDGE_CURVE('',#11927,#11929,#11930,.T.);
#9466=EDGE_CURVE('',#11929,#11899,#11931,.T.);
#9467=EDGE_CURVE('',#11932,#11929,#11933,.T.);
#9468=EDGE_CURVE('',#11932,#11934,#11935,.T.);
#9469=EDGE_CURVE('',#11899,#11934,#11936,.T.);
#9470=EDGE_CURVE('',#11937,#11938,#11939,.T.);
#9471=EDGE_CURVE('',#11938,#11900,#11940,.T.);
#9472=EDGE_CURVE('',#11941,#11934,#11942,.T.);
#9473=EDGE_CURVE('',#11941,#11937,#11943,.T.);
#9474=EDGE_CURVE('',#11937,#11944,#11945,.T.);
#9475=EDGE_CURVE('',#11941,#11946,#11947,.T.);
#9476=EDGE_CURVE('',#11944,#11946,#11948,.T.);
#9477=EDGE_CURVE('',#11946,#11932,#11949,.T.);
#9478=EDGE_CURVE('',#11950,#11927,#11951,.T.);
#9479=EDGE_CURVE('',#11950,#11944,#11952,.T.);
#9480=EDGE_CURVE('',#11890,#11950,#11953,.T.);
#9481=EDGE_CURVE('',#10717,#11426,#11954,.T.);
#9482=EDGE_CURVE('',#10727,#10721,#11955,.T.);
#9483=EDGE_CURVE('',#11956,#10724,#11957,.T.);
#9484=EDGE_CURVE('',#11958,#11956,#11959,.T.);
#9485=EDGE_CURVE('',#11960,#11958,#11961,.T.);
#9486=EDGE_CURVE('',#11962,#11960,#11963,.T.);
#9487=EDGE_CURVE('',#11964,#11962,#11965,.T.);
#9488=EDGE_CURVE('',#11966,#11964,#11967,.T.);
#9489=EDGE_CURVE('',#11968,#11966,#11969,.T.);
#9490=EDGE_CURVE('',#11970,#11968,#11971,.T.);
#9491=EDGE_CURVE('',#10733,#11970,#11972,.T.);
#9492=EDGE_CURVE('',#10743,#10737,#11973,.T.);
#9493=EDGE_CURVE('',#11974,#10740,#11975,.T.);
#9494=EDGE_CURVE('',#11976,#11974,#11977,.T.);
#9495=EDGE_CURVE('',#11938,#11976,#11978,.T.);
#9496=EDGE_CURVE('',#11976,#11902,#11979,.T.);
#9497=EDGE_CURVE('',#11974,#11904,#11980,.T.);
#9498=EDGE_CURVE('',#11970,#11908,#11981,.T.);
#9499=EDGE_CURVE('',#11968,#11910,#11982,.T.);
#9500=EDGE_CURVE('',#11966,#11912,#11983,.T.);
#9501=EDGE_CURVE('',#11964,#11914,#11984,.T.);
#9502=EDGE_CURVE('',#11962,#11916,#11985,.T.);
#9503=EDGE_CURVE('',#11960,#11918,#11986,.T.);
#9504=EDGE_CURVE('',#11958,#11920,#11987,.T.);
#9505=EDGE_CURVE('',#11956,#11922,#11988,.T.);
#9506=EDGE_CURVE('',#11887,#11989,#11990,.T.);
#9507=EDGE_CURVE('',#11989,#11991,#11992,.T.);
#9508=EDGE_CURVE('',#11991,#11883,#11993,.T.);
#9509=EDGE_CURVE('',#11991,#11994,#11995,.T.);
#9510=EDGE_CURVE('',#11994,#11882,#11996,.T.);
#9511=EDGE_CURVE('',#11997,#11994,#11998,.T.);
#9512=EDGE_CURVE('',#11885,#11997,#11999,.T.);
#9513=EDGE_CURVE('',#11989,#11997,#12000,.T.);
#9514=EDGE_CURVE('',#10977,#11414,#12001,.T.);
#9515=EDGE_CURVE('',#11404,#10979,#12002,.T.);
#9516=EDGE_CURVE('',#11406,#11412,#12003,.T.);
#9517=EDGE_CURVE('',#12004,#12005,#12006,.T.);
#9518=EDGE_CURVE('',#12005,#12007,#12008,.T.);
#9519=EDGE_CURVE('',#12007,#12009,#12010,.T.);
#9520=EDGE_CURVE('',#12009,#12004,#12011,.T.);
#9521=EDGE_CURVE('',#12012,#12013,#12014,.T.);
#9522=EDGE_CURVE('',#12015,#12012,#12016,.T.);
#9523=EDGE_CURVE('',#12015,#12017,#12018,.T.);
#9524=EDGE_CURVE('',#12017,#12013,#12019,.T.);
#9525=EDGE_CURVE('',#11412,#12020,#12021,.T.);
#9526=EDGE_CURVE('',#12020,#12022,#12023,.T.);
#9527=EDGE_CURVE('',#11406,#12022,#12024,.T.);
#9528=EDGE_CURVE('',#11059,#12009,#12025,.T.);
#9529=EDGE_CURVE('',#11063,#12004,#12026,.T.);
#9530=EDGE_CURVE('',#11061,#12005,#12027,.T.);
#9531=EDGE_CURVE('',#11058,#12007,#12028,.T.);
#9532=EDGE_CURVE('',#12029,#12030,#12031,.T.);
#9533=EDGE_CURVE('',#12030,#12032,#12033,.T.);
#9534=EDGE_CURVE('',#12032,#12034,#12035,.T.);
#9535=EDGE_CURVE('',#12034,#10709,#12036,.T.);
#9536=EDGE_CURVE('',#10713,#10703,#12037,.T.);
#9537=EDGE_CURVE('',#10700,#12038,#12039,.T.);
#9538=EDGE_CURVE('',#12038,#12040,#12041,.T.);
#9539=EDGE_CURVE('',#12040,#12042,#12043,.T.);
#9540=EDGE_CURVE('',#12042,#12044,#12045,.T.);
#9541=EDGE_CURVE('',#12044,#12046,#12047,.T.);
#9542=EDGE_CURVE('',#12046,#12048,#12049,.T.);
#9543=EDGE_CURVE('',#12048,#12050,#12051,.T.);
#9544=EDGE_CURVE('',#12050,#12052,#12053,.T.);
#9545=EDGE_CURVE('',#12052,#10693,#12054,.T.);
#9546=EDGE_CURVE('',#10697,#10687,#12055,.T.);
#9547=EDGE_CURVE('',#10684,#11408,#12056,.T.);
#9548=EDGE_CURVE('',#12022,#12057,#12058,.T.);
#9549=EDGE_CURVE('',#12057,#12059,#12060,.T.);
#9550=EDGE_CURVE('',#12059,#12029,#12061,.T.);
#9551=EDGE_CURVE('',#12062,#12059,#12063,.T.);
#9552=EDGE_CURVE('',#12062,#12064,#12065,.T.);
#9553=EDGE_CURVE('',#12029,#12064,#12066,.T.);
#9554=EDGE_CURVE('',#12067,#12068,#12069,.T.);
#9555=EDGE_CURVE('',#12068,#12030,#12070,.T.);
#9556=EDGE_CURVE('',#12071,#12064,#12072,.T.);
#9557=EDGE_CURVE('',#12071,#12067,#12073,.T.);
#9558=EDGE_CURVE('',#12067,#12074,#12075,.T.);
#9559=EDGE_CURVE('',#12071,#12076,#12077,.T.);
#9560=EDGE_CURVE('',#12074,#12076,#12078,.T.);
#9561=EDGE_CURVE('',#12076,#12062,#12079,.T.);
#9562=EDGE_CURVE('',#12080,#12057,#12081,.T.);
#9563=EDGE_CURVE('',#12080,#12074,#12082,.T.);
#9564=EDGE_CURVE('',#12020,#12080,#12083,.T.);
#9565=EDGE_CURVE('',#10685,#11410,#12084,.T.);
#9566=EDGE_CURVE('',#10695,#10689,#12085,.T.);
#9567=EDGE_CURVE('',#12086,#10692,#12087,.T.);
#9568=EDGE_CURVE('',#12088,#12086,#12089,.T.);
#9569=EDGE_CURVE('',#12090,#12088,#12091,.T.);
#9570=EDGE_CURVE('',#12092,#12090,#12093,.T.);
#9571=EDGE_CURVE('',#12094,#12092,#12095,.T.);
#9572=EDGE_CURVE('',#12096,#12094,#12097,.T.);
#9573=EDGE_CURVE('',#12098,#12096,#12099,.T.);
#9574=EDGE_CURVE('',#12100,#12098,#12101,.T.);
#9575=EDGE_CURVE('',#10701,#12100,#12102,.T.);
#9576=EDGE_CURVE('',#10711,#10705,#12103,.T.);
#9577=EDGE_CURVE('',#12104,#10708,#12105,.T.);
#9578=EDGE_CURVE('',#12106,#12104,#12107,.T.);
#9579=EDGE_CURVE('',#12068,#12106,#12108,.T.);
#9580=EDGE_CURVE('',#12106,#12032,#12109,.T.);
#9581=EDGE_CURVE('',#12104,#12034,#12110,.T.);
#9582=EDGE_CURVE('',#12100,#12038,#12111,.T.);
#9583=EDGE_CURVE('',#12098,#12040,#12112,.T.);
#9584=EDGE_CURVE('',#12096,#12042,#12113,.T.);
#9585=EDGE_CURVE('',#12094,#12044,#12114,.T.);
#9586=EDGE_CURVE('',#12092,#12046,#12115,.T.);
#9587=EDGE_CURVE('',#12090,#12048,#12116,.T.);
#9588=EDGE_CURVE('',#12088,#12050,#12117,.T.);
#9589=EDGE_CURVE('',#12086,#12052,#12118,.T.);
#9590=EDGE_CURVE('',#12017,#12119,#12120,.T.);
#9591=EDGE_CURVE('',#12119,#12121,#12122,.T.);
#9592=EDGE_CURVE('',#12121,#12013,#12123,.T.);
#9593=EDGE_CURVE('',#12121,#12124,#12125,.T.);
#9594=EDGE_CURVE('',#12124,#12012,#12126,.T.);
#9595=EDGE_CURVE('',#12127,#12124,#12128,.T.);
#9596=EDGE_CURVE('',#12015,#12127,#12129,.T.);
#9597=EDGE_CURVE('',#12119,#12127,#12130,.T.);
#9598=EDGE_CURVE('',#10985,#11398,#12131,.T.);
#9599=EDGE_CURVE('',#11388,#10987,#12132,.T.);
#9600=EDGE_CURVE('',#11390,#11396,#12133,.T.);
#9601=EDGE_CURVE('',#12134,#12135,#12136,.T.);
#9602=EDGE_CURVE('',#12135,#12137,#12138,.T.);
#9603=EDGE_CURVE('',#12137,#12139,#12140,.T.);
#9604=EDGE_CURVE('',#12139,#12134,#12141,.T.);
#9605=EDGE_CURVE('',#12142,#12143,#12144,.T.);
#9606=EDGE_CURVE('',#12145,#12142,#12146,.T.);
#9607=EDGE_CURVE('',#12145,#12147,#12148,.T.);
#9608=EDGE_CURVE('',#12147,#12143,#12149,.T.);
#9609=EDGE_CURVE('',#11396,#12150,#12151,.T.);
#9610=EDGE_CURVE('',#12150,#12152,#12153,.T.);
#9611=EDGE_CURVE('',#11390,#12152,#12154,.T.);
#9612=EDGE_CURVE('',#11067,#12139,#12155,.T.);
#9613=EDGE_CURVE('',#11071,#12134,#12156,.T.);
#9614=EDGE_CURVE('',#11069,#12135,#12157,.T.);
#9615=EDGE_CURVE('',#11066,#12137,#12158,.T.);
#9616=EDGE_CURVE('',#12159,#12160,#12161,.T.);
#9617=EDGE_CURVE('',#12160,#12162,#12163,.T.);
#9618=EDGE_CURVE('',#12162,#12164,#12165,.T.);
#9619=EDGE_CURVE('',#12164,#10677,#12166,.T.);
#9620=EDGE_CURVE('',#10681,#10671,#12167,.T.);
#9621=EDGE_CURVE('',#10668,#12168,#12169,.T.);
#9622=EDGE_CURVE('',#12168,#12170,#12171,.T.);
#9623=EDGE_CURVE('',#12170,#12172,#12173,.T.);
#9624=EDGE_CURVE('',#12172,#12174,#12175,.T.);
#9625=EDGE_CURVE('',#12174,#12176,#12177,.T.);
#9626=EDGE_CURVE('',#12176,#12178,#12179,.T.);
#9627=EDGE_CURVE('',#12178,#12180,#12181,.T.);
#9628=EDGE_CURVE('',#12180,#12182,#12183,.T.);
#9629=EDGE_CURVE('',#12182,#10661,#12184,.T.);
#9630=EDGE_CURVE('',#10665,#10655,#12185,.T.);
#9631=EDGE_CURVE('',#10652,#11392,#12186,.T.);
#9632=EDGE_CURVE('',#12152,#12187,#12188,.T.);
#9633=EDGE_CURVE('',#12187,#12189,#12190,.T.);
#9634=EDGE_CURVE('',#12189,#12159,#12191,.T.);
#9635=EDGE_CURVE('',#12192,#12189,#12193,.T.);
#9636=EDGE_CURVE('',#12192,#12194,#12195,.T.);
#9637=EDGE_CURVE('',#12159,#12194,#12196,.T.);
#9638=EDGE_CURVE('',#12197,#12198,#12199,.T.);
#9639=EDGE_CURVE('',#12198,#12160,#12200,.T.);
#9640=EDGE_CURVE('',#12201,#12194,#12202,.T.);
#9641=EDGE_CURVE('',#12201,#12197,#12203,.T.);
#9642=EDGE_CURVE('',#12197,#12204,#12205,.T.);
#9643=EDGE_CURVE('',#12201,#12206,#12207,.T.);
#9644=EDGE_CURVE('',#12204,#12206,#12208,.T.);
#9645=EDGE_CURVE('',#12206,#12192,#12209,.T.);
#9646=EDGE_CURVE('',#12210,#12187,#12211,.T.);
#9647=EDGE_CURVE('',#12210,#12204,#12212,.T.);
#9648=EDGE_CURVE('',#12150,#12210,#12213,.T.);
#9649=EDGE_CURVE('',#10653,#11394,#12214,.T.);
#9650=EDGE_CURVE('',#10663,#10657,#12215,.T.);
#9651=EDGE_CURVE('',#12216,#10660,#12217,.T.);
#9652=EDGE_CURVE('',#12218,#12216,#12219,.T.);
#9653=EDGE_CURVE('',#12220,#12218,#12221,.T.);
#9654=EDGE_CURVE('',#12222,#12220,#12223,.T.);
#9655=EDGE_CURVE('',#12224,#12222,#12225,.T.);
#9656=EDGE_CURVE('',#12226,#12224,#12227,.T.);
#9657=EDGE_CURVE('',#12228,#12226,#12229,.T.);
#9658=EDGE_CURVE('',#12230,#12228,#12231,.T.);
#9659=EDGE_CURVE('',#10669,#12230,#12232,.T.);
#9660=EDGE_CURVE('',#10679,#10673,#12233,.T.);
#9661=EDGE_CURVE('',#12234,#10676,#12235,.T.);
#9662=EDGE_CURVE('',#12236,#12234,#12237,.T.);
#9663=EDGE_CURVE('',#12198,#12236,#12238,.T.);
#9664=EDGE_CURVE('',#12236,#12162,#12239,.T.);
#9665=EDGE_CURVE('',#12234,#12164,#12240,.T.);
#9666=EDGE_CURVE('',#12230,#12168,#12241,.T.);
#9667=EDGE_CURVE('',#12228,#12170,#12242,.T.);
#9668=EDGE_CURVE('',#12226,#12172,#12243,.T.);
#9669=EDGE_CURVE('',#12224,#12174,#12244,.T.);
#9670=EDGE_CURVE('',#12222,#12176,#12245,.T.);
#9671=EDGE_CURVE('',#12220,#12178,#12246,.T.);
#9672=EDGE_CURVE('',#12218,#12180,#12247,.T.);
#9673=EDGE_CURVE('',#12216,#12182,#12248,.T.);
#9674=EDGE_CURVE('',#12147,#12249,#12250,.T.);
#9675=EDGE_CURVE('',#12249,#12251,#12252,.T.);
#9676=EDGE_CURVE('',#12251,#12143,#12253,.T.);
#9677=EDGE_CURVE('',#12251,#12254,#12255,.T.);
#9678=EDGE_CURVE('',#12254,#12142,#12256,.T.);
#9679=EDGE_CURVE('',#12257,#12254,#12258,.T.);
#9680=EDGE_CURVE('',#12145,#12257,#12259,.T.);
#9681=EDGE_CURVE('',#12249,#12257,#12260,.T.);
#9682=EDGE_CURVE('',#10993,#11382,#12261,.T.);
#9683=EDGE_CURVE('',#11372,#10995,#12262,.T.);
#9684=EDGE_CURVE('',#11374,#11380,#12263,.T.);
#9685=EDGE_CURVE('',#12264,#12265,#12266,.T.);
#9686=EDGE_CURVE('',#12265,#12267,#12268,.T.);
#9687=EDGE_CURVE('',#12267,#12269,#12270,.T.);
#9688=EDGE_CURVE('',#12269,#12264,#12271,.T.);
#9689=EDGE_CURVE('',#12272,#12273,#12274,.T.);
#9690=EDGE_CURVE('',#12275,#12272,#12276,.T.);
#9691=EDGE_CURVE('',#12275,#12277,#12278,.T.);
#9692=EDGE_CURVE('',#12277,#12273,#12279,.T.);
#9693=EDGE_CURVE('',#11380,#12280,#12281,.T.);
#9694=EDGE_CURVE('',#12280,#12282,#12283,.T.);
#9695=EDGE_CURVE('',#11374,#12282,#12284,.T.);
#9696=EDGE_CURVE('',#11075,#12269,#12285,.T.);
#9697=EDGE_CURVE('',#11079,#12264,#12286,.T.);
#9698=EDGE_CURVE('',#11077,#12265,#12287,.T.);
#9699=EDGE_CURVE('',#11074,#12267,#12288,.T.);
#9700=EDGE_CURVE('',#12289,#12290,#12291,.T.);
#9701=EDGE_CURVE('',#12290,#12292,#12293,.T.);
#9702=EDGE_CURVE('',#12292,#12294,#12295,.T.);
#9703=EDGE_CURVE('',#12294,#10645,#12296,.T.);
#9704=EDGE_CURVE('',#10649,#10639,#12297,.T.);
#9705=EDGE_CURVE('',#10636,#12298,#12299,.T.);
#9706=EDGE_CURVE('',#12298,#12300,#12301,.T.);
#9707=EDGE_CURVE('',#12300,#12302,#12303,.T.);
#9708=EDGE_CURVE('',#12302,#12304,#12305,.T.);
#9709=EDGE_CURVE('',#12304,#12306,#12307,.T.);
#9710=EDGE_CURVE('',#12306,#12308,#12309,.T.);
#9711=EDGE_CURVE('',#12308,#12310,#12311,.T.);
#9712=EDGE_CURVE('',#12310,#12312,#12313,.T.);
#9713=EDGE_CURVE('',#12312,#10629,#12314,.T.);
#9714=EDGE_CURVE('',#10633,#10623,#12315,.T.);
#9715=EDGE_CURVE('',#10620,#11376,#12316,.T.);
#9716=EDGE_CURVE('',#12282,#12317,#12318,.T.);
#9717=EDGE_CURVE('',#12317,#12319,#12320,.T.);
#9718=EDGE_CURVE('',#12319,#12289,#12321,.T.);
#9719=EDGE_CURVE('',#12322,#12319,#12323,.T.);
#9720=EDGE_CURVE('',#12322,#12324,#12325,.T.);
#9721=EDGE_CURVE('',#12289,#12324,#12326,.T.);
#9722=EDGE_CURVE('',#12327,#12328,#12329,.T.);
#9723=EDGE_CURVE('',#12328,#12290,#12330,.T.);
#9724=EDGE_CURVE('',#12331,#12324,#12332,.T.);
#9725=EDGE_CURVE('',#12331,#12327,#12333,.T.);
#9726=EDGE_CURVE('',#12327,#12334,#12335,.T.);
#9727=EDGE_CURVE('',#12331,#12336,#12337,.T.);
#9728=EDGE_CURVE('',#12334,#12336,#12338,.T.);
#9729=EDGE_CURVE('',#12336,#12322,#12339,.T.);
#9730=EDGE_CURVE('',#12340,#12317,#12341,.T.);
#9731=EDGE_CURVE('',#12340,#12334,#12342,.T.);
#9732=EDGE_CURVE('',#12280,#12340,#12343,.T.);
#9733=EDGE_CURVE('',#10621,#11378,#12344,.T.);
#9734=EDGE_CURVE('',#10631,#10625,#12345,.T.);
#9735=EDGE_CURVE('',#12346,#10628,#12347,.T.);
#9736=EDGE_CURVE('',#12348,#12346,#12349,.T.);
#9737=EDGE_CURVE('',#12350,#12348,#12351,.T.);
#9738=EDGE_CURVE('',#12352,#12350,#12353,.T.);
#9739=EDGE_CURVE('',#12354,#12352,#12355,.T.);
#9740=EDGE_CURVE('',#12356,#12354,#12357,.T.);
#9741=EDGE_CURVE('',#12358,#12356,#12359,.T.);
#9742=EDGE_CURVE('',#12360,#12358,#12361,.T.);
#9743=EDGE_CURVE('',#10637,#12360,#12362,.T.);
#9744=EDGE_CURVE('',#10647,#10641,#12363,.T.);
#9745=EDGE_CURVE('',#12364,#10644,#12365,.T.);
#9746=EDGE_CURVE('',#12366,#12364,#12367,.T.);
#9747=EDGE_CURVE('',#12328,#12366,#12368,.T.);
#9748=EDGE_CURVE('',#12366,#12292,#12369,.T.);
#9749=EDGE_CURVE('',#12364,#12294,#12370,.T.);
#9750=EDGE_CURVE('',#12360,#12298,#12371,.T.);
#9751=EDGE_CURVE('',#12358,#12300,#12372,.T.);
#9752=EDGE_CURVE('',#12356,#12302,#12373,.T.);
#9753=EDGE_CURVE('',#12354,#12304,#12374,.T.);
#9754=EDGE_CURVE('',#12352,#12306,#12375,.T.);
#9755=EDGE_CURVE('',#12350,#12308,#12376,.T.);
#9756=EDGE_CURVE('',#12348,#12310,#12377,.T.);
#9757=EDGE_CURVE('',#12346,#12312,#12378,.T.);
#9758=EDGE_CURVE('',#12277,#12379,#12380,.T.);
#9759=EDGE_CURVE('',#12379,#12381,#12382,.T.);
#9760=EDGE_CURVE('',#12381,#12273,#12383,.T.);
#9761=EDGE_CURVE('',#12381,#12384,#12385,.T.);
#9762=EDGE_CURVE('',#12384,#12272,#12386,.T.);
#9763=EDGE_CURVE('',#12387,#12384,#12388,.T.);
#9764=EDGE_CURVE('',#12275,#12387,#12389,.T.);
#9765=EDGE_CURVE('',#12379,#12387,#12390,.T.);
#9766=EDGE_CURVE('',#11001,#11366,#12391,.T.);
#9767=EDGE_CURVE('',#11356,#11003,#12392,.T.);
#9768=EDGE_CURVE('',#11358,#11364,#12393,.T.);
#9769=EDGE_CURVE('',#12394,#12395,#12396,.T.);
#9770=EDGE_CURVE('',#12395,#12397,#12398,.T.);
#9771=EDGE_CURVE('',#12397,#12399,#12400,.T.);
#9772=EDGE_CURVE('',#12399,#12394,#12401,.T.);
#9773=EDGE_CURVE('',#12402,#12403,#12404,.T.);
#9774=EDGE_CURVE('',#12405,#12402,#12406,.T.);
#9775=EDGE_CURVE('',#12405,#12407,#12408,.T.);
#9776=EDGE_CURVE('',#12407,#12403,#12409,.T.);
#9777=EDGE_CURVE('',#11364,#12410,#12411,.T.);
#9778=EDGE_CURVE('',#12410,#12412,#12413,.T.);
#9779=EDGE_CURVE('',#11358,#12412,#12414,.T.);
#9780=EDGE_CURVE('',#11083,#12399,#12415,.T.);
#9781=EDGE_CURVE('',#11087,#12394,#12416,.T.);
#9782=EDGE_CURVE('',#11085,#12395,#12417,.T.);
#9783=EDGE_CURVE('',#11082,#12397,#12418,.T.);
#9784=EDGE_CURVE('',#12419,#12420,#12421,.T.);
#9785=EDGE_CURVE('',#12420,#12422,#12423,.T.);
#9786=EDGE_CURVE('',#12422,#12424,#12425,.T.);
#9787=EDGE_CURVE('',#12424,#10613,#12426,.T.);
#9788=EDGE_CURVE('',#10617,#10607,#12427,.T.);
#9789=EDGE_CURVE('',#10604,#12428,#12429,.T.);
#9790=EDGE_CURVE('',#12428,#12430,#12431,.T.);
#9791=EDGE_CURVE('',#12430,#12432,#12433,.T.);
#9792=EDGE_CURVE('',#12432,#12434,#12435,.T.);
#9793=EDGE_CURVE('',#12434,#12436,#12437,.T.);
#9794=EDGE_CURVE('',#12436,#12438,#12439,.T.);
#9795=EDGE_CURVE('',#12438,#12440,#12441,.T.);
#9796=EDGE_CURVE('',#12440,#12442,#12443,.T.);
#9797=EDGE_CURVE('',#12442,#10597,#12444,.T.);
#9798=EDGE_CURVE('',#10601,#10591,#12445,.T.);
#9799=EDGE_CURVE('',#10588,#11360,#12446,.T.);
#9800=EDGE_CURVE('',#12412,#12447,#12448,.T.);
#9801=EDGE_CURVE('',#12447,#12449,#12450,.T.);
#9802=EDGE_CURVE('',#12449,#12419,#12451,.T.);
#9803=EDGE_CURVE('',#12452,#12449,#12453,.T.);
#9804=EDGE_CURVE('',#12452,#12454,#12455,.T.);
#9805=EDGE_CURVE('',#12419,#12454,#12456,.T.);
#9806=EDGE_CURVE('',#12457,#12458,#12459,.T.);
#9807=EDGE_CURVE('',#12458,#12420,#12460,.T.);
#9808=EDGE_CURVE('',#12461,#12454,#12462,.T.);
#9809=EDGE_CURVE('',#12461,#12457,#12463,.T.);
#9810=EDGE_CURVE('',#12457,#12464,#12465,.T.);
#9811=EDGE_CURVE('',#12461,#12466,#12467,.T.);
#9812=EDGE_CURVE('',#12464,#12466,#12468,.T.);
#9813=EDGE_CURVE('',#12466,#12452,#12469,.T.);
#9814=EDGE_CURVE('',#12470,#12447,#12471,.T.);
#9815=EDGE_CURVE('',#12470,#12464,#12472,.T.);
#9816=EDGE_CURVE('',#12410,#12470,#12473,.T.);
#9817=EDGE_CURVE('',#10589,#11362,#12474,.T.);
#9818=EDGE_CURVE('',#10599,#10593,#12475,.T.);
#9819=EDGE_CURVE('',#12476,#10596,#12477,.T.);
#9820=EDGE_CURVE('',#12478,#12476,#12479,.T.);
#9821=EDGE_CURVE('',#12480,#12478,#12481,.T.);
#9822=EDGE_CURVE('',#12482,#12480,#12483,.T.);
#9823=EDGE_CURVE('',#12484,#12482,#12485,.T.);
#9824=EDGE_CURVE('',#12486,#12484,#12487,.T.);
#9825=EDGE_CURVE('',#12488,#12486,#12489,.T.);
#9826=EDGE_CURVE('',#12490,#12488,#12491,.T.);
#9827=EDGE_CURVE('',#10605,#12490,#12492,.T.);
#9828=EDGE_CURVE('',#10615,#10609,#12493,.T.);
#9829=EDGE_CURVE('',#12494,#10612,#12495,.T.);
#9830=EDGE_CURVE('',#12496,#12494,#12497,.T.);
#9831=EDGE_CURVE('',#12458,#12496,#12498,.T.);
#9832=EDGE_CURVE('',#12496,#12422,#12499,.T.);
#9833=EDGE_CURVE('',#12494,#12424,#12500,.T.);
#9834=EDGE_CURVE('',#12490,#12428,#12501,.T.);
#9835=EDGE_CURVE('',#12488,#12430,#12502,.T.);
#9836=EDGE_CURVE('',#12486,#12432,#12503,.T.);
#9837=EDGE_CURVE('',#12484,#12434,#12504,.T.);
#9838=EDGE_CURVE('',#12482,#12436,#12505,.T.);
#9839=EDGE_CURVE('',#12480,#12438,#12506,.T.);
#9840=EDGE_CURVE('',#12478,#12440,#12507,.T.);
#9841=EDGE_CURVE('',#12476,#12442,#12508,.T.);
#9842=EDGE_CURVE('',#12407,#12509,#12510,.T.);
#9843=EDGE_CURVE('',#12509,#12511,#12512,.T.);
#9844=EDGE_CURVE('',#12511,#12403,#12513,.T.);
#9845=EDGE_CURVE('',#12511,#12514,#12515,.T.);
#9846=EDGE_CURVE('',#12514,#12402,#12516,.T.);
#9847=EDGE_CURVE('',#12517,#12514,#12518,.T.);
#9848=EDGE_CURVE('',#12405,#12517,#12519,.T.);
#9849=EDGE_CURVE('',#12509,#12517,#12520,.T.);
#9850=EDGE_CURVE('',#11009,#11350,#12521,.T.);
#9851=EDGE_CURVE('',#11340,#11011,#12522,.T.);
#9852=EDGE_CURVE('',#11342,#11348,#12523,.T.);
#9853=EDGE_CURVE('',#12524,#12525,#12526,.T.);
#9854=EDGE_CURVE('',#12525,#12527,#12528,.T.);
#9855=EDGE_CURVE('',#12527,#12529,#12530,.T.);
#9856=EDGE_CURVE('',#12529,#12524,#12531,.T.);
#9857=EDGE_CURVE('',#12532,#12533,#12534,.T.);
#9858=EDGE_CURVE('',#12535,#12532,#12536,.T.);
#9859=EDGE_CURVE('',#12535,#12537,#12538,.T.);
#9860=EDGE_CURVE('',#12537,#12533,#12539,.T.);
#9861=EDGE_CURVE('',#11348,#12540,#12541,.T.);
#9862=EDGE_CURVE('',#12540,#12542,#12543,.T.);
#9863=EDGE_CURVE('',#11342,#12542,#12544,.T.);
#9864=EDGE_CURVE('',#11091,#12529,#12545,.T.);
#9865=EDGE_CURVE('',#11095,#12524,#12546,.T.);
#9866=EDGE_CURVE('',#11093,#12525,#12547,.T.);
#9867=EDGE_CURVE('',#11090,#12527,#12548,.T.);
#9868=EDGE_CURVE('',#12549,#12550,#12551,.T.);
#9869=EDGE_CURVE('',#12550,#12552,#12553,.T.);
#9870=EDGE_CURVE('',#12552,#12554,#12555,.T.);
#9871=EDGE_CURVE('',#12554,#10581,#12556,.T.);
#9872=EDGE_CURVE('',#10585,#10575,#12557,.T.);
#9873=EDGE_CURVE('',#10572,#12558,#12559,.T.);
#9874=EDGE_CURVE('',#12558,#12560,#12561,.T.);
#9875=EDGE_CURVE('',#12560,#12562,#12563,.T.);
#9876=EDGE_CURVE('',#12562,#12564,#12565,.T.);
#9877=EDGE_CURVE('',#12564,#12566,#12567,.T.);
#9878=EDGE_CURVE('',#12566,#12568,#12569,.T.);
#9879=EDGE_CURVE('',#12568,#12570,#12571,.T.);
#9880=EDGE_CURVE('',#12570,#12572,#12573,.T.);
#9881=EDGE_CURVE('',#12572,#10565,#12574,.T.);
#9882=EDGE_CURVE('',#10569,#10559,#12575,.T.);
#9883=EDGE_CURVE('',#10556,#11344,#12576,.T.);
#9884=EDGE_CURVE('',#12542,#12577,#12578,.T.);
#9885=EDGE_CURVE('',#12577,#12579,#12580,.T.);
#9886=EDGE_CURVE('',#12579,#12549,#12581,.T.);
#9887=EDGE_CURVE('',#12582,#12579,#12583,.T.);
#9888=EDGE_CURVE('',#12582,#12584,#12585,.T.);
#9889=EDGE_CURVE('',#12549,#12584,#12586,.T.);
#9890=EDGE_CURVE('',#12587,#12588,#12589,.T.);
#9891=EDGE_CURVE('',#12588,#12550,#12590,.T.);
#9892=EDGE_CURVE('',#12591,#12584,#12592,.T.);
#9893=EDGE_CURVE('',#12591,#12587,#12593,.T.);
#9894=EDGE_CURVE('',#12587,#12594,#12595,.T.);
#9895=EDGE_CURVE('',#12591,#12596,#12597,.T.);
#9896=EDGE_CURVE('',#12594,#12596,#12598,.T.);
#9897=EDGE_CURVE('',#12596,#12582,#12599,.T.);
#9898=EDGE_CURVE('',#12600,#12577,#12601,.T.);
#9899=EDGE_CURVE('',#12600,#12594,#12602,.T.);
#9900=EDGE_CURVE('',#12540,#12600,#12603,.T.);
#9901=EDGE_CURVE('',#10557,#11346,#12604,.T.);
#9902=EDGE_CURVE('',#10567,#10561,#12605,.T.);
#9903=EDGE_CURVE('',#12606,#10564,#12607,.T.);
#9904=EDGE_CURVE('',#12608,#12606,#12609,.T.);
#9905=EDGE_CURVE('',#12610,#12608,#12611,.T.);
#9906=EDGE_CURVE('',#12612,#12610,#12613,.T.);
#9907=EDGE_CURVE('',#12614,#12612,#12615,.T.);
#9908=EDGE_CURVE('',#12616,#12614,#12617,.T.);
#9909=EDGE_CURVE('',#12618,#12616,#12619,.T.);
#9910=EDGE_CURVE('',#12620,#12618,#12621,.T.);
#9911=EDGE_CURVE('',#10573,#12620,#12622,.T.);
#9912=EDGE_CURVE('',#10583,#10577,#12623,.T.);
#9913=EDGE_CURVE('',#12624,#10580,#12625,.T.);
#9914=EDGE_CURVE('',#12626,#12624,#12627,.T.);
#9915=EDGE_CURVE('',#12588,#12626,#12628,.T.);
#9916=EDGE_CURVE('',#12626,#12552,#12629,.T.);
#9917=EDGE_CURVE('',#12624,#12554,#12630,.T.);
#9918=EDGE_CURVE('',#12620,#12558,#12631,.T.);
#9919=EDGE_CURVE('',#12618,#12560,#12632,.T.);
#9920=EDGE_CURVE('',#12616,#12562,#12633,.T.);
#9921=EDGE_CURVE('',#12614,#12564,#12634,.T.);
#9922=EDGE_CURVE('',#12612,#12566,#12635,.T.);
#9923=EDGE_CURVE('',#12610,#12568,#12636,.T.);
#9924=EDGE_CURVE('',#12608,#12570,#12637,.T.);
#9925=EDGE_CURVE('',#12606,#12572,#12638,.T.);
#9926=EDGE_CURVE('',#12537,#12639,#12640,.T.);
#9927=EDGE_CURVE('',#12639,#12641,#12642,.T.);
#9928=EDGE_CURVE('',#12641,#12533,#12643,.T.);
#9929=EDGE_CURVE('',#12641,#12644,#12645,.T.);
#9930=EDGE_CURVE('',#12644,#12532,#12646,.T.);
#9931=EDGE_CURVE('',#12647,#12644,#12648,.T.);
#9932=EDGE_CURVE('',#12535,#12647,#12649,.T.);
#9933=EDGE_CURVE('',#12639,#12647,#12650,.T.);
#9934=EDGE_CURVE('',#11017,#11334,#12651,.T.);
#9935=EDGE_CURVE('',#11324,#11019,#12652,.T.);
#9936=EDGE_CURVE('',#11326,#11332,#12653,.T.);
#9937=EDGE_CURVE('',#12654,#12655,#12656,.T.);
#9938=EDGE_CURVE('',#12655,#12657,#12658,.T.);
#9939=EDGE_CURVE('',#12657,#12659,#12660,.T.);
#9940=EDGE_CURVE('',#12659,#12654,#12661,.T.);
#9941=EDGE_CURVE('',#12662,#12663,#12664,.T.);
#9942=EDGE_CURVE('',#12665,#12662,#12666,.T.);
#9943=EDGE_CURVE('',#12665,#12667,#12668,.T.);
#9944=EDGE_CURVE('',#12667,#12663,#12669,.T.);
#9945=EDGE_CURVE('',#11332,#12670,#12671,.T.);
#9946=EDGE_CURVE('',#12670,#12672,#12673,.T.);
#9947=EDGE_CURVE('',#11326,#12672,#12674,.T.);
#9948=EDGE_CURVE('',#11099,#12659,#12675,.T.);
#9949=EDGE_CURVE('',#11103,#12654,#12676,.T.);
#9950=EDGE_CURVE('',#11101,#12655,#12677,.T.);
#9951=EDGE_CURVE('',#11098,#12657,#12678,.T.);
#9952=EDGE_CURVE('',#12679,#12680,#12681,.T.);
#9953=EDGE_CURVE('',#12680,#12682,#12683,.T.);
#9954=EDGE_CURVE('',#12682,#12684,#12685,.T.);
#9955=EDGE_CURVE('',#12684,#10549,#12686,.T.);
#9956=EDGE_CURVE('',#10553,#10543,#12687,.T.);
#9957=EDGE_CURVE('',#10540,#12688,#12689,.T.);
#9958=EDGE_CURVE('',#12688,#12690,#12691,.T.);
#9959=EDGE_CURVE('',#12690,#12692,#12693,.T.);
#9960=EDGE_CURVE('',#12692,#12694,#12695,.T.);
#9961=EDGE_CURVE('',#12694,#12696,#12697,.T.);
#9962=EDGE_CURVE('',#12696,#12698,#12699,.T.);
#9963=EDGE_CURVE('',#12698,#12700,#12701,.T.);
#9964=EDGE_CURVE('',#12700,#12702,#12703,.T.);
#9965=EDGE_CURVE('',#12702,#10533,#12704,.T.);
#9966=EDGE_CURVE('',#10537,#10527,#12705,.T.);
#9967=EDGE_CURVE('',#10524,#11328,#12706,.T.);
#9968=EDGE_CURVE('',#12672,#12707,#12708,.T.);
#9969=EDGE_CURVE('',#12707,#12709,#12710,.T.);
#9970=EDGE_CURVE('',#12709,#12679,#12711,.T.);
#9971=EDGE_CURVE('',#12712,#12709,#12713,.T.);
#9972=EDGE_CURVE('',#12712,#12714,#12715,.T.);
#9973=EDGE_CURVE('',#12679,#12714,#12716,.T.);
#9974=EDGE_CURVE('',#12717,#12718,#12719,.T.);
#9975=EDGE_CURVE('',#12718,#12680,#12720,.T.);
#9976=EDGE_CURVE('',#12721,#12714,#12722,.T.);
#9977=EDGE_CURVE('',#12721,#12717,#12723,.T.);
#9978=EDGE_CURVE('',#12717,#12724,#12725,.T.);
#9979=EDGE_CURVE('',#12721,#12726,#12727,.T.);
#9980=EDGE_CURVE('',#12724,#12726,#12728,.T.);
#9981=EDGE_CURVE('',#12726,#12712,#12729,.T.);
#9982=EDGE_CURVE('',#12730,#12707,#12731,.T.);
#9983=EDGE_CURVE('',#12730,#12724,#12732,.T.);
#9984=EDGE_CURVE('',#12670,#12730,#12733,.T.);
#9985=EDGE_CURVE('',#10525,#11330,#12734,.T.);
#9986=EDGE_CURVE('',#10535,#10529,#12735,.T.);
#9987=EDGE_CURVE('',#12736,#10532,#12737,.T.);
#9988=EDGE_CURVE('',#12738,#12736,#12739,.T.);
#9989=EDGE_CURVE('',#12740,#12738,#12741,.T.);
#9990=EDGE_CURVE('',#12742,#12740,#12743,.T.);
#9991=EDGE_CURVE('',#12744,#12742,#12745,.T.);
#9992=EDGE_CURVE('',#12746,#12744,#12747,.T.);
#9993=EDGE_CURVE('',#12748,#12746,#12749,.T.);
#9994=EDGE_CURVE('',#12750,#12748,#12751,.T.);
#9995=EDGE_CURVE('',#10541,#12750,#12752,.T.);
#9996=EDGE_CURVE('',#10551,#10545,#12753,.T.);
#9997=EDGE_CURVE('',#12754,#10548,#12755,.T.);
#9998=EDGE_CURVE('',#12756,#12754,#12757,.T.);
#9999=EDGE_CURVE('',#12718,#12756,#12758,.T.);
#10000=EDGE_CURVE('',#12756,#12682,#12759,.T.);
#10001=EDGE_CURVE('',#12754,#12684,#12760,.T.);
#10002=EDGE_CURVE('',#12750,#12688,#12761,.T.);
#10003=EDGE_CURVE('',#12748,#12690,#12762,.T.);
#10004=EDGE_CURVE('',#12746,#12692,#12763,.T.);
#10005=EDGE_CURVE('',#12744,#12694,#12764,.T.);
#10006=EDGE_CURVE('',#12742,#12696,#12765,.T.);
#10007=EDGE_CURVE('',#12740,#12698,#12766,.T.);
#10008=EDGE_CURVE('',#12738,#12700,#12767,.T.);
#10009=EDGE_CURVE('',#12736,#12702,#12768,.T.);
#10010=EDGE_CURVE('',#12667,#12769,#12770,.T.);
#10011=EDGE_CURVE('',#12769,#12771,#12772,.T.);
#10012=EDGE_CURVE('',#12771,#12663,#12773,.T.);
#10013=EDGE_CURVE('',#12771,#12774,#12775,.T.);
#10014=EDGE_CURVE('',#12774,#12662,#12776,.T.);
#10015=EDGE_CURVE('',#12777,#12774,#12778,.T.);
#10016=EDGE_CURVE('',#12665,#12777,#12779,.T.);
#10017=EDGE_CURVE('',#12769,#12777,#12780,.T.);
#10018=EDGE_CURVE('',#11025,#11318,#12781,.T.);
#10019=EDGE_CURVE('',#11308,#11027,#12782,.T.);
#10020=EDGE_CURVE('',#11310,#11316,#12783,.T.);
#10021=EDGE_CURVE('',#12784,#12785,#12786,.T.);
#10022=EDGE_CURVE('',#12785,#12787,#12788,.T.);
#10023=EDGE_CURVE('',#12787,#12789,#12790,.T.);
#10024=EDGE_CURVE('',#12789,#12784,#12791,.T.);
#10025=EDGE_CURVE('',#12792,#12793,#12794,.T.);
#10026=EDGE_CURVE('',#12795,#12792,#12796,.T.);
#10027=EDGE_CURVE('',#12795,#12797,#12798,.T.);
#10028=EDGE_CURVE('',#12797,#12793,#12799,.T.);
#10029=EDGE_CURVE('',#11316,#12800,#12801,.T.);
#10030=EDGE_CURVE('',#12800,#12802,#12803,.T.);
#10031=EDGE_CURVE('',#11310,#12802,#12804,.T.);
#10032=EDGE_CURVE('',#11107,#12789,#12805,.T.);
#10033=EDGE_CURVE('',#11111,#12784,#12806,.T.);
#10034=EDGE_CURVE('',#11109,#12785,#12807,.T.);
#10035=EDGE_CURVE('',#11106,#12787,#12808,.T.);
#10036=EDGE_CURVE('',#12809,#12810,#12811,.T.);
#10037=EDGE_CURVE('',#12810,#12812,#12813,.T.);
#10038=EDGE_CURVE('',#12812,#12814,#12815,.T.);
#10039=EDGE_CURVE('',#12814,#10517,#12816,.T.);
#10040=EDGE_CURVE('',#10521,#10511,#12817,.T.);
#10041=EDGE_CURVE('',#10508,#12818,#12819,.T.);
#10042=EDGE_CURVE('',#12818,#12820,#12821,.T.);
#10043=EDGE_CURVE('',#12820,#12822,#12823,.T.);
#10044=EDGE_CURVE('',#12822,#12824,#12825,.T.);
#10045=EDGE_CURVE('',#12824,#12826,#12827,.T.);
#10046=EDGE_CURVE('',#12826,#12828,#12829,.T.);
#10047=EDGE_CURVE('',#12828,#12830,#12831,.T.);
#10048=EDGE_CURVE('',#12830,#12832,#12833,.T.);
#10049=EDGE_CURVE('',#12832,#10501,#12834,.T.);
#10050=EDGE_CURVE('',#10505,#10495,#12835,.T.);
#10051=EDGE_CURVE('',#10492,#11312,#12836,.T.);
#10052=EDGE_CURVE('',#12802,#12837,#12838,.T.);
#10053=EDGE_CURVE('',#12837,#12839,#12840,.T.);
#10054=EDGE_CURVE('',#12839,#12809,#12841,.T.);
#10055=EDGE_CURVE('',#12842,#12839,#12843,.T.);
#10056=EDGE_CURVE('',#12842,#12844,#12845,.T.);
#10057=EDGE_CURVE('',#12809,#12844,#12846,.T.);
#10058=EDGE_CURVE('',#12847,#12848,#12849,.T.);
#10059=EDGE_CURVE('',#12848,#12810,#12850,.T.);
#10060=EDGE_CURVE('',#12851,#12844,#12852,.T.);
#10061=EDGE_CURVE('',#12851,#12847,#12853,.T.);
#10062=EDGE_CURVE('',#12847,#12854,#12855,.T.);
#10063=EDGE_CURVE('',#12851,#12856,#12857,.T.);
#10064=EDGE_CURVE('',#12854,#12856,#12858,.T.);
#10065=EDGE_CURVE('',#12856,#12842,#12859,.T.);
#10066=EDGE_CURVE('',#12860,#12837,#12861,.T.);
#10067=EDGE_CURVE('',#12860,#12854,#12862,.T.);
#10068=EDGE_CURVE('',#12800,#12860,#12863,.T.);
#10069=EDGE_CURVE('',#10493,#11314,#12864,.T.);
#10070=EDGE_CURVE('',#10503,#10497,#12865,.T.);
#10071=EDGE_CURVE('',#12866,#10500,#12867,.T.);
#10072=EDGE_CURVE('',#12868,#12866,#12869,.T.);
#10073=EDGE_CURVE('',#12870,#12868,#12871,.T.);
#10074=EDGE_CURVE('',#12872,#12870,#12873,.T.);
#10075=EDGE_CURVE('',#12874,#12872,#12875,.T.);
#10076=EDGE_CURVE('',#12876,#12874,#12877,.T.);
#10077=EDGE_CURVE('',#12878,#12876,#12879,.T.);
#10078=EDGE_CURVE('',#12880,#12878,#12881,.T.);
#10079=EDGE_CURVE('',#10509,#12880,#12882,.T.);
#10080=EDGE_CURVE('',#10519,#10513,#12883,.T.);
#10081=EDGE_CURVE('',#12884,#10516,#12885,.T.);
#10082=EDGE_CURVE('',#12886,#12884,#12887,.T.);
#10083=EDGE_CURVE('',#12848,#12886,#12888,.T.);
#10084=EDGE_CURVE('',#12886,#12812,#12889,.T.);
#10085=EDGE_CURVE('',#12884,#12814,#12890,.T.);
#10086=EDGE_CURVE('',#12880,#12818,#12891,.T.);
#10087=EDGE_CURVE('',#12878,#12820,#12892,.T.);
#10088=EDGE_CURVE('',#12876,#12822,#12893,.T.);
#10089=EDGE_CURVE('',#12874,#12824,#12894,.T.);
#10090=EDGE_CURVE('',#12872,#12826,#12895,.T.);
#10091=EDGE_CURVE('',#12870,#12828,#12896,.T.);
#10092=EDGE_CURVE('',#12868,#12830,#12897,.T.);
#10093=EDGE_CURVE('',#12866,#12832,#12898,.T.);
#10094=EDGE_CURVE('',#12797,#12899,#12900,.T.);
#10095=EDGE_CURVE('',#12899,#12901,#12902,.T.);
#10096=EDGE_CURVE('',#12901,#12793,#12903,.T.);
#10097=EDGE_CURVE('',#12901,#12904,#12905,.T.);
#10098=EDGE_CURVE('',#12904,#12792,#12906,.T.);
#10099=EDGE_CURVE('',#12907,#12904,#12908,.T.);
#10100=EDGE_CURVE('',#12795,#12907,#12909,.T.);
#10101=EDGE_CURVE('',#12899,#12907,#12910,.T.);
#10102=EDGE_CURVE('',#11033,#11302,#12911,.T.);
#10103=EDGE_CURVE('',#11292,#11035,#12912,.T.);
#10104=EDGE_CURVE('',#11294,#11300,#12913,.T.);
#10105=EDGE_CURVE('',#12914,#12915,#12916,.T.);
#10106=EDGE_CURVE('',#12915,#12917,#12918,.T.);
#10107=EDGE_CURVE('',#12917,#12919,#12920,.T.);
#10108=EDGE_CURVE('',#12919,#12914,#12921,.T.);
#10109=EDGE_CURVE('',#12922,#12923,#12924,.T.);
#10110=EDGE_CURVE('',#12925,#12922,#12926,.T.);
#10111=EDGE_CURVE('',#12925,#12927,#12928,.T.);
#10112=EDGE_CURVE('',#12927,#12923,#12929,.T.);
#10113=EDGE_CURVE('',#11300,#12930,#12931,.T.);
#10114=EDGE_CURVE('',#12930,#12932,#12933,.T.);
#10115=EDGE_CURVE('',#11294,#12932,#12934,.T.);
#10116=EDGE_CURVE('',#11115,#12919,#12935,.T.);
#10117=EDGE_CURVE('',#11119,#12914,#12936,.T.);
#10118=EDGE_CURVE('',#11117,#12915,#12937,.T.);
#10119=EDGE_CURVE('',#11114,#12917,#12938,.T.);
#10120=EDGE_CURVE('',#12939,#12940,#12941,.T.);
#10121=EDGE_CURVE('',#12940,#12942,#12943,.T.);
#10122=EDGE_CURVE('',#12942,#12944,#12945,.T.);
#10123=EDGE_CURVE('',#12944,#10485,#12946,.T.);
#10124=EDGE_CURVE('',#10489,#10479,#12947,.T.);
#10125=EDGE_CURVE('',#10476,#12948,#12949,.T.);
#10126=EDGE_CURVE('',#12948,#12950,#12951,.T.);
#10127=EDGE_CURVE('',#12950,#12952,#12953,.T.);
#10128=EDGE_CURVE('',#12952,#12954,#12955,.T.);
#10129=EDGE_CURVE('',#12954,#12956,#12957,.T.);
#10130=EDGE_CURVE('',#12956,#12958,#12959,.T.);
#10131=EDGE_CURVE('',#12958,#12960,#12961,.T.);
#10132=EDGE_CURVE('',#12960,#12962,#12963,.T.);
#10133=EDGE_CURVE('',#12962,#10469,#12964,.T.);
#10134=EDGE_CURVE('',#10473,#10463,#12965,.T.);
#10135=EDGE_CURVE('',#10460,#11296,#12966,.T.);
#10136=EDGE_CURVE('',#12932,#12967,#12968,.T.);
#10137=EDGE_CURVE('',#12967,#12969,#12970,.T.);
#10138=EDGE_CURVE('',#12969,#12939,#12971,.T.);
#10139=EDGE_CURVE('',#12972,#12969,#12973,.T.);
#10140=EDGE_CURVE('',#12972,#12974,#12975,.T.);
#10141=EDGE_CURVE('',#12939,#12974,#12976,.T.);
#10142=EDGE_CURVE('',#12977,#12978,#12979,.T.);
#10143=EDGE_CURVE('',#12978,#12940,#12980,.T.);
#10144=EDGE_CURVE('',#12981,#12974,#12982,.T.);
#10145=EDGE_CURVE('',#12981,#12977,#12983,.T.);
#10146=EDGE_CURVE('',#12977,#12984,#12985,.T.);
#10147=EDGE_CURVE('',#12981,#12986,#12987,.T.);
#10148=EDGE_CURVE('',#12984,#12986,#12988,.T.);
#10149=EDGE_CURVE('',#12986,#12972,#12989,.T.);
#10150=EDGE_CURVE('',#12990,#12967,#12991,.T.);
#10151=EDGE_CURVE('',#12990,#12984,#12992,.T.);
#10152=EDGE_CURVE('',#12930,#12990,#12993,.T.);
#10153=EDGE_CURVE('',#10461,#11298,#12994,.T.);
#10154=EDGE_CURVE('',#10471,#10465,#12995,.T.);
#10155=EDGE_CURVE('',#12996,#10468,#12997,.T.);
#10156=EDGE_CURVE('',#12998,#12996,#12999,.T.);
#10157=EDGE_CURVE('',#13000,#12998,#13001,.T.);
#10158=EDGE_CURVE('',#13002,#13000,#13003,.T.);
#10159=EDGE_CURVE('',#13004,#13002,#13005,.T.);
#10160=EDGE_CURVE('',#13006,#13004,#13007,.T.);
#10161=EDGE_CURVE('',#13008,#13006,#13009,.T.);
#10162=EDGE_CURVE('',#13010,#13008,#13011,.T.);
#10163=EDGE_CURVE('',#10477,#13010,#13012,.T.);
#10164=EDGE_CURVE('',#10487,#10481,#13013,.T.);
#10165=EDGE_CURVE('',#13014,#10484,#13015,.T.);
#10166=EDGE_CURVE('',#13016,#13014,#13017,.T.);
#10167=EDGE_CURVE('',#12978,#13016,#13018,.T.);
#10168=EDGE_CURVE('',#13016,#12942,#13019,.T.);
#10169=EDGE_CURVE('',#13014,#12944,#13020,.T.);
#10170=EDGE_CURVE('',#13010,#12948,#13021,.T.);
#10171=EDGE_CURVE('',#13008,#12950,#13022,.T.);
#10172=EDGE_CURVE('',#13006,#12952,#13023,.T.);
#10173=EDGE_CURVE('',#13004,#12954,#13024,.T.);
#10174=EDGE_CURVE('',#13002,#12956,#13025,.T.);
#10175=EDGE_CURVE('',#13000,#12958,#13026,.T.);
#10176=EDGE_CURVE('',#12998,#12960,#13027,.T.);
#10177=EDGE_CURVE('',#12996,#12962,#13028,.T.);
#10178=EDGE_CURVE('',#12927,#13029,#13030,.T.);
#10179=EDGE_CURVE('',#13029,#13031,#13032,.T.);
#10180=EDGE_CURVE('',#13031,#12923,#13033,.T.);
#10181=EDGE_CURVE('',#13031,#13034,#13035,.T.);
#10182=EDGE_CURVE('',#13034,#12922,#13036,.T.);
#10183=EDGE_CURVE('',#13037,#13034,#13038,.T.);
#10184=EDGE_CURVE('',#12925,#13037,#13039,.T.);
#10185=EDGE_CURVE('',#13029,#13037,#13040,.T.);
#10186=EDGE_CURVE('',#11041,#11286,#13041,.T.);
#10187=EDGE_CURVE('',#11276,#11043,#13042,.T.);
#10188=EDGE_CURVE('',#11278,#11284,#13043,.T.);
#10189=EDGE_CURVE('',#13044,#13045,#13046,.T.);
#10190=EDGE_CURVE('',#13045,#13047,#13048,.T.);
#10191=EDGE_CURVE('',#13047,#13049,#13050,.T.);
#10192=EDGE_CURVE('',#13049,#13044,#13051,.T.);
#10193=EDGE_CURVE('',#13052,#13053,#13054,.T.);
#10194=EDGE_CURVE('',#13055,#13052,#13056,.T.);
#10195=EDGE_CURVE('',#13055,#13057,#13058,.T.);
#10196=EDGE_CURVE('',#13057,#13053,#13059,.T.);
#10197=EDGE_CURVE('',#11284,#13060,#13061,.T.);
#10198=EDGE_CURVE('',#13060,#13062,#13063,.T.);
#10199=EDGE_CURVE('',#11278,#13062,#13064,.T.);
#10200=EDGE_CURVE('',#11123,#13049,#13065,.T.);
#10201=EDGE_CURVE('',#11127,#13044,#13066,.T.);
#10202=EDGE_CURVE('',#11125,#13045,#13067,.T.);
#10203=EDGE_CURVE('',#11122,#13047,#13068,.T.);
#10204=EDGE_CURVE('',#13069,#13070,#13071,.T.);
#10205=EDGE_CURVE('',#13070,#13072,#13073,.T.);
#10206=EDGE_CURVE('',#13072,#13074,#13075,.T.);
#10207=EDGE_CURVE('',#13074,#10453,#13076,.T.);
#10208=EDGE_CURVE('',#10457,#10447,#13077,.T.);
#10209=EDGE_CURVE('',#10444,#13078,#13079,.T.);
#10210=EDGE_CURVE('',#13078,#13080,#13081,.T.);
#10211=EDGE_CURVE('',#13080,#13082,#13083,.T.);
#10212=EDGE_CURVE('',#13082,#13084,#13085,.T.);
#10213=EDGE_CURVE('',#13084,#13086,#13087,.T.);
#10214=EDGE_CURVE('',#13086,#13088,#13089,.T.);
#10215=EDGE_CURVE('',#13088,#13090,#13091,.T.);
#10216=EDGE_CURVE('',#13090,#13092,#13093,.T.);
#10217=EDGE_CURVE('',#13092,#10437,#13094,.T.);
#10218=EDGE_CURVE('',#10441,#10431,#13095,.T.);
#10219=EDGE_CURVE('',#10428,#11280,#13096,.T.);
#10220=EDGE_CURVE('',#13062,#13097,#13098,.T.);
#10221=EDGE_CURVE('',#13097,#13099,#13100,.T.);
#10222=EDGE_CURVE('',#13099,#13069,#13101,.T.);
#10223=EDGE_CURVE('',#13102,#13099,#13103,.T.);
#10224=EDGE_CURVE('',#13102,#13104,#13105,.T.);
#10225=EDGE_CURVE('',#13069,#13104,#13106,.T.);
#10226=EDGE_CURVE('',#13107,#13108,#13109,.T.);
#10227=EDGE_CURVE('',#13108,#13070,#13110,.T.);
#10228=EDGE_CURVE('',#13111,#13104,#13112,.T.);
#10229=EDGE_CURVE('',#13111,#13107,#13113,.T.);
#10230=EDGE_CURVE('',#13107,#13114,#13115,.T.);
#10231=EDGE_CURVE('',#13111,#13116,#13117,.T.);
#10232=EDGE_CURVE('',#13114,#13116,#13118,.T.);
#10233=EDGE_CURVE('',#13116,#13102,#13119,.T.);
#10234=EDGE_CURVE('',#13120,#13097,#13121,.T.);
#10235=EDGE_CURVE('',#13120,#13114,#13122,.T.);
#10236=EDGE_CURVE('',#13060,#13120,#13123,.T.);
#10237=EDGE_CURVE('',#10429,#11282,#13124,.T.);
#10238=EDGE_CURVE('',#10439,#10433,#13125,.T.);
#10239=EDGE_CURVE('',#13126,#10436,#13127,.T.);
#10240=EDGE_CURVE('',#13128,#13126,#13129,.T.);
#10241=EDGE_CURVE('',#13130,#13128,#13131,.T.);
#10242=EDGE_CURVE('',#13132,#13130,#13133,.T.);
#10243=EDGE_CURVE('',#13134,#13132,#13135,.T.);
#10244=EDGE_CURVE('',#13136,#13134,#13137,.T.);
#10245=EDGE_CURVE('',#13138,#13136,#13139,.T.);
#10246=EDGE_CURVE('',#13140,#13138,#13141,.T.);
#10247=EDGE_CURVE('',#10445,#13140,#13142,.T.);
#10248=EDGE_CURVE('',#10455,#10449,#13143,.T.);
#10249=EDGE_CURVE('',#13144,#10452,#13145,.T.);
#10250=EDGE_CURVE('',#13146,#13144,#13147,.T.);
#10251=EDGE_CURVE('',#13108,#13146,#13148,.T.);
#10252=EDGE_CURVE('',#13146,#13072,#13149,.T.);
#10253=EDGE_CURVE('',#13144,#13074,#13150,.T.);
#10254=EDGE_CURVE('',#13140,#13078,#13151,.T.);
#10255=EDGE_CURVE('',#13138,#13080,#13152,.T.);
#10256=EDGE_CURVE('',#13136,#13082,#13153,.T.);
#10257=EDGE_CURVE('',#13134,#13084,#13154,.T.);
#10258=EDGE_CURVE('',#13132,#13086,#13155,.T.);
#10259=EDGE_CURVE('',#13130,#13088,#13156,.T.);
#10260=EDGE_CURVE('',#13128,#13090,#13157,.T.);
#10261=EDGE_CURVE('',#13126,#13092,#13158,.T.);
#10262=EDGE_CURVE('',#13057,#13159,#13160,.T.);
#10263=EDGE_CURVE('',#13159,#13161,#13162,.T.);
#10264=EDGE_CURVE('',#13161,#13053,#13163,.T.);
#10265=EDGE_CURVE('',#13161,#13164,#13165,.T.);
#10266=EDGE_CURVE('',#13164,#13052,#13166,.T.);
#10267=EDGE_CURVE('',#13167,#13164,#13168,.T.);
#10268=EDGE_CURVE('',#13055,#13167,#13169,.T.);
#10269=EDGE_CURVE('',#13159,#13167,#13170,.T.);
#10270=EDGE_CURVE('',#13171,#13172,#13173,.T.);
#10271=EDGE_CURVE('',#13172,#13174,#13175,.T.);
#10272=EDGE_CURVE('',#13174,#13176,#13177,.T.);
#10273=EDGE_CURVE('',#13176,#10421,#13178,.T.);
#10274=EDGE_CURVE('',#10425,#10415,#13179,.T.);
#10275=EDGE_CURVE('',#10412,#13180,#13181,.T.);
#10276=EDGE_CURVE('',#13180,#13182,#13183,.T.);
#10277=EDGE_CURVE('',#13182,#13184,#13185,.T.);
#10278=EDGE_CURVE('',#13184,#13186,#13187,.T.);
#10279=EDGE_CURVE('',#13186,#13188,#13189,.T.);
#10280=EDGE_CURVE('',#13188,#13190,#13191,.T.);
#10281=EDGE_CURVE('',#13190,#13192,#13193,.T.);
#10282=EDGE_CURVE('',#13192,#13194,#13195,.T.);
#10283=EDGE_CURVE('',#13194,#10405,#13196,.T.);
#10284=EDGE_CURVE('',#10409,#10399,#13197,.T.);
#10285=EDGE_CURVE('',#10396,#11457,#13198,.T.);
#10286=EDGE_CURVE('',#11504,#13171,#13199,.T.);
#10287=EDGE_CURVE('',#11502,#13200,#13201,.T.);
#10288=EDGE_CURVE('',#13171,#13200,#13202,.T.);
#10289=EDGE_CURVE('',#11492,#13172,#13203,.T.);
#10290=EDGE_CURVE('',#11497,#13200,#13204,.T.);
#10291=EDGE_CURVE('',#11490,#13174,#13205,.T.);
#10292=EDGE_CURVE('',#11488,#13176,#13206,.T.);
#10293=EDGE_CURVE('',#11484,#13180,#13207,.T.);
#10294=EDGE_CURVE('',#11482,#13182,#13208,.T.);
#10295=EDGE_CURVE('',#11480,#13184,#13209,.T.);
#10296=EDGE_CURVE('',#11478,#13186,#13210,.T.);
#10297=EDGE_CURVE('',#11476,#13188,#13211,.T.);
#10298=EDGE_CURVE('',#11474,#13190,#13212,.T.);
#10299=EDGE_CURVE('',#11472,#13192,#13213,.T.);
#10300=EDGE_CURVE('',#11470,#13194,#13214,.T.);
#10301=EDGE_CURVE('',#11525,#13215,#13216,.T.);
#10302=EDGE_CURVE('',#13215,#13217,#13218,.T.);
#10303=EDGE_CURVE('',#13217,#11521,#13219,.T.);
#10304=EDGE_CURVE('',#13217,#13220,#13221,.T.);
#10305=EDGE_CURVE('',#13220,#11520,#13222,.T.);
#10306=EDGE_CURVE('',#13223,#13220,#13224,.T.);
#10307=EDGE_CURVE('',#11523,#13223,#13225,.T.);
#10308=EDGE_CURVE('',#13215,#13223,#13226,.T.);
#10309=EDGE_CURVE('',#11161,#13227,#13228,.T.);
#10310=EDGE_CURVE('',#13227,#13229,#13230,.T.);
#10311=EDGE_CURVE('',#13229,#11157,#13231,.T.);
#10312=EDGE_CURVE('',#13229,#13232,#13233,.T.);
#10313=EDGE_CURVE('',#13232,#11156,#13234,.T.);
#10314=EDGE_CURVE('',#13235,#13232,#13236,.T.);
#10315=EDGE_CURVE('',#11159,#13235,#13237,.T.);
#10316=EDGE_CURVE('',#13227,#13235,#13238,.T.);
#10317=EDGE_CURVE('',#10819,#10834,#13239,.T.);
#10318=EDGE_CURVE('',#10793,#13240,#13241,.T.);
#10319=EDGE_CURVE('',#13240,#10956,#13242,.T.);
#10320=EDGE_CURVE('',#10821,#10832,#13243,.T.);
#10321=EDGE_CURVE('',#10795,#13244,#13245,.T.);
#10322=EDGE_CURVE('',#13244,#13240,#13246,.T.);
#10323=EDGE_CURVE('',#10829,#13244,#13247,.T.);
#10324=CARTESIAN_POINT('',(-13.97,3.0988,-7.112));
#10325=DIRECTION('',(-0.0,1.0,0.0));
#10326=DIRECTION('',(1.0,0.0,0.0));
#10327=CARTESIAN_POINT('',(-13.97,3.0988,-7.112));
#10328=DIRECTION('',(0.0,1.0,0.0));
#10329=DIRECTION('',(-1.0,0.0,0.0));
#10330=CARTESIAN_POINT('',(-11.43,3.0988,-7.112));
#10331=DIRECTION('',(-0.0,1.0,0.0));
#10332=DIRECTION('',(1.0,0.0,0.0));
#10333=CARTESIAN_POINT('',(-11.43,3.0988,-7.112));
#10334=DIRECTION('',(0.0,1.0,0.0));
#10335=DIRECTION('',(-1.0,0.0,0.0));
#10336=CARTESIAN_POINT('',(-8.89,3.0988,-7.112));
#10337=DIRECTION('',(-0.0,1.0,0.0));
#10338=DIRECTION('',(1.0,0.0,0.0));
#10339=CARTESIAN_POINT('',(-8.89,3.0988,-7.112));
#10340=DIRECTION('',(0.0,1.0,0.0));
#10341=DIRECTION('',(-1.0,0.0,0.0));
#10342=CARTESIAN_POINT('',(-6.35,3.0988,-7.112));
#10343=DIRECTION('',(-0.0,1.0,0.0));
#10344=DIRECTION('',(1.0,0.0,0.0));
#10345=CARTESIAN_POINT('',(-6.35,3.0988,-7.112));
#10346=DIRECTION('',(0.0,1.0,0.0));
#10347=DIRECTION('',(-1.0,0.0,0.0));
#10348=CARTESIAN_POINT('',(-3.81,3.0988,-7.112));
#10349=DIRECTION('',(-0.0,1.0,0.0));
#10350=DIRECTION('',(1.0,0.0,0.0));
#10351=CARTESIAN_POINT('',(-3.81,3.0988,-7.112));
#10352=DIRECTION('',(0.0,1.0,0.0));
#10353=DIRECTION('',(-1.0,0.0,0.0));
#10354=CARTESIAN_POINT('',(-1.27,3.0988,-7.112));
#10355=DIRECTION('',(-0.0,1.0,0.0));
#10356=DIRECTION('',(1.0,0.0,0.0));
#10357=CARTESIAN_POINT('',(-1.27,3.0988,-7.112));
#10358=DIRECTION('',(0.0,1.0,0.0));
#10359=DIRECTION('',(-1.0,0.0,0.0));
#10360=CARTESIAN_POINT('',(1.27,3.0988,-7.112));
#10361=DIRECTION('',(-0.0,1.0,0.0));
#10362=DIRECTION('',(1.0,0.0,0.0));
#10363=CARTESIAN_POINT('',(1.27,3.0988,-7.112));
#10364=DIRECTION('',(0.0,1.0,0.0));
#10365=DIRECTION('',(-1.0,0.0,0.0));
#10366=CARTESIAN_POINT('',(3.81,3.0988,-7.112));
#10367=DIRECTION('',(-0.0,1.0,0.0));
#10368=DIRECTION('',(1.0,0.0,0.0));
#10369=CARTESIAN_POINT('',(3.81,3.0988,-7.112));
#10370=DIRECTION('',(0.0,1.0,0.0));
#10371=DIRECTION('',(-1.0,0.0,0.0));
#10372=CARTESIAN_POINT('',(6.35,3.0988,-7.112));
#10373=DIRECTION('',(-0.0,1.0,0.0));
#10374=DIRECTION('',(1.0,0.0,0.0));
#10375=CARTESIAN_POINT('',(6.35,3.0988,-7.112));
#10376=DIRECTION('',(0.0,1.0,0.0));
#10377=DIRECTION('',(-1.0,0.0,0.0));
#10378=CARTESIAN_POINT('',(8.89,3.0988,-7.112));
#10379=DIRECTION('',(-0.0,1.0,0.0));
#10380=DIRECTION('',(1.0,0.0,0.0));
#10381=CARTESIAN_POINT('',(8.89,3.0988,-7.112));
#10382=DIRECTION('',(0.0,1.0,0.0));
#10383=DIRECTION('',(-1.0,0.0,0.0));
#10384=CARTESIAN_POINT('',(11.43,3.0988,-7.112));
#10385=DIRECTION('',(-0.0,1.0,0.0));
#10386=DIRECTION('',(1.0,0.0,0.0));
#10387=CARTESIAN_POINT('',(11.43,3.0988,-7.112));
#10388=DIRECTION('',(0.0,1.0,0.0));
#10389=DIRECTION('',(-1.0,0.0,0.0));
#10390=CARTESIAN_POINT('',(13.97,3.0988,-7.112));
#10391=DIRECTION('',(-0.0,1.0,0.0));
#10392=DIRECTION('',(1.0,0.0,0.0));
#10393=CARTESIAN_POINT('',(13.97,3.0988,-7.112));
#10394=DIRECTION('',(0.0,1.0,0.0));
#10395=DIRECTION('',(-1.0,0.0,0.0));
#10396=VERTEX_POINT('',#13248);
#10397=VERTEX_POINT('',#13249);
#10398=LINE('',#13250,#13251);
#10399=VERTEX_POINT('',#13252);
#10400=CIRCLE('',#13253,0.762);
#10401=VERTEX_POINT('',#13254);
#10402=LINE('',#13255,#13256);
#10403=CIRCLE('',#13257,0.762);
#10404=VERTEX_POINT('',#13258);
#10405=VERTEX_POINT('',#13259);
#10406=LINE('',#13260,#13261);
#10407=VERTEX_POINT('',#13262);
#10408=CIRCLE('',#13263,0.762);
#10409=VERTEX_POINT('',#13264);
#10410=LINE('',#13265,#13266);
#10411=CIRCLE('',#13267,0.762);
#10412=VERTEX_POINT('',#13268);
#10413=VERTEX_POINT('',#13269);
#10414=LINE('',#13270,#13271);
#10415=VERTEX_POINT('',#13272);
#10416=CIRCLE('',#13273,0.5588);
#10417=VERTEX_POINT('',#13274);
#10418=LINE('',#13275,#13276);
#10419=CIRCLE('',#13277,0.5588);
#10420=VERTEX_POINT('',#13278);
#10421=VERTEX_POINT('',#13279);
#10422=LINE('',#13280,#13281);
#10423=VERTEX_POINT('',#13282);
#10424=CIRCLE('',#13283,0.5588);
#10425=VERTEX_POINT('',#13284);
#10426=LINE('',#13285,#13286);
#10427=CIRCLE('',#13287,0.5588);
#10428=VERTEX_POINT('',#13288);
#10429=VERTEX_POINT('',#13289);
#10430=LINE('',#13290,#13291);
#10431=VERTEX_POINT('',#13292);
#10432=CIRCLE('',#13293,0.762);
#10433=VERTEX_POINT('',#13294);
#10434=LINE('',#13295,#13296);
#10435=CIRCLE('',#13297,0.762);
#10436=VERTEX_POINT('',#13298);
#10437=VERTEX_POINT('',#13299);
#10438=LINE('',#13300,#13301);
#10439=VERTEX_POINT('',#13302);
#10440=CIRCLE('',#13303,0.762);
#10441=VERTEX_POINT('',#13304);
#10442=LINE('',#13305,#13306);
#10443=CIRCLE('',#13307,0.762);
#10444=VERTEX_POINT('',#13308);
#10445=VERTEX_POINT('',#13309);
#10446=LINE('',#13310,#13311);
#10447=VERTEX_POINT('',#13312);
#10448=CIRCLE('',#13313,0.5588);
#10449=VERTEX_POINT('',#13314);
#10450=LINE('',#13315,#13316);
#10451=CIRCLE('',#13317,0.5588);
#10452=VERTEX_POINT('',#13318);
#10453=VERTEX_POINT('',#13319);
#10454=LINE('',#13320,#13321);
#10455=VERTEX_POINT('',#13322);
#10456=CIRCLE('',#13323,0.5588);
#10457=VERTEX_POINT('',#13324);
#10458=LINE('',#13325,#13326);
#10459=CIRCLE('',#13327,0.5588);
#10460=VERTEX_POINT('',#13328);
#10461=VERTEX_POINT('',#13329);
#10462=LINE('',#13330,#13331);
#10463=VERTEX_POINT('',#13332);
#10464=CIRCLE('',#13333,0.762);
#10465=VERTEX_POINT('',#13334);
#10466=LINE('',#13335,#13336);
#10467=CIRCLE('',#13337,0.762);
#10468=VERTEX_POINT('',#13338);
#10469=VERTEX_POINT('',#13339);
#10470=LINE('',#13340,#13341);
#10471=VERTEX_POINT('',#13342);
#10472=CIRCLE('',#13343,0.762);
#10473=VERTEX_POINT('',#13344);
#10474=LINE('',#13345,#13346);
#10475=CIRCLE('',#13347,0.762);
#10476=VERTEX_POINT('',#13348);
#10477=VERTEX_POINT('',#13349);
#10478=LINE('',#13350,#13351);
#10479=VERTEX_POINT('',#13352);
#10480=CIRCLE('',#13353,0.5588);
#10481=VERTEX_POINT('',#13354);
#10482=LINE('',#13355,#13356);
#10483=CIRCLE('',#13357,0.5588);
#10484=VERTEX_POINT('',#13358);
#10485=VERTEX_POINT('',#13359);
#10486=LINE('',#13360,#13361);
#10487=VERTEX_POINT('',#13362);
#10488=CIRCLE('',#13363,0.5588);
#10489=VERTEX_POINT('',#13364);
#10490=LINE('',#13365,#13366);
#10491=CIRCLE('',#13367,0.5588);
#10492=VERTEX_POINT('',#13368);
#10493=VERTEX_POINT('',#13369);
#10494=LINE('',#13370,#13371);
#10495=VERTEX_POINT('',#13372);
#10496=CIRCLE('',#13373,0.762);
#10497=VERTEX_POINT('',#13374);
#10498=LINE('',#13375,#13376);
#10499=CIRCLE('',#13377,0.762);
#10500=VERTEX_POINT('',#13378);
#10501=VERTEX_POINT('',#13379);
#10502=LINE('',#13380,#13381);
#10503=VERTEX_POINT('',#13382);
#10504=CIRCLE('',#13383,0.762);
#10505=VERTEX_POINT('',#13384);
#10506=LINE('',#13385,#13386);
#10507=CIRCLE('',#13387,0.762);
#10508=VERTEX_POINT('',#13388);
#10509=VERTEX_POINT('',#13389);
#10510=LINE('',#13390,#13391);
#10511=VERTEX_POINT('',#13392);
#10512=CIRCLE('',#13393,0.5588);
#10513=VERTEX_POINT('',#13394);
#10514=LINE('',#13395,#13396);
#10515=CIRCLE('',#13397,0.5588);
#10516=VERTEX_POINT('',#13398);
#10517=VERTEX_POINT('',#13399);
#10518=LINE('',#13400,#13401);
#10519=VERTEX_POINT('',#13402);
#10520=CIRCLE('',#13403,0.5588);
#10521=VERTEX_POINT('',#13404);
#10522=LINE('',#13405,#13406);
#10523=CIRCLE('',#13407,0.5588);
#10524=VERTEX_POINT('',#13408);
#10525=VERTEX_POINT('',#13409);
#10526=LINE('',#13410,#13411);
#10527=VERTEX_POINT('',#13412);
#10528=CIRCLE('',#13413,0.762);
#10529=VERTEX_POINT('',#13414);
#10530=LINE('',#13415,#13416);
#10531=CIRCLE('',#13417,0.762);
#10532=VERTEX_POINT('',#13418);
#10533=VERTEX_POINT('',#13419);
#10534=LINE('',#13420,#13421);
#10535=VERTEX_POINT('',#13422);
#10536=CIRCLE('',#13423,0.762);
#10537=VERTEX_POINT('',#13424);
#10538=LINE('',#13425,#13426);
#10539=CIRCLE('',#13427,0.762);
#10540=VERTEX_POINT('',#13428);
#10541=VERTEX_POINT('',#13429);
#10542=LINE('',#13430,#13431);
#10543=VERTEX_POINT('',#13432);
#10544=CIRCLE('',#13433,0.5588);
#10545=VERTEX_POINT('',#13434);
#10546=LINE('',#13435,#13436);
#10547=CIRCLE('',#13437,0.5588);
#10548=VERTEX_POINT('',#13438);
#10549=VERTEX_POINT('',#13439);
#10550=LINE('',#13440,#13441);
#10551=VERTEX_POINT('',#13442);
#10552=CIRCLE('',#13443,0.5588);
#10553=VERTEX_POINT('',#13444);
#10554=LINE('',#13445,#13446);
#10555=CIRCLE('',#13447,0.5588);
#10556=VERTEX_POINT('',#13448);
#10557=VERTEX_POINT('',#13449);
#10558=LINE('',#13450,#13451);
#10559=VERTEX_POINT('',#13452);
#10560=CIRCLE('',#13453,0.762);
#10561=VERTEX_POINT('',#13454);
#10562=LINE('',#13455,#13456);
#10563=CIRCLE('',#13457,0.762);
#10564=VERTEX_POINT('',#13458);
#10565=VERTEX_POINT('',#13459);
#10566=LINE('',#13460,#13461);
#10567=VERTEX_POINT('',#13462);
#10568=CIRCLE('',#13463,0.762);
#10569=VERTEX_POINT('',#13464);
#10570=LINE('',#13465,#13466);
#10571=CIRCLE('',#13467,0.762);
#10572=VERTEX_POINT('',#13468);
#10573=VERTEX_POINT('',#13469);
#10574=LINE('',#13470,#13471);
#10575=VERTEX_POINT('',#13472);
#10576=CIRCLE('',#13473,0.5588);
#10577=VERTEX_POINT('',#13474);
#10578=LINE('',#13475,#13476);
#10579=CIRCLE('',#13477,0.5588);
#10580=VERTEX_POINT('',#13478);
#10581=VERTEX_POINT('',#13479);
#10582=LINE('',#13480,#13481);
#10583=VERTEX_POINT('',#13482);
#10584=CIRCLE('',#13483,0.5588);
#10585=VERTEX_POINT('',#13484);
#10586=LINE('',#13485,#13486);
#10587=CIRCLE('',#13487,0.5588);
#10588=VERTEX_POINT('',#13488);
#10589=VERTEX_POINT('',#13489);
#10590=LINE('',#13490,#13491);
#10591=VERTEX_POINT('',#13492);
#10592=CIRCLE('',#13493,0.762);
#10593=VERTEX_POINT('',#13494);
#10594=LINE('',#13495,#13496);
#10595=CIRCLE('',#13497,0.762);
#10596=VERTEX_POINT('',#13498);
#10597=VERTEX_POINT('',#13499);
#10598=LINE('',#13500,#13501);
#10599=VERTEX_POINT('',#13502);
#10600=CIRCLE('',#13503,0.762);
#10601=VERTEX_POINT('',#13504);
#10602=LINE('',#13505,#13506);
#10603=CIRCLE('',#13507,0.762);
#10604=VERTEX_POINT('',#13508);
#10605=VERTEX_POINT('',#13509);
#10606=LINE('',#13510,#13511);
#10607=VERTEX_POINT('',#13512);
#10608=CIRCLE('',#13513,0.5588);
#10609=VERTEX_POINT('',#13514);
#10610=LINE('',#13515,#13516);
#10611=CIRCLE('',#13517,0.5588);
#10612=VERTEX_POINT('',#13518);
#10613=VERTEX_POINT('',#13519);
#10614=LINE('',#13520,#13521);
#10615=VERTEX_POINT('',#13522);
#10616=CIRCLE('',#13523,0.5588);
#10617=VERTEX_POINT('',#13524);
#10618=LINE('',#13525,#13526);
#10619=CIRCLE('',#13527,0.5588);
#10620=VERTEX_POINT('',#13528);
#10621=VERTEX_POINT('',#13529);
#10622=LINE('',#13530,#13531);
#10623=VERTEX_POINT('',#13532);
#10624=CIRCLE('',#13533,0.762);
#10625=VERTEX_POINT('',#13534);
#10626=LINE('',#13535,#13536);
#10627=CIRCLE('',#13537,0.762);
#10628=VERTEX_POINT('',#13538);
#10629=VERTEX_POINT('',#13539);
#10630=LINE('',#13540,#13541);
#10631=VERTEX_POINT('',#13542);
#10632=CIRCLE('',#13543,0.762);
#10633=VERTEX_POINT('',#13544);
#10634=LINE('',#13545,#13546);
#10635=CIRCLE('',#13547,0.762);
#10636=VERTEX_POINT('',#13548);
#10637=VERTEX_POINT('',#13549);
#10638=LINE('',#13550,#13551);
#10639=VERTEX_POINT('',#13552);
#10640=CIRCLE('',#13553,0.5588);
#10641=VERTEX_POINT('',#13554);
#10642=LINE('',#13555,#13556);
#10643=CIRCLE('',#13557,0.5588);
#10644=VERTEX_POINT('',#13558);
#10645=VERTEX_POINT('',#13559);
#10646=LINE('',#13560,#13561);
#10647=VERTEX_POINT('',#13562);
#10648=CIRCLE('',#13563,0.5588);
#10649=VERTEX_POINT('',#13564);
#10650=LINE('',#13565,#13566);
#10651=CIRCLE('',#13567,0.5588);
#10652=VERTEX_POINT('',#13568);
#10653=VERTEX_POINT('',#13569);
#10654=LINE('',#13570,#13571);
#10655=VERTEX_POINT('',#13572);
#10656=CIRCLE('',#13573,0.762);
#10657=VERTEX_POINT('',#13574);
#10658=LINE('',#13575,#13576);
#10659=CIRCLE('',#13577,0.762);
#10660=VERTEX_POINT('',#13578);
#10661=VERTEX_POINT('',#13579);
#10662=LINE('',#13580,#13581);
#10663=VERTEX_POINT('',#13582);
#10664=CIRCLE('',#13583,0.762);
#10665=VERTEX_POINT('',#13584);
#10666=LINE('',#13585,#13586);
#10667=CIRCLE('',#13587,0.762);
#10668=VERTEX_POINT('',#13588);
#10669=VERTEX_POINT('',#13589);
#10670=LINE('',#13590,#13591);
#10671=VERTEX_POINT('',#13592);
#10672=CIRCLE('',#13593,0.5588);
#10673=VERTEX_POINT('',#13594);
#10674=LINE('',#13595,#13596);
#10675=CIRCLE('',#13597,0.5588);
#10676=VERTEX_POINT('',#13598);
#10677=VERTEX_POINT('',#13599);
#10678=LINE('',#13600,#13601);
#10679=VERTEX_POINT('',#13602);
#10680=CIRCLE('',#13603,0.5588);
#10681=VERTEX_POINT('',#13604);
#10682=LINE('',#13605,#13606);
#10683=CIRCLE('',#13607,0.5588);
#10684=VERTEX_POINT('',#13608);
#10685=VERTEX_POINT('',#13609);
#10686=LINE('',#13610,#13611);
#10687=VERTEX_POINT('',#13612);
#10688=CIRCLE('',#13613,0.762);
#10689=VERTEX_POINT('',#13614);
#10690=LINE('',#13615,#13616);
#10691=CIRCLE('',#13617,0.762);
#10692=VERTEX_POINT('',#13618);
#10693=VERTEX_POINT('',#13619);
#10694=LINE('',#13620,#13621);
#10695=VERTEX_POINT('',#13622);
#10696=CIRCLE('',#13623,0.762);
#10697=VERTEX_POINT('',#13624);
#10698=LINE('',#13625,#13626);
#10699=CIRCLE('',#13627,0.762);
#10700=VERTEX_POINT('',#13628);
#10701=VERTEX_POINT('',#13629);
#10702=LINE('',#13630,#13631);
#10703=VERTEX_POINT('',#13632);
#10704=CIRCLE('',#13633,0.5588);
#10705=VERTEX_POINT('',#13634);
#10706=LINE('',#13635,#13636);
#10707=CIRCLE('',#13637,0.5588);
#10708=VERTEX_POINT('',#13638);
#10709=VERTEX_POINT('',#13639);
#10710=LINE('',#13640,#13641);
#10711=VERTEX_POINT('',#13642);
#10712=CIRCLE('',#13643,0.5588);
#10713=VERTEX_POINT('',#13644);
#10714=LINE('',#13645,#13646);
#10715=CIRCLE('',#13647,0.5588);
#10716=VERTEX_POINT('',#13648);
#10717=VERTEX_POINT('',#13649);
#10718=LINE('',#13650,#13651);
#10719=VERTEX_POINT('',#13652);
#10720=CIRCLE('',#13653,0.762);
#10721=VERTEX_POINT('',#13654);
#10722=LINE('',#13655,#13656);
#10723=CIRCLE('',#13657,0.762);
#10724=VERTEX_POINT('',#13658);
#10725=VERTEX_POINT('',#13659);
#10726=LINE('',#13660,#13661);
#10727=VERTEX_POINT('',#13662);
#10728=CIRCLE('',#13663,0.762);
#10729=VERTEX_POINT('',#13664);
#10730=LINE('',#13665,#13666);
#10731=CIRCLE('',#13667,0.762);
#10732=VERTEX_POINT('',#13668);
#10733=VERTEX_POINT('',#13669);
#10734=LINE('',#13670,#13671);
#10735=VERTEX_POINT('',#13672);
#10736=CIRCLE('',#13673,0.5588);
#10737=VERTEX_POINT('',#13674);
#10738=LINE('',#13675,#13676);
#10739=CIRCLE('',#13677,0.5588);
#10740=VERTEX_POINT('',#13678);
#10741=VERTEX_POINT('',#13679);
#10742=LINE('',#13680,#13681);
#10743=VERTEX_POINT('',#13682);
#10744=CIRCLE('',#13683,0.5588);
#10745=VERTEX_POINT('',#13684);
#10746=LINE('',#13685,#13686);
#10747=CIRCLE('',#13687,0.5588);
#10748=VERTEX_POINT('',#13688);
#10749=VERTEX_POINT('',#13689);
#10750=LINE('',#13690,#13691);
#10751=VERTEX_POINT('',#13692);
#10752=CIRCLE('',#13693,0.762);
#10753=VERTEX_POINT('',#13694);
#10754=LINE('',#13695,#13696);
#10755=CIRCLE('',#13697,0.762);
#10756=VERTEX_POINT('',#13698);
#10757=VERTEX_POINT('',#13699);
#10758=LINE('',#13700,#13701);
#10759=VERTEX_POINT('',#13702);
#10760=CIRCLE('',#13703,0.762);
#10761=VERTEX_POINT('',#13704);
#10762=LINE('',#13705,#13706);
#10763=CIRCLE('',#13707,0.762);
#10764=VERTEX_POINT('',#13708);
#10765=VERTEX_POINT('',#13709);
#10766=LINE('',#13710,#13711);
#10767=VERTEX_POINT('',#13712);
#10768=CIRCLE('',#13713,0.5588);
#10769=VERTEX_POINT('',#13714);
#10770=LINE('',#13715,#13716);
#10771=CIRCLE('',#13717,0.5588);
#10772=VERTEX_POINT('',#13718);
#10773=VERTEX_POINT('',#13719);
#10774=LINE('',#13720,#13721);
#10775=VERTEX_POINT('',#13722);
#10776=CIRCLE('',#13723,0.5588);
#10777=VERTEX_POINT('',#13724);
#10778=LINE('',#13725,#13726);
#10779=CIRCLE('',#13727,0.5588);
#10780=VERTEX_POINT('',#13728);
#10781=VERTEX_POINT('',#13729);
#10782=LINE('',#13730,#13731);
#10783=VERTEX_POINT('',#13732);
#10784=LINE('',#13733,#13734);
#10785=VERTEX_POINT('',#13735);
#10786=LINE('',#13736,#13737);
#10787=VERTEX_POINT('',#13738);
#10788=LINE('',#13739,#13740);
#10789=VERTEX_POINT('',#13741);
#10790=LINE('',#13742,#13743);
#10791=VERTEX_POINT('',#13744);
#10792=LINE('',#13745,#13746);
#10793=VERTEX_POINT('',#13747);
#10794=LINE('',#13748,#13749);
#10795=VERTEX_POINT('',#13750);
#10796=LINE('',#13751,#13752);
#10797=VERTEX_POINT('',#13753);
#10798=CIRCLE('',#13754,0.762);
#10799=VERTEX_POINT('',#13755);
#10800=CIRCLE('',#13756,3.81);
#10801=LINE('',#13757,#13758);
#10802=VERTEX_POINT('',#13759);
#10803=VERTEX_POINT('',#13760);
#10804=LINE('',#13761,#13762);
#10805=VERTEX_POINT('',#13763);
#10806=LINE('',#13764,#13765);
#10807=VERTEX_POINT('',#13766);
#10808=LINE('',#13767,#13768);
#10809=LINE('',#13769,#13770);
#10810=VERTEX_POINT('',#13771);
#10811=LINE('',#13772,#13773);
#10812=VERTEX_POINT('',#13774);
#10813=LINE('',#13775,#13776);
#10814=LINE('',#13777,#13778);
#10815=VERTEX_POINT('',#13779);
#10816=LINE('',#13780,#13781);
#10817=VERTEX_POINT('',#13782);
#10818=LINE('',#13783,#13784);
#10819=VERTEX_POINT('',#13785);
#10820=LINE('',#13786,#13787);
#10821=VERTEX_POINT('',#13788);
#10822=LINE('',#13789,#13790);
#10823=VERTEX_POINT('',#13791);
#10824=CIRCLE('',#13792,0.762);
#10825=CIRCLE('',#13793,3.81);
#10826=VERTEX_POINT('',#13794);
#10827=LINE('',#13795,#13796);
#10828=CIRCLE('',#13797,3.81);
#10829=VERTEX_POINT('',#13798);
#10830=LINE('',#13799,#13800);
#10831=CIRCLE('',#13801,3.81);
#10832=VERTEX_POINT('',#13802);
#10833=CIRCLE('',#13803,0.762);
#10834=VERTEX_POINT('',#13804);
#10835=LINE('',#13805,#13806);
#10836=VERTEX_POINT('',#13807);
#10837=LINE('',#13808,#13809);
#10838=VERTEX_POINT('',#13810);
#10839=LINE('',#13811,#13812);
#10840=VERTEX_POINT('',#13813);
#10841=LINE('',#13814,#13815);
#10842=VERTEX_POINT('',#13816);
#10843=LINE('',#13817,#13818);
#10844=VERTEX_POINT('',#13819);
#10845=LINE('',#13820,#13821);
#10846=VERTEX_POINT('',#13822);
#10847=LINE('',#13823,#13824);
#10848=LINE('',#13825,#13826);
#10849=LINE('',#13827,#13828);
#10850=VERTEX_POINT('',#13829);
#10851=LINE('',#13830,#13831);
#10852=LINE('',#13832,#13833);
#10853=VERTEX_POINT('',#13834);
#10854=VERTEX_POINT('',#13835);
#10855=LINE('',#13836,#13837);
#10856=VERTEX_POINT('',#13838);
#10857=LINE('',#13839,#13840);
#10858=VERTEX_POINT('',#13841);
#10859=LINE('',#13842,#13843);
#10860=LINE('',#13844,#13845);
#10861=VERTEX_POINT('',#13846);
#10862=VERTEX_POINT('',#13847);
#10863=LINE('',#13848,#13849);
#10864=VERTEX_POINT('',#13850);
#10865=LINE('',#13851,#13852);
#10866=VERTEX_POINT('',#13853);
#10867=LINE('',#13854,#13855);
#10868=LINE('',#13856,#13857);
#10869=VERTEX_POINT('',#13858);
#10870=VERTEX_POINT('',#13859);
#10871=LINE('',#13860,#13861);
#10872=VERTEX_POINT('',#13862);
#10873=LINE('',#13863,#13864);
#10874=VERTEX_POINT('',#13865);
#10875=LINE('',#13866,#13867);
#10876=LINE('',#13868,#13869);
#10877=VERTEX_POINT('',#13870);
#10878=VERTEX_POINT('',#13871);
#10879=LINE('',#13872,#13873);
#10880=VERTEX_POINT('',#13874);
#10881=LINE('',#13875,#13876);
#10882=VERTEX_POINT('',#13877);
#10883=LINE('',#13878,#13879);
#10884=LINE('',#13880,#13881);
#10885=VERTEX_POINT('',#13882);
#10886=VERTEX_POINT('',#13883);
#10887=LINE('',#13884,#13885);
#10888=VERTEX_POINT('',#13886);
#10889=LINE('',#13887,#13888);
#10890=VERTEX_POINT('',#13889);
#10891=LINE('',#13890,#13891);
#10892=LINE('',#13892,#13893);
#10893=VERTEX_POINT('',#13894);
#10894=VERTEX_POINT('',#13895);
#10895=LINE('',#13896,#13897);
#10896=VERTEX_POINT('',#13898);
#10897=LINE('',#13899,#13900);
#10898=VERTEX_POINT('',#13901);
#10899=LINE('',#13902,#13903);
#10900=LINE('',#13904,#13905);
#10901=VERTEX_POINT('',#13906);
#10902=VERTEX_POINT('',#13907);
#10903=LINE('',#13908,#13909);
#10904=VERTEX_POINT('',#13910);
#10905=LINE('',#13911,#13912);
#10906=VERTEX_POINT('',#13913);
#10907=LINE('',#13914,#13915);
#10908=LINE('',#13916,#13917);
#10909=VERTEX_POINT('',#13918);
#10910=VERTEX_POINT('',#13919);
#10911=LINE('',#13920,#13921);
#10912=VERTEX_POINT('',#13922);
#10913=LINE('',#13923,#13924);
#10914=VERTEX_POINT('',#13925);
#10915=LINE('',#13926,#13927);
#10916=LINE('',#13928,#13929);
#10917=VERTEX_POINT('',#13930);
#10918=VERTEX_POINT('',#13931);
#10919=LINE('',#13932,#13933);
#10920=VERTEX_POINT('',#13934);
#10921=LINE('',#13935,#13936);
#10922=VERTEX_POINT('',#13937);
#10923=LINE('',#13938,#13939);
#10924=LINE('',#13940,#13941);
#10925=VERTEX_POINT('',#13942);
#10926=VERTEX_POINT('',#13943);
#10927=LINE('',#13944,#13945);
#10928=VERTEX_POINT('',#13946);
#10929=LINE('',#13947,#13948);
#10930=VERTEX_POINT('',#13949);
#10931=LINE('',#13950,#13951);
#10932=LINE('',#13952,#13953);
#10933=VERTEX_POINT('',#13954);
#10934=VERTEX_POINT('',#13955);
#10935=LINE('',#13956,#13957);
#10936=VERTEX_POINT('',#13958);
#10937=LINE('',#13959,#13960);
#10938=VERTEX_POINT('',#13961);
#10939=LINE('',#13962,#13963);
#10940=LINE('',#13964,#13965);
#10941=VERTEX_POINT('',#13966);
#10942=VERTEX_POINT('',#13967);
#10943=LINE('',#13968,#13969);
#10944=VERTEX_POINT('',#13970);
#10945=LINE('',#13971,#13972);
#10946=VERTEX_POINT('',#13973);
#10947=LINE('',#13974,#13975);
#10948=LINE('',#13976,#13977);
#10949=VERTEX_POINT('',#13978);
#10950=VERTEX_POINT('',#13979);
#10951=LINE('',#13980,#13981);
#10952=VERTEX_POINT('',#13982);
#10953=LINE('',#13983,#13984);
#10954=LINE('',#13985,#13986);
#10955=LINE('',#13987,#13988);
#10956=VERTEX_POINT('',#13989);
#10957=LINE('',#13990,#13991);
#10958=LINE('',#13992,#13993);
#10959=VERTEX_POINT('',#13994);
#10960=LINE('',#13995,#13996);
#10961=VERTEX_POINT('',#13997);
#10962=LINE('',#13998,#13999);
#10963=VERTEX_POINT('',#14000);
#10964=LINE('',#14001,#14002);
#10965=VERTEX_POINT('',#14003);
#10966=LINE('',#14004,#14005);
#10967=VERTEX_POINT('',#14006);
#10968=LINE('',#14007,#14008);
#10969=VERTEX_POINT('',#14009);
#10970=LINE('',#14010,#14011);
#10971=VERTEX_POINT('',#14012);
#10972=LINE('',#14013,#14014);
#10973=VERTEX_POINT('',#14015);
#10974=LINE('',#14016,#14017);
#10975=VERTEX_POINT('',#14018);
#10976=LINE('',#14019,#14020);
#10977=VERTEX_POINT('',#14021);
#10978=LINE('',#14022,#14023);
#10979=VERTEX_POINT('',#14024);
#10980=LINE('',#14025,#14026);
#10981=VERTEX_POINT('',#14027);
#10982=LINE('',#14028,#14029);
#10983=VERTEX_POINT('',#14030);
#10984=LINE('',#14031,#14032);
#10985=VERTEX_POINT('',#14033);
#10986=LINE('',#14034,#14035);
#10987=VERTEX_POINT('',#14036);
#10988=LINE('',#14037,#14038);
#10989=VERTEX_POINT('',#14039);
#10990=LINE('',#14040,#14041);
#10991=VERTEX_POINT('',#14042);
#10992=LINE('',#14043,#14044);
#10993=VERTEX_POINT('',#14045);
#10994=LINE('',#14046,#14047);
#10995=VERTEX_POINT('',#14048);
#10996=LINE('',#14049,#14050);
#10997=VERTEX_POINT('',#14051);
#10998=LINE('',#14052,#14053);
#10999=VERTEX_POINT('',#14054);
#11000=LINE('',#14055,#14056);
#11001=VERTEX_POINT('',#14057);
#11002=LINE('',#14058,#14059);
#11003=VERTEX_POINT('',#14060);
#11004=LINE('',#14061,#14062);
#11005=VERTEX_POINT('',#14063);
#11006=LINE('',#14064,#14065);
#11007=VERTEX_POINT('',#14066);
#11008=LINE('',#14067,#14068);
#11009=VERTEX_POINT('',#14069);
#11010=LINE('',#14070,#14071);
#11011=VERTEX_POINT('',#14072);
#11012=LINE('',#14073,#14074);
#11013=VERTEX_POINT('',#14075);
#11014=LINE('',#14076,#14077);
#11015=VERTEX_POINT('',#14078);
#11016=LINE('',#14079,#14080);
#11017=VERTEX_POINT('',#14081);
#11018=LINE('',#14082,#14083);
#11019=VERTEX_POINT('',#14084);
#11020=LINE('',#14085,#14086);
#11021=VERTEX_POINT('',#14087);
#11022=LINE('',#14088,#14089);
#11023=VERTEX_POINT('',#14090);
#11024=LINE('',#14091,#14092);
#11025=VERTEX_POINT('',#14093);
#11026=LINE('',#14094,#14095);
#11027=VERTEX_POINT('',#14096);
#11028=LINE('',#14097,#14098);
#11029=VERTEX_POINT('',#14099);
#11030=LINE('',#14100,#14101);
#11031=VERTEX_POINT('',#14102);
#11032=LINE('',#14103,#14104);
#11033=VERTEX_POINT('',#14105);
#11034=LINE('',#14106,#14107);
#11035=VERTEX_POINT('',#14108);
#11036=LINE('',#14109,#14110);
#11037=VERTEX_POINT('',#14111);
#11038=LINE('',#14112,#14113);
#11039=VERTEX_POINT('',#14114);
#11040=LINE('',#14115,#14116);
#11041=VERTEX_POINT('',#14117);
#11042=LINE('',#14118,#14119);
#11043=VERTEX_POINT('',#14120);
#11044=LINE('',#14121,#14122);
#11045=VERTEX_POINT('',#14123);
#11046=LINE('',#14124,#14125);
#11047=VERTEX_POINT('',#14126);
#11048=LINE('',#14127,#14128);
#11049=LINE('',#14129,#14130);
#11050=VERTEX_POINT('',#14131);
#11051=VERTEX_POINT('',#14132);
#11052=LINE('',#14133,#14134);
#11053=VERTEX_POINT('',#14135);
#11054=LINE('',#14136,#14137);
#11055=VERTEX_POINT('',#14138);
#11056=LINE('',#14139,#14140);
#11057=LINE('',#14141,#14142);
#11058=VERTEX_POINT('',#14143);
#11059=VERTEX_POINT('',#14144);
#11060=LINE('',#14145,#14146);
#11061=VERTEX_POINT('',#14147);
#11062=LINE('',#14148,#14149);
#11063=VERTEX_POINT('',#14150);
#11064=LINE('',#14151,#14152);
#11065=LINE('',#14153,#14154);
#11066=VERTEX_POINT('',#14155);
#11067=VERTEX_POINT('',#14156);
#11068=LINE('',#14157,#14158);
#11069=VERTEX_POINT('',#14159);
#11070=LINE('',#14160,#14161);
#11071=VERTEX_POINT('',#14162);
#11072=LINE('',#14163,#14164);
#11073=LINE('',#14165,#14166);
#11074=VERTEX_POINT('',#14167);
#11075=VERTEX_POINT('',#14168);
#11076=LINE('',#14169,#14170);
#11077=VERTEX_POINT('',#14171);
#11078=LINE('',#14172,#14173);
#11079=VERTEX_POINT('',#14174);
#11080=LINE('',#14175,#14176);
#11081=LINE('',#14177,#14178);
#11082=VERTEX_POINT('',#14179);
#11083=VERTEX_POINT('',#14180);
#11084=LINE('',#14181,#14182);
#11085=VERTEX_POINT('',#14183);
#11086=LINE('',#14184,#14185);
#11087=VERTEX_POINT('',#14186);
#11088=LINE('',#14187,#14188);
#11089=LINE('',#14189,#14190);
#11090=VERTEX_POINT('',#14191);
#11091=VERTEX_POINT('',#14192);
#11092=LINE('',#14193,#14194);
#11093=VERTEX_POINT('',#14195);
#11094=LINE('',#14196,#14197);
#11095=VERTEX_POINT('',#14198);
#11096=LINE('',#14199,#14200);
#11097=LINE('',#14201,#14202);
#11098=VERTEX_POINT('',#14203);
#11099=VERTEX_POINT('',#14204);
#11100=LINE('',#14205,#14206);
#11101=VERTEX_POINT('',#14207);
#11102=LINE('',#14208,#14209);
#11103=VERTEX_POINT('',#14210);
#11104=LINE('',#14211,#14212);
#11105=LINE('',#14213,#14214);
#11106=VERTEX_POINT('',#14215);
#11107=VERTEX_POINT('',#14216);
#11108=LINE('',#14217,#14218);
#11109=VERTEX_POINT('',#14219);
#11110=LINE('',#14220,#14221);
#11111=VERTEX_POINT('',#14222);
#11112=LINE('',#14223,#14224);
#11113=LINE('',#14225,#14226);
#11114=VERTEX_POINT('',#14227);
#11115=VERTEX_POINT('',#14228);
#11116=LINE('',#14229,#14230);
#11117=VERTEX_POINT('',#14231);
#11118=LINE('',#14232,#14233);
#11119=VERTEX_POINT('',#14234);
#11120=LINE('',#14235,#14236);
#11121=LINE('',#14237,#14238);
#11122=VERTEX_POINT('',#14239);
#11123=VERTEX_POINT('',#14240);
#11124=LINE('',#14241,#14242);
#11125=VERTEX_POINT('',#14243);
#11126=LINE('',#14244,#14245);
#11127=VERTEX_POINT('',#14246);
#11128=LINE('',#14247,#14248);
#11129=LINE('',#14249,#14250);
#11130=VERTEX_POINT('',#14251);
#11131=VERTEX_POINT('',#14252);
#11132=LINE('',#14253,#14254);
#11133=VERTEX_POINT('',#14255);
#11134=LINE('',#14256,#14257);
#11135=VERTEX_POINT('',#14258);
#11136=LINE('',#14259,#14260);
#11137=LINE('',#14261,#14262);
#11138=VERTEX_POINT('',#14263);
#11139=VERTEX_POINT('',#14264);
#11140=LINE('',#14265,#14266);
#11141=VERTEX_POINT('',#14267);
#11142=LINE('',#14268,#14269);
#11143=VERTEX_POINT('',#14270);
#11144=LINE('',#14271,#14272);
#11145=LINE('',#14273,#14274);
#11146=VERTEX_POINT('',#14275);
#11147=LINE('',#14276,#14277);
#11148=VERTEX_POINT('',#14278);
#11149=LINE('',#14279,#14280);
#11150=LINE('',#14281,#14282);
#11151=VERTEX_POINT('',#14283);
#11152=LINE('',#14284,#14285);
#11153=VERTEX_POINT('',#14286);
#11154=LINE('',#14287,#14288);
#11155=LINE('',#14289,#14290);
#11156=VERTEX_POINT('',#14291);
#11157=VERTEX_POINT('',#14292);
#11158=LINE('',#14293,#14294);
#11159=VERTEX_POINT('',#14295);
#11160=LINE('',#14296,#14297);
#11161=VERTEX_POINT('',#14298);
#11162=LINE('',#14299,#14300);
#11163=LINE('',#14301,#14302);
#11164=VERTEX_POINT('',#14303);
#11165=VERTEX_POINT('',#14304);
#11166=LINE('',#14305,#14306);
#11167=VERTEX_POINT('',#14307);
#11168=LINE('',#14308,#14309);
#11169=VERTEX_POINT('',#14310);
#11170=LINE('',#14311,#14312);
#11171=LINE('',#14313,#14314);
#11172=LINE('',#14315,#14316);
#11173=LINE('',#14317,#14318);
#11174=VERTEX_POINT('',#14319);
#11175=VERTEX_POINT('',#14320);
#11176=LINE('',#14321,#14322);
#11177=VERTEX_POINT('',#14323);
#11178=CIRCLE('',#14324,0.7112);
#11179=VERTEX_POINT('',#14325);
#11180=LINE('',#14326,#14327);
#11181=CIRCLE('',#14328,0.5588);
#11182=LINE('',#14329,#14330);
#11183=VERTEX_POINT('',#14331);
#11184=CIRCLE('',#14332,0.5588);
#11185=VERTEX_POINT('',#14333);
#11186=LINE('',#14334,#14335);
#11187=VERTEX_POINT('',#14336);
#11188=CIRCLE('',#14337,0.5588);
#11189=VERTEX_POINT('',#14338);
#11190=LINE('',#14339,#14340);
#11191=VERTEX_POINT('',#14341);
#11192=LINE('',#14342,#14343);
#11193=VERTEX_POINT('',#14344);
#11194=LINE('',#14345,#14346);
#11195=VERTEX_POINT('',#14347);
#11196=CIRCLE('',#14348,0.762);
#11197=VERTEX_POINT('',#14349);
#11198=LINE('',#14350,#14351);
#11199=CIRCLE('',#14352,0.762);
#11200=LINE('',#14353,#14354);
#11201=VERTEX_POINT('',#14355);
#11202=CIRCLE('',#14356,0.762);
#11203=LINE('',#14357,#14358);
#11204=VERTEX_POINT('',#14359);
#11205=CIRCLE('',#14360,0.508);
#11206=VERTEX_POINT('',#14361);
#11207=LINE('',#14362,#14363);
#11208=LINE('',#14364,#14365);
#11209=VERTEX_POINT('',#14366);
#11210=LINE('',#14367,#14368);
#11211=VERTEX_POINT('',#14369);
#11212=LINE('',#14370,#14371);
#11213=LINE('',#14372,#14373);
#11214=VERTEX_POINT('',#14374);
#11215=VERTEX_POINT('',#14375);
#11216=LINE('',#14376,#14377);
#11217=LINE('',#14378,#14379);
#11218=VERTEX_POINT('',#14380);
#11219=LINE('',#14381,#14382);
#11220=LINE('',#14383,#14384);
#11221=VERTEX_POINT('',#14385);
#11222=LINE('',#14386,#14387);
#11223=VERTEX_POINT('',#14388);
#11224=LINE('',#14389,#14390);
#11225=LINE('',#14391,#14392);
#11226=LINE('',#14393,#14394);
#11227=VERTEX_POINT('',#14395);
#11228=LINE('',#14396,#14397);
#11229=LINE('',#14398,#14399);
#11230=CIRCLE('',#14400,0.508);
#11231=VERTEX_POINT('',#14401);
#11232=LINE('',#14402,#14403);
#11233=CIRCLE('',#14404,0.762);
#11234=LINE('',#14405,#14406);
#11235=VERTEX_POINT('',#14407);
#11236=CIRCLE('',#14408,0.762);
#11237=VERTEX_POINT('',#14409);
#11238=LINE('',#14410,#14411);
#11239=VERTEX_POINT('',#14412);
#11240=CIRCLE('',#14413,0.762);
#11241=VERTEX_POINT('',#14414);
#11242=LINE('',#14415,#14416);
#11243=VERTEX_POINT('',#14417);
#11244=LINE('',#14418,#14419);
#11245=VERTEX_POINT('',#14420);
#11246=LINE('',#14421,#14422);
#11247=VERTEX_POINT('',#14423);
#11248=CIRCLE('',#14424,0.5588);
#11249=VERTEX_POINT('',#14425);
#11250=LINE('',#14426,#14427);
#11251=CIRCLE('',#14428,0.5588);
#11252=LINE('',#14429,#14430);
#11253=VERTEX_POINT('',#14431);
#11254=CIRCLE('',#14432,0.5588);
#11255=VERTEX_POINT('',#14433);
#11256=LINE('',#14434,#14435);
#11257=CIRCLE('',#14436,0.7112);
#11258=LINE('',#14437,#14438);
#11259=LINE('',#14439,#14440);
#11260=LINE('',#14441,#14442);
#11261=LINE('',#14443,#14444);
#11262=LINE('',#14445,#14446);
#11263=LINE('',#14447,#14448);
#11264=LINE('',#14449,#14450);
#11265=LINE('',#14451,#14452);
#11266=LINE('',#14453,#14454);
#11267=LINE('',#14455,#14456);
#11268=LINE('',#14457,#14458);
#11269=VERTEX_POINT('',#14459);
#11270=VERTEX_POINT('',#14460);
#11271=LINE('',#14461,#14462);
#11272=VERTEX_POINT('',#14463);
#11273=LINE('',#14464,#14465);
#11274=VERTEX_POINT('',#14466);
#11275=LINE('',#14467,#14468);
#11276=VERTEX_POINT('',#14469);
#11277=LINE('',#14470,#14471);
#11278=VERTEX_POINT('',#14472);
#11279=LINE('',#14473,#14474);
#11280=VERTEX_POINT('',#14475);
#11281=LINE('',#14476,#14477);
#11282=VERTEX_POINT('',#14478);
#11283=LINE('',#14479,#14480);
#11284=VERTEX_POINT('',#14481);
#11285=LINE('',#14482,#14483);
#11286=VERTEX_POINT('',#14484);
#11287=LINE('',#14485,#14486);
#11288=VERTEX_POINT('',#14487);
#11289=LINE('',#14488,#14489);
#11290=VERTEX_POINT('',#14490);
#11291=LINE('',#14491,#14492);
#11292=VERTEX_POINT('',#14493);
#11293=LINE('',#14494,#14495);
#11294=VERTEX_POINT('',#14496);
#11295=LINE('',#14497,#14498);
#11296=VERTEX_POINT('',#14499);
#11297=LINE('',#14500,#14501);
#11298=VERTEX_POINT('',#14502);
#11299=LINE('',#14503,#14504);
#11300=VERTEX_POINT('',#14505);
#11301=LINE('',#14506,#14507);
#11302=VERTEX_POINT('',#14508);
#11303=LINE('',#14509,#14510);
#11304=VERTEX_POINT('',#14511);
#11305=LINE('',#14512,#14513);
#11306=VERTEX_POINT('',#14514);
#11307=LINE('',#14515,#14516);
#11308=VERTEX_POINT('',#14517);
#11309=LINE('',#14518,#14519);
#11310=VERTEX_POINT('',#14520);
#11311=LINE('',#14521,#14522);
#11312=VERTEX_POINT('',#14523);
#11313=LINE('',#14524,#14525);
#11314=VERTEX_POINT('',#14526);
#11315=LINE('',#14527,#14528);
#11316=VERTEX_POINT('',#14529);
#11317=LINE('',#14530,#14531);
#11318=VERTEX_POINT('',#14532);
#11319=LINE('',#14533,#14534);
#11320=VERTEX_POINT('',#14535);
#11321=LINE('',#14536,#14537);
#11322=VERTEX_POINT('',#14538);
#11323=LINE('',#14539,#14540);
#11324=VERTEX_POINT('',#14541);
#11325=LINE('',#14542,#14543);
#11326=VERTEX_POINT('',#14544);
#11327=LINE('',#14545,#14546);
#11328=VERTEX_POINT('',#14547);
#11329=LINE('',#14548,#14549);
#11330=VERTEX_POINT('',#14550);
#11331=LINE('',#14551,#14552);
#11332=VERTEX_POINT('',#14553);
#11333=LINE('',#14554,#14555);
#11334=VERTEX_POINT('',#14556);
#11335=LINE('',#14557,#14558);
#11336=VERTEX_POINT('',#14559);
#11337=LINE('',#14560,#14561);
#11338=VERTEX_POINT('',#14562);
#11339=LINE('',#14563,#14564);
#11340=VERTEX_POINT('',#14565);
#11341=LINE('',#14566,#14567);
#11342=VERTEX_POINT('',#14568);
#11343=LINE('',#14569,#14570);
#11344=VERTEX_POINT('',#14571);
#11345=LINE('',#14572,#14573);
#11346=VERTEX_POINT('',#14574);
#11347=LINE('',#14575,#14576);
#11348=VERTEX_POINT('',#14577);
#11349=LINE('',#14578,#14579);
#11350=VERTEX_POINT('',#14580);
#11351=LINE('',#14581,#14582);
#11352=VERTEX_POINT('',#14583);
#11353=LINE('',#14584,#14585);
#11354=VERTEX_POINT('',#14586);
#11355=LINE('',#14587,#14588);
#11356=VERTEX_POINT('',#14589);
#11357=LINE('',#14590,#14591);
#11358=VERTEX_POINT('',#14592);
#11359=LINE('',#14593,#14594);
#11360=VERTEX_POINT('',#14595);
#11361=LINE('',#14596,#14597);
#11362=VERTEX_POINT('',#14598);
#11363=LINE('',#14599,#14600);
#11364=VERTEX_POINT('',#14601);
#11365=LINE('',#14602,#14603);
#11366=VERTEX_POINT('',#14604);
#11367=LINE('',#14605,#14606);
#11368=VERTEX_POINT('',#14607);
#11369=LINE('',#14608,#14609);
#11370=VERTEX_POINT('',#14610);
#11371=LINE('',#14611,#14612);
#11372=VERTEX_POINT('',#14613);
#11373=LINE('',#14614,#14615);
#11374=VERTEX_POINT('',#14616);
#11375=LINE('',#14617,#14618);
#11376=VERTEX_POINT('',#14619);
#11377=LINE('',#14620,#14621);
#11378=VERTEX_POINT('',#14622);
#11379=LINE('',#14623,#14624);
#11380=VERTEX_POINT('',#14625);
#11381=LINE('',#14626,#14627);
#11382=VERTEX_POINT('',#14628);
#11383=LINE('',#14629,#14630);
#11384=VERTEX_POINT('',#14631);
#11385=LINE('',#14632,#14633);
#11386=VERTEX_POINT('',#14634);
#11387=LINE('',#14635,#14636);
#11388=VERTEX_POINT('',#14637);
#11389=LINE('',#14638,#14639);
#11390=VERTEX_POINT('',#14640);
#11391=LINE('',#14641,#14642);
#11392=VERTEX_POINT('',#14643);
#11393=LINE('',#14644,#14645);
#11394=VERTEX_POINT('',#14646);
#11395=LINE('',#14647,#14648);
#11396=VERTEX_POINT('',#14649);
#11397=LINE('',#14650,#14651);
#11398=VERTEX_POINT('',#14652);
#11399=LINE('',#14653,#14654);
#11400=VERTEX_POINT('',#14655);
#11401=LINE('',#14656,#14657);
#11402=VERTEX_POINT('',#14658);
#11403=LINE('',#14659,#14660);
#11404=VERTEX_POINT('',#14661);
#11405=LINE('',#14662,#14663);
#11406=VERTEX_POINT('',#14664);
#11407=LINE('',#14665,#14666);
#11408=VERTEX_POINT('',#14667);
#11409=LINE('',#14668,#14669);
#11410=VERTEX_POINT('',#14670);
#11411=LINE('',#14671,#14672);
#11412=VERTEX_POINT('',#14673);
#11413=LINE('',#14674,#14675);
#11414=VERTEX_POINT('',#14676);
#11415=LINE('',#14677,#14678);
#11416=VERTEX_POINT('',#14679);
#11417=LINE('',#14680,#14681);
#11418=VERTEX_POINT('',#14682);
#11419=LINE('',#14683,#14684);
#11420=VERTEX_POINT('',#14685);
#11421=LINE('',#14686,#14687);
#11422=VERTEX_POINT('',#14688);
#11423=LINE('',#14689,#14690);
#11424=VERTEX_POINT('',#14691);
#11425=LINE('',#14692,#14693);
#11426=VERTEX_POINT('',#14694);
#11427=LINE('',#14695,#14696);
#11428=VERTEX_POINT('',#14697);
#11429=LINE('',#14698,#14699);
#11430=VERTEX_POINT('',#14700);
#11431=LINE('',#14701,#14702);
#11432=VERTEX_POINT('',#14703);
#11433=LINE('',#14704,#14705);
#11434=VERTEX_POINT('',#14706);
#11435=LINE('',#14707,#14708);
#11436=VERTEX_POINT('',#14709);
#11437=LINE('',#14710,#14711);
#11438=LINE('',#14712,#14713);
#11439=VERTEX_POINT('',#14714);
#11440=LINE('',#14715,#14716);
#11441=VERTEX_POINT('',#14717);
#11442=LINE('',#14718,#14719);
#11443=VERTEX_POINT('',#14720);
#11444=LINE('',#14721,#14722);
#11445=VERTEX_POINT('',#14723);
#11446=LINE('',#14724,#14725);
#11447=VERTEX_POINT('',#14726);
#11448=LINE('',#14727,#14728);
#11449=VERTEX_POINT('',#14729);
#11450=LINE('',#14730,#14731);
#11451=VERTEX_POINT('',#14732);
#11452=LINE('',#14733,#14734);
#11453=VERTEX_POINT('',#14735);
#11454=LINE('',#14736,#14737);
#11455=VERTEX_POINT('',#14738);
#11456=LINE('',#14739,#14740);
#11457=VERTEX_POINT('',#14741);
#11458=LINE('',#14742,#14743);
#11459=VERTEX_POINT('',#14744);
#11460=LINE('',#14745,#14746);
#11461=LINE('',#14747,#14748);
#11462=VERTEX_POINT('',#14749);
#11463=VERTEX_POINT('',#14750);
#11464=LINE('',#14751,#14752);
#11465=VERTEX_POINT('',#14753);
#11466=CIRCLE('',#14754,0.508);
#11467=LINE('',#14755,#14756);
#11468=CIRCLE('',#14757,0.762);
#11469=LINE('',#14758,#14759);
#11470=VERTEX_POINT('',#14760);
#11471=CIRCLE('',#14761,0.762);
#11472=VERTEX_POINT('',#14762);
#11473=LINE('',#14763,#14764);
#11474=VERTEX_POINT('',#14765);
#11475=CIRCLE('',#14766,0.762);
#11476=VERTEX_POINT('',#14767);
#11477=LINE('',#14768,#14769);
#11478=VERTEX_POINT('',#14770);
#11479=LINE('',#14771,#14772);
#11480=VERTEX_POINT('',#14773);
#11481=LINE('',#14774,#14775);
#11482=VERTEX_POINT('',#14776);
#11483=CIRCLE('',#14777,0.5588);
#11484=VERTEX_POINT('',#14778);
#11485=LINE('',#14779,#14780);
#11486=CIRCLE('',#14781,0.5588);
#11487=LINE('',#14782,#14783);
#11488=VERTEX_POINT('',#14784);
#11489=CIRCLE('',#14785,0.5588);
#11490=VERTEX_POINT('',#14786);
#11491=LINE('',#14787,#14788);
#11492=VERTEX_POINT('',#14789);
#11493=CIRCLE('',#14790,0.7112);
#11494=VERTEX_POINT('',#14791);
#11495=LINE('',#14792,#14793);
#11496=LINE('',#14794,#14795);
#11497=VERTEX_POINT('',#14796);
#11498=LINE('',#14797,#14798);
#11499=VERTEX_POINT('',#14799);
#11500=LINE('',#14800,#14801);
#11501=LINE('',#14802,#14803);
#11502=VERTEX_POINT('',#14804);
#11503=LINE('',#14805,#14806);
#11504=VERTEX_POINT('',#14807);
#11505=LINE('',#14808,#14809);
#11506=VERTEX_POINT('',#14810);
#11507=LINE('',#14811,#14812);
#11508=LINE('',#14813,#14814);
#11509=VERTEX_POINT('',#14815);
#11510=CIRCLE('',#14816,0.508);
#11511=LINE('',#14817,#14818);
#11512=VERTEX_POINT('',#14819);
#11513=VERTEX_POINT('',#14820);
#11514=LINE('',#14821,#14822);
#11515=VERTEX_POINT('',#14823);
#11516=LINE('',#14824,#14825);
#11517=VERTEX_POINT('',#14826);
#11518=LINE('',#14827,#14828);
#11519=LINE('',#14829,#14830);
#11520=VERTEX_POINT('',#14831);
#11521=VERTEX_POINT('',#14832);
#11522=LINE('',#14833,#14834);
#11523=VERTEX_POINT('',#14835);
#11524=LINE('',#14836,#14837);
#11525=VERTEX_POINT('',#14838);
#11526=LINE('',#14839,#14840);
#11527=LINE('',#14841,#14842);
#11528=LINE('',#14843,#14844);
#11529=LINE('',#14845,#14846);
#11530=LINE('',#14847,#14848);
#11531=LINE('',#14849,#14850);
#11532=LINE('',#14851,#14852);
#11533=LINE('',#14853,#14854);
#11534=CIRCLE('',#14855,0.508);
#11535=CIRCLE('',#14856,0.508);
#11536=LINE('',#14857,#14858);
#11537=VERTEX_POINT('',#14859);
#11538=LINE('',#14860,#14861);
#11539=LINE('',#14862,#14863);
#11540=LINE('',#14864,#14865);
#11541=LINE('',#14866,#14867);
#11542=LINE('',#14868,#14869);
#11543=LINE('',#14870,#14871);
#11544=LINE('',#14872,#14873);
#11545=LINE('',#14874,#14875);
#11546=LINE('',#14876,#14877);
#11547=LINE('',#14878,#14879);
#11548=LINE('',#14880,#14881);
#11549=LINE('',#14882,#14883);
#11550=LINE('',#14884,#14885);
#11551=LINE('',#14886,#14887);
#11552=LINE('',#14888,#14889);
#11553=LINE('',#14890,#14891);
#11554=LINE('',#14892,#14893);
#11555=LINE('',#14894,#14895);
#11556=LINE('',#14896,#14897);
#11557=LINE('',#14898,#14899);
#11558=LINE('',#14900,#14901);
#11559=LINE('',#14902,#14903);
#11560=LINE('',#14904,#14905);
#11561=LINE('',#14906,#14907);
#11562=VERTEX_POINT('',#14908);
#11563=LINE('',#14909,#14910);
#11564=LINE('',#14911,#14912);
#11565=LINE('',#14913,#14914);
#11566=CIRCLE('',#14915,0.508);
#11567=CIRCLE('',#14916,0.508);
#11568=VERTEX_POINT('',#14917);
#11569=LINE('',#14918,#14919);
#11570=VERTEX_POINT('',#14920);
#11571=LINE('',#14921,#14922);
#11572=LINE('',#14923,#14924);
#11573=VERTEX_POINT('',#14925);
#11574=VERTEX_POINT('',#14926);
#11575=LINE('',#14927,#14928);
#11576=VERTEX_POINT('',#14929);
#11577=LINE('',#14930,#14931);
#11578=VERTEX_POINT('',#14932);
#11579=LINE('',#14933,#14934);
#11580=LINE('',#14935,#14936);
#11581=VERTEX_POINT('',#14937);
#11582=LINE('',#14938,#14939);
#11583=VERTEX_POINT('',#14940);
#11584=LINE('',#14941,#14942);
#11585=VERTEX_POINT('',#14943);
#11586=LINE('',#14944,#14945);
#11587=VERTEX_POINT('',#14946);
#11588=LINE('',#14947,#14948);
#11589=VERTEX_POINT('',#14949);
#11590=LINE('',#14950,#14951);
#11591=VERTEX_POINT('',#14952);
#11592=LINE('',#14953,#14954);
#11593=VERTEX_POINT('',#14955);
#11594=LINE('',#14956,#14957);
#11595=VERTEX_POINT('',#14958);
#11596=LINE('',#14959,#14960);
#11597=VERTEX_POINT('',#14961);
#11598=LINE('',#14962,#14963);
#11599=VERTEX_POINT('',#14964);
#11600=LINE('',#14965,#14966);
#11601=VERTEX_POINT('',#14967);
#11602=LINE('',#14968,#14969);
#11603=VERTEX_POINT('',#14970);
#11604=LINE('',#14971,#14972);
#11605=VERTEX_POINT('',#14973);
#11606=LINE('',#14974,#14975);
#11607=VERTEX_POINT('',#14976);
#11608=LINE('',#14977,#14978);
#11609=VERTEX_POINT('',#14979);
#11610=LINE('',#14980,#14981);
#11611=VERTEX_POINT('',#14982);
#11612=LINE('',#14983,#14984);
#11613=VERTEX_POINT('',#14985);
#11614=LINE('',#14986,#14987);
#11615=VERTEX_POINT('',#14988);
#11616=LINE('',#14989,#14990);
#11617=VERTEX_POINT('',#14991);
#11618=LINE('',#14992,#14993);
#11619=VERTEX_POINT('',#14994);
#11620=LINE('',#14995,#14996);
#11621=VERTEX_POINT('',#14997);
#11622=LINE('',#14998,#14999);
#11623=VERTEX_POINT('',#15000);
#11624=LINE('',#15001,#15002);
#11625=VERTEX_POINT('',#15003);
#11626=LINE('',#15004,#15005);
#11627=VERTEX_POINT('',#15006);
#11628=LINE('',#15007,#15008);
#11629=VERTEX_POINT('',#15009);
#11630=LINE('',#15010,#15011);
#11631=VERTEX_POINT('',#15012);
#11632=LINE('',#15013,#15014);
#11633=VERTEX_POINT('',#15015);
#11634=LINE('',#15016,#15017);
#11635=VERTEX_POINT('',#15018);
#11636=LINE('',#15019,#15020);
#11637=VERTEX_POINT('',#15021);
#11638=LINE('',#15022,#15023);
#11639=VERTEX_POINT('',#15024);
#11640=LINE('',#15025,#15026);
#11641=VERTEX_POINT('',#15027);
#11642=LINE('',#15028,#15029);
#11643=VERTEX_POINT('',#15030);
#11644=LINE('',#15031,#15032);
#11645=VERTEX_POINT('',#15033);
#11646=LINE('',#15034,#15035);
#11647=VERTEX_POINT('',#15036);
#11648=LINE('',#15037,#15038);
#11649=VERTEX_POINT('',#15039);
#11650=LINE('',#15040,#15041);
#11651=VERTEX_POINT('',#15042);
#11652=LINE('',#15043,#15044);
#11653=VERTEX_POINT('',#15045);
#11654=LINE('',#15046,#15047);
#11655=VERTEX_POINT('',#15048);
#11656=LINE('',#15049,#15050);
#11657=VERTEX_POINT('',#15051);
#11658=LINE('',#15052,#15053);
#11659=VERTEX_POINT('',#15054);
#11660=LINE('',#15055,#15056);
#11661=VERTEX_POINT('',#15057);
#11662=LINE('',#15058,#15059);
#11663=VERTEX_POINT('',#15060);
#11664=LINE('',#15061,#15062);
#11665=VERTEX_POINT('',#15063);
#11666=LINE('',#15064,#15065);
#11667=VERTEX_POINT('',#15066);
#11668=LINE('',#15067,#15068);
#11669=VERTEX_POINT('',#15069);
#11670=LINE('',#15070,#15071);
#11671=LINE('',#15072,#15073);
#11672=VERTEX_POINT('',#15074);
#11673=LINE('',#15075,#15076);
#11674=VERTEX_POINT('',#15077);
#11675=LINE('',#15078,#15079);
#11676=LINE('',#15080,#15081);
#11677=VERTEX_POINT('',#15082);
#11678=LINE('',#15083,#15084);
#11679=LINE('',#15085,#15086);
#11680=VERTEX_POINT('',#15087);
#11681=LINE('',#15088,#15089);
#11682=LINE('',#15090,#15091);
#11683=VERTEX_POINT('',#15092);
#11684=LINE('',#15093,#15094);
#11685=VERTEX_POINT('',#15095);
#11686=LINE('',#15096,#15097);
#11687=LINE('',#15098,#15099);
#11688=VERTEX_POINT('',#15100);
#11689=LINE('',#15101,#15102);
#11690=VERTEX_POINT('',#15103);
#11691=LINE('',#15104,#15105);
#11692=LINE('',#15106,#15107);
#11693=VERTEX_POINT('',#15108);
#11694=LINE('',#15109,#15110);
#11695=VERTEX_POINT('',#15111);
#11696=LINE('',#15112,#15113);
#11697=LINE('',#15114,#15115);
#11698=VERTEX_POINT('',#15116);
#11699=LINE('',#15117,#15118);
#11700=VERTEX_POINT('',#15119);
#11701=LINE('',#15120,#15121);
#11702=LINE('',#15122,#15123);
#11703=VERTEX_POINT('',#15124);
#11704=LINE('',#15125,#15126);
#11705=VERTEX_POINT('',#15127);
#11706=LINE('',#15128,#15129);
#11707=LINE('',#15130,#15131);
#11708=VERTEX_POINT('',#15132);
#11709=LINE('',#15133,#15134);
#11710=VERTEX_POINT('',#15135);
#11711=LINE('',#15136,#15137);
#11712=LINE('',#15138,#15139);
#11713=VERTEX_POINT('',#15140);
#11714=LINE('',#15141,#15142);
#11715=VERTEX_POINT('',#15143);
#11716=LINE('',#15144,#15145);
#11717=LINE('',#15146,#15147);
#11718=VERTEX_POINT('',#15148);
#11719=LINE('',#15149,#15150);
#11720=VERTEX_POINT('',#15151);
#11721=LINE('',#15152,#15153);
#11722=LINE('',#15154,#15155);
#11723=VERTEX_POINT('',#15156);
#11724=LINE('',#15157,#15158);
#11725=VERTEX_POINT('',#15159);
#11726=LINE('',#15160,#15161);
#11727=LINE('',#15162,#15163);
#11728=VERTEX_POINT('',#15164);
#11729=LINE('',#15165,#15166);
#11730=VERTEX_POINT('',#15167);
#11731=LINE('',#15168,#15169);
#11732=LINE('',#15170,#15171);
#11733=VERTEX_POINT('',#15172);
#11734=LINE('',#15173,#15174);
#11735=VERTEX_POINT('',#15175);
#11736=LINE('',#15176,#15177);
#11737=LINE('',#15178,#15179);
#11738=VERTEX_POINT('',#15180);
#11739=LINE('',#15181,#15182);
#11740=LINE('',#15183,#15184);
#11741=LINE('',#15185,#15186);
#11742=LINE('',#15187,#15188);
#11743=LINE('',#15189,#15190);
#11744=LINE('',#15191,#15192);
#11745=LINE('',#15193,#15194);
#11746=LINE('',#15195,#15196);
#11747=LINE('',#15197,#15198);
#11748=LINE('',#15199,#15200);
#11749=LINE('',#15201,#15202);
#11750=VERTEX_POINT('',#15203);
#11751=LINE('',#15204,#15205);
#11752=LINE('',#15206,#15207);
#11753=VERTEX_POINT('',#15208);
#11754=LINE('',#15209,#15210);
#11755=LINE('',#15211,#15212);
#11756=LINE('',#15213,#15214);
#11757=LINE('',#15215,#15216);
#11758=LINE('',#15217,#15218);
#11759=LINE('',#15219,#15220);
#11760=LINE('',#15221,#15222);
#11761=VERTEX_POINT('',#15223);
#11762=LINE('',#15224,#15225);
#11763=LINE('',#15226,#15227);
#11764=VERTEX_POINT('',#15228);
#11765=LINE('',#15229,#15230);
#11766=LINE('',#15231,#15232);
#11767=LINE('',#15233,#15234);
#11768=LINE('',#15235,#15236);
#11769=LINE('',#15237,#15238);
#11770=LINE('',#15239,#15240);
#11771=LINE('',#15241,#15242);
#11772=VERTEX_POINT('',#15243);
#11773=LINE('',#15244,#15245);
#11774=LINE('',#15246,#15247);
#11775=VERTEX_POINT('',#15248);
#11776=LINE('',#15249,#15250);
#11777=LINE('',#15251,#15252);
#11778=LINE('',#15253,#15254);
#11779=LINE('',#15255,#15256);
#11780=LINE('',#15257,#15258);
#11781=LINE('',#15259,#15260);
#11782=LINE('',#15261,#15262);
#11783=VERTEX_POINT('',#15263);
#11784=LINE('',#15264,#15265);
#11785=LINE('',#15266,#15267);
#11786=VERTEX_POINT('',#15268);
#11787=LINE('',#15269,#15270);
#11788=LINE('',#15271,#15272);
#11789=LINE('',#15273,#15274);
#11790=LINE('',#15275,#15276);
#11791=LINE('',#15277,#15278);
#11792=LINE('',#15279,#15280);
#11793=LINE('',#15281,#15282);
#11794=VERTEX_POINT('',#15283);
#11795=LINE('',#15284,#15285);
#11796=LINE('',#15286,#15287);
#11797=VERTEX_POINT('',#15288);
#11798=LINE('',#15289,#15290);
#11799=LINE('',#15291,#15292);
#11800=LINE('',#15293,#15294);
#11801=LINE('',#15295,#15296);
#11802=LINE('',#15297,#15298);
#11803=LINE('',#15299,#15300);
#11804=LINE('',#15301,#15302);
#11805=VERTEX_POINT('',#15303);
#11806=LINE('',#15304,#15305);
#11807=LINE('',#15306,#15307);
#11808=VERTEX_POINT('',#15308);
#11809=LINE('',#15309,#15310);
#11810=LINE('',#15311,#15312);
#11811=LINE('',#15313,#15314);
#11812=LINE('',#15315,#15316);
#11813=LINE('',#15317,#15318);
#11814=LINE('',#15319,#15320);
#11815=LINE('',#15321,#15322);
#11816=VERTEX_POINT('',#15323);
#11817=LINE('',#15324,#15325);
#11818=LINE('',#15326,#15327);
#11819=VERTEX_POINT('',#15328);
#11820=LINE('',#15329,#15330);
#11821=LINE('',#15331,#15332);
#11822=LINE('',#15333,#15334);
#11823=LINE('',#15335,#15336);
#11824=LINE('',#15337,#15338);
#11825=LINE('',#15339,#15340);
#11826=LINE('',#15341,#15342);
#11827=VERTEX_POINT('',#15343);
#11828=LINE('',#15344,#15345);
#11829=LINE('',#15346,#15347);
#11830=VERTEX_POINT('',#15348);
#11831=LINE('',#15349,#15350);
#11832=LINE('',#15351,#15352);
#11833=LINE('',#15353,#15354);
#11834=LINE('',#15355,#15356);
#11835=LINE('',#15357,#15358);
#11836=LINE('',#15359,#15360);
#11837=LINE('',#15361,#15362);
#11838=VERTEX_POINT('',#15363);
#11839=LINE('',#15364,#15365);
#11840=LINE('',#15366,#15367);
#11841=VERTEX_POINT('',#15368);
#11842=LINE('',#15369,#15370);
#11843=LINE('',#15371,#15372);
#11844=LINE('',#15373,#15374);
#11845=LINE('',#15375,#15376);
#11846=LINE('',#15377,#15378);
#11847=LINE('',#15379,#15380);
#11848=LINE('',#15381,#15382);
#11849=VERTEX_POINT('',#15383);
#11850=LINE('',#15384,#15385);
#11851=LINE('',#15386,#15387);
#11852=VERTEX_POINT('',#15388);
#11853=LINE('',#15389,#15390);
#11854=LINE('',#15391,#15392);
#11855=LINE('',#15393,#15394);
#11856=LINE('',#15395,#15396);
#11857=LINE('',#15397,#15398);
#11858=LINE('',#15399,#15400);
#11859=LINE('',#15401,#15402);
#11860=VERTEX_POINT('',#15403);
#11861=LINE('',#15404,#15405);
#11862=LINE('',#15406,#15407);
#11863=VERTEX_POINT('',#15408);
#11864=LINE('',#15409,#15410);
#11865=LINE('',#15411,#15412);
#11866=LINE('',#15413,#15414);
#11867=LINE('',#15415,#15416);
#11868=LINE('',#15417,#15418);
#11869=LINE('',#15419,#15420);
#11870=LINE('',#15421,#15422);
#11871=CIRCLE('',#15423,0.508);
#11872=CIRCLE('',#15424,0.508);
#11873=LINE('',#15425,#15426);
#11874=VERTEX_POINT('',#15427);
#11875=VERTEX_POINT('',#15428);
#11876=LINE('',#15429,#15430);
#11877=VERTEX_POINT('',#15431);
#11878=LINE('',#15432,#15433);
#11879=VERTEX_POINT('',#15434);
#11880=LINE('',#15435,#15436);
#11881=LINE('',#15437,#15438);
#11882=VERTEX_POINT('',#15439);
#11883=VERTEX_POINT('',#15440);
#11884=LINE('',#15441,#15442);
#11885=VERTEX_POINT('',#15443);
#11886=LINE('',#15444,#15445);
#11887=VERTEX_POINT('',#15446);
#11888=LINE('',#15447,#15448);
#11889=LINE('',#15449,#15450);
#11890=VERTEX_POINT('',#15451);
#11891=LINE('',#15452,#15453);
#11892=VERTEX_POINT('',#15454);
#11893=LINE('',#15455,#15456);
#11894=LINE('',#15457,#15458);
#11895=LINE('',#15459,#15460);
#11896=LINE('',#15461,#15462);
#11897=LINE('',#15463,#15464);
#11898=LINE('',#15465,#15466);
#11899=VERTEX_POINT('',#15467);
#11900=VERTEX_POINT('',#15468);
#11901=LINE('',#15469,#15470);
#11902=VERTEX_POINT('',#15471);
#11903=CIRCLE('',#15472,0.7112);
#11904=VERTEX_POINT('',#15473);
#11905=LINE('',#15474,#15475);
#11906=CIRCLE('',#15476,0.5588);
#11907=LINE('',#15477,#15478);
#11908=VERTEX_POINT('',#15479);
#11909=CIRCLE('',#15480,0.5588);
#11910=VERTEX_POINT('',#15481);
#11911=LINE('',#15482,#15483);
#11912=VERTEX_POINT('',#15484);
#11913=CIRCLE('',#15485,0.5588);
#11914=VERTEX_POINT('',#15486);
#11915=LINE('',#15487,#15488);
#11916=VERTEX_POINT('',#15489);
#11917=LINE('',#15490,#15491);
#11918=VERTEX_POINT('',#15492);
#11919=LINE('',#15493,#15494);
#11920=VERTEX_POINT('',#15495);
#11921=CIRCLE('',#15496,0.762);
#11922=VERTEX_POINT('',#15497);
#11923=LINE('',#15498,#15499);
#11924=CIRCLE('',#15500,0.762);
#11925=LINE('',#15501,#15502);
#11926=CIRCLE('',#15503,0.762);
#11927=VERTEX_POINT('',#15504);
#11928=CIRCLE('',#15505,0.508);
#11929=VERTEX_POINT('',#15506);
#11930=LINE('',#15507,#15508);
#11931=LINE('',#15509,#15510);
#11932=VERTEX_POINT('',#15511);
#11933=LINE('',#15512,#15513);
#11934=VERTEX_POINT('',#15514);
#11935=LINE('',#15515,#15516);
#11936=LINE('',#15517,#15518);
#11937=VERTEX_POINT('',#15519);
#11938=VERTEX_POINT('',#15520);
#11939=LINE('',#15521,#15522);
#11940=LINE('',#15523,#15524);
#11941=VERTEX_POINT('',#15525);
#11942=LINE('',#15526,#15527);
#11943=LINE('',#15528,#15529);
#11944=VERTEX_POINT('',#15530);
#11945=LINE('',#15531,#15532);
#11946=VERTEX_POINT('',#15533);
#11947=LINE('',#15534,#15535);
#11948=LINE('',#15536,#15537);
#11949=LINE('',#15538,#15539);
#11950=VERTEX_POINT('',#15540);
#11951=LINE('',#15541,#15542);
#11952=LINE('',#15543,#15544);
#11953=CIRCLE('',#15545,0.508);
#11954=CIRCLE('',#15546,0.762);
#11955=LINE('',#15547,#15548);
#11956=VERTEX_POINT('',#15549);
#11957=CIRCLE('',#15550,0.762);
#11958=VERTEX_POINT('',#15551);
#11959=LINE('',#15552,#15553);
#11960=VERTEX_POINT('',#15554);
#11961=CIRCLE('',#15555,0.762);
#11962=VERTEX_POINT('',#15556);
#11963=LINE('',#15557,#15558);
#11964=VERTEX_POINT('',#15559);
#11965=LINE('',#15560,#15561);
#11966=VERTEX_POINT('',#15562);
#11967=LINE('',#15563,#15564);
#11968=VERTEX_POINT('',#15565);
#11969=CIRCLE('',#15566,0.5588);
#11970=VERTEX_POINT('',#15567);
#11971=LINE('',#15568,#15569);
#11972=CIRCLE('',#15570,0.5588);
#11973=LINE('',#15571,#15572);
#11974=VERTEX_POINT('',#15573);
#11975=CIRCLE('',#15574,0.5588);
#11976=VERTEX_POINT('',#15575);
#11977=LINE('',#15576,#15577);
#11978=CIRCLE('',#15578,0.7112);
#11979=LINE('',#15579,#15580);
#11980=LINE('',#15581,#15582);
#11981=LINE('',#15583,#15584);
#11982=LINE('',#15585,#15586);
#11983=LINE('',#15587,#15588);
#11984=LINE('',#15589,#15590);
#11985=LINE('',#15591,#15592);
#11986=LINE('',#15593,#15594);
#11987=LINE('',#15595,#15596);
#11988=LINE('',#15597,#15598);
#11989=VERTEX_POINT('',#15599);
#11990=LINE('',#15600,#15601);
#11991=VERTEX_POINT('',#15602);
#11992=LINE('',#15603,#15604);
#11993=LINE('',#15605,#15606);
#11994=VERTEX_POINT('',#15607);
#11995=LINE('',#15608,#15609);
#11996=LINE('',#15610,#15611);
#11997=VERTEX_POINT('',#15612);
#11998=LINE('',#15613,#15614);
#11999=LINE('',#15615,#15616);
#12000=LINE('',#15617,#15618);
#12001=CIRCLE('',#15619,0.508);
#12002=CIRCLE('',#15620,0.508);
#12003=LINE('',#15621,#15622);
#12004=VERTEX_POINT('',#15623);
#12005=VERTEX_POINT('',#15624);
#12006=LINE('',#15625,#15626);
#12007=VERTEX_POINT('',#15627);
#12008=LINE('',#15628,#15629);
#12009=VERTEX_POINT('',#15630);
#12010=LINE('',#15631,#15632);
#12011=LINE('',#15633,#15634);
#12012=VERTEX_POINT('',#15635);
#12013=VERTEX_POINT('',#15636);
#12014=LINE('',#15637,#15638);
#12015=VERTEX_POINT('',#15639);
#12016=LINE('',#15640,#15641);
#12017=VERTEX_POINT('',#15642);
#12018=LINE('',#15643,#15644);
#12019=LINE('',#15645,#15646);
#12020=VERTEX_POINT('',#15647);
#12021=LINE('',#15648,#15649);
#12022=VERTEX_POINT('',#15650);
#12023=LINE('',#15651,#15652);
#12024=LINE('',#15653,#15654);
#12025=LINE('',#15655,#15656);
#12026=LINE('',#15657,#15658);
#12027=LINE('',#15659,#15660);
#12028=LINE('',#15661,#15662);
#12029=VERTEX_POINT('',#15663);
#12030=VERTEX_POINT('',#15664);
#12031=LINE('',#15665,#15666);
#12032=VERTEX_POINT('',#15667);
#12033=CIRCLE('',#15668,0.7112);
#12034=VERTEX_POINT('',#15669);
#12035=LINE('',#15670,#15671);
#12036=CIRCLE('',#15672,0.5588);
#12037=LINE('',#15673,#15674);
#12038=VERTEX_POINT('',#15675);
#12039=CIRCLE('',#15676,0.5588);
#12040=VERTEX_POINT('',#15677);
#12041=LINE('',#15678,#15679);
#12042=VERTEX_POINT('',#15680);
#12043=CIRCLE('',#15681,0.5588);
#12044=VERTEX_POINT('',#15682);
#12045=LINE('',#15683,#15684);
#12046=VERTEX_POINT('',#15685);
#12047=LINE('',#15686,#15687);
#12048=VERTEX_POINT('',#15688);
#12049=LINE('',#15689,#15690);
#12050=VERTEX_POINT('',#15691);
#12051=CIRCLE('',#15692,0.762);
#12052=VERTEX_POINT('',#15693);
#12053=LINE('',#15694,#15695);
#12054=CIRCLE('',#15696,0.762);
#12055=LINE('',#15697,#15698);
#12056=CIRCLE('',#15699,0.762);
#12057=VERTEX_POINT('',#15700);
#12058=CIRCLE('',#15701,0.508);
#12059=VERTEX_POINT('',#15702);
#12060=LINE('',#15703,#15704);
#12061=LINE('',#15705,#15706);
#12062=VERTEX_POINT('',#15707);
#12063=LINE('',#15708,#15709);
#12064=VERTEX_POINT('',#15710);
#12065=LINE('',#15711,#15712);
#12066=LINE('',#15713,#15714);
#12067=VERTEX_POINT('',#15715);
#12068=VERTEX_POINT('',#15716);
#12069=LINE('',#15717,#15718);
#12070=LINE('',#15719,#15720);
#12071=VERTEX_POINT('',#15721);
#12072=LINE('',#15722,#15723);
#12073=LINE('',#15724,#15725);
#12074=VERTEX_POINT('',#15726);
#12075=LINE('',#15727,#15728);
#12076=VERTEX_POINT('',#15729);
#12077=LINE('',#15730,#15731);
#12078=LINE('',#15732,#15733);
#12079=LINE('',#15734,#15735);
#12080=VERTEX_POINT('',#15736);
#12081=LINE('',#15737,#15738);
#12082=LINE('',#15739,#15740);
#12083=CIRCLE('',#15741,0.508);
#12084=CIRCLE('',#15742,0.762);
#12085=LINE('',#15743,#15744);
#12086=VERTEX_POINT('',#15745);
#12087=CIRCLE('',#15746,0.762);
#12088=VERTEX_POINT('',#15747);
#12089=LINE('',#15748,#15749);
#12090=VERTEX_POINT('',#15750);
#12091=CIRCLE('',#15751,0.762);
#12092=VERTEX_POINT('',#15752);
#12093=LINE('',#15753,#15754);
#12094=VERTEX_POINT('',#15755);
#12095=LINE('',#15756,#15757);
#12096=VERTEX_POINT('',#15758);
#12097=LINE('',#15759,#15760);
#12098=VERTEX_POINT('',#15761);
#12099=CIRCLE('',#15762,0.5588);
#12100=VERTEX_POINT('',#15763);
#12101=LINE('',#15764,#15765);
#12102=CIRCLE('',#15766,0.5588);
#12103=LINE('',#15767,#15768);
#12104=VERTEX_POINT('',#15769);
#12105=CIRCLE('',#15770,0.5588);
#12106=VERTEX_POINT('',#15771);
#12107=LINE('',#15772,#15773);
#12108=CIRCLE('',#15774,0.7112);
#12109=LINE('',#15775,#15776);
#12110=LINE('',#15777,#15778);
#12111=LINE('',#15779,#15780);
#12112=LINE('',#15781,#15782);
#12113=LINE('',#15783,#15784);
#12114=LINE('',#15785,#15786);
#12115=LINE('',#15787,#15788);
#12116=LINE('',#15789,#15790);
#12117=LINE('',#15791,#15792);
#12118=LINE('',#15793,#15794);
#12119=VERTEX_POINT('',#15795);
#12120=LINE('',#15796,#15797);
#12121=VERTEX_POINT('',#15798);
#12122=LINE('',#15799,#15800);
#12123=LINE('',#15801,#15802);
#12124=VERTEX_POINT('',#15803);
#12125=LINE('',#15804,#15805);
#12126=LINE('',#15806,#15807);
#12127=VERTEX_POINT('',#15808);
#12128=LINE('',#15809,#15810);
#12129=LINE('',#15811,#15812);
#12130=LINE('',#15813,#15814);
#12131=CIRCLE('',#15815,0.508);
#12132=CIRCLE('',#15816,0.508);
#12133=LINE('',#15817,#15818);
#12134=VERTEX_POINT('',#15819);
#12135=VERTEX_POINT('',#15820);
#12136=LINE('',#15821,#15822);
#12137=VERTEX_POINT('',#15823);
#12138=LINE('',#15824,#15825);
#12139=VERTEX_POINT('',#15826);
#12140=LINE('',#15827,#15828);
#12141=LINE('',#15829,#15830);
#12142=VERTEX_POINT('',#15831);
#12143=VERTEX_POINT('',#15832);
#12144=LINE('',#15833,#15834);
#12145=VERTEX_POINT('',#15835);
#12146=LINE('',#15836,#15837);
#12147=VERTEX_POINT('',#15838);
#12148=LINE('',#15839,#15840);
#12149=LINE('',#15841,#15842);
#12150=VERTEX_POINT('',#15843);
#12151=LINE('',#15844,#15845);
#12152=VERTEX_POINT('',#15846);
#12153=LINE('',#15847,#15848);
#12154=LINE('',#15849,#15850);
#12155=LINE('',#15851,#15852);
#12156=LINE('',#15853,#15854);
#12157=LINE('',#15855,#15856);
#12158=LINE('',#15857,#15858);
#12159=VERTEX_POINT('',#15859);
#12160=VERTEX_POINT('',#15860);
#12161=LINE('',#15861,#15862);
#12162=VERTEX_POINT('',#15863);
#12163=CIRCLE('',#15864,0.7112);
#12164=VERTEX_POINT('',#15865);
#12165=LINE('',#15866,#15867);
#12166=CIRCLE('',#15868,0.5588);
#12167=LINE('',#15869,#15870);
#12168=VERTEX_POINT('',#15871);
#12169=CIRCLE('',#15872,0.5588);
#12170=VERTEX_POINT('',#15873);
#12171=LINE('',#15874,#15875);
#12172=VERTEX_POINT('',#15876);
#12173=CIRCLE('',#15877,0.5588);
#12174=VERTEX_POINT('',#15878);
#12175=LINE('',#15879,#15880);
#12176=VERTEX_POINT('',#15881);
#12177=LINE('',#15882,#15883);
#12178=VERTEX_POINT('',#15884);
#12179=LINE('',#15885,#15886);
#12180=VERTEX_POINT('',#15887);
#12181=CIRCLE('',#15888,0.762);
#12182=VERTEX_POINT('',#15889);
#12183=LINE('',#15890,#15891);
#12184=CIRCLE('',#15892,0.762);
#12185=LINE('',#15893,#15894);
#12186=CIRCLE('',#15895,0.762);
#12187=VERTEX_POINT('',#15896);
#12188=CIRCLE('',#15897,0.508);
#12189=VERTEX_POINT('',#15898);
#12190=LINE('',#15899,#15900);
#12191=LINE('',#15901,#15902);
#12192=VERTEX_POINT('',#15903);
#12193=LINE('',#15904,#15905);
#12194=VERTEX_POINT('',#15906);
#12195=LINE('',#15907,#15908);
#12196=LINE('',#15909,#15910);
#12197=VERTEX_POINT('',#15911);
#12198=VERTEX_POINT('',#15912);
#12199=LINE('',#15913,#15914);
#12200=LINE('',#15915,#15916);
#12201=VERTEX_POINT('',#15917);
#12202=LINE('',#15918,#15919);
#12203=LINE('',#15920,#15921);
#12204=VERTEX_POINT('',#15922);
#12205=LINE('',#15923,#15924);
#12206=VERTEX_POINT('',#15925);
#12207=LINE('',#15926,#15927);
#12208=LINE('',#15928,#15929);
#12209=LINE('',#15930,#15931);
#12210=VERTEX_POINT('',#15932);
#12211=LINE('',#15933,#15934);
#12212=LINE('',#15935,#15936);
#12213=CIRCLE('',#15937,0.508);
#12214=CIRCLE('',#15938,0.762);
#12215=LINE('',#15939,#15940);
#12216=VERTEX_POINT('',#15941);
#12217=CIRCLE('',#15942,0.762);
#12218=VERTEX_POINT('',#15943);
#12219=LINE('',#15944,#15945);
#12220=VERTEX_POINT('',#15946);
#12221=CIRCLE('',#15947,0.762);
#12222=VERTEX_POINT('',#15948);
#12223=LINE('',#15949,#15950);
#12224=VERTEX_POINT('',#15951);
#12225=LINE('',#15952,#15953);
#12226=VERTEX_POINT('',#15954);
#12227=LINE('',#15955,#15956);
#12228=VERTEX_POINT('',#15957);
#12229=CIRCLE('',#15958,0.5588);
#12230=VERTEX_POINT('',#15959);
#12231=LINE('',#15960,#15961);
#12232=CIRCLE('',#15962,0.5588);
#12233=LINE('',#15963,#15964);
#12234=VERTEX_POINT('',#15965);
#12235=CIRCLE('',#15966,0.5588);
#12236=VERTEX_POINT('',#15967);
#12237=LINE('',#15968,#15969);
#12238=CIRCLE('',#15970,0.7112);
#12239=LINE('',#15971,#15972);
#12240=LINE('',#15973,#15974);
#12241=LINE('',#15975,#15976);
#12242=LINE('',#15977,#15978);
#12243=LINE('',#15979,#15980);
#12244=LINE('',#15981,#15982);
#12245=LINE('',#15983,#15984);
#12246=LINE('',#15985,#15986);
#12247=LINE('',#15987,#15988);
#12248=LINE('',#15989,#15990);
#12249=VERTEX_POINT('',#15991);
#12250=LINE('',#15992,#15993);
#12251=VERTEX_POINT('',#15994);
#12252=LINE('',#15995,#15996);
#12253=LINE('',#15997,#15998);
#12254=VERTEX_POINT('',#15999);
#12255=LINE('',#16000,#16001);
#12256=LINE('',#16002,#16003);
#12257=VERTEX_POINT('',#16004);
#12258=LINE('',#16005,#16006);
#12259=LINE('',#16007,#16008);
#12260=LINE('',#16009,#16010);
#12261=CIRCLE('',#16011,0.508);
#12262=CIRCLE('',#16012,0.508);
#12263=LINE('',#16013,#16014);
#12264=VERTEX_POINT('',#16015);
#12265=VERTEX_POINT('',#16016);
#12266=LINE('',#16017,#16018);
#12267=VERTEX_POINT('',#16019);
#12268=LINE('',#16020,#16021);
#12269=VERTEX_POINT('',#16022);
#12270=LINE('',#16023,#16024);
#12271=LINE('',#16025,#16026);
#12272=VERTEX_POINT('',#16027);
#12273=VERTEX_POINT('',#16028);
#12274=LINE('',#16029,#16030);
#12275=VERTEX_POINT('',#16031);
#12276=LINE('',#16032,#16033);
#12277=VERTEX_POINT('',#16034);
#12278=LINE('',#16035,#16036);
#12279=LINE('',#16037,#16038);
#12280=VERTEX_POINT('',#16039);
#12281=LINE('',#16040,#16041);
#12282=VERTEX_POINT('',#16042);
#12283=LINE('',#16043,#16044);
#12284=LINE('',#16045,#16046);
#12285=LINE('',#16047,#16048);
#12286=LINE('',#16049,#16050);
#12287=LINE('',#16051,#16052);
#12288=LINE('',#16053,#16054);
#12289=VERTEX_POINT('',#16055);
#12290=VERTEX_POINT('',#16056);
#12291=LINE('',#16057,#16058);
#12292=VERTEX_POINT('',#16059);
#12293=CIRCLE('',#16060,0.7112);
#12294=VERTEX_POINT('',#16061);
#12295=LINE('',#16062,#16063);
#12296=CIRCLE('',#16064,0.5588);
#12297=LINE('',#16065,#16066);
#12298=VERTEX_POINT('',#16067);
#12299=CIRCLE('',#16068,0.5588);
#12300=VERTEX_POINT('',#16069);
#12301=LINE('',#16070,#16071);
#12302=VERTEX_POINT('',#16072);
#12303=CIRCLE('',#16073,0.5588);
#12304=VERTEX_POINT('',#16074);
#12305=LINE('',#16075,#16076);
#12306=VERTEX_POINT('',#16077);
#12307=LINE('',#16078,#16079);
#12308=VERTEX_POINT('',#16080);
#12309=LINE('',#16081,#16082);
#12310=VERTEX_POINT('',#16083);
#12311=CIRCLE('',#16084,0.762);
#12312=VERTEX_POINT('',#16085);
#12313=LINE('',#16086,#16087);
#12314=CIRCLE('',#16088,0.762);
#12315=LINE('',#16089,#16090);
#12316=CIRCLE('',#16091,0.762);
#12317=VERTEX_POINT('',#16092);
#12318=CIRCLE('',#16093,0.508);
#12319=VERTEX_POINT('',#16094);
#12320=LINE('',#16095,#16096);
#12321=LINE('',#16097,#16098);
#12322=VERTEX_POINT('',#16099);
#12323=LINE('',#16100,#16101);
#12324=VERTEX_POINT('',#16102);
#12325=LINE('',#16103,#16104);
#12326=LINE('',#16105,#16106);
#12327=VERTEX_POINT('',#16107);
#12328=VERTEX_POINT('',#16108);
#12329=LINE('',#16109,#16110);
#12330=LINE('',#16111,#16112);
#12331=VERTEX_POINT('',#16113);
#12332=LINE('',#16114,#16115);
#12333=LINE('',#16116,#16117);
#12334=VERTEX_POINT('',#16118);
#12335=LINE('',#16119,#16120);
#12336=VERTEX_POINT('',#16121);
#12337=LINE('',#16122,#16123);
#12338=LINE('',#16124,#16125);
#12339=LINE('',#16126,#16127);
#12340=VERTEX_POINT('',#16128);
#12341=LINE('',#16129,#16130);
#12342=LINE('',#16131,#16132);
#12343=CIRCLE('',#16133,0.508);
#12344=CIRCLE('',#16134,0.762);
#12345=LINE('',#16135,#16136);
#12346=VERTEX_POINT('',#16137);
#12347=CIRCLE('',#16138,0.762);
#12348=VERTEX_POINT('',#16139);
#12349=LINE('',#16140,#16141);
#12350=VERTEX_POINT('',#16142);
#12351=CIRCLE('',#16143,0.762);
#12352=VERTEX_POINT('',#16144);
#12353=LINE('',#16145,#16146);
#12354=VERTEX_POINT('',#16147);
#12355=LINE('',#16148,#16149);
#12356=VERTEX_POINT('',#16150);
#12357=LINE('',#16151,#16152);
#12358=VERTEX_POINT('',#16153);
#12359=CIRCLE('',#16154,0.5588);
#12360=VERTEX_POINT('',#16155);
#12361=LINE('',#16156,#16157);
#12362=CIRCLE('',#16158,0.5588);
#12363=LINE('',#16159,#16160);
#12364=VERTEX_POINT('',#16161);
#12365=CIRCLE('',#16162,0.5588);
#12366=VERTEX_POINT('',#16163);
#12367=LINE('',#16164,#16165);
#12368=CIRCLE('',#16166,0.7112);
#12369=LINE('',#16167,#16168);
#12370=LINE('',#16169,#16170);
#12371=LINE('',#16171,#16172);
#12372=LINE('',#16173,#16174);
#12373=LINE('',#16175,#16176);
#12374=LINE('',#16177,#16178);
#12375=LINE('',#16179,#16180);
#12376=LINE('',#16181,#16182);
#12377=LINE('',#16183,#16184);
#12378=LINE('',#16185,#16186);
#12379=VERTEX_POINT('',#16187);
#12380=LINE('',#16188,#16189);
#12381=VERTEX_POINT('',#16190);
#12382=LINE('',#16191,#16192);
#12383=LINE('',#16193,#16194);
#12384=VERTEX_POINT('',#16195);
#12385=LINE('',#16196,#16197);
#12386=LINE('',#16198,#16199);
#12387=VERTEX_POINT('',#16200);
#12388=LINE('',#16201,#16202);
#12389=LINE('',#16203,#16204);
#12390=LINE('',#16205,#16206);
#12391=CIRCLE('',#16207,0.508);
#12392=CIRCLE('',#16208,0.508);
#12393=LINE('',#16209,#16210);
#12394=VERTEX_POINT('',#16211);
#12395=VERTEX_POINT('',#16212);
#12396=LINE('',#16213,#16214);
#12397=VERTEX_POINT('',#16215);
#12398=LINE('',#16216,#16217);
#12399=VERTEX_POINT('',#16218);
#12400=LINE('',#16219,#16220);
#12401=LINE('',#16221,#16222);
#12402=VERTEX_POINT('',#16223);
#12403=VERTEX_POINT('',#16224);
#12404=LINE('',#16225,#16226);
#12405=VERTEX_POINT('',#16227);
#12406=LINE('',#16228,#16229);
#12407=VERTEX_POINT('',#16230);
#12408=LINE('',#16231,#16232);
#12409=LINE('',#16233,#16234);
#12410=VERTEX_POINT('',#16235);
#12411=LINE('',#16236,#16237);
#12412=VERTEX_POINT('',#16238);
#12413=LINE('',#16239,#16240);
#12414=LINE('',#16241,#16242);
#12415=LINE('',#16243,#16244);
#12416=LINE('',#16245,#16246);
#12417=LINE('',#16247,#16248);
#12418=LINE('',#16249,#16250);
#12419=VERTEX_POINT('',#16251);
#12420=VERTEX_POINT('',#16252);
#12421=LINE('',#16253,#16254);
#12422=VERTEX_POINT('',#16255);
#12423=CIRCLE('',#16256,0.7112);
#12424=VERTEX_POINT('',#16257);
#12425=LINE('',#16258,#16259);
#12426=CIRCLE('',#16260,0.5588);
#12427=LINE('',#16261,#16262);
#12428=VERTEX_POINT('',#16263);
#12429=CIRCLE('',#16264,0.5588);
#12430=VERTEX_POINT('',#16265);
#12431=LINE('',#16266,#16267);
#12432=VERTEX_POINT('',#16268);
#12433=CIRCLE('',#16269,0.5588);
#12434=VERTEX_POINT('',#16270);
#12435=LINE('',#16271,#16272);
#12436=VERTEX_POINT('',#16273);
#12437=LINE('',#16274,#16275);
#12438=VERTEX_POINT('',#16276);
#12439=LINE('',#16277,#16278);
#12440=VERTEX_POINT('',#16279);
#12441=CIRCLE('',#16280,0.762);
#12442=VERTEX_POINT('',#16281);
#12443=LINE('',#16282,#16283);
#12444=CIRCLE('',#16284,0.762);
#12445=LINE('',#16285,#16286);
#12446=CIRCLE('',#16287,0.762);
#12447=VERTEX_POINT('',#16288);
#12448=CIRCLE('',#16289,0.508);
#12449=VERTEX_POINT('',#16290);
#12450=LINE('',#16291,#16292);
#12451=LINE('',#16293,#16294);
#12452=VERTEX_POINT('',#16295);
#12453=LINE('',#16296,#16297);
#12454=VERTEX_POINT('',#16298);
#12455=LINE('',#16299,#16300);
#12456=LINE('',#16301,#16302);
#12457=VERTEX_POINT('',#16303);
#12458=VERTEX_POINT('',#16304);
#12459=LINE('',#16305,#16306);
#12460=LINE('',#16307,#16308);
#12461=VERTEX_POINT('',#16309);
#12462=LINE('',#16310,#16311);
#12463=LINE('',#16312,#16313);
#12464=VERTEX_POINT('',#16314);
#12465=LINE('',#16315,#16316);
#12466=VERTEX_POINT('',#16317);
#12467=LINE('',#16318,#16319);
#12468=LINE('',#16320,#16321);
#12469=LINE('',#16322,#16323);
#12470=VERTEX_POINT('',#16324);
#12471=LINE('',#16325,#16326);
#12472=LINE('',#16327,#16328);
#12473=CIRCLE('',#16329,0.508);
#12474=CIRCLE('',#16330,0.762);
#12475=LINE('',#16331,#16332);
#12476=VERTEX_POINT('',#16333);
#12477=CIRCLE('',#16334,0.762);
#12478=VERTEX_POINT('',#16335);
#12479=LINE('',#16336,#16337);
#12480=VERTEX_POINT('',#16338);
#12481=CIRCLE('',#16339,0.762);
#12482=VERTEX_POINT('',#16340);
#12483=LINE('',#16341,#16342);
#12484=VERTEX_POINT('',#16343);
#12485=LINE('',#16344,#16345);
#12486=VERTEX_POINT('',#16346);
#12487=LINE('',#16347,#16348);
#12488=VERTEX_POINT('',#16349);
#12489=CIRCLE('',#16350,0.5588);
#12490=VERTEX_POINT('',#16351);
#12491=LINE('',#16352,#16353);
#12492=CIRCLE('',#16354,0.5588);
#12493=LINE('',#16355,#16356);
#12494=VERTEX_POINT('',#16357);
#12495=CIRCLE('',#16358,0.5588);
#12496=VERTEX_POINT('',#16359);
#12497=LINE('',#16360,#16361);
#12498=CIRCLE('',#16362,0.7112);
#12499=LINE('',#16363,#16364);
#12500=LINE('',#16365,#16366);
#12501=LINE('',#16367,#16368);
#12502=LINE('',#16369,#16370);
#12503=LINE('',#16371,#16372);
#12504=LINE('',#16373,#16374);
#12505=LINE('',#16375,#16376);
#12506=LINE('',#16377,#16378);
#12507=LINE('',#16379,#16380);
#12508=LINE('',#16381,#16382);
#12509=VERTEX_POINT('',#16383);
#12510=LINE('',#16384,#16385);
#12511=VERTEX_POINT('',#16386);
#12512=LINE('',#16387,#16388);
#12513=LINE('',#16389,#16390);
#12514=VERTEX_POINT('',#16391);
#12515=LINE('',#16392,#16393);
#12516=LINE('',#16394,#16395);
#12517=VERTEX_POINT('',#16396);
#12518=LINE('',#16397,#16398);
#12519=LINE('',#16399,#16400);
#12520=LINE('',#16401,#16402);
#12521=CIRCLE('',#16403,0.508);
#12522=CIRCLE('',#16404,0.508);
#12523=LINE('',#16405,#16406);
#12524=VERTEX_POINT('',#16407);
#12525=VERTEX_POINT('',#16408);
#12526=LINE('',#16409,#16410);
#12527=VERTEX_POINT('',#16411);
#12528=LINE('',#16412,#16413);
#12529=VERTEX_POINT('',#16414);
#12530=LINE('',#16415,#16416);
#12531=LINE('',#16417,#16418);
#12532=VERTEX_POINT('',#16419);
#12533=VERTEX_POINT('',#16420);
#12534=LINE('',#16421,#16422);
#12535=VERTEX_POINT('',#16423);
#12536=LINE('',#16424,#16425);
#12537=VERTEX_POINT('',#16426);
#12538=LINE('',#16427,#16428);
#12539=LINE('',#16429,#16430);
#12540=VERTEX_POINT('',#16431);
#12541=LINE('',#16432,#16433);
#12542=VERTEX_POINT('',#16434);
#12543=LINE('',#16435,#16436);
#12544=LINE('',#16437,#16438);
#12545=LINE('',#16439,#16440);
#12546=LINE('',#16441,#16442);
#12547=LINE('',#16443,#16444);
#12548=LINE('',#16445,#16446);
#12549=VERTEX_POINT('',#16447);
#12550=VERTEX_POINT('',#16448);
#12551=LINE('',#16449,#16450);
#12552=VERTEX_POINT('',#16451);
#12553=CIRCLE('',#16452,0.7112);
#12554=VERTEX_POINT('',#16453);
#12555=LINE('',#16454,#16455);
#12556=CIRCLE('',#16456,0.5588);
#12557=LINE('',#16457,#16458);
#12558=VERTEX_POINT('',#16459);
#12559=CIRCLE('',#16460,0.5588);
#12560=VERTEX_POINT('',#16461);
#12561=LINE('',#16462,#16463);
#12562=VERTEX_POINT('',#16464);
#12563=CIRCLE('',#16465,0.5588);
#12564=VERTEX_POINT('',#16466);
#12565=LINE('',#16467,#16468);
#12566=VERTEX_POINT('',#16469);
#12567=LINE('',#16470,#16471);
#12568=VERTEX_POINT('',#16472);
#12569=LINE('',#16473,#16474);
#12570=VERTEX_POINT('',#16475);
#12571=CIRCLE('',#16476,0.762);
#12572=VERTEX_POINT('',#16477);
#12573=LINE('',#16478,#16479);
#12574=CIRCLE('',#16480,0.762);
#12575=LINE('',#16481,#16482);
#12576=CIRCLE('',#16483,0.762);
#12577=VERTEX_POINT('',#16484);
#12578=CIRCLE('',#16485,0.508);
#12579=VERTEX_POINT('',#16486);
#12580=LINE('',#16487,#16488);
#12581=LINE('',#16489,#16490);
#12582=VERTEX_POINT('',#16491);
#12583=LINE('',#16492,#16493);
#12584=VERTEX_POINT('',#16494);
#12585=LINE('',#16495,#16496);
#12586=LINE('',#16497,#16498);
#12587=VERTEX_POINT('',#16499);
#12588=VERTEX_POINT('',#16500);
#12589=LINE('',#16501,#16502);
#12590=LINE('',#16503,#16504);
#12591=VERTEX_POINT('',#16505);
#12592=LINE('',#16506,#16507);
#12593=LINE('',#16508,#16509);
#12594=VERTEX_POINT('',#16510);
#12595=LINE('',#16511,#16512);
#12596=VERTEX_POINT('',#16513);
#12597=LINE('',#16514,#16515);
#12598=LINE('',#16516,#16517);
#12599=LINE('',#16518,#16519);
#12600=VERTEX_POINT('',#16520);
#12601=LINE('',#16521,#16522);
#12602=LINE('',#16523,#16524);
#12603=CIRCLE('',#16525,0.508);
#12604=CIRCLE('',#16526,0.762);
#12605=LINE('',#16527,#16528);
#12606=VERTEX_POINT('',#16529);
#12607=CIRCLE('',#16530,0.762);
#12608=VERTEX_POINT('',#16531);
#12609=LINE('',#16532,#16533);
#12610=VERTEX_POINT('',#16534);
#12611=CIRCLE('',#16535,0.762);
#12612=VERTEX_POINT('',#16536);
#12613=LINE('',#16537,#16538);
#12614=VERTEX_POINT('',#16539);
#12615=LINE('',#16540,#16541);
#12616=VERTEX_POINT('',#16542);
#12617=LINE('',#16543,#16544);
#12618=VERTEX_POINT('',#16545);
#12619=CIRCLE('',#16546,0.5588);
#12620=VERTEX_POINT('',#16547);
#12621=LINE('',#16548,#16549);
#12622=CIRCLE('',#16550,0.5588);
#12623=LINE('',#16551,#16552);
#12624=VERTEX_POINT('',#16553);
#12625=CIRCLE('',#16554,0.5588);
#12626=VERTEX_POINT('',#16555);
#12627=LINE('',#16556,#16557);
#12628=CIRCLE('',#16558,0.7112);
#12629=LINE('',#16559,#16560);
#12630=LINE('',#16561,#16562);
#12631=LINE('',#16563,#16564);
#12632=LINE('',#16565,#16566);
#12633=LINE('',#16567,#16568);
#12634=LINE('',#16569,#16570);
#12635=LINE('',#16571,#16572);
#12636=LINE('',#16573,#16574);
#12637=LINE('',#16575,#16576);
#12638=LINE('',#16577,#16578);
#12639=VERTEX_POINT('',#16579);
#12640=LINE('',#16580,#16581);
#12641=VERTEX_POINT('',#16582);
#12642=LINE('',#16583,#16584);
#12643=LINE('',#16585,#16586);
#12644=VERTEX_POINT('',#16587);
#12645=LINE('',#16588,#16589);
#12646=LINE('',#16590,#16591);
#12647=VERTEX_POINT('',#16592);
#12648=LINE('',#16593,#16594);
#12649=LINE('',#16595,#16596);
#12650=LINE('',#16597,#16598);
#12651=CIRCLE('',#16599,0.508);
#12652=CIRCLE('',#16600,0.508);
#12653=LINE('',#16601,#16602);
#12654=VERTEX_POINT('',#16603);
#12655=VERTEX_POINT('',#16604);
#12656=LINE('',#16605,#16606);
#12657=VERTEX_POINT('',#16607);
#12658=LINE('',#16608,#16609);
#12659=VERTEX_POINT('',#16610);
#12660=LINE('',#16611,#16612);
#12661=LINE('',#16613,#16614);
#12662=VERTEX_POINT('',#16615);
#12663=VERTEX_POINT('',#16616);
#12664=LINE('',#16617,#16618);
#12665=VERTEX_POINT('',#16619);
#12666=LINE('',#16620,#16621);
#12667=VERTEX_POINT('',#16622);
#12668=LINE('',#16623,#16624);
#12669=LINE('',#16625,#16626);
#12670=VERTEX_POINT('',#16627);
#12671=LINE('',#16628,#16629);
#12672=VERTEX_POINT('',#16630);
#12673=LINE('',#16631,#16632);
#12674=LINE('',#16633,#16634);
#12675=LINE('',#16635,#16636);
#12676=LINE('',#16637,#16638);
#12677=LINE('',#16639,#16640);
#12678=LINE('',#16641,#16642);
#12679=VERTEX_POINT('',#16643);
#12680=VERTEX_POINT('',#16644);
#12681=LINE('',#16645,#16646);
#12682=VERTEX_POINT('',#16647);
#12683=CIRCLE('',#16648,0.7112);
#12684=VERTEX_POINT('',#16649);
#12685=LINE('',#16650,#16651);
#12686=CIRCLE('',#16652,0.5588);
#12687=LINE('',#16653,#16654);
#12688=VERTEX_POINT('',#16655);
#12689=CIRCLE('',#16656,0.5588);
#12690=VERTEX_POINT('',#16657);
#12691=LINE('',#16658,#16659);
#12692=VERTEX_POINT('',#16660);
#12693=CIRCLE('',#16661,0.5588);
#12694=VERTEX_POINT('',#16662);
#12695=LINE('',#16663,#16664);
#12696=VERTEX_POINT('',#16665);
#12697=LINE('',#16666,#16667);
#12698=VERTEX_POINT('',#16668);
#12699=LINE('',#16669,#16670);
#12700=VERTEX_POINT('',#16671);
#12701=CIRCLE('',#16672,0.762);
#12702=VERTEX_POINT('',#16673);
#12703=LINE('',#16674,#16675);
#12704=CIRCLE('',#16676,0.762);
#12705=LINE('',#16677,#16678);
#12706=CIRCLE('',#16679,0.762);
#12707=VERTEX_POINT('',#16680);
#12708=CIRCLE('',#16681,0.508);
#12709=VERTEX_POINT('',#16682);
#12710=LINE('',#16683,#16684);
#12711=LINE('',#16685,#16686);
#12712=VERTEX_POINT('',#16687);
#12713=LINE('',#16688,#16689);
#12714=VERTEX_POINT('',#16690);
#12715=LINE('',#16691,#16692);
#12716=LINE('',#16693,#16694);
#12717=VERTEX_POINT('',#16695);
#12718=VERTEX_POINT('',#16696);
#12719=LINE('',#16697,#16698);
#12720=LINE('',#16699,#16700);
#12721=VERTEX_POINT('',#16701);
#12722=LINE('',#16702,#16703);
#12723=LINE('',#16704,#16705);
#12724=VERTEX_POINT('',#16706);
#12725=LINE('',#16707,#16708);
#12726=VERTEX_POINT('',#16709);
#12727=LINE('',#16710,#16711);
#12728=LINE('',#16712,#16713);
#12729=LINE('',#16714,#16715);
#12730=VERTEX_POINT('',#16716);
#12731=LINE('',#16717,#16718);
#12732=LINE('',#16719,#16720);
#12733=CIRCLE('',#16721,0.508);
#12734=CIRCLE('',#16722,0.762);
#12735=LINE('',#16723,#16724);
#12736=VERTEX_POINT('',#16725);
#12737=CIRCLE('',#16726,0.762);
#12738=VERTEX_POINT('',#16727);
#12739=LINE('',#16728,#16729);
#12740=VERTEX_POINT('',#16730);
#12741=CIRCLE('',#16731,0.762);
#12742=VERTEX_POINT('',#16732);
#12743=LINE('',#16733,#16734);
#12744=VERTEX_POINT('',#16735);
#12745=LINE('',#16736,#16737);
#12746=VERTEX_POINT('',#16738);
#12747=LINE('',#16739,#16740);
#12748=VERTEX_POINT('',#16741);
#12749=CIRCLE('',#16742,0.5588);
#12750=VERTEX_POINT('',#16743);
#12751=LINE('',#16744,#16745);
#12752=CIRCLE('',#16746,0.5588);
#12753=LINE('',#16747,#16748);
#12754=VERTEX_POINT('',#16749);
#12755=CIRCLE('',#16750,0.5588);
#12756=VERTEX_POINT('',#16751);
#12757=LINE('',#16752,#16753);
#12758=CIRCLE('',#16754,0.7112);
#12759=LINE('',#16755,#16756);
#12760=LINE('',#16757,#16758);
#12761=LINE('',#16759,#16760);
#12762=LINE('',#16761,#16762);
#12763=LINE('',#16763,#16764);
#12764=LINE('',#16765,#16766);
#12765=LINE('',#16767,#16768);
#12766=LINE('',#16769,#16770);
#12767=LINE('',#16771,#16772);
#12768=LINE('',#16773,#16774);
#12769=VERTEX_POINT('',#16775);
#12770=LINE('',#16776,#16777);
#12771=VERTEX_POINT('',#16778);
#12772=LINE('',#16779,#16780);
#12773=LINE('',#16781,#16782);
#12774=VERTEX_POINT('',#16783);
#12775=LINE('',#16784,#16785);
#12776=LINE('',#16786,#16787);
#12777=VERTEX_POINT('',#16788);
#12778=LINE('',#16789,#16790);
#12779=LINE('',#16791,#16792);
#12780=LINE('',#16793,#16794);
#12781=CIRCLE('',#16795,0.508);
#12782=CIRCLE('',#16796,0.508);
#12783=LINE('',#16797,#16798);
#12784=VERTEX_POINT('',#16799);
#12785=VERTEX_POINT('',#16800);
#12786=LINE('',#16801,#16802);
#12787=VERTEX_POINT('',#16803);
#12788=LINE('',#16804,#16805);
#12789=VERTEX_POINT('',#16806);
#12790=LINE('',#16807,#16808);
#12791=LINE('',#16809,#16810);
#12792=VERTEX_POINT('',#16811);
#12793=VERTEX_POINT('',#16812);
#12794=LINE('',#16813,#16814);
#12795=VERTEX_POINT('',#16815);
#12796=LINE('',#16816,#16817);
#12797=VERTEX_POINT('',#16818);
#12798=LINE('',#16819,#16820);
#12799=LINE('',#16821,#16822);
#12800=VERTEX_POINT('',#16823);
#12801=LINE('',#16824,#16825);
#12802=VERTEX_POINT('',#16826);
#12803=LINE('',#16827,#16828);
#12804=LINE('',#16829,#16830);
#12805=LINE('',#16831,#16832);
#12806=LINE('',#16833,#16834);
#12807=LINE('',#16835,#16836);
#12808=LINE('',#16837,#16838);
#12809=VERTEX_POINT('',#16839);
#12810=VERTEX_POINT('',#16840);
#12811=LINE('',#16841,#16842);
#12812=VERTEX_POINT('',#16843);
#12813=CIRCLE('',#16844,0.7112);
#12814=VERTEX_POINT('',#16845);
#12815=LINE('',#16846,#16847);
#12816=CIRCLE('',#16848,0.5588);
#12817=LINE('',#16849,#16850);
#12818=VERTEX_POINT('',#16851);
#12819=CIRCLE('',#16852,0.5588);
#12820=VERTEX_POINT('',#16853);
#12821=LINE('',#16854,#16855);
#12822=VERTEX_POINT('',#16856);
#12823=CIRCLE('',#16857,0.5588);
#12824=VERTEX_POINT('',#16858);
#12825=LINE('',#16859,#16860);
#12826=VERTEX_POINT('',#16861);
#12827=LINE('',#16862,#16863);
#12828=VERTEX_POINT('',#16864);
#12829=LINE('',#16865,#16866);
#12830=VERTEX_POINT('',#16867);
#12831=CIRCLE('',#16868,0.762);
#12832=VERTEX_POINT('',#16869);
#12833=LINE('',#16870,#16871);
#12834=CIRCLE('',#16872,0.762);
#12835=LINE('',#16873,#16874);
#12836=CIRCLE('',#16875,0.762);
#12837=VERTEX_POINT('',#16876);
#12838=CIRCLE('',#16877,0.508);
#12839=VERTEX_POINT('',#16878);
#12840=LINE('',#16879,#16880);
#12841=LINE('',#16881,#16882);
#12842=VERTEX_POINT('',#16883);
#12843=LINE('',#16884,#16885);
#12844=VERTEX_POINT('',#16886);
#12845=LINE('',#16887,#16888);
#12846=LINE('',#16889,#16890);
#12847=VERTEX_POINT('',#16891);
#12848=VERTEX_POINT('',#16892);
#12849=LINE('',#16893,#16894);
#12850=LINE('',#16895,#16896);
#12851=VERTEX_POINT('',#16897);
#12852=LINE('',#16898,#16899);
#12853=LINE('',#16900,#16901);
#12854=VERTEX_POINT('',#16902);
#12855=LINE('',#16903,#16904);
#12856=VERTEX_POINT('',#16905);
#12857=LINE('',#16906,#16907);
#12858=LINE('',#16908,#16909);
#12859=LINE('',#16910,#16911);
#12860=VERTEX_POINT('',#16912);
#12861=LINE('',#16913,#16914);
#12862=LINE('',#16915,#16916);
#12863=CIRCLE('',#16917,0.508);
#12864=CIRCLE('',#16918,0.762);
#12865=LINE('',#16919,#16920);
#12866=VERTEX_POINT('',#16921);
#12867=CIRCLE('',#16922,0.762);
#12868=VERTEX_POINT('',#16923);
#12869=LINE('',#16924,#16925);
#12870=VERTEX_POINT('',#16926);
#12871=CIRCLE('',#16927,0.762);
#12872=VERTEX_POINT('',#16928);
#12873=LINE('',#16929,#16930);
#12874=VERTEX_POINT('',#16931);
#12875=LINE('',#16932,#16933);
#12876=VERTEX_POINT('',#16934);
#12877=LINE('',#16935,#16936);
#12878=VERTEX_POINT('',#16937);
#12879=CIRCLE('',#16938,0.5588);
#12880=VERTEX_POINT('',#16939);
#12881=LINE('',#16940,#16941);
#12882=CIRCLE('',#16942,0.5588);
#12883=LINE('',#16943,#16944);
#12884=VERTEX_POINT('',#16945);
#12885=CIRCLE('',#16946,0.5588);
#12886=VERTEX_POINT('',#16947);
#12887=LINE('',#16948,#16949);
#12888=CIRCLE('',#16950,0.7112);
#12889=LINE('',#16951,#16952);
#12890=LINE('',#16953,#16954);
#12891=LINE('',#16955,#16956);
#12892=LINE('',#16957,#16958);
#12893=LINE('',#16959,#16960);
#12894=LINE('',#16961,#16962);
#12895=LINE('',#16963,#16964);
#12896=LINE('',#16965,#16966);
#12897=LINE('',#16967,#16968);
#12898=LINE('',#16969,#16970);
#12899=VERTEX_POINT('',#16971);
#12900=LINE('',#16972,#16973);
#12901=VERTEX_POINT('',#16974);
#12902=LINE('',#16975,#16976);
#12903=LINE('',#16977,#16978);
#12904=VERTEX_POINT('',#16979);
#12905=LINE('',#16980,#16981);
#12906=LINE('',#16982,#16983);
#12907=VERTEX_POINT('',#16984);
#12908=LINE('',#16985,#16986);
#12909=LINE('',#16987,#16988);
#12910=LINE('',#16989,#16990);
#12911=CIRCLE('',#16991,0.508);
#12912=CIRCLE('',#16992,0.508);
#12913=LINE('',#16993,#16994);
#12914=VERTEX_POINT('',#16995);
#12915=VERTEX_POINT('',#16996);
#12916=LINE('',#16997,#16998);
#12917=VERTEX_POINT('',#16999);
#12918=LINE('',#17000,#17001);
#12919=VERTEX_POINT('',#17002);
#12920=LINE('',#17003,#17004);
#12921=LINE('',#17005,#17006);
#12922=VERTEX_POINT('',#17007);
#12923=VERTEX_POINT('',#17008);
#12924=LINE('',#17009,#17010);
#12925=VERTEX_POINT('',#17011);
#12926=LINE('',#17012,#17013);
#12927=VERTEX_POINT('',#17014);
#12928=LINE('',#17015,#17016);
#12929=LINE('',#17017,#17018);
#12930=VERTEX_POINT('',#17019);
#12931=LINE('',#17020,#17021);
#12932=VERTEX_POINT('',#17022);
#12933=LINE('',#17023,#17024);
#12934=LINE('',#17025,#17026);
#12935=LINE('',#17027,#17028);
#12936=LINE('',#17029,#17030);
#12937=LINE('',#17031,#17032);
#12938=LINE('',#17033,#17034);
#12939=VERTEX_POINT('',#17035);
#12940=VERTEX_POINT('',#17036);
#12941=LINE('',#17037,#17038);
#12942=VERTEX_POINT('',#17039);
#12943=CIRCLE('',#17040,0.7112);
#12944=VERTEX_POINT('',#17041);
#12945=LINE('',#17042,#17043);
#12946=CIRCLE('',#17044,0.5588);
#12947=LINE('',#17045,#17046);
#12948=VERTEX_POINT('',#17047);
#12949=CIRCLE('',#17048,0.5588);
#12950=VERTEX_POINT('',#17049);
#12951=LINE('',#17050,#17051);
#12952=VERTEX_POINT('',#17052);
#12953=CIRCLE('',#17053,0.5588);
#12954=VERTEX_POINT('',#17054);
#12955=LINE('',#17055,#17056);
#12956=VERTEX_POINT('',#17057);
#12957=LINE('',#17058,#17059);
#12958=VERTEX_POINT('',#17060);
#12959=LINE('',#17061,#17062);
#12960=VERTEX_POINT('',#17063);
#12961=CIRCLE('',#17064,0.762);
#12962=VERTEX_POINT('',#17065);
#12963=LINE('',#17066,#17067);
#12964=CIRCLE('',#17068,0.762);
#12965=LINE('',#17069,#17070);
#12966=CIRCLE('',#17071,0.762);
#12967=VERTEX_POINT('',#17072);
#12968=CIRCLE('',#17073,0.508);
#12969=VERTEX_POINT('',#17074);
#12970=LINE('',#17075,#17076);
#12971=LINE('',#17077,#17078);
#12972=VERTEX_POINT('',#17079);
#12973=LINE('',#17080,#17081);
#12974=VERTEX_POINT('',#17082);
#12975=LINE('',#17083,#17084);
#12976=LINE('',#17085,#17086);
#12977=VERTEX_POINT('',#17087);
#12978=VERTEX_POINT('',#17088);
#12979=LINE('',#17089,#17090);
#12980=LINE('',#17091,#17092);
#12981=VERTEX_POINT('',#17093);
#12982=LINE('',#17094,#17095);
#12983=LINE('',#17096,#17097);
#12984=VERTEX_POINT('',#17098);
#12985=LINE('',#17099,#17100);
#12986=VERTEX_POINT('',#17101);
#12987=LINE('',#17102,#17103);
#12988=LINE('',#17104,#17105);
#12989=LINE('',#17106,#17107);
#12990=VERTEX_POINT('',#17108);
#12991=LINE('',#17109,#17110);
#12992=LINE('',#17111,#17112);
#12993=CIRCLE('',#17113,0.508);
#12994=CIRCLE('',#17114,0.762);
#12995=LINE('',#17115,#17116);
#12996=VERTEX_POINT('',#17117);
#12997=CIRCLE('',#17118,0.762);
#12998=VERTEX_POINT('',#17119);
#12999=LINE('',#17120,#17121);
#13000=VERTEX_POINT('',#17122);
#13001=CIRCLE('',#17123,0.762);
#13002=VERTEX_POINT('',#17124);
#13003=LINE('',#17125,#17126);
#13004=VERTEX_POINT('',#17127);
#13005=LINE('',#17128,#17129);
#13006=VERTEX_POINT('',#17130);
#13007=LINE('',#17131,#17132);
#13008=VERTEX_POINT('',#17133);
#13009=CIRCLE('',#17134,0.5588);
#13010=VERTEX_POINT('',#17135);
#13011=LINE('',#17136,#17137);
#13012=CIRCLE('',#17138,0.5588);
#13013=LINE('',#17139,#17140);
#13014=VERTEX_POINT('',#17141);
#13015=CIRCLE('',#17142,0.5588);
#13016=VERTEX_POINT('',#17143);
#13017=LINE('',#17144,#17145);
#13018=CIRCLE('',#17146,0.7112);
#13019=LINE('',#17147,#17148);
#13020=LINE('',#17149,#17150);
#13021=LINE('',#17151,#17152);
#13022=LINE('',#17153,#17154);
#13023=LINE('',#17155,#17156);
#13024=LINE('',#17157,#17158);
#13025=LINE('',#17159,#17160);
#13026=LINE('',#17161,#17162);
#13027=LINE('',#17163,#17164);
#13028=LINE('',#17165,#17166);
#13029=VERTEX_POINT('',#17167);
#13030=LINE('',#17168,#17169);
#13031=VERTEX_POINT('',#17170);
#13032=LINE('',#17171,#17172);
#13033=LINE('',#17173,#17174);
#13034=VERTEX_POINT('',#17175);
#13035=LINE('',#17176,#17177);
#13036=LINE('',#17178,#17179);
#13037=VERTEX_POINT('',#17180);
#13038=LINE('',#17181,#17182);
#13039=LINE('',#17183,#17184);
#13040=LINE('',#17185,#17186);
#13041=CIRCLE('',#17187,0.508);
#13042=CIRCLE('',#17188,0.508);
#13043=LINE('',#17189,#17190);
#13044=VERTEX_POINT('',#17191);
#13045=VERTEX_POINT('',#17192);
#13046=LINE('',#17193,#17194);
#13047=VERTEX_POINT('',#17195);
#13048=LINE('',#17196,#17197);
#13049=VERTEX_POINT('',#17198);
#13050=LINE('',#17199,#17200);
#13051=LINE('',#17201,#17202);
#13052=VERTEX_POINT('',#17203);
#13053=VERTEX_POINT('',#17204);
#13054=LINE('',#17205,#17206);
#13055=VERTEX_POINT('',#17207);
#13056=LINE('',#17208,#17209);
#13057=VERTEX_POINT('',#17210);
#13058=LINE('',#17211,#17212);
#13059=LINE('',#17213,#17214);
#13060=VERTEX_POINT('',#17215);
#13061=LINE('',#17216,#17217);
#13062=VERTEX_POINT('',#17218);
#13063=LINE('',#17219,#17220);
#13064=LINE('',#17221,#17222);
#13065=LINE('',#17223,#17224);
#13066=LINE('',#17225,#17226);
#13067=LINE('',#17227,#17228);
#13068=LINE('',#17229,#17230);
#13069=VERTEX_POINT('',#17231);
#13070=VERTEX_POINT('',#17232);
#13071=LINE('',#17233,#17234);
#13072=VERTEX_POINT('',#17235);
#13073=CIRCLE('',#17236,0.7112);
#13074=VERTEX_POINT('',#17237);
#13075=LINE('',#17238,#17239);
#13076=CIRCLE('',#17240,0.5588);
#13077=LINE('',#17241,#17242);
#13078=VERTEX_POINT('',#17243);
#13079=CIRCLE('',#17244,0.5588);
#13080=VERTEX_POINT('',#17245);
#13081=LINE('',#17246,#17247);
#13082=VERTEX_POINT('',#17248);
#13083=CIRCLE('',#17249,0.5588);
#13084=VERTEX_POINT('',#17250);
#13085=LINE('',#17251,#17252);
#13086=VERTEX_POINT('',#17253);
#13087=LINE('',#17254,#17255);
#13088=VERTEX_POINT('',#17256);
#13089=LINE('',#17257,#17258);
#13090=VERTEX_POINT('',#17259);
#13091=CIRCLE('',#17260,0.762);
#13092=VERTEX_POINT('',#17261);
#13093=LINE('',#17262,#17263);
#13094=CIRCLE('',#17264,0.762);
#13095=LINE('',#17265,#17266);
#13096=CIRCLE('',#17267,0.762);
#13097=VERTEX_POINT('',#17268);
#13098=CIRCLE('',#17269,0.508);
#13099=VERTEX_POINT('',#17270);
#13100=LINE('',#17271,#17272);
#13101=LINE('',#17273,#17274);
#13102=VERTEX_POINT('',#17275);
#13103=LINE('',#17276,#17277);
#13104=VERTEX_POINT('',#17278);
#13105=LINE('',#17279,#17280);
#13106=LINE('',#17281,#17282);
#13107=VERTEX_POINT('',#17283);
#13108=VERTEX_POINT('',#17284);
#13109=LINE('',#17285,#17286);
#13110=LINE('',#17287,#17288);
#13111=VERTEX_POINT('',#17289);
#13112=LINE('',#17290,#17291);
#13113=LINE('',#17292,#17293);
#13114=VERTEX_POINT('',#17294);
#13115=LINE('',#17295,#17296);
#13116=VERTEX_POINT('',#17297);
#13117=LINE('',#17298,#17299);
#13118=LINE('',#17300,#17301);
#13119=LINE('',#17302,#17303);
#13120=VERTEX_POINT('',#17304);
#13121=LINE('',#17305,#17306);
#13122=LINE('',#17307,#17308);
#13123=CIRCLE('',#17309,0.508);
#13124=CIRCLE('',#17310,0.762);
#13125=LINE('',#17311,#17312);
#13126=VERTEX_POINT('',#17313);
#13127=CIRCLE('',#17314,0.762);
#13128=VERTEX_POINT('',#17315);
#13129=LINE('',#17316,#17317);
#13130=VERTEX_POINT('',#17318);
#13131=CIRCLE('',#17319,0.762);
#13132=VERTEX_POINT('',#17320);
#13133=LINE('',#17321,#17322);
#13134=VERTEX_POINT('',#17323);
#13135=LINE('',#17324,#17325);
#13136=VERTEX_POINT('',#17326);
#13137=LINE('',#17327,#17328);
#13138=VERTEX_POINT('',#17329);
#13139=CIRCLE('',#17330,0.5588);
#13140=VERTEX_POINT('',#17331);
#13141=LINE('',#17332,#17333);
#13142=CIRCLE('',#17334,0.5588);
#13143=LINE('',#17335,#17336);
#13144=VERTEX_POINT('',#17337);
#13145=CIRCLE('',#17338,0.5588);
#13146=VERTEX_POINT('',#17339);
#13147=LINE('',#17340,#17341);
#13148=CIRCLE('',#17342,0.7112);
#13149=LINE('',#17343,#17344);
#13150=LINE('',#17345,#17346);
#13151=LINE('',#17347,#17348);
#13152=LINE('',#17349,#17350);
#13153=LINE('',#17351,#17352);
#13154=LINE('',#17353,#17354);
#13155=LINE('',#17355,#17356);
#13156=LINE('',#17357,#17358);
#13157=LINE('',#17359,#17360);
#13158=LINE('',#17361,#17362);
#13159=VERTEX_POINT('',#17363);
#13160=LINE('',#17364,#17365);
#13161=VERTEX_POINT('',#17366);
#13162=LINE('',#17367,#17368);
#13163=LINE('',#17369,#17370);
#13164=VERTEX_POINT('',#17371);
#13165=LINE('',#17372,#17373);
#13166=LINE('',#17374,#17375);
#13167=VERTEX_POINT('',#17376);
#13168=LINE('',#17377,#17378);
#13169=LINE('',#17379,#17380);
#13170=LINE('',#17381,#17382);
#13171=VERTEX_POINT('',#17383);
#13172=VERTEX_POINT('',#17384);
#13173=LINE('',#17385,#17386);
#13174=VERTEX_POINT('',#17387);
#13175=CIRCLE('',#17388,0.7112);
#13176=VERTEX_POINT('',#17389);
#13177=LINE('',#17390,#17391);
#13178=CIRCLE('',#17392,0.5588);
#13179=LINE('',#17393,#17394);
#13180=VERTEX_POINT('',#17395);
#13181=CIRCLE('',#17396,0.5588);
#13182=VERTEX_POINT('',#17397);
#13183=LINE('',#17398,#17399);
#13184=VERTEX_POINT('',#17400);
#13185=CIRCLE('',#17401,0.5588);
#13186=VERTEX_POINT('',#17402);
#13187=LINE('',#17403,#17404);
#13188=VERTEX_POINT('',#17405);
#13189=LINE('',#17406,#17407);
#13190=VERTEX_POINT('',#17408);
#13191=LINE('',#17409,#17410);
#13192=VERTEX_POINT('',#17411);
#13193=CIRCLE('',#17412,0.762);
#13194=VERTEX_POINT('',#17413);
#13195=LINE('',#17414,#17415);
#13196=CIRCLE('',#17416,0.762);
#13197=LINE('',#17417,#17418);
#13198=CIRCLE('',#17419,0.762);
#13199=LINE('',#17420,#17421);
#13200=VERTEX_POINT('',#17422);
#13201=LINE('',#17423,#17424);
#13202=LINE('',#17425,#17426);
#13203=LINE('',#17427,#17428);
#13204=LINE('',#17429,#17430);
#13205=LINE('',#17431,#17432);
#13206=LINE('',#17433,#17434);
#13207=LINE('',#17435,#17436);
#13208=LINE('',#17437,#17438);
#13209=LINE('',#17439,#17440);
#13210=LINE('',#17441,#17442);
#13211=LINE('',#17443,#17444);
#13212=LINE('',#17445,#17446);
#13213=LINE('',#17447,#17448);
#13214=LINE('',#17449,#17450);
#13215=VERTEX_POINT('',#17451);
#13216=LINE('',#17452,#17453);
#13217=VERTEX_POINT('',#17454);
#13218=LINE('',#17455,#17456);
#13219=LINE('',#17457,#17458);
#13220=VERTEX_POINT('',#17459);
#13221=LINE('',#17460,#17461);
#13222=LINE('',#17462,#17463);
#13223=VERTEX_POINT('',#17464);
#13224=LINE('',#17465,#17466);
#13225=LINE('',#17467,#17468);
#13226=LINE('',#17469,#17470);
#13227=VERTEX_POINT('',#17471);
#13228=LINE('',#17472,#17473);
#13229=VERTEX_POINT('',#17474);
#13230=LINE('',#17475,#17476);
#13231=LINE('',#17477,#17478);
#13232=VERTEX_POINT('',#17479);
#13233=LINE('',#17480,#17481);
#13234=LINE('',#17482,#17483);
#13235=VERTEX_POINT('',#17484);
#13236=LINE('',#17485,#17486);
#13237=LINE('',#17487,#17488);
#13238=LINE('',#17489,#17490);
#13239=LINE('',#17491,#17492);
#13240=VERTEX_POINT('',#17493);
#13241=LINE('',#17494,#17495);
#13242=LINE('',#17496,#17497);
#13243=LINE('',#17498,#17499);
#13244=VERTEX_POINT('',#17500);
#13245=LINE('',#17501,#17502);
#13246=LINE('',#17503,#17504);
#13247=CIRCLE('',#17505,0.762);
#13248=CARTESIAN_POINT('',(14.4018,4.8768,-0.7874));
#13249=CARTESIAN_POINT('',(13.5382,4.8768,-0.7874));
#13250=CARTESIAN_POINT('',(13.5382,4.8768,-0.7874));
#13251=VECTOR('',#17506,1.0);
#13252=CARTESIAN_POINT('',(14.4018,5.54244881851936,-1.1785150442479));
#13253=AXIS2_PLACEMENT_3D('',#17507,#17508,#17509);
#13254=CARTESIAN_POINT('',(13.5382,5.54244881851936,-1.1785150442479));
#13255=CARTESIAN_POINT('',(13.5382,5.54244881851936,-1.1785150442479));
#13256=VECTOR('',#17510,0.8636);
#13257=AXIS2_PLACEMENT_3D('',#17511,#17512,#17513);
#13258=CARTESIAN_POINT('',(13.5382,6.2738,-4.8186772164236));
#13259=CARTESIAN_POINT('',(14.4018,6.2738,-4.8186772164236));
#13260=CARTESIAN_POINT('',(13.5382,6.2738,-4.8186772164236));
#13261=VECTOR('',#17514,1.0);
#13262=CARTESIAN_POINT('',(13.5382,6.93944881851936,-3.6857922606715));
#13263=AXIS2_PLACEMENT_3D('',#17515,#17516,#17517);
#13264=CARTESIAN_POINT('',(14.4018,6.93944881851936,-3.6857922606715));
#13265=CARTESIAN_POINT('',(13.5382,6.93944881851936,-3.6857922606715));
#13266=VECTOR('',#17518,0.8636);
#13267=AXIS2_PLACEMENT_3D('',#17519,#17520,#17521);
#13268=CARTESIAN_POINT('',(14.4018,6.2738,-4.6154772164236));
#13269=CARTESIAN_POINT('',(13.5382,6.2738,-4.6154772164236));
#13270=CARTESIAN_POINT('',(13.5382,6.2738,-4.6154772164236));
#13271=VECTOR('',#17522,1.0);
#13272=CARTESIAN_POINT('',(14.4018,6.76194246691352,-3.78469491554042));
#13273=AXIS2_PLACEMENT_3D('',#17523,#17524,#17525);
#13274=CARTESIAN_POINT('',(13.5382,6.76194246691352,-3.78469491554042));
#13275=CARTESIAN_POINT('',(13.5382,6.76194246691352,-3.78469491554042));
#13276=VECTOR('',#17526,0.8636);
#13277=AXIS2_PLACEMENT_3D('',#17527,#17528,#17529);
#13278=CARTESIAN_POINT('',(13.5382,4.8768,-0.9906));
#13279=CARTESIAN_POINT('',(14.4018,4.8768,-0.9906));
#13280=CARTESIAN_POINT('',(13.5382,4.8768,-0.9906));
#13281=VECTOR('',#17530,1.0);
#13282=CARTESIAN_POINT('',(13.5382,5.36494246691352,-1.27741769911504));
#13283=AXIS2_PLACEMENT_3D('',#17531,#17532,#17533);
#13284=CARTESIAN_POINT('',(14.4018,5.36494246691352,-1.27741769911504));
#13285=CARTESIAN_POINT('',(13.5382,5.36494246691352,-1.27741769911504));
#13286=VECTOR('',#17534,0.8636);
#13287=AXIS2_PLACEMENT_3D('',#17535,#17536,#17537);
#13288=CARTESIAN_POINT('',(11.8618,4.8768,-0.7874));
#13289=CARTESIAN_POINT('',(10.9982,4.8768,-0.7874));
#13290=CARTESIAN_POINT('',(10.9982,4.8768,-0.7874));
#13291=VECTOR('',#17538,1.0);
#13292=CARTESIAN_POINT('',(11.8618,5.54244881851936,-1.1785150442479));
#13293=AXIS2_PLACEMENT_3D('',#17539,#17540,#17541);
#13294=CARTESIAN_POINT('',(10.9982,5.54244881851936,-1.1785150442479));
#13295=CARTESIAN_POINT('',(10.9982,5.54244881851936,-1.1785150442479));
#13296=VECTOR('',#17542,0.8636);
#13297=AXIS2_PLACEMENT_3D('',#17543,#17544,#17545);
#13298=CARTESIAN_POINT('',(10.9982,6.2738,-4.8186772164236));
#13299=CARTESIAN_POINT('',(11.8618,6.2738,-4.8186772164236));
#13300=CARTESIAN_POINT('',(10.9982,6.2738,-4.8186772164236));
#13301=VECTOR('',#17546,1.0);
#13302=CARTESIAN_POINT('',(10.9982,6.93944881851936,-3.6857922606715));
#13303=AXIS2_PLACEMENT_3D('',#17547,#17548,#17549);
#13304=CARTESIAN_POINT('',(11.8618,6.93944881851936,-3.6857922606715));
#13305=CARTESIAN_POINT('',(10.9982,6.93944881851936,-3.6857922606715));
#13306=VECTOR('',#17550,0.8636);
#13307=AXIS2_PLACEMENT_3D('',#17551,#17552,#17553);
#13308=CARTESIAN_POINT('',(11.8618,6.2738,-4.6154772164236));
#13309=CARTESIAN_POINT('',(10.9982,6.2738,-4.6154772164236));
#13310=CARTESIAN_POINT('',(10.9982,6.2738,-4.6154772164236));
#13311=VECTOR('',#17554,1.0);
#13312=CARTESIAN_POINT('',(11.8618,6.76194246691352,-3.78469491554042));
#13313=AXIS2_PLACEMENT_3D('',#17555,#17556,#17557);
#13314=CARTESIAN_POINT('',(10.9982,6.76194246691352,-3.78469491554042));
#13315=CARTESIAN_POINT('',(10.9982,6.76194246691352,-3.78469491554042));
#13316=VECTOR('',#17558,0.8636);
#13317=AXIS2_PLACEMENT_3D('',#17559,#17560,#17561);
#13318=CARTESIAN_POINT('',(10.9982,4.8768,-0.9906));
#13319=CARTESIAN_POINT('',(11.8618,4.8768,-0.9906));
#13320=CARTESIAN_POINT('',(10.9982,4.8768,-0.9906));
#13321=VECTOR('',#17562,1.0);
#13322=CARTESIAN_POINT('',(10.9982,5.36494246691352,-1.27741769911504));
#13323=AXIS2_PLACEMENT_3D('',#17563,#17564,#17565);
#13324=CARTESIAN_POINT('',(11.8618,5.36494246691352,-1.27741769911504));
#13325=CARTESIAN_POINT('',(10.9982,5.36494246691352,-1.27741769911504));
#13326=VECTOR('',#17566,0.8636);
#13327=AXIS2_PLACEMENT_3D('',#17567,#17568,#17569);
#13328=CARTESIAN_POINT('',(9.3218,4.8768,-0.7874));
#13329=CARTESIAN_POINT('',(8.4582,4.8768,-0.7874));
#13330=CARTESIAN_POINT('',(8.4582,4.8768,-0.7874));
#13331=VECTOR('',#17570,1.0);
#13332=CARTESIAN_POINT('',(9.3218,5.54244881851936,-1.1785150442479));
#13333=AXIS2_PLACEMENT_3D('',#17571,#17572,#17573);
#13334=CARTESIAN_POINT('',(8.4582,5.54244881851936,-1.1785150442479));
#13335=CARTESIAN_POINT('',(8.4582,5.54244881851936,-1.1785150442479));
#13336=VECTOR('',#17574,0.8636);
#13337=AXIS2_PLACEMENT_3D('',#17575,#17576,#17577);
#13338=CARTESIAN_POINT('',(8.4582,6.2738,-4.8186772164236));
#13339=CARTESIAN_POINT('',(9.3218,6.2738,-4.8186772164236));
#13340=CARTESIAN_POINT('',(8.4582,6.2738,-4.8186772164236));
#13341=VECTOR('',#17578,1.0);
#13342=CARTESIAN_POINT('',(8.4582,6.93944881851936,-3.6857922606715));
#13343=AXIS2_PLACEMENT_3D('',#17579,#17580,#17581);
#13344=CARTESIAN_POINT('',(9.3218,6.93944881851936,-3.6857922606715));
#13345=CARTESIAN_POINT('',(8.4582,6.93944881851936,-3.6857922606715));
#13346=VECTOR('',#17582,0.8636);
#13347=AXIS2_PLACEMENT_3D('',#17583,#17584,#17585);
#13348=CARTESIAN_POINT('',(9.3218,6.2738,-4.6154772164236));
#13349=CARTESIAN_POINT('',(8.4582,6.2738,-4.6154772164236));
#13350=CARTESIAN_POINT('',(8.4582,6.2738,-4.6154772164236));
#13351=VECTOR('',#17586,1.0);
#13352=CARTESIAN_POINT('',(9.3218,6.76194246691352,-3.78469491554042));
#13353=AXIS2_PLACEMENT_3D('',#17587,#17588,#17589);
#13354=CARTESIAN_POINT('',(8.4582,6.76194246691352,-3.78469491554042));
#13355=CARTESIAN_POINT('',(8.4582,6.76194246691352,-3.78469491554042));
#13356=VECTOR('',#17590,0.8636);
#13357=AXIS2_PLACEMENT_3D('',#17591,#17592,#17593);
#13358=CARTESIAN_POINT('',(8.4582,4.8768,-0.9906));
#13359=CARTESIAN_POINT('',(9.3218,4.8768,-0.9906));
#13360=CARTESIAN_POINT('',(8.4582,4.8768,-0.9906));
#13361=VECTOR('',#17594,1.0);
#13362=CARTESIAN_POINT('',(8.4582,5.36494246691352,-1.27741769911504));
#13363=AXIS2_PLACEMENT_3D('',#17595,#17596,#17597);
#13364=CARTESIAN_POINT('',(9.3218,5.36494246691352,-1.27741769911504));
#13365=CARTESIAN_POINT('',(8.4582,5.36494246691352,-1.27741769911504));
#13366=VECTOR('',#17598,0.8636);
#13367=AXIS2_PLACEMENT_3D('',#17599,#17600,#17601);
#13368=CARTESIAN_POINT('',(6.7818,4.8768,-0.7874));
#13369=CARTESIAN_POINT('',(5.9182,4.8768,-0.7874));
#13370=CARTESIAN_POINT('',(5.9182,4.8768,-0.7874));
#13371=VECTOR('',#17602,1.0);
#13372=CARTESIAN_POINT('',(6.7818,5.54244881851936,-1.1785150442479));
#13373=AXIS2_PLACEMENT_3D('',#17603,#17604,#17605);
#13374=CARTESIAN_POINT('',(5.9182,5.54244881851936,-1.1785150442479));
#13375=CARTESIAN_POINT('',(5.9182,5.54244881851936,-1.1785150442479));
#13376=VECTOR('',#17606,0.8636);
#13377=AXIS2_PLACEMENT_3D('',#17607,#17608,#17609);
#13378=CARTESIAN_POINT('',(5.9182,6.2738,-4.8186772164236));
#13379=CARTESIAN_POINT('',(6.7818,6.2738,-4.8186772164236));
#13380=CARTESIAN_POINT('',(5.9182,6.2738,-4.8186772164236));
#13381=VECTOR('',#17610,1.0);
#13382=CARTESIAN_POINT('',(5.9182,6.93944881851936,-3.6857922606715));
#13383=AXIS2_PLACEMENT_3D('',#17611,#17612,#17613);
#13384=CARTESIAN_POINT('',(6.7818,6.93944881851936,-3.6857922606715));
#13385=CARTESIAN_POINT('',(5.9182,6.93944881851936,-3.6857922606715));
#13386=VECTOR('',#17614,0.8636);
#13387=AXIS2_PLACEMENT_3D('',#17615,#17616,#17617);
#13388=CARTESIAN_POINT('',(6.7818,6.2738,-4.6154772164236));
#13389=CARTESIAN_POINT('',(5.9182,6.2738,-4.6154772164236));
#13390=CARTESIAN_POINT('',(5.9182,6.2738,-4.6154772164236));
#13391=VECTOR('',#17618,1.0);
#13392=CARTESIAN_POINT('',(6.7818,6.76194246691352,-3.78469491554042));
#13393=AXIS2_PLACEMENT_3D('',#17619,#17620,#17621);
#13394=CARTESIAN_POINT('',(5.9182,6.76194246691352,-3.78469491554042));
#13395=CARTESIAN_POINT('',(5.9182,6.76194246691352,-3.78469491554042));
#13396=VECTOR('',#17622,0.8636);
#13397=AXIS2_PLACEMENT_3D('',#17623,#17624,#17625);
#13398=CARTESIAN_POINT('',(5.9182,4.8768,-0.9906));
#13399=CARTESIAN_POINT('',(6.7818,4.8768,-0.9906));
#13400=CARTESIAN_POINT('',(5.9182,4.8768,-0.9906));
#13401=VECTOR('',#17626,1.0);
#13402=CARTESIAN_POINT('',(5.9182,5.36494246691352,-1.27741769911504));
#13403=AXIS2_PLACEMENT_3D('',#17627,#17628,#17629);
#13404=CARTESIAN_POINT('',(6.7818,5.36494246691352,-1.27741769911504));
#13405=CARTESIAN_POINT('',(5.9182,5.36494246691352,-1.27741769911504));
#13406=VECTOR('',#17630,0.8636);
#13407=AXIS2_PLACEMENT_3D('',#17631,#17632,#17633);
#13408=CARTESIAN_POINT('',(4.2418,4.8768,-0.7874));
#13409=CARTESIAN_POINT('',(3.3782,4.8768,-0.7874));
#13410=CARTESIAN_POINT('',(3.3782,4.8768,-0.7874));
#13411=VECTOR('',#17634,1.0);
#13412=CARTESIAN_POINT('',(4.2418,5.54244881851936,-1.1785150442479));
#13413=AXIS2_PLACEMENT_3D('',#17635,#17636,#17637);
#13414=CARTESIAN_POINT('',(3.3782,5.54244881851936,-1.1785150442479));
#13415=CARTESIAN_POINT('',(3.3782,5.54244881851936,-1.1785150442479));
#13416=VECTOR('',#17638,0.8636);
#13417=AXIS2_PLACEMENT_3D('',#17639,#17640,#17641);
#13418=CARTESIAN_POINT('',(3.3782,6.2738,-4.8186772164236));
#13419=CARTESIAN_POINT('',(4.2418,6.2738,-4.8186772164236));
#13420=CARTESIAN_POINT('',(3.3782,6.2738,-4.8186772164236));
#13421=VECTOR('',#17642,1.0);
#13422=CARTESIAN_POINT('',(3.3782,6.93944881851936,-3.6857922606715));
#13423=AXIS2_PLACEMENT_3D('',#17643,#17644,#17645);
#13424=CARTESIAN_POINT('',(4.2418,6.93944881851936,-3.6857922606715));
#13425=CARTESIAN_POINT('',(3.3782,6.93944881851936,-3.6857922606715));
#13426=VECTOR('',#17646,0.8636);
#13427=AXIS2_PLACEMENT_3D('',#17647,#17648,#17649);
#13428=CARTESIAN_POINT('',(4.2418,6.2738,-4.6154772164236));
#13429=CARTESIAN_POINT('',(3.3782,6.2738,-4.6154772164236));
#13430=CARTESIAN_POINT('',(3.3782,6.2738,-4.6154772164236));
#13431=VECTOR('',#17650,1.0);
#13432=CARTESIAN_POINT('',(4.2418,6.76194246691352,-3.78469491554042));
#13433=AXIS2_PLACEMENT_3D('',#17651,#17652,#17653);
#13434=CARTESIAN_POINT('',(3.3782,6.76194246691352,-3.78469491554042));
#13435=CARTESIAN_POINT('',(3.3782,6.76194246691352,-3.78469491554042));
#13436=VECTOR('',#17654,0.8636);
#13437=AXIS2_PLACEMENT_3D('',#17655,#17656,#17657);
#13438=CARTESIAN_POINT('',(3.3782,4.8768,-0.9906));
#13439=CARTESIAN_POINT('',(4.2418,4.8768,-0.9906));
#13440=CARTESIAN_POINT('',(3.3782,4.8768,-0.9906));
#13441=VECTOR('',#17658,1.0);
#13442=CARTESIAN_POINT('',(3.3782,5.36494246691352,-1.27741769911504));
#13443=AXIS2_PLACEMENT_3D('',#17659,#17660,#17661);
#13444=CARTESIAN_POINT('',(4.2418,5.36494246691352,-1.27741769911504));
#13445=CARTESIAN_POINT('',(3.3782,5.36494246691352,-1.27741769911504));
#13446=VECTOR('',#17662,0.8636);
#13447=AXIS2_PLACEMENT_3D('',#17663,#17664,#17665);
#13448=CARTESIAN_POINT('',(1.7018,4.8768,-0.7874));
#13449=CARTESIAN_POINT('',(0.8382,4.8768,-0.7874));
#13450=CARTESIAN_POINT('',(0.8382,4.8768,-0.7874));
#13451=VECTOR('',#17666,1.0);
#13452=CARTESIAN_POINT('',(1.7018,5.54244881851936,-1.1785150442479));
#13453=AXIS2_PLACEMENT_3D('',#17667,#17668,#17669);
#13454=CARTESIAN_POINT('',(0.8382,5.54244881851936,-1.1785150442479));
#13455=CARTESIAN_POINT('',(0.8382,5.54244881851936,-1.1785150442479));
#13456=VECTOR('',#17670,0.8636);
#13457=AXIS2_PLACEMENT_3D('',#17671,#17672,#17673);
#13458=CARTESIAN_POINT('',(0.8382,6.2738,-4.8186772164236));
#13459=CARTESIAN_POINT('',(1.7018,6.2738,-4.8186772164236));
#13460=CARTESIAN_POINT('',(0.8382,6.2738,-4.8186772164236));
#13461=VECTOR('',#17674,1.0);
#13462=CARTESIAN_POINT('',(0.8382,6.93944881851936,-3.6857922606715));
#13463=AXIS2_PLACEMENT_3D('',#17675,#17676,#17677);
#13464=CARTESIAN_POINT('',(1.7018,6.93944881851936,-3.6857922606715));
#13465=CARTESIAN_POINT('',(0.8382,6.93944881851936,-3.6857922606715));
#13466=VECTOR('',#17678,0.8636);
#13467=AXIS2_PLACEMENT_3D('',#17679,#17680,#17681);
#13468=CARTESIAN_POINT('',(1.7018,6.2738,-4.6154772164236));
#13469=CARTESIAN_POINT('',(0.8382,6.2738,-4.6154772164236));
#13470=CARTESIAN_POINT('',(0.8382,6.2738,-4.6154772164236));
#13471=VECTOR('',#17682,1.0);
#13472=CARTESIAN_POINT('',(1.7018,6.76194246691352,-3.78469491554042));
#13473=AXIS2_PLACEMENT_3D('',#17683,#17684,#17685);
#13474=CARTESIAN_POINT('',(0.8382,6.76194246691352,-3.78469491554042));
#13475=CARTESIAN_POINT('',(0.8382,6.76194246691352,-3.78469491554042));
#13476=VECTOR('',#17686,0.8636);
#13477=AXIS2_PLACEMENT_3D('',#17687,#17688,#17689);
#13478=CARTESIAN_POINT('',(0.8382,4.8768,-0.9906));
#13479=CARTESIAN_POINT('',(1.7018,4.8768,-0.9906));
#13480=CARTESIAN_POINT('',(0.8382,4.8768,-0.9906));
#13481=VECTOR('',#17690,1.0);
#13482=CARTESIAN_POINT('',(0.8382,5.36494246691352,-1.27741769911504));
#13483=AXIS2_PLACEMENT_3D('',#17691,#17692,#17693);
#13484=CARTESIAN_POINT('',(1.7018,5.36494246691352,-1.27741769911504));
#13485=CARTESIAN_POINT('',(0.8382,5.36494246691352,-1.27741769911504));
#13486=VECTOR('',#17694,0.8636);
#13487=AXIS2_PLACEMENT_3D('',#17695,#17696,#17697);
#13488=CARTESIAN_POINT('',(-0.8382,4.8768,-0.7874));
#13489=CARTESIAN_POINT('',(-1.7018,4.8768,-0.7874));
#13490=CARTESIAN_POINT('',(-1.7018,4.8768,-0.7874));
#13491=VECTOR('',#17698,1.0);
#13492=CARTESIAN_POINT('',(-0.8382,5.54244881851936,-1.1785150442479));
#13493=AXIS2_PLACEMENT_3D('',#17699,#17700,#17701);
#13494=CARTESIAN_POINT('',(-1.7018,5.54244881851936,-1.1785150442479));
#13495=CARTESIAN_POINT('',(-1.7018,5.54244881851936,-1.1785150442479));
#13496=VECTOR('',#17702,0.8636);
#13497=AXIS2_PLACEMENT_3D('',#17703,#17704,#17705);
#13498=CARTESIAN_POINT('',(-1.7018,6.2738,-4.8186772164236));
#13499=CARTESIAN_POINT('',(-0.8382,6.2738,-4.8186772164236));
#13500=CARTESIAN_POINT('',(-1.7018,6.2738,-4.8186772164236));
#13501=VECTOR('',#17706,1.0);
#13502=CARTESIAN_POINT('',(-1.7018,6.93944881851936,-3.6857922606715));
#13503=AXIS2_PLACEMENT_3D('',#17707,#17708,#17709);
#13504=CARTESIAN_POINT('',(-0.8382,6.93944881851936,-3.6857922606715));
#13505=CARTESIAN_POINT('',(-1.7018,6.93944881851936,-3.6857922606715));
#13506=VECTOR('',#17710,0.8636);
#13507=AXIS2_PLACEMENT_3D('',#17711,#17712,#17713);
#13508=CARTESIAN_POINT('',(-0.8382,6.2738,-4.6154772164236));
#13509=CARTESIAN_POINT('',(-1.7018,6.2738,-4.6154772164236));
#13510=CARTESIAN_POINT('',(-1.7018,6.2738,-4.6154772164236));
#13511=VECTOR('',#17714,1.0);
#13512=CARTESIAN_POINT('',(-0.8382,6.76194246691352,-3.78469491554042));
#13513=AXIS2_PLACEMENT_3D('',#17715,#17716,#17717);
#13514=CARTESIAN_POINT('',(-1.7018,6.76194246691352,-3.78469491554042));
#13515=CARTESIAN_POINT('',(-1.7018,6.76194246691352,-3.78469491554042));
#13516=VECTOR('',#17718,0.8636);
#13517=AXIS2_PLACEMENT_3D('',#17719,#17720,#17721);
#13518=CARTESIAN_POINT('',(-1.7018,4.8768,-0.9906));
#13519=CARTESIAN_POINT('',(-0.8382,4.8768,-0.9906));
#13520=CARTESIAN_POINT('',(-1.7018,4.8768,-0.9906));
#13521=VECTOR('',#17722,1.0);
#13522=CARTESIAN_POINT('',(-1.7018,5.36494246691352,-1.27741769911504));
#13523=AXIS2_PLACEMENT_3D('',#17723,#17724,#17725);
#13524=CARTESIAN_POINT('',(-0.8382,5.36494246691352,-1.27741769911504));
#13525=CARTESIAN_POINT('',(-1.7018,5.36494246691352,-1.27741769911504));
#13526=VECTOR('',#17726,0.8636);
#13527=AXIS2_PLACEMENT_3D('',#17727,#17728,#17729);
#13528=CARTESIAN_POINT('',(-3.3782,4.8768,-0.7874));
#13529=CARTESIAN_POINT('',(-4.2418,4.8768,-0.7874));
#13530=CARTESIAN_POINT('',(-4.2418,4.8768,-0.7874));
#13531=VECTOR('',#17730,1.0);
#13532=CARTESIAN_POINT('',(-3.3782,5.54244881851936,-1.1785150442479));
#13533=AXIS2_PLACEMENT_3D('',#17731,#17732,#17733);
#13534=CARTESIAN_POINT('',(-4.2418,5.54244881851936,-1.1785150442479));
#13535=CARTESIAN_POINT('',(-4.2418,5.54244881851936,-1.1785150442479));
#13536=VECTOR('',#17734,0.8636);
#13537=AXIS2_PLACEMENT_3D('',#17735,#17736,#17737);
#13538=CARTESIAN_POINT('',(-4.2418,6.2738,-4.8186772164236));
#13539=CARTESIAN_POINT('',(-3.3782,6.2738,-4.8186772164236));
#13540=CARTESIAN_POINT('',(-4.2418,6.2738,-4.8186772164236));
#13541=VECTOR('',#17738,1.0);
#13542=CARTESIAN_POINT('',(-4.2418,6.93944881851936,-3.6857922606715));
#13543=AXIS2_PLACEMENT_3D('',#17739,#17740,#17741);
#13544=CARTESIAN_POINT('',(-3.3782,6.93944881851936,-3.6857922606715));
#13545=CARTESIAN_POINT('',(-4.2418,6.93944881851936,-3.6857922606715));
#13546=VECTOR('',#17742,0.8636);
#13547=AXIS2_PLACEMENT_3D('',#17743,#17744,#17745);
#13548=CARTESIAN_POINT('',(-3.3782,6.2738,-4.6154772164236));
#13549=CARTESIAN_POINT('',(-4.2418,6.2738,-4.6154772164236));
#13550=CARTESIAN_POINT('',(-4.2418,6.2738,-4.6154772164236));
#13551=VECTOR('',#17746,1.0);
#13552=CARTESIAN_POINT('',(-3.3782,6.76194246691352,-3.78469491554042));
#13553=AXIS2_PLACEMENT_3D('',#17747,#17748,#17749);
#13554=CARTESIAN_POINT('',(-4.2418,6.76194246691352,-3.78469491554042));
#13555=CARTESIAN_POINT('',(-4.2418,6.76194246691352,-3.78469491554042));
#13556=VECTOR('',#17750,0.8636);
#13557=AXIS2_PLACEMENT_3D('',#17751,#17752,#17753);
#13558=CARTESIAN_POINT('',(-4.2418,4.8768,-0.9906));
#13559=CARTESIAN_POINT('',(-3.3782,4.8768,-0.9906));
#13560=CARTESIAN_POINT('',(-4.2418,4.8768,-0.9906));
#13561=VECTOR('',#17754,1.0);
#13562=CARTESIAN_POINT('',(-4.2418,5.36494246691352,-1.27741769911504));
#13563=AXIS2_PLACEMENT_3D('',#17755,#17756,#17757);
#13564=CARTESIAN_POINT('',(-3.3782,5.36494246691352,-1.27741769911504));
#13565=CARTESIAN_POINT('',(-4.2418,5.36494246691352,-1.27741769911504));
#13566=VECTOR('',#17758,0.8636);
#13567=AXIS2_PLACEMENT_3D('',#17759,#17760,#17761);
#13568=CARTESIAN_POINT('',(-5.9182,4.8768,-0.7874));
#13569=CARTESIAN_POINT('',(-6.7818,4.8768,-0.7874));
#13570=CARTESIAN_POINT('',(-6.7818,4.8768,-0.7874));
#13571=VECTOR('',#17762,1.0);
#13572=CARTESIAN_POINT('',(-5.9182,5.54244881851936,-1.1785150442479));
#13573=AXIS2_PLACEMENT_3D('',#17763,#17764,#17765);
#13574=CARTESIAN_POINT('',(-6.7818,5.54244881851936,-1.1785150442479));
#13575=CARTESIAN_POINT('',(-6.7818,5.54244881851936,-1.1785150442479));
#13576=VECTOR('',#17766,0.8636);
#13577=AXIS2_PLACEMENT_3D('',#17767,#17768,#17769);
#13578=CARTESIAN_POINT('',(-6.7818,6.2738,-4.8186772164236));
#13579=CARTESIAN_POINT('',(-5.9182,6.2738,-4.8186772164236));
#13580=CARTESIAN_POINT('',(-6.7818,6.2738,-4.8186772164236));
#13581=VECTOR('',#17770,1.0);
#13582=CARTESIAN_POINT('',(-6.7818,6.93944881851936,-3.6857922606715));
#13583=AXIS2_PLACEMENT_3D('',#17771,#17772,#17773);
#13584=CARTESIAN_POINT('',(-5.9182,6.93944881851936,-3.6857922606715));
#13585=CARTESIAN_POINT('',(-6.7818,6.93944881851936,-3.6857922606715));
#13586=VECTOR('',#17774,0.8636);
#13587=AXIS2_PLACEMENT_3D('',#17775,#17776,#17777);
#13588=CARTESIAN_POINT('',(-5.9182,6.2738,-4.6154772164236));
#13589=CARTESIAN_POINT('',(-6.7818,6.2738,-4.6154772164236));
#13590=CARTESIAN_POINT('',(-6.7818,6.2738,-4.6154772164236));
#13591=VECTOR('',#17778,1.0);
#13592=CARTESIAN_POINT('',(-5.9182,6.76194246691352,-3.78469491554042));
#13593=AXIS2_PLACEMENT_3D('',#17779,#17780,#17781);
#13594=CARTESIAN_POINT('',(-6.7818,6.76194246691352,-3.78469491554042));
#13595=CARTESIAN_POINT('',(-6.7818,6.76194246691352,-3.78469491554042));
#13596=VECTOR('',#17782,0.8636);
#13597=AXIS2_PLACEMENT_3D('',#17783,#17784,#17785);
#13598=CARTESIAN_POINT('',(-6.7818,4.8768,-0.9906));
#13599=CARTESIAN_POINT('',(-5.9182,4.8768,-0.9906));
#13600=CARTESIAN_POINT('',(-6.7818,4.8768,-0.9906));
#13601=VECTOR('',#17786,1.0);
#13602=CARTESIAN_POINT('',(-6.7818,5.36494246691352,-1.27741769911504));
#13603=AXIS2_PLACEMENT_3D('',#17787,#17788,#17789);
#13604=CARTESIAN_POINT('',(-5.9182,5.36494246691352,-1.27741769911504));
#13605=CARTESIAN_POINT('',(-6.7818,5.36494246691352,-1.27741769911504));
#13606=VECTOR('',#17790,0.8636);
#13607=AXIS2_PLACEMENT_3D('',#17791,#17792,#17793);
#13608=CARTESIAN_POINT('',(-8.4582,4.8768,-0.7874));
#13609=CARTESIAN_POINT('',(-9.3218,4.8768,-0.7874));
#13610=CARTESIAN_POINT('',(-9.3218,4.8768,-0.7874));
#13611=VECTOR('',#17794,1.0);
#13612=CARTESIAN_POINT('',(-8.4582,5.54244881851936,-1.1785150442479));
#13613=AXIS2_PLACEMENT_3D('',#17795,#17796,#17797);
#13614=CARTESIAN_POINT('',(-9.3218,5.54244881851936,-1.1785150442479));
#13615=CARTESIAN_POINT('',(-9.3218,5.54244881851936,-1.1785150442479));
#13616=VECTOR('',#17798,0.8636);
#13617=AXIS2_PLACEMENT_3D('',#17799,#17800,#17801);
#13618=CARTESIAN_POINT('',(-9.3218,6.2738,-4.8186772164236));
#13619=CARTESIAN_POINT('',(-8.4582,6.2738,-4.8186772164236));
#13620=CARTESIAN_POINT('',(-9.3218,6.2738,-4.8186772164236));
#13621=VECTOR('',#17802,1.0);
#13622=CARTESIAN_POINT('',(-9.3218,6.93944881851936,-3.6857922606715));
#13623=AXIS2_PLACEMENT_3D('',#17803,#17804,#17805);
#13624=CARTESIAN_POINT('',(-8.4582,6.93944881851936,-3.6857922606715));
#13625=CARTESIAN_POINT('',(-9.3218,6.93944881851936,-3.6857922606715));
#13626=VECTOR('',#17806,0.8636);
#13627=AXIS2_PLACEMENT_3D('',#17807,#17808,#17809);
#13628=CARTESIAN_POINT('',(-8.4582,6.2738,-4.6154772164236));
#13629=CARTESIAN_POINT('',(-9.3218,6.2738,-4.6154772164236));
#13630=CARTESIAN_POINT('',(-9.3218,6.2738,-4.6154772164236));
#13631=VECTOR('',#17810,1.0);
#13632=CARTESIAN_POINT('',(-8.4582,6.76194246691352,-3.78469491554042));
#13633=AXIS2_PLACEMENT_3D('',#17811,#17812,#17813);
#13634=CARTESIAN_POINT('',(-9.3218,6.76194246691352,-3.78469491554042));
#13635=CARTESIAN_POINT('',(-9.3218,6.76194246691352,-3.78469491554042));
#13636=VECTOR('',#17814,0.8636);
#13637=AXIS2_PLACEMENT_3D('',#17815,#17816,#17817);
#13638=CARTESIAN_POINT('',(-9.3218,4.8768,-0.9906));
#13639=CARTESIAN_POINT('',(-8.4582,4.8768,-0.9906));
#13640=CARTESIAN_POINT('',(-9.3218,4.8768,-0.9906));
#13641=VECTOR('',#17818,1.0);
#13642=CARTESIAN_POINT('',(-9.3218,5.36494246691352,-1.27741769911504));
#13643=AXIS2_PLACEMENT_3D('',#17819,#17820,#17821);
#13644=CARTESIAN_POINT('',(-8.4582,5.36494246691352,-1.27741769911504));
#13645=CARTESIAN_POINT('',(-9.3218,5.36494246691352,-1.27741769911504));
#13646=VECTOR('',#17822,0.8636);
#13647=AXIS2_PLACEMENT_3D('',#17823,#17824,#17825);
#13648=CARTESIAN_POINT('',(-10.9982,4.8768,-0.7874));
#13649=CARTESIAN_POINT('',(-11.8618,4.8768,-0.7874));
#13650=CARTESIAN_POINT('',(-11.8618,4.8768,-0.7874));
#13651=VECTOR('',#17826,1.0);
#13652=CARTESIAN_POINT('',(-10.9982,5.54244881851936,-1.1785150442479));
#13653=AXIS2_PLACEMENT_3D('',#17827,#17828,#17829);
#13654=CARTESIAN_POINT('',(-11.8618,5.54244881851936,-1.1785150442479));
#13655=CARTESIAN_POINT('',(-11.8618,5.54244881851936,-1.1785150442479));
#13656=VECTOR('',#17830,0.8636);
#13657=AXIS2_PLACEMENT_3D('',#17831,#17832,#17833);
#13658=CARTESIAN_POINT('',(-11.8618,6.2738,-4.8186772164236));
#13659=CARTESIAN_POINT('',(-10.9982,6.2738,-4.8186772164236));
#13660=CARTESIAN_POINT('',(-11.8618,6.2738,-4.8186772164236));
#13661=VECTOR('',#17834,1.0);
#13662=CARTESIAN_POINT('',(-11.8618,6.93944881851936,-3.6857922606715));
#13663=AXIS2_PLACEMENT_3D('',#17835,#17836,#17837);
#13664=CARTESIAN_POINT('',(-10.9982,6.93944881851936,-3.6857922606715));
#13665=CARTESIAN_POINT('',(-11.8618,6.93944881851936,-3.6857922606715));
#13666=VECTOR('',#17838,0.8636);
#13667=AXIS2_PLACEMENT_3D('',#17839,#17840,#17841);
#13668=CARTESIAN_POINT('',(-10.9982,6.2738,-4.6154772164236));
#13669=CARTESIAN_POINT('',(-11.8618,6.2738,-4.6154772164236));
#13670=CARTESIAN_POINT('',(-11.8618,6.2738,-4.6154772164236));
#13671=VECTOR('',#17842,1.0);
#13672=CARTESIAN_POINT('',(-10.9982,6.76194246691352,-3.78469491554042));
#13673=AXIS2_PLACEMENT_3D('',#17843,#17844,#17845);
#13674=CARTESIAN_POINT('',(-11.8618,6.76194246691352,-3.78469491554042));
#13675=CARTESIAN_POINT('',(-11.8618,6.76194246691352,-3.78469491554042));
#13676=VECTOR('',#17846,0.8636);
#13677=AXIS2_PLACEMENT_3D('',#17847,#17848,#17849);
#13678=CARTESIAN_POINT('',(-11.8618,4.8768,-0.9906));
#13679=CARTESIAN_POINT('',(-10.9982,4.8768,-0.9906));
#13680=CARTESIAN_POINT('',(-11.8618,4.8768,-0.9906));
#13681=VECTOR('',#17850,1.0);
#13682=CARTESIAN_POINT('',(-11.8618,5.36494246691352,-1.27741769911504));
#13683=AXIS2_PLACEMENT_3D('',#17851,#17852,#17853);
#13684=CARTESIAN_POINT('',(-10.9982,5.36494246691352,-1.27741769911504));
#13685=CARTESIAN_POINT('',(-11.8618,5.36494246691352,-1.27741769911504));
#13686=VECTOR('',#17854,0.8636);
#13687=AXIS2_PLACEMENT_3D('',#17855,#17856,#17857);
#13688=CARTESIAN_POINT('',(-13.5382,4.8768,-0.7874));
#13689=CARTESIAN_POINT('',(-14.4018,4.8768,-0.7874));
#13690=CARTESIAN_POINT('',(-14.4018,4.8768,-0.7874));
#13691=VECTOR('',#17858,1.0);
#13692=CARTESIAN_POINT('',(-13.5382,5.54244881851936,-1.1785150442479));
#13693=AXIS2_PLACEMENT_3D('',#17859,#17860,#17861);
#13694=CARTESIAN_POINT('',(-14.4018,5.54244881851936,-1.1785150442479));
#13695=CARTESIAN_POINT('',(-14.4018,5.54244881851936,-1.1785150442479));
#13696=VECTOR('',#17862,0.8636);
#13697=AXIS2_PLACEMENT_3D('',#17863,#17864,#17865);
#13698=CARTESIAN_POINT('',(-14.4018,6.2738,-4.8186772164236));
#13699=CARTESIAN_POINT('',(-13.5382,6.2738,-4.8186772164236));
#13700=CARTESIAN_POINT('',(-14.4018,6.2738,-4.8186772164236));
#13701=VECTOR('',#17866,1.0);
#13702=CARTESIAN_POINT('',(-14.4018,6.93944881851936,-3.6857922606715));
#13703=AXIS2_PLACEMENT_3D('',#17867,#17868,#17869);
#13704=CARTESIAN_POINT('',(-13.5382,6.93944881851936,-3.6857922606715));
#13705=CARTESIAN_POINT('',(-14.4018,6.93944881851936,-3.6857922606715));
#13706=VECTOR('',#17870,0.8636);
#13707=AXIS2_PLACEMENT_3D('',#17871,#17872,#17873);
#13708=CARTESIAN_POINT('',(-13.5382,6.2738,-4.6154772164236));
#13709=CARTESIAN_POINT('',(-14.4018,6.2738,-4.6154772164236));
#13710=CARTESIAN_POINT('',(-14.4018,6.2738,-4.6154772164236));
#13711=VECTOR('',#17874,1.0);
#13712=CARTESIAN_POINT('',(-13.5382,6.76194246691352,-3.78469491554042));
#13713=AXIS2_PLACEMENT_3D('',#17875,#17876,#17877);
#13714=CARTESIAN_POINT('',(-14.4018,6.76194246691352,-3.78469491554042));
#13715=CARTESIAN_POINT('',(-14.4018,6.76194246691352,-3.78469491554042));
#13716=VECTOR('',#17878,0.8636);
#13717=AXIS2_PLACEMENT_3D('',#17879,#17880,#17881);
#13718=CARTESIAN_POINT('',(-14.4018,4.8768,-0.9906));
#13719=CARTESIAN_POINT('',(-13.5382,4.8768,-0.9906));
#13720=CARTESIAN_POINT('',(-14.4018,4.8768,-0.9906));
#13721=VECTOR('',#17882,1.0);
#13722=CARTESIAN_POINT('',(-14.4018,5.36494246691352,-1.27741769911504));
#13723=AXIS2_PLACEMENT_3D('',#17883,#17884,#17885);
#13724=CARTESIAN_POINT('',(-13.5382,5.36494246691352,-1.27741769911504));
#13725=CARTESIAN_POINT('',(-14.4018,5.36494246691352,-1.27741769911504));
#13726=VECTOR('',#17886,0.8636);
#13727=AXIS2_PLACEMENT_3D('',#17887,#17888,#17889);
#13728=CARTESIAN_POINT('',(-15.1892,7.7978,0.0));
#13729=CARTESIAN_POINT('',(-15.1892,0.0,0.0));
#13730=CARTESIAN_POINT('',(-15.1892,7.7978,0.0));
#13731=VECTOR('',#17890,7.7978);
#13732=CARTESIAN_POINT('',(-15.1892,7.7978,-6.096));
#13733=CARTESIAN_POINT('',(-15.1892,7.7978,-6.096));
#13734=VECTOR('',#17891,6.096);
#13735=CARTESIAN_POINT('',(-15.1892,7.0358,-6.096));
#13736=CARTESIAN_POINT('',(-15.1892,7.0358,-6.096));
#13737=VECTOR('',#17892,0.762);
#13738=CARTESIAN_POINT('',(-15.1892,7.0358,-7.874));
#13739=CARTESIAN_POINT('',(-15.1892,7.0358,-7.874));
#13740=VECTOR('',#17893,1.778);
#13741=CARTESIAN_POINT('',(-15.1892,3.0988,-7.874));
#13742=CARTESIAN_POINT('',(-15.1892,3.0988,-7.874));
#13743=VECTOR('',#17894,3.937);
#13744=CARTESIAN_POINT('',(-15.1892,3.0988,-1.778));
#13745=CARTESIAN_POINT('',(-15.1892,3.0988,-1.778));
#13746=VECTOR('',#17895,6.096);
#13747=CARTESIAN_POINT('',(-15.1892,1.524,-1.778));
#13748=CARTESIAN_POINT('',(-15.1892,1.524,-1.778));
#13749=VECTOR('',#17896,1.5748);
#13750=CARTESIAN_POINT('',(-15.1892,1.524,-2.12461987957496));
#13751=CARTESIAN_POINT('',(-15.1892,1.524,-2.12461987957496));
#13752=VECTOR('',#17897,0.346619879574958);
#13753=CARTESIAN_POINT('',(-15.1892,1.45857858104808,-2.43352484946863));
#13754=AXIS2_PLACEMENT_3D('',#17898,#17899,#17900);
#13755=CARTESIAN_POINT('',(-15.1892,0.0,-4.11673163643898));
#13756=AXIS2_PLACEMENT_3D('',#17901,#17902,#17903);
#13757=CARTESIAN_POINT('',(-15.1892,0.0,0.0));
#13758=VECTOR('',#17904,4.11673163643898);
#13759=CARTESIAN_POINT('',(14.4272,0.0,-4.11673163643898));
#13760=CARTESIAN_POINT('',(15.1892,0.0,-4.11673163643898));
#13761=CARTESIAN_POINT('',(14.4272,0.0,-4.11673163643898));
#13762=VECTOR('',#17905,0.762);
#13763=CARTESIAN_POINT('',(15.1892,0.0,0.0));
#13764=CARTESIAN_POINT('',(15.1892,0.0,0.0));
#13765=VECTOR('',#17906,4.11673163643898);
#13766=CARTESIAN_POINT('',(14.4272,0.0,0.0));
#13767=CARTESIAN_POINT('',(14.4272,0.0,0.0));
#13768=VECTOR('',#17907,0.762);
#13769=CARTESIAN_POINT('',(14.4272,0.0,0.0));
#13770=VECTOR('',#17908,4.11673163643898);
#13771=CARTESIAN_POINT('',(-14.4272,0.0,0.0));
#13772=CARTESIAN_POINT('',(-15.1892,0.0,0.0));
#13773=VECTOR('',#17909,0.762);
#13774=CARTESIAN_POINT('',(-14.4272,0.0,-4.11673163643898));
#13775=CARTESIAN_POINT('',(-15.1892,0.0,-4.11673163643898));
#13776=VECTOR('',#17910,0.762);
#13777=CARTESIAN_POINT('',(-14.4272,0.0,0.0));
#13778=VECTOR('',#17911,4.11673163643898);
#13779=CARTESIAN_POINT('',(14.4272,3.0988,0.0));
#13780=CARTESIAN_POINT('',(14.4272,0.0,0.0));
#13781=VECTOR('',#17912,3.0988);
#13782=CARTESIAN_POINT('',(14.4272,3.0988,-1.778));
#13783=CARTESIAN_POINT('',(14.4272,3.0988,0.0));
#13784=VECTOR('',#17913,1.778);
#13785=CARTESIAN_POINT('',(14.4272,1.524,-1.778));
#13786=CARTESIAN_POINT('',(14.4272,1.524,-1.778));
#13787=VECTOR('',#17914,1.5748);
#13788=CARTESIAN_POINT('',(14.4272,1.524,-2.12461987957496));
#13789=CARTESIAN_POINT('',(14.4272,1.524,-2.12461987957496));
#13790=VECTOR('',#17915,0.346619879574958);
#13791=CARTESIAN_POINT('',(14.4272,1.45857858104808,-2.43352484946863));
#13792=AXIS2_PLACEMENT_3D('',#17916,#17917,#17918);
#13793=AXIS2_PLACEMENT_3D('',#17919,#17920,#17921);
#13794=CARTESIAN_POINT('',(15.1892,1.45857858104808,-2.43352484946863));
#13795=CARTESIAN_POINT('',(14.4272,1.45857858104808,-2.43352484946863));
#13796=VECTOR('',#17922,0.762);
#13797=AXIS2_PLACEMENT_3D('',#17923,#17924,#17925);
#13798=CARTESIAN_POINT('',(-14.4272,1.45857858104808,-2.43352484946863));
#13799=CARTESIAN_POINT('',(-15.1892,1.45857858104808,-2.43352484946863));
#13800=VECTOR('',#17926,0.762);
#13801=AXIS2_PLACEMENT_3D('',#17927,#17928,#17929);
#13802=CARTESIAN_POINT('',(15.1892,1.524,-2.12461987957496));
#13803=AXIS2_PLACEMENT_3D('',#17930,#17931,#17932);
#13804=CARTESIAN_POINT('',(15.1892,1.524,-1.778));
#13805=CARTESIAN_POINT('',(15.1892,1.524,-2.12461987957496));
#13806=VECTOR('',#17933,0.346619879574958);
#13807=CARTESIAN_POINT('',(15.1892,3.0988,-1.778));
#13808=CARTESIAN_POINT('',(15.1892,1.524,-1.778));
#13809=VECTOR('',#17934,1.5748);
#13810=CARTESIAN_POINT('',(15.1892,3.0988,-7.874));
#13811=CARTESIAN_POINT('',(15.1892,3.0988,-1.778));
#13812=VECTOR('',#17935,6.096);
#13813=CARTESIAN_POINT('',(15.1892,7.0358,-7.874));
#13814=CARTESIAN_POINT('',(15.1892,3.0988,-7.874));
#13815=VECTOR('',#17936,3.937);
#13816=CARTESIAN_POINT('',(15.1892,7.0358,-6.096));
#13817=CARTESIAN_POINT('',(15.1892,7.0358,-7.874));
#13818=VECTOR('',#17937,1.778);
#13819=CARTESIAN_POINT('',(15.1892,7.7978,-6.096));
#13820=CARTESIAN_POINT('',(15.1892,7.0358,-6.096));
#13821=VECTOR('',#17938,0.762);
#13822=CARTESIAN_POINT('',(15.1892,7.7978,0.0));
#13823=CARTESIAN_POINT('',(15.1892,7.7978,-6.096));
#13824=VECTOR('',#17939,6.096);
#13825=CARTESIAN_POINT('',(15.1892,7.7978,0.0));
#13826=VECTOR('',#17940,7.7978);
#13827=CARTESIAN_POINT('',(-15.1892,7.7978,0.0));
#13828=VECTOR('',#17941,30.3784);
#13829=CARTESIAN_POINT('',(-14.4272,3.0988,0.0));
#13830=CARTESIAN_POINT('',(-14.4272,0.0,0.0));
#13831=VECTOR('',#17942,3.0988);
#13832=CARTESIAN_POINT('',(-14.4272,3.0988,0.0));
#13833=VECTOR('',#17943,28.8544);
#13834=CARTESIAN_POINT('',(-13.0175,7.4168,0.0));
#13835=CARTESIAN_POINT('',(-14.9225,7.4168,0.0));
#13836=CARTESIAN_POINT('',(-13.0175,7.4168,0.0));
#13837=VECTOR('',#17944,1.905);
#13838=CARTESIAN_POINT('',(-13.0175,5.2832,0.0));
#13839=CARTESIAN_POINT('',(-13.0175,5.2832,0.0));
#13840=VECTOR('',#17945,2.13359999999975);
#13841=CARTESIAN_POINT('',(-14.9225,5.2832,0.0));
#13842=CARTESIAN_POINT('',(-14.9225,5.2832,0.0));
#13843=VECTOR('',#17946,1.905);
#13844=CARTESIAN_POINT('',(-14.9225,7.4168,0.0));
#13845=VECTOR('',#17947,2.13359999999975);
#13846=CARTESIAN_POINT('',(-10.4775,7.4168,0.0));
#13847=CARTESIAN_POINT('',(-12.3825,7.4168,0.0));
#13848=CARTESIAN_POINT('',(-10.4775,7.4168,0.0));
#13849=VECTOR('',#17948,1.905);
#13850=CARTESIAN_POINT('',(-10.4775,5.2832,0.0));
#13851=CARTESIAN_POINT('',(-10.4775,5.2832,0.0));
#13852=VECTOR('',#17949,2.13359999999975);
#13853=CARTESIAN_POINT('',(-12.3825,5.2832,0.0));
#13854=CARTESIAN_POINT('',(-12.3825,5.2832,0.0));
#13855=VECTOR('',#17950,1.905);
#13856=CARTESIAN_POINT('',(-12.3825,7.4168,0.0));
#13857=VECTOR('',#17951,2.13359999999975);
#13858=CARTESIAN_POINT('',(-7.9375,7.4168,0.0));
#13859=CARTESIAN_POINT('',(-9.8425,7.4168,0.0));
#13860=CARTESIAN_POINT('',(-7.9375,7.4168,0.0));
#13861=VECTOR('',#17952,1.905);
#13862=CARTESIAN_POINT('',(-7.9375,5.2832,0.0));
#13863=CARTESIAN_POINT('',(-7.9375,5.2832,0.0));
#13864=VECTOR('',#17953,2.13359999999975);
#13865=CARTESIAN_POINT('',(-9.8425,5.2832,0.0));
#13866=CARTESIAN_POINT('',(-9.8425,5.2832,0.0));
#13867=VECTOR('',#17954,1.905);
#13868=CARTESIAN_POINT('',(-9.8425,7.4168,0.0));
#13869=VECTOR('',#17955,2.13359999999975);
#13870=CARTESIAN_POINT('',(-5.3975,7.4168,0.0));
#13871=CARTESIAN_POINT('',(-7.3025,7.4168,0.0));
#13872=CARTESIAN_POINT('',(-5.3975,7.4168,0.0));
#13873=VECTOR('',#17956,1.905);
#13874=CARTESIAN_POINT('',(-5.3975,5.2832,0.0));
#13875=CARTESIAN_POINT('',(-5.3975,5.2832,0.0));
#13876=VECTOR('',#17957,2.13359999999975);
#13877=CARTESIAN_POINT('',(-7.3025,5.2832,0.0));
#13878=CARTESIAN_POINT('',(-7.3025,5.2832,0.0));
#13879=VECTOR('',#17958,1.905);
#13880=CARTESIAN_POINT('',(-7.3025,7.4168,0.0));
#13881=VECTOR('',#17959,2.13359999999975);
#13882=CARTESIAN_POINT('',(-2.8575,7.4168,0.0));
#13883=CARTESIAN_POINT('',(-4.7625,7.4168,0.0));
#13884=CARTESIAN_POINT('',(-2.8575,7.4168,0.0));
#13885=VECTOR('',#17960,1.905);
#13886=CARTESIAN_POINT('',(-2.8575,5.2832,0.0));
#13887=CARTESIAN_POINT('',(-2.8575,5.2832,0.0));
#13888=VECTOR('',#17961,2.13359999999975);
#13889=CARTESIAN_POINT('',(-4.7625,5.2832,0.0));
#13890=CARTESIAN_POINT('',(-4.7625,5.2832,0.0));
#13891=VECTOR('',#17962,1.905);
#13892=CARTESIAN_POINT('',(-4.7625,7.4168,0.0));
#13893=VECTOR('',#17963,2.13359999999975);
#13894=CARTESIAN_POINT('',(-0.3175,7.4168,0.0));
#13895=CARTESIAN_POINT('',(-2.2225,7.4168,0.0));
#13896=CARTESIAN_POINT('',(-0.3175,7.4168,0.0));
#13897=VECTOR('',#17964,1.905);
#13898=CARTESIAN_POINT('',(-0.3175,5.2832,0.0));
#13899=CARTESIAN_POINT('',(-0.3175,5.2832,0.0));
#13900=VECTOR('',#17965,2.13359999999975);
#13901=CARTESIAN_POINT('',(-2.2225,5.2832,0.0));
#13902=CARTESIAN_POINT('',(-2.2225,5.2832,0.0));
#13903=VECTOR('',#17966,1.905);
#13904=CARTESIAN_POINT('',(-2.2225,7.4168,0.0));
#13905=VECTOR('',#17967,2.13359999999975);
#13906=CARTESIAN_POINT('',(2.2225,7.4168,0.0));
#13907=CARTESIAN_POINT('',(0.3175,7.4168,0.0));
#13908=CARTESIAN_POINT('',(2.2225,7.4168,0.0));
#13909=VECTOR('',#17968,1.905);
#13910=CARTESIAN_POINT('',(2.2225,5.2832,0.0));
#13911=CARTESIAN_POINT('',(2.2225,5.2832,0.0));
#13912=VECTOR('',#17969,2.13359999999975);
#13913=CARTESIAN_POINT('',(0.3175,5.2832,0.0));
#13914=CARTESIAN_POINT('',(0.3175,5.2832,0.0));
#13915=VECTOR('',#17970,1.905);
#13916=CARTESIAN_POINT('',(0.3175,7.4168,0.0));
#13917=VECTOR('',#17971,2.13359999999975);
#13918=CARTESIAN_POINT('',(4.7625,7.4168,0.0));
#13919=CARTESIAN_POINT('',(2.8575,7.4168,0.0));
#13920=CARTESIAN_POINT('',(4.7625,7.4168,0.0));
#13921=VECTOR('',#17972,1.905);
#13922=CARTESIAN_POINT('',(4.7625,5.2832,0.0));
#13923=CARTESIAN_POINT('',(4.7625,5.2832,0.0));
#13924=VECTOR('',#17973,2.13359999999975);
#13925=CARTESIAN_POINT('',(2.8575,5.2832,0.0));
#13926=CARTESIAN_POINT('',(2.8575,5.2832,0.0));
#13927=VECTOR('',#17974,1.905);
#13928=CARTESIAN_POINT('',(2.8575,7.4168,0.0));
#13929=VECTOR('',#17975,2.13359999999975);
#13930=CARTESIAN_POINT('',(7.3025,7.4168,0.0));
#13931=CARTESIAN_POINT('',(5.3975,7.4168,0.0));
#13932=CARTESIAN_POINT('',(7.3025,7.4168,0.0));
#13933=VECTOR('',#17976,1.905);
#13934=CARTESIAN_POINT('',(7.3025,5.2832,0.0));
#13935=CARTESIAN_POINT('',(7.3025,5.2832,0.0));
#13936=VECTOR('',#17977,2.13359999999975);
#13937=CARTESIAN_POINT('',(5.3975,5.2832,0.0));
#13938=CARTESIAN_POINT('',(5.3975,5.2832,0.0));
#13939=VECTOR('',#17978,1.905);
#13940=CARTESIAN_POINT('',(5.3975,7.4168,0.0));
#13941=VECTOR('',#17979,2.13359999999975);
#13942=CARTESIAN_POINT('',(9.8425,7.4168,0.0));
#13943=CARTESIAN_POINT('',(7.9375,7.4168,0.0));
#13944=CARTESIAN_POINT('',(9.8425,7.4168,0.0));
#13945=VECTOR('',#17980,1.905);
#13946=CARTESIAN_POINT('',(9.8425,5.2832,0.0));
#13947=CARTESIAN_POINT('',(9.8425,5.2832,0.0));
#13948=VECTOR('',#17981,2.13359999999975);
#13949=CARTESIAN_POINT('',(7.9375,5.2832,0.0));
#13950=CARTESIAN_POINT('',(7.9375,5.2832,0.0));
#13951=VECTOR('',#17982,1.905);
#13952=CARTESIAN_POINT('',(7.9375,7.4168,0.0));
#13953=VECTOR('',#17983,2.13359999999975);
#13954=CARTESIAN_POINT('',(12.3825,7.4168,0.0));
#13955=CARTESIAN_POINT('',(10.4775,7.4168,0.0));
#13956=CARTESIAN_POINT('',(12.3825,7.4168,0.0));
#13957=VECTOR('',#17984,1.905);
#13958=CARTESIAN_POINT('',(12.3825,5.2832,0.0));
#13959=CARTESIAN_POINT('',(12.3825,5.2832,0.0));
#13960=VECTOR('',#17985,2.13359999999975);
#13961=CARTESIAN_POINT('',(10.4775,5.2832,0.0));
#13962=CARTESIAN_POINT('',(10.4775,5.2832,0.0));
#13963=VECTOR('',#17986,1.905);
#13964=CARTESIAN_POINT('',(10.4775,7.4168,0.0));
#13965=VECTOR('',#17987,2.13359999999975);
#13966=CARTESIAN_POINT('',(14.9225,7.4168,0.0));
#13967=CARTESIAN_POINT('',(13.0175,7.4168,0.0));
#13968=CARTESIAN_POINT('',(14.9225,7.4168,0.0));
#13969=VECTOR('',#17988,1.905);
#13970=CARTESIAN_POINT('',(14.9225,5.2832,0.0));
#13971=CARTESIAN_POINT('',(14.9225,5.2832,0.0));
#13972=VECTOR('',#17989,2.13359999999975);
#13973=CARTESIAN_POINT('',(13.0175,5.2832,0.0));
#13974=CARTESIAN_POINT('',(13.0175,5.2832,0.0));
#13975=VECTOR('',#17990,1.905);
#13976=CARTESIAN_POINT('',(13.0175,7.4168,0.0));
#13977=VECTOR('',#17991,2.13359999999975);
#13978=CARTESIAN_POINT('',(13.4112,3.0988,-6.3881));
#13979=CARTESIAN_POINT('',(14.5288,3.0988,-6.3881));
#13980=CARTESIAN_POINT('',(13.4112,3.0988,-6.3881));
#13981=VECTOR('',#17992,1.1176);
#13982=CARTESIAN_POINT('',(14.5288,3.0988,-7.874));
#13983=CARTESIAN_POINT('',(14.5288,3.0988,-6.3881));
#13984=VECTOR('',#17993,1.4859);
#13985=CARTESIAN_POINT('',(14.5288,3.0988,-7.874));
#13986=VECTOR('',#17994,0.6604);
#13987=CARTESIAN_POINT('',(14.4272,3.0988,-1.778));
#13988=VECTOR('',#17995,0.762);
#13989=CARTESIAN_POINT('',(-14.4272,3.0988,-1.778));
#13990=CARTESIAN_POINT('',(-14.4272,3.0988,0.0));
#13991=VECTOR('',#17996,1.778);
#13992=CARTESIAN_POINT('',(-15.1892,3.0988,-1.778));
#13993=VECTOR('',#17997,0.762);
#13994=CARTESIAN_POINT('',(-14.5288,3.0988,-7.874));
#13995=CARTESIAN_POINT('',(-15.1892,3.0988,-7.874));
#13996=VECTOR('',#17998,0.6604);
#13997=CARTESIAN_POINT('',(-14.5288,3.0988,-6.3881));
#13998=CARTESIAN_POINT('',(-14.5288,3.0988,-7.874));
#13999=VECTOR('',#17999,1.4859);
#14000=CARTESIAN_POINT('',(-13.4112,3.0988,-6.3881));
#14001=CARTESIAN_POINT('',(-14.5288,3.0988,-6.3881));
#14002=VECTOR('',#18000,1.1176);
#14003=CARTESIAN_POINT('',(-13.4112,3.0988,-7.874));
#14004=CARTESIAN_POINT('',(-13.4112,3.0988,-6.3881));
#14005=VECTOR('',#18001,1.4859);
#14006=CARTESIAN_POINT('',(-11.9888,3.0988,-7.874));
#14007=CARTESIAN_POINT('',(-13.4112,3.0988,-7.874));
#14008=VECTOR('',#18002,1.4224);
#14009=CARTESIAN_POINT('',(-11.9888,3.0988,-6.3881));
#14010=CARTESIAN_POINT('',(-11.9888,3.0988,-7.874));
#14011=VECTOR('',#18003,1.4859);
#14012=CARTESIAN_POINT('',(-10.8712,3.0988,-6.3881));
#14013=CARTESIAN_POINT('',(-11.9888,3.0988,-6.3881));
#14014=VECTOR('',#18004,1.1176);
#14015=CARTESIAN_POINT('',(-10.8712,3.0988,-7.874));
#14016=CARTESIAN_POINT('',(-10.8712,3.0988,-6.3881));
#14017=VECTOR('',#18005,1.4859);
#14018=CARTESIAN_POINT('',(-9.4488,3.0988,-7.874));
#14019=CARTESIAN_POINT('',(-10.8712,3.0988,-7.874));
#14020=VECTOR('',#18006,1.4224);
#14021=CARTESIAN_POINT('',(-9.4488,3.0988,-6.3881));
#14022=CARTESIAN_POINT('',(-9.4488,3.0988,-7.874));
#14023=VECTOR('',#18007,1.4859);
#14024=CARTESIAN_POINT('',(-8.3312,3.0988,-6.3881));
#14025=CARTESIAN_POINT('',(-9.4488,3.0988,-6.3881));
#14026=VECTOR('',#18008,1.1176);
#14027=CARTESIAN_POINT('',(-8.3312,3.0988,-7.874));
#14028=CARTESIAN_POINT('',(-8.3312,3.0988,-6.3881));
#14029=VECTOR('',#18009,1.4859);
#14030=CARTESIAN_POINT('',(-6.9088,3.0988,-7.874));
#14031=CARTESIAN_POINT('',(-8.3312,3.0988,-7.874));
#14032=VECTOR('',#18010,1.4224);
#14033=CARTESIAN_POINT('',(-6.9088,3.0988,-6.3881));
#14034=CARTESIAN_POINT('',(-6.9088,3.0988,-7.874));
#14035=VECTOR('',#18011,1.4859);
#14036=CARTESIAN_POINT('',(-5.7912,3.0988,-6.3881));
#14037=CARTESIAN_POINT('',(-6.9088,3.0988,-6.3881));
#14038=VECTOR('',#18012,1.1176);
#14039=CARTESIAN_POINT('',(-5.7912,3.0988,-7.874));
#14040=CARTESIAN_POINT('',(-5.7912,3.0988,-6.3881));
#14041=VECTOR('',#18013,1.4859);
#14042=CARTESIAN_POINT('',(-4.3688,3.0988,-7.874));
#14043=CARTESIAN_POINT('',(-5.7912,3.0988,-7.874));
#14044=VECTOR('',#18014,1.4224);
#14045=CARTESIAN_POINT('',(-4.3688,3.0988,-6.3881));
#14046=CARTESIAN_POINT('',(-4.3688,3.0988,-7.874));
#14047=VECTOR('',#18015,1.4859);
#14048=CARTESIAN_POINT('',(-3.2512,3.0988,-6.3881));
#14049=CARTESIAN_POINT('',(-4.3688,3.0988,-6.3881));
#14050=VECTOR('',#18016,1.1176);
#14051=CARTESIAN_POINT('',(-3.2512,3.0988,-7.874));
#14052=CARTESIAN_POINT('',(-3.2512,3.0988,-6.3881));
#14053=VECTOR('',#18017,1.4859);
#14054=CARTESIAN_POINT('',(-1.8288,3.0988,-7.874));
#14055=CARTESIAN_POINT('',(-3.2512,3.0988,-7.874));
#14056=VECTOR('',#18018,1.4224);
#14057=CARTESIAN_POINT('',(-1.8288,3.0988,-6.3881));
#14058=CARTESIAN_POINT('',(-1.8288,3.0988,-7.874));
#14059=VECTOR('',#18019,1.4859);
#14060=CARTESIAN_POINT('',(-0.7112,3.0988,-6.3881));
#14061=CARTESIAN_POINT('',(-1.8288,3.0988,-6.3881));
#14062=VECTOR('',#18020,1.1176);
#14063=CARTESIAN_POINT('',(-0.7112,3.0988,-7.874));
#14064=CARTESIAN_POINT('',(-0.7112,3.0988,-6.3881));
#14065=VECTOR('',#18021,1.4859);
#14066=CARTESIAN_POINT('',(0.7112,3.0988,-7.874));
#14067=CARTESIAN_POINT('',(-0.7112,3.0988,-7.874));
#14068=VECTOR('',#18022,1.4224);
#14069=CARTESIAN_POINT('',(0.7112,3.0988,-6.3881));
#14070=CARTESIAN_POINT('',(0.7112,3.0988,-7.874));
#14071=VECTOR('',#18023,1.4859);
#14072=CARTESIAN_POINT('',(1.8288,3.0988,-6.3881));
#14073=CARTESIAN_POINT('',(0.7112,3.0988,-6.3881));
#14074=VECTOR('',#18024,1.1176);
#14075=CARTESIAN_POINT('',(1.8288,3.0988,-7.874));
#14076=CARTESIAN_POINT('',(1.8288,3.0988,-6.3881));
#14077=VECTOR('',#18025,1.4859);
#14078=CARTESIAN_POINT('',(3.2512,3.0988,-7.874));
#14079=CARTESIAN_POINT('',(1.8288,3.0988,-7.874));
#14080=VECTOR('',#18026,1.4224);
#14081=CARTESIAN_POINT('',(3.2512,3.0988,-6.3881));
#14082=CARTESIAN_POINT('',(3.2512,3.0988,-7.874));
#14083=VECTOR('',#18027,1.4859);
#14084=CARTESIAN_POINT('',(4.3688,3.0988,-6.3881));
#14085=CARTESIAN_POINT('',(3.2512,3.0988,-6.3881));
#14086=VECTOR('',#18028,1.1176);
#14087=CARTESIAN_POINT('',(4.3688,3.0988,-7.874));
#14088=CARTESIAN_POINT('',(4.3688,3.0988,-6.3881));
#14089=VECTOR('',#18029,1.4859);
#14090=CARTESIAN_POINT('',(5.7912,3.0988,-7.874));
#14091=CARTESIAN_POINT('',(4.3688,3.0988,-7.874));
#14092=VECTOR('',#18030,1.4224);
#14093=CARTESIAN_POINT('',(5.7912,3.0988,-6.3881));
#14094=CARTESIAN_POINT('',(5.7912,3.0988,-7.874));
#14095=VECTOR('',#18031,1.4859);
#14096=CARTESIAN_POINT('',(6.9088,3.0988,-6.3881));
#14097=CARTESIAN_POINT('',(5.7912,3.0988,-6.3881));
#14098=VECTOR('',#18032,1.1176);
#14099=CARTESIAN_POINT('',(6.9088,3.0988,-7.874));
#14100=CARTESIAN_POINT('',(6.9088,3.0988,-6.3881));
#14101=VECTOR('',#18033,1.4859);
#14102=CARTESIAN_POINT('',(8.3312,3.0988,-7.874));
#14103=CARTESIAN_POINT('',(6.9088,3.0988,-7.874));
#14104=VECTOR('',#18034,1.4224);
#14105=CARTESIAN_POINT('',(8.3312,3.0988,-6.3881));
#14106=CARTESIAN_POINT('',(8.3312,3.0988,-7.874));
#14107=VECTOR('',#18035,1.4859);
#14108=CARTESIAN_POINT('',(9.4488,3.0988,-6.3881));
#14109=CARTESIAN_POINT('',(8.3312,3.0988,-6.3881));
#14110=VECTOR('',#18036,1.1176);
#14111=CARTESIAN_POINT('',(9.4488,3.0988,-7.874));
#14112=CARTESIAN_POINT('',(9.4488,3.0988,-6.3881));
#14113=VECTOR('',#18037,1.4859);
#14114=CARTESIAN_POINT('',(10.8712,3.0988,-7.874));
#14115=CARTESIAN_POINT('',(9.4488,3.0988,-7.874));
#14116=VECTOR('',#18038,1.4224);
#14117=CARTESIAN_POINT('',(10.8712,3.0988,-6.3881));
#14118=CARTESIAN_POINT('',(10.8712,3.0988,-7.874));
#14119=VECTOR('',#18039,1.4859);
#14120=CARTESIAN_POINT('',(11.9888,3.0988,-6.3881));
#14121=CARTESIAN_POINT('',(10.8712,3.0988,-6.3881));
#14122=VECTOR('',#18040,1.1176);
#14123=CARTESIAN_POINT('',(11.9888,3.0988,-7.874));
#14124=CARTESIAN_POINT('',(11.9888,3.0988,-6.3881));
#14125=VECTOR('',#18041,1.4859);
#14126=CARTESIAN_POINT('',(13.4112,3.0988,-7.874));
#14127=CARTESIAN_POINT('',(11.9888,3.0988,-7.874));
#14128=VECTOR('',#18042,1.4224);
#14129=CARTESIAN_POINT('',(13.4112,3.0988,-7.874));
#14130=VECTOR('',#18043,1.4859);
#14131=CARTESIAN_POINT('',(-11.0617,3.0988,-1.7653));
#14132=CARTESIAN_POINT('',(-11.7983,3.0988,-1.7653));
#14133=CARTESIAN_POINT('',(-11.0617,3.0988,-1.7653));
#14134=VECTOR('',#18044,0.7366);
#14135=CARTESIAN_POINT('',(-11.0617,3.0988,-4.3053));
#14136=CARTESIAN_POINT('',(-11.0617,3.0988,-4.3053));
#14137=VECTOR('',#18045,2.54);
#14138=CARTESIAN_POINT('',(-11.7983,3.0988,-4.3053));
#14139=CARTESIAN_POINT('',(-11.7983,3.0988,-4.3053));
#14140=VECTOR('',#18046,0.7366);
#14141=CARTESIAN_POINT('',(-11.7983,3.0988,-1.7653));
#14142=VECTOR('',#18047,2.54);
#14143=CARTESIAN_POINT('',(-8.5217,3.0988,-1.7653));
#14144=CARTESIAN_POINT('',(-9.2583,3.0988,-1.7653));
#14145=CARTESIAN_POINT('',(-8.5217,3.0988,-1.7653));
#14146=VECTOR('',#18048,0.7366);
#14147=CARTESIAN_POINT('',(-8.5217,3.0988,-4.3053));
#14148=CARTESIAN_POINT('',(-8.5217,3.0988,-4.3053));
#14149=VECTOR('',#18049,2.54);
#14150=CARTESIAN_POINT('',(-9.2583,3.0988,-4.3053));
#14151=CARTESIAN_POINT('',(-9.2583,3.0988,-4.3053));
#14152=VECTOR('',#18050,0.7366);
#14153=CARTESIAN_POINT('',(-9.2583,3.0988,-1.7653));
#14154=VECTOR('',#18051,2.54);
#14155=CARTESIAN_POINT('',(-5.9817,3.0988,-1.7653));
#14156=CARTESIAN_POINT('',(-6.7183,3.0988,-1.7653));
#14157=CARTESIAN_POINT('',(-5.9817,3.0988,-1.7653));
#14158=VECTOR('',#18052,0.7366);
#14159=CARTESIAN_POINT('',(-5.9817,3.0988,-4.3053));
#14160=CARTESIAN_POINT('',(-5.9817,3.0988,-4.3053));
#14161=VECTOR('',#18053,2.54);
#14162=CARTESIAN_POINT('',(-6.7183,3.0988,-4.3053));
#14163=CARTESIAN_POINT('',(-6.7183,3.0988,-4.3053));
#14164=VECTOR('',#18054,0.7366);
#14165=CARTESIAN_POINT('',(-6.7183,3.0988,-1.7653));
#14166=VECTOR('',#18055,2.54);
#14167=CARTESIAN_POINT('',(-3.4417,3.0988,-1.7653));
#14168=CARTESIAN_POINT('',(-4.1783,3.0988,-1.7653));
#14169=CARTESIAN_POINT('',(-3.4417,3.0988,-1.7653));
#14170=VECTOR('',#18056,0.7366);
#14171=CARTESIAN_POINT('',(-3.4417,3.0988,-4.3053));
#14172=CARTESIAN_POINT('',(-3.4417,3.0988,-4.3053));
#14173=VECTOR('',#18057,2.54);
#14174=CARTESIAN_POINT('',(-4.1783,3.0988,-4.3053));
#14175=CARTESIAN_POINT('',(-4.1783,3.0988,-4.3053));
#14176=VECTOR('',#18058,0.7366);
#14177=CARTESIAN_POINT('',(-4.1783,3.0988,-1.7653));
#14178=VECTOR('',#18059,2.54);
#14179=CARTESIAN_POINT('',(-0.9017,3.0988,-1.7653));
#14180=CARTESIAN_POINT('',(-1.6383,3.0988,-1.7653));
#14181=CARTESIAN_POINT('',(-0.9017,3.0988,-1.7653));
#14182=VECTOR('',#18060,0.7366);
#14183=CARTESIAN_POINT('',(-0.9017,3.0988,-4.3053));
#14184=CARTESIAN_POINT('',(-0.9017,3.0988,-4.3053));
#14185=VECTOR('',#18061,2.54);
#14186=CARTESIAN_POINT('',(-1.6383,3.0988,-4.3053));
#14187=CARTESIAN_POINT('',(-1.6383,3.0988,-4.3053));
#14188=VECTOR('',#18062,0.7366);
#14189=CARTESIAN_POINT('',(-1.6383,3.0988,-1.7653));
#14190=VECTOR('',#18063,2.54);
#14191=CARTESIAN_POINT('',(1.6383,3.0988,-1.7653));
#14192=CARTESIAN_POINT('',(0.9017,3.0988,-1.7653));
#14193=CARTESIAN_POINT('',(1.6383,3.0988,-1.7653));
#14194=VECTOR('',#18064,0.7366);
#14195=CARTESIAN_POINT('',(1.6383,3.0988,-4.3053));
#14196=CARTESIAN_POINT('',(1.6383,3.0988,-4.3053));
#14197=VECTOR('',#18065,2.54);
#14198=CARTESIAN_POINT('',(0.9017,3.0988,-4.3053));
#14199=CARTESIAN_POINT('',(0.9017,3.0988,-4.3053));
#14200=VECTOR('',#18066,0.7366);
#14201=CARTESIAN_POINT('',(0.9017,3.0988,-1.7653));
#14202=VECTOR('',#18067,2.54);
#14203=CARTESIAN_POINT('',(4.1783,3.0988,-1.7653));
#14204=CARTESIAN_POINT('',(3.4417,3.0988,-1.7653));
#14205=CARTESIAN_POINT('',(4.1783,3.0988,-1.7653));
#14206=VECTOR('',#18068,0.7366);
#14207=CARTESIAN_POINT('',(4.1783,3.0988,-4.3053));
#14208=CARTESIAN_POINT('',(4.1783,3.0988,-4.3053));
#14209=VECTOR('',#18069,2.54);
#14210=CARTESIAN_POINT('',(3.4417,3.0988,-4.3053));
#14211=CARTESIAN_POINT('',(3.4417,3.0988,-4.3053));
#14212=VECTOR('',#18070,0.7366);
#14213=CARTESIAN_POINT('',(3.4417,3.0988,-1.7653));
#14214=VECTOR('',#18071,2.54);
#14215=CARTESIAN_POINT('',(6.7183,3.0988,-1.7653));
#14216=CARTESIAN_POINT('',(5.9817,3.0988,-1.7653));
#14217=CARTESIAN_POINT('',(6.7183,3.0988,-1.7653));
#14218=VECTOR('',#18072,0.7366);
#14219=CARTESIAN_POINT('',(6.7183,3.0988,-4.3053));
#14220=CARTESIAN_POINT('',(6.7183,3.0988,-4.3053));
#14221=VECTOR('',#18073,2.54);
#14222=CARTESIAN_POINT('',(5.9817,3.0988,-4.3053));
#14223=CARTESIAN_POINT('',(5.9817,3.0988,-4.3053));
#14224=VECTOR('',#18074,0.7366);
#14225=CARTESIAN_POINT('',(5.9817,3.0988,-1.7653));
#14226=VECTOR('',#18075,2.54);
#14227=CARTESIAN_POINT('',(9.2583,3.0988,-1.7653));
#14228=CARTESIAN_POINT('',(8.5217,3.0988,-1.7653));
#14229=CARTESIAN_POINT('',(9.2583,3.0988,-1.7653));
#14230=VECTOR('',#18076,0.7366);
#14231=CARTESIAN_POINT('',(9.2583,3.0988,-4.3053));
#14232=CARTESIAN_POINT('',(9.2583,3.0988,-4.3053));
#14233=VECTOR('',#18077,2.54);
#14234=CARTESIAN_POINT('',(8.5217,3.0988,-4.3053));
#14235=CARTESIAN_POINT('',(8.5217,3.0988,-4.3053));
#14236=VECTOR('',#18078,0.7366);
#14237=CARTESIAN_POINT('',(8.5217,3.0988,-1.7653));
#14238=VECTOR('',#18079,2.54);
#14239=CARTESIAN_POINT('',(11.7983,3.0988,-1.7653));
#14240=CARTESIAN_POINT('',(11.0617,3.0988,-1.7653));
#14241=CARTESIAN_POINT('',(11.7983,3.0988,-1.7653));
#14242=VECTOR('',#18080,0.7366);
#14243=CARTESIAN_POINT('',(11.7983,3.0988,-4.3053));
#14244=CARTESIAN_POINT('',(11.7983,3.0988,-4.3053));
#14245=VECTOR('',#18081,2.54);
#14246=CARTESIAN_POINT('',(11.0617,3.0988,-4.3053));
#14247=CARTESIAN_POINT('',(11.0617,3.0988,-4.3053));
#14248=VECTOR('',#18082,0.7366);
#14249=CARTESIAN_POINT('',(11.0617,3.0988,-1.7653));
#14250=VECTOR('',#18083,2.54);
#14251=CARTESIAN_POINT('',(14.3383,3.0988,-1.7653));
#14252=CARTESIAN_POINT('',(13.6017,3.0988,-1.7653));
#14253=CARTESIAN_POINT('',(14.3383,3.0988,-1.7653));
#14254=VECTOR('',#18084,0.7366);
#14255=CARTESIAN_POINT('',(14.3383,3.0988,-4.3053));
#14256=CARTESIAN_POINT('',(14.3383,3.0988,-4.3053));
#14257=VECTOR('',#18085,2.54);
#14258=CARTESIAN_POINT('',(13.6017,3.0988,-4.3053));
#14259=CARTESIAN_POINT('',(13.6017,3.0988,-4.3053));
#14260=VECTOR('',#18086,0.7366);
#14261=CARTESIAN_POINT('',(13.6017,3.0988,-1.7653));
#14262=VECTOR('',#18087,2.54);
#14263=CARTESIAN_POINT('',(-13.6017,3.0988,-1.7653));
#14264=CARTESIAN_POINT('',(-14.3383,3.0988,-1.7653));
#14265=CARTESIAN_POINT('',(-13.6017,3.0988,-1.7653));
#14266=VECTOR('',#18088,0.7366);
#14267=CARTESIAN_POINT('',(-13.6017,3.0988,-4.3053));
#14268=CARTESIAN_POINT('',(-13.6017,3.0988,-1.7653));
#14269=VECTOR('',#18089,2.54);
#14270=CARTESIAN_POINT('',(-14.3383,3.0988,-4.3053));
#14271=CARTESIAN_POINT('',(-14.3383,3.0988,-4.3053));
#14272=VECTOR('',#18090,0.7366);
#14273=CARTESIAN_POINT('',(-14.3383,3.0988,-1.7653));
#14274=VECTOR('',#18091,2.54);
#14275=CARTESIAN_POINT('',(-14.3383,4.1148,-1.7653));
#14276=CARTESIAN_POINT('',(-14.3383,3.0988,-1.7653));
#14277=VECTOR('',#18092,1.016);
#14278=CARTESIAN_POINT('',(-14.3383,4.1148,-4.3053));
#14279=CARTESIAN_POINT('',(-14.3383,3.0988,-4.3053));
#14280=VECTOR('',#18093,1.016);
#14281=CARTESIAN_POINT('',(-14.3383,4.1148,-1.7653));
#14282=VECTOR('',#18094,2.54);
#14283=CARTESIAN_POINT('',(-13.6017,4.1148,-4.3053));
#14284=CARTESIAN_POINT('',(-14.3383,4.1148,-4.3053));
#14285=VECTOR('',#18095,0.7366);
#14286=CARTESIAN_POINT('',(-13.6017,4.1148,-1.7653));
#14287=CARTESIAN_POINT('',(-13.6017,4.1148,-4.3053));
#14288=VECTOR('',#18096,2.54);
#14289=CARTESIAN_POINT('',(-14.3383,4.1148,-1.7653));
#14290=VECTOR('',#18097,0.7366);
#14291=CARTESIAN_POINT('',(-14.224,4.1148,-4.21801590584362));
#14292=CARTESIAN_POINT('',(-13.716,4.1148,-4.21801590584362));
#14293=CARTESIAN_POINT('',(-14.224,4.1148,-4.21801590584362));
#14294=VECTOR('',#18098,0.508);
#14295=CARTESIAN_POINT('',(-14.224,4.1148,-2.6162));
#14296=CARTESIAN_POINT('',(-14.224,4.1148,-2.6162));
#14297=VECTOR('',#18099,1.60181590584387);
#14298=CARTESIAN_POINT('',(-13.716,4.1148,-2.6162));
#14299=CARTESIAN_POINT('',(-14.224,4.1148,-2.6162));
#14300=VECTOR('',#18100,0.508);
#14301=CARTESIAN_POINT('',(-13.716,4.1148,-2.6162));
#14302=VECTOR('',#18101,1.60181590584387);
#14303=CARTESIAN_POINT('',(-13.5382,4.1148,-6.3881));
#14304=CARTESIAN_POINT('',(-14.4018,4.1148,-6.3881));
#14305=CARTESIAN_POINT('',(-13.5382,4.1148,-6.3881));
#14306=VECTOR('',#18102,0.8636);
#14307=CARTESIAN_POINT('',(-14.4018,4.1148,-6.5024));
#14308=CARTESIAN_POINT('',(-14.4018,4.1148,-6.3881));
#14309=VECTOR('',#18103,0.1143);
#14310=CARTESIAN_POINT('',(-13.5382,4.1148,-6.5024));
#14311=CARTESIAN_POINT('',(-14.4018,4.1148,-6.5024));
#14312=VECTOR('',#18104,0.8636);
#14313=CARTESIAN_POINT('',(-13.5382,4.1148,-6.3881));
#14314=VECTOR('',#18105,0.1143);
#14315=CARTESIAN_POINT('',(-13.6017,3.0988,-1.7653));
#14316=VECTOR('',#18106,1.016);
#14317=CARTESIAN_POINT('',(-13.6017,3.0988,-4.3053));
#14318=VECTOR('',#18107,1.016);
#14319=CARTESIAN_POINT('',(-13.5382,0.409558633585692,-7.2136));
#14320=CARTESIAN_POINT('',(-13.5382,3.6068,-7.2136));
#14321=CARTESIAN_POINT('',(-13.5382,0.409558633585692,-7.2136));
#14322=VECTOR('',#18108,3.1972413664138);
#14323=CARTESIAN_POINT('',(-13.5382,4.318,-6.5024));
#14324=AXIS2_PLACEMENT_3D('',#18109,#18110,#18111);
#14325=CARTESIAN_POINT('',(-13.5382,4.318,-1.5494));
#14326=CARTESIAN_POINT('',(-13.5382,4.318,-6.5024));
#14327=VECTOR('',#18112,4.953);
#14328=AXIS2_PLACEMENT_3D('',#18113,#18114,#18115);
#14329=CARTESIAN_POINT('',(-13.5382,5.36494246691352,-1.27741769911504));
#14330=VECTOR('',#18116,2.8702);
#14331=CARTESIAN_POINT('',(-13.5382,5.89988981716654,-4.4719465449003));
#14332=AXIS2_PLACEMENT_3D('',#18117,#18118,#18119);
#14333=CARTESIAN_POINT('',(-13.5382,5.01088981716654,-3.67148734952014));
#14334=CARTESIAN_POINT('',(-13.5382,5.89988981716654,-4.4719465449003));
#14335=VECTOR('',#18120,1.19626749661999);
#14336=CARTESIAN_POINT('',(-13.5382,4.9695306715233,-2.88230783820998));
#14337=AXIS2_PLACEMENT_3D('',#18121,#18122,#18123);
#14338=CARTESIAN_POINT('',(-13.5382,5.05451025853102,-2.78792844537402));
#14339=CARTESIAN_POINT('',(-13.5382,4.9695306715233,-2.88230783820998));
#14340=VECTOR('',#18124,0.127000000000051);
#14341=CARTESIAN_POINT('',(-13.5382,4.9035032299945,-2.65196110616116));
#14342=CARTESIAN_POINT('',(-13.5382,5.05451025853102,-2.78792844537402));
#14343=VECTOR('',#18125,0.2032);
#14344=CARTESIAN_POINT('',(-13.5382,4.81852364298678,-2.74634049899712));
#14345=CARTESIAN_POINT('',(-13.5382,4.9035032299945,-2.65196110616116));
#14346=VECTOR('',#18126,0.127000000000051);
#14347=CARTESIAN_POINT('',(-13.5382,4.87492247795368,-3.82249437805666));
#14348=AXIS2_PLACEMENT_3D('',#18127,#18128,#18129);
#14349=CARTESIAN_POINT('',(-13.5382,5.76392247795368,-4.62295357343682));
#14350=CARTESIAN_POINT('',(-13.5382,4.87492247795368,-3.82249437805666));
#14351=VECTOR('',#18130,1.19626749661999);
#14352=AXIS2_PLACEMENT_3D('',#18131,#18132,#18133);
#14353=CARTESIAN_POINT('',(-13.5382,6.93944881851936,-3.6857922606715));
#14354=VECTOR('',#18134,2.8702);
#14355=CARTESIAN_POINT('',(-13.5382,4.1148,-1.5494));
#14356=AXIS2_PLACEMENT_3D('',#18135,#18136,#18137);
#14357=CARTESIAN_POINT('',(-13.5382,4.1148,-1.5494));
#14358=VECTOR('',#18138,4.8387);
#14359=CARTESIAN_POINT('',(-13.5382,3.6068,-7.0104));
#14360=AXIS2_PLACEMENT_3D('',#18139,#18140,#18141);
#14361=CARTESIAN_POINT('',(-13.5382,0.409558633585692,-7.0104));
#14362=CARTESIAN_POINT('',(-13.5382,3.6068,-7.0104));
#14363=VECTOR('',#18142,3.1972413664138);
#14364=CARTESIAN_POINT('',(-13.5382,0.409558633585692,-7.0104));
#14365=VECTOR('',#18143,0.2032);
#14366=CARTESIAN_POINT('',(-13.716,-0.254,-7.0104));
#14367=CARTESIAN_POINT('',(-13.716,-0.254,-7.0104));
#14368=VECTOR('',#18144,0.686966447656686);
#14369=CARTESIAN_POINT('',(-13.716,-0.254,-7.2136));
#14370=CARTESIAN_POINT('',(-13.716,-0.254,-7.0104));
#14371=VECTOR('',#18145,0.2032);
#14372=CARTESIAN_POINT('',(-13.5382,0.409558633585692,-7.2136));
#14373=VECTOR('',#18146,0.686966447656686);
#14374=CARTESIAN_POINT('',(-14.4018,0.409558633585692,-7.2136));
#14375=CARTESIAN_POINT('',(-14.4018,3.6068,-7.2136));
#14376=CARTESIAN_POINT('',(-14.4018,0.409558633585692,-7.2136));
#14377=VECTOR('',#18147,3.1972413664138);
#14378=CARTESIAN_POINT('',(-14.4018,3.6068,-7.2136));
#14379=VECTOR('',#18148,0.8636);
#14380=CARTESIAN_POINT('',(-14.224,-0.254,-7.2136));
#14381=CARTESIAN_POINT('',(-14.224,-0.254,-7.2136));
#14382=VECTOR('',#18149,0.508);
#14383=CARTESIAN_POINT('',(-14.224,-0.254,-7.2136));
#14384=VECTOR('',#18150,0.686966447656686);
#14385=CARTESIAN_POINT('',(-14.4018,0.409558633585692,-7.0104));
#14386=CARTESIAN_POINT('',(-14.4018,0.409558633585692,-7.2136));
#14387=VECTOR('',#18151,0.2032);
#14388=CARTESIAN_POINT('',(-14.224,-0.254,-7.0104));
#14389=CARTESIAN_POINT('',(-14.224,-0.254,-7.2136));
#14390=VECTOR('',#18152,0.2032);
#14391=CARTESIAN_POINT('',(-14.4018,0.409558633585692,-7.0104));
#14392=VECTOR('',#18153,0.686966447656686);
#14393=CARTESIAN_POINT('',(-14.224,-0.254,-7.0104));
#14394=VECTOR('',#18154,0.508);
#14395=CARTESIAN_POINT('',(-14.4018,3.6068,-7.0104));
#14396=CARTESIAN_POINT('',(-14.4018,3.6068,-7.0104));
#14397=VECTOR('',#18155,0.8636);
#14398=CARTESIAN_POINT('',(-14.4018,3.6068,-7.0104));
#14399=VECTOR('',#18156,3.1972413664138);
#14400=AXIS2_PLACEMENT_3D('',#18157,#18158,#18159);
#14401=CARTESIAN_POINT('',(-14.4018,4.1148,-1.5494));
#14402=CARTESIAN_POINT('',(-14.4018,4.1148,-6.3881));
#14403=VECTOR('',#18160,4.8387);
#14404=AXIS2_PLACEMENT_3D('',#18161,#18162,#18163);
#14405=CARTESIAN_POINT('',(-14.4018,6.93944881851936,-3.6857922606715));
#14406=VECTOR('',#18164,2.8702);
#14407=CARTESIAN_POINT('',(-14.4018,5.76392247795368,-4.62295357343682));
#14408=AXIS2_PLACEMENT_3D('',#18165,#18166,#18167);
#14409=CARTESIAN_POINT('',(-14.4018,4.87492247795368,-3.82249437805666));
#14410=CARTESIAN_POINT('',(-14.4018,4.87492247795368,-3.82249437805666));
#14411=VECTOR('',#18168,1.19626749661999);
#14412=CARTESIAN_POINT('',(-14.4018,4.81852364298678,-2.74634049899712));
#14413=AXIS2_PLACEMENT_3D('',#18169,#18170,#18171);
#14414=CARTESIAN_POINT('',(-14.4018,4.9035032299945,-2.65196110616116));
#14415=CARTESIAN_POINT('',(-14.4018,4.9035032299945,-2.65196110616116));
#14416=VECTOR('',#18172,0.127000000000051);
#14417=CARTESIAN_POINT('',(-14.4018,5.05451025853102,-2.78792844537402));
#14418=CARTESIAN_POINT('',(-14.4018,5.05451025853102,-2.78792844537402));
#14419=VECTOR('',#18173,0.2032);
#14420=CARTESIAN_POINT('',(-14.4018,4.9695306715233,-2.88230783820998));
#14421=CARTESIAN_POINT('',(-14.4018,4.9695306715233,-2.88230783820998));
#14422=VECTOR('',#18174,0.127000000000051);
#14423=CARTESIAN_POINT('',(-14.4018,5.01088981716654,-3.67148734952014));
#14424=AXIS2_PLACEMENT_3D('',#18175,#18176,#18177);
#14425=CARTESIAN_POINT('',(-14.4018,5.89988981716654,-4.4719465449003));
#14426=CARTESIAN_POINT('',(-14.4018,5.89988981716654,-4.4719465449003));
#14427=VECTOR('',#18178,1.19626749661999);
#14428=AXIS2_PLACEMENT_3D('',#18179,#18180,#18181);
#14429=CARTESIAN_POINT('',(-14.4018,5.36494246691352,-1.27741769911504));
#14430=VECTOR('',#18182,2.8702);
#14431=CARTESIAN_POINT('',(-14.4018,4.318,-1.5494));
#14432=AXIS2_PLACEMENT_3D('',#18183,#18184,#18185);
#14433=CARTESIAN_POINT('',(-14.4018,4.318,-6.5024));
#14434=CARTESIAN_POINT('',(-14.4018,4.318,-6.5024));
#14435=VECTOR('',#18186,4.953);
#14436=AXIS2_PLACEMENT_3D('',#18187,#18188,#18189);
#14437=CARTESIAN_POINT('',(-14.4018,4.318,-6.5024));
#14438=VECTOR('',#18190,0.8636);
#14439=CARTESIAN_POINT('',(-14.4018,4.318,-1.5494));
#14440=VECTOR('',#18191,0.8636);
#14441=CARTESIAN_POINT('',(-14.4018,5.89988981716654,-4.4719465449003));
#14442=VECTOR('',#18192,0.8636);
#14443=CARTESIAN_POINT('',(-14.4018,5.01088981716654,-3.67148734952014));
#14444=VECTOR('',#18193,0.8636);
#14445=CARTESIAN_POINT('',(-14.4018,4.9695306715233,-2.88230783820998));
#14446=VECTOR('',#18194,0.8636);
#14447=CARTESIAN_POINT('',(-14.4018,5.05451025853102,-2.78792844537402));
#14448=VECTOR('',#18195,0.8636);
#14449=CARTESIAN_POINT('',(-14.4018,4.9035032299945,-2.65196110616116));
#14450=VECTOR('',#18196,0.8636);
#14451=CARTESIAN_POINT('',(-14.4018,4.81852364298678,-2.74634049899712));
#14452=VECTOR('',#18197,0.8636);
#14453=CARTESIAN_POINT('',(-14.4018,4.87492247795368,-3.82249437805666));
#14454=VECTOR('',#18198,0.8636);
#14455=CARTESIAN_POINT('',(-14.4018,5.76392247795368,-4.62295357343682));
#14456=VECTOR('',#18199,0.8636);
#14457=CARTESIAN_POINT('',(-14.4018,4.1148,-1.5494));
#14458=VECTOR('',#18200,0.8636);
#14459=CARTESIAN_POINT('',(13.5382,4.1148,-6.3881));
#14460=CARTESIAN_POINT('',(13.4112,4.1148,-6.3881));
#14461=CARTESIAN_POINT('',(13.5382,4.1148,-6.3881));
#14462=VECTOR('',#18201,0.127);
#14463=CARTESIAN_POINT('',(13.4112,4.1148,-7.874));
#14464=CARTESIAN_POINT('',(13.4112,4.1148,-6.3881));
#14465=VECTOR('',#18202,1.4859);
#14466=CARTESIAN_POINT('',(11.9888,4.1148,-7.874));
#14467=CARTESIAN_POINT('',(11.9888,4.1148,-7.874));
#14468=VECTOR('',#18203,1.4224);
#14469=CARTESIAN_POINT('',(11.9888,4.1148,-6.3881));
#14470=CARTESIAN_POINT('',(11.9888,4.1148,-7.874));
#14471=VECTOR('',#18204,1.4859);
#14472=CARTESIAN_POINT('',(11.8618,4.1148,-6.3881));
#14473=CARTESIAN_POINT('',(11.9888,4.1148,-6.3881));
#14474=VECTOR('',#18205,0.127);
#14475=CARTESIAN_POINT('',(11.8618,4.1148,-1.5494));
#14476=CARTESIAN_POINT('',(11.8618,4.1148,-1.5494));
#14477=VECTOR('',#18206,4.8387);
#14478=CARTESIAN_POINT('',(10.9982,4.1148,-1.5494));
#14479=CARTESIAN_POINT('',(10.9982,4.1148,-1.5494));
#14480=VECTOR('',#18207,0.8636);
#14481=CARTESIAN_POINT('',(10.9982,4.1148,-6.3881));
#14482=CARTESIAN_POINT('',(10.9982,4.1148,-1.5494));
#14483=VECTOR('',#18208,4.8387);
#14484=CARTESIAN_POINT('',(10.8712,4.1148,-6.3881));
#14485=CARTESIAN_POINT('',(10.9982,4.1148,-6.3881));
#14486=VECTOR('',#18209,0.127);
#14487=CARTESIAN_POINT('',(10.8712,4.1148,-7.874));
#14488=CARTESIAN_POINT('',(10.8712,4.1148,-6.3881));
#14489=VECTOR('',#18210,1.4859);
#14490=CARTESIAN_POINT('',(9.4488,4.1148,-7.874));
#14491=CARTESIAN_POINT('',(9.4488,4.1148,-7.874));
#14492=VECTOR('',#18211,1.4224);
#14493=CARTESIAN_POINT('',(9.4488,4.1148,-6.3881));
#14494=CARTESIAN_POINT('',(9.4488,4.1148,-7.874));
#14495=VECTOR('',#18212,1.4859);
#14496=CARTESIAN_POINT('',(9.3218,4.1148,-6.3881));
#14497=CARTESIAN_POINT('',(9.4488,4.1148,-6.3881));
#14498=VECTOR('',#18213,0.127);
#14499=CARTESIAN_POINT('',(9.3218,4.1148,-1.5494));
#14500=CARTESIAN_POINT('',(9.3218,4.1148,-1.5494));
#14501=VECTOR('',#18214,4.8387);
#14502=CARTESIAN_POINT('',(8.4582,4.1148,-1.5494));
#14503=CARTESIAN_POINT('',(8.4582,4.1148,-1.5494));
#14504=VECTOR('',#18215,0.8636);
#14505=CARTESIAN_POINT('',(8.4582,4.1148,-6.3881));
#14506=CARTESIAN_POINT('',(8.4582,4.1148,-1.5494));
#14507=VECTOR('',#18216,4.8387);
#14508=CARTESIAN_POINT('',(8.3312,4.1148,-6.3881));
#14509=CARTESIAN_POINT('',(8.4582,4.1148,-6.3881));
#14510=VECTOR('',#18217,0.127);
#14511=CARTESIAN_POINT('',(8.3312,4.1148,-7.874));
#14512=CARTESIAN_POINT('',(8.3312,4.1148,-6.3881));
#14513=VECTOR('',#18218,1.4859);
#14514=CARTESIAN_POINT('',(6.9088,4.1148,-7.874));
#14515=CARTESIAN_POINT('',(6.9088,4.1148,-7.874));
#14516=VECTOR('',#18219,1.4224);
#14517=CARTESIAN_POINT('',(6.9088,4.1148,-6.3881));
#14518=CARTESIAN_POINT('',(6.9088,4.1148,-7.874));
#14519=VECTOR('',#18220,1.4859);
#14520=CARTESIAN_POINT('',(6.7818,4.1148,-6.3881));
#14521=CARTESIAN_POINT('',(6.9088,4.1148,-6.3881));
#14522=VECTOR('',#18221,0.127);
#14523=CARTESIAN_POINT('',(6.7818,4.1148,-1.5494));
#14524=CARTESIAN_POINT('',(6.7818,4.1148,-1.5494));
#14525=VECTOR('',#18222,4.8387);
#14526=CARTESIAN_POINT('',(5.9182,4.1148,-1.5494));
#14527=CARTESIAN_POINT('',(5.9182,4.1148,-1.5494));
#14528=VECTOR('',#18223,0.8636);
#14529=CARTESIAN_POINT('',(5.9182,4.1148,-6.3881));
#14530=CARTESIAN_POINT('',(5.9182,4.1148,-1.5494));
#14531=VECTOR('',#18224,4.8387);
#14532=CARTESIAN_POINT('',(5.7912,4.1148,-6.3881));
#14533=CARTESIAN_POINT('',(5.9182,4.1148,-6.3881));
#14534=VECTOR('',#18225,0.127);
#14535=CARTESIAN_POINT('',(5.7912,4.1148,-7.874));
#14536=CARTESIAN_POINT('',(5.7912,4.1148,-6.3881));
#14537=VECTOR('',#18226,1.4859);
#14538=CARTESIAN_POINT('',(4.3688,4.1148,-7.874));
#14539=CARTESIAN_POINT('',(4.3688,4.1148,-7.874));
#14540=VECTOR('',#18227,1.4224);
#14541=CARTESIAN_POINT('',(4.3688,4.1148,-6.3881));
#14542=CARTESIAN_POINT('',(4.3688,4.1148,-7.874));
#14543=VECTOR('',#18228,1.4859);
#14544=CARTESIAN_POINT('',(4.2418,4.1148,-6.3881));
#14545=CARTESIAN_POINT('',(4.3688,4.1148,-6.3881));
#14546=VECTOR('',#18229,0.127);
#14547=CARTESIAN_POINT('',(4.2418,4.1148,-1.5494));
#14548=CARTESIAN_POINT('',(4.2418,4.1148,-1.5494));
#14549=VECTOR('',#18230,4.8387);
#14550=CARTESIAN_POINT('',(3.3782,4.1148,-1.5494));
#14551=CARTESIAN_POINT('',(3.3782,4.1148,-1.5494));
#14552=VECTOR('',#18231,0.8636);
#14553=CARTESIAN_POINT('',(3.3782,4.1148,-6.3881));
#14554=CARTESIAN_POINT('',(3.3782,4.1148,-1.5494));
#14555=VECTOR('',#18232,4.8387);
#14556=CARTESIAN_POINT('',(3.2512,4.1148,-6.3881));
#14557=CARTESIAN_POINT('',(3.3782,4.1148,-6.3881));
#14558=VECTOR('',#18233,0.127);
#14559=CARTESIAN_POINT('',(3.2512,4.1148,-7.874));
#14560=CARTESIAN_POINT('',(3.2512,4.1148,-6.3881));
#14561=VECTOR('',#18234,1.4859);
#14562=CARTESIAN_POINT('',(1.8288,4.1148,-7.874));
#14563=CARTESIAN_POINT('',(1.8288,4.1148,-7.874));
#14564=VECTOR('',#18235,1.4224);
#14565=CARTESIAN_POINT('',(1.8288,4.1148,-6.3881));
#14566=CARTESIAN_POINT('',(1.8288,4.1148,-7.874));
#14567=VECTOR('',#18236,1.4859);
#14568=CARTESIAN_POINT('',(1.7018,4.1148,-6.3881));
#14569=CARTESIAN_POINT('',(1.8288,4.1148,-6.3881));
#14570=VECTOR('',#18237,0.127);
#14571=CARTESIAN_POINT('',(1.7018,4.1148,-1.5494));
#14572=CARTESIAN_POINT('',(1.7018,4.1148,-1.5494));
#14573=VECTOR('',#18238,4.8387);
#14574=CARTESIAN_POINT('',(0.8382,4.1148,-1.5494));
#14575=CARTESIAN_POINT('',(0.8382,4.1148,-1.5494));
#14576=VECTOR('',#18239,0.8636);
#14577=CARTESIAN_POINT('',(0.8382,4.1148,-6.3881));
#14578=CARTESIAN_POINT('',(0.8382,4.1148,-1.5494));
#14579=VECTOR('',#18240,4.8387);
#14580=CARTESIAN_POINT('',(0.7112,4.1148,-6.3881));
#14581=CARTESIAN_POINT('',(0.8382,4.1148,-6.3881));
#14582=VECTOR('',#18241,0.127);
#14583=CARTESIAN_POINT('',(0.7112,4.1148,-7.874));
#14584=CARTESIAN_POINT('',(0.7112,4.1148,-6.3881));
#14585=VECTOR('',#18242,1.4859);
#14586=CARTESIAN_POINT('',(-0.7112,4.1148,-7.874));
#14587=CARTESIAN_POINT('',(-0.7112,4.1148,-7.874));
#14588=VECTOR('',#18243,1.4224);
#14589=CARTESIAN_POINT('',(-0.7112,4.1148,-6.3881));
#14590=CARTESIAN_POINT('',(-0.7112,4.1148,-7.874));
#14591=VECTOR('',#18244,1.4859);
#14592=CARTESIAN_POINT('',(-0.8382,4.1148,-6.3881));
#14593=CARTESIAN_POINT('',(-0.7112,4.1148,-6.3881));
#14594=VECTOR('',#18245,0.127);
#14595=CARTESIAN_POINT('',(-0.8382,4.1148,-1.5494));
#14596=CARTESIAN_POINT('',(-0.8382,4.1148,-1.5494));
#14597=VECTOR('',#18246,4.8387);
#14598=CARTESIAN_POINT('',(-1.7018,4.1148,-1.5494));
#14599=CARTESIAN_POINT('',(-1.7018,4.1148,-1.5494));
#14600=VECTOR('',#18247,0.8636);
#14601=CARTESIAN_POINT('',(-1.7018,4.1148,-6.3881));
#14602=CARTESIAN_POINT('',(-1.7018,4.1148,-1.5494));
#14603=VECTOR('',#18248,4.8387);
#14604=CARTESIAN_POINT('',(-1.8288,4.1148,-6.3881));
#14605=CARTESIAN_POINT('',(-1.7018,4.1148,-6.3881));
#14606=VECTOR('',#18249,0.127);
#14607=CARTESIAN_POINT('',(-1.8288,4.1148,-7.874));
#14608=CARTESIAN_POINT('',(-1.8288,4.1148,-6.3881));
#14609=VECTOR('',#18250,1.4859);
#14610=CARTESIAN_POINT('',(-3.2512,4.1148,-7.874));
#14611=CARTESIAN_POINT('',(-3.2512,4.1148,-7.874));
#14612=VECTOR('',#18251,1.4224);
#14613=CARTESIAN_POINT('',(-3.2512,4.1148,-6.3881));
#14614=CARTESIAN_POINT('',(-3.2512,4.1148,-7.874));
#14615=VECTOR('',#18252,1.4859);
#14616=CARTESIAN_POINT('',(-3.3782,4.1148,-6.3881));
#14617=CARTESIAN_POINT('',(-3.2512,4.1148,-6.3881));
#14618=VECTOR('',#18253,0.127);
#14619=CARTESIAN_POINT('',(-3.3782,4.1148,-1.5494));
#14620=CARTESIAN_POINT('',(-3.3782,4.1148,-1.5494));
#14621=VECTOR('',#18254,4.8387);
#14622=CARTESIAN_POINT('',(-4.2418,4.1148,-1.5494));
#14623=CARTESIAN_POINT('',(-4.2418,4.1148,-1.5494));
#14624=VECTOR('',#18255,0.8636);
#14625=CARTESIAN_POINT('',(-4.2418,4.1148,-6.3881));
#14626=CARTESIAN_POINT('',(-4.2418,4.1148,-1.5494));
#14627=VECTOR('',#18256,4.8387);
#14628=CARTESIAN_POINT('',(-4.3688,4.1148,-6.3881));
#14629=CARTESIAN_POINT('',(-4.2418,4.1148,-6.3881));
#14630=VECTOR('',#18257,0.127);
#14631=CARTESIAN_POINT('',(-4.3688,4.1148,-7.874));
#14632=CARTESIAN_POINT('',(-4.3688,4.1148,-6.3881));
#14633=VECTOR('',#18258,1.4859);
#14634=CARTESIAN_POINT('',(-5.7912,4.1148,-7.874));
#14635=CARTESIAN_POINT('',(-5.7912,4.1148,-7.874));
#14636=VECTOR('',#18259,1.4224);
#14637=CARTESIAN_POINT('',(-5.7912,4.1148,-6.3881));
#14638=CARTESIAN_POINT('',(-5.7912,4.1148,-7.874));
#14639=VECTOR('',#18260,1.4859);
#14640=CARTESIAN_POINT('',(-5.9182,4.1148,-6.3881));
#14641=CARTESIAN_POINT('',(-5.7912,4.1148,-6.3881));
#14642=VECTOR('',#18261,0.127);
#14643=CARTESIAN_POINT('',(-5.9182,4.1148,-1.5494));
#14644=CARTESIAN_POINT('',(-5.9182,4.1148,-1.5494));
#14645=VECTOR('',#18262,4.8387);
#14646=CARTESIAN_POINT('',(-6.7818,4.1148,-1.5494));
#14647=CARTESIAN_POINT('',(-6.7818,4.1148,-1.5494));
#14648=VECTOR('',#18263,0.8636);
#14649=CARTESIAN_POINT('',(-6.7818,4.1148,-6.3881));
#14650=CARTESIAN_POINT('',(-6.7818,4.1148,-1.5494));
#14651=VECTOR('',#18264,4.8387);
#14652=CARTESIAN_POINT('',(-6.9088,4.1148,-6.3881));
#14653=CARTESIAN_POINT('',(-6.7818,4.1148,-6.3881));
#14654=VECTOR('',#18265,0.127);
#14655=CARTESIAN_POINT('',(-6.9088,4.1148,-7.874));
#14656=CARTESIAN_POINT('',(-6.9088,4.1148,-6.3881));
#14657=VECTOR('',#18266,1.4859);
#14658=CARTESIAN_POINT('',(-8.3312,4.1148,-7.874));
#14659=CARTESIAN_POINT('',(-8.3312,4.1148,-7.874));
#14660=VECTOR('',#18267,1.4224);
#14661=CARTESIAN_POINT('',(-8.3312,4.1148,-6.3881));
#14662=CARTESIAN_POINT('',(-8.3312,4.1148,-7.874));
#14663=VECTOR('',#18268,1.4859);
#14664=CARTESIAN_POINT('',(-8.4582,4.1148,-6.3881));
#14665=CARTESIAN_POINT('',(-8.3312,4.1148,-6.3881));
#14666=VECTOR('',#18269,0.127);
#14667=CARTESIAN_POINT('',(-8.4582,4.1148,-1.5494));
#14668=CARTESIAN_POINT('',(-8.4582,4.1148,-1.5494));
#14669=VECTOR('',#18270,4.8387);
#14670=CARTESIAN_POINT('',(-9.3218,4.1148,-1.5494));
#14671=CARTESIAN_POINT('',(-9.3218,4.1148,-1.5494));
#14672=VECTOR('',#18271,0.8636);
#14673=CARTESIAN_POINT('',(-9.3218,4.1148,-6.3881));
#14674=CARTESIAN_POINT('',(-9.3218,4.1148,-1.5494));
#14675=VECTOR('',#18272,4.8387);
#14676=CARTESIAN_POINT('',(-9.4488,4.1148,-6.3881));
#14677=CARTESIAN_POINT('',(-9.3218,4.1148,-6.3881));
#14678=VECTOR('',#18273,0.127);
#14679=CARTESIAN_POINT('',(-9.4488,4.1148,-7.874));
#14680=CARTESIAN_POINT('',(-9.4488,4.1148,-6.3881));
#14681=VECTOR('',#18274,1.4859);
#14682=CARTESIAN_POINT('',(-10.8712,4.1148,-7.874));
#14683=CARTESIAN_POINT('',(-10.8712,4.1148,-7.874));
#14684=VECTOR('',#18275,1.4224);
#14685=CARTESIAN_POINT('',(-10.8712,4.1148,-6.3881));
#14686=CARTESIAN_POINT('',(-10.8712,4.1148,-7.874));
#14687=VECTOR('',#18276,1.4859);
#14688=CARTESIAN_POINT('',(-10.9982,4.1148,-6.3881));
#14689=CARTESIAN_POINT('',(-10.8712,4.1148,-6.3881));
#14690=VECTOR('',#18277,0.127);
#14691=CARTESIAN_POINT('',(-10.9982,4.1148,-1.5494));
#14692=CARTESIAN_POINT('',(-10.9982,4.1148,-1.5494));
#14693=VECTOR('',#18278,4.8387);
#14694=CARTESIAN_POINT('',(-11.8618,4.1148,-1.5494));
#14695=CARTESIAN_POINT('',(-11.8618,4.1148,-1.5494));
#14696=VECTOR('',#18279,0.8636);
#14697=CARTESIAN_POINT('',(-11.8618,4.1148,-6.3881));
#14698=CARTESIAN_POINT('',(-11.8618,4.1148,-1.5494));
#14699=VECTOR('',#18280,4.8387);
#14700=CARTESIAN_POINT('',(-11.9888,4.1148,-6.3881));
#14701=CARTESIAN_POINT('',(-11.8618,4.1148,-6.3881));
#14702=VECTOR('',#18281,0.127);
#14703=CARTESIAN_POINT('',(-11.9888,4.1148,-7.874));
#14704=CARTESIAN_POINT('',(-11.9888,4.1148,-6.3881));
#14705=VECTOR('',#18282,1.4859);
#14706=CARTESIAN_POINT('',(-13.4112,4.1148,-7.874));
#14707=CARTESIAN_POINT('',(-13.4112,4.1148,-7.874));
#14708=VECTOR('',#18283,1.4224);
#14709=CARTESIAN_POINT('',(-13.4112,4.1148,-6.3881));
#14710=CARTESIAN_POINT('',(-13.4112,4.1148,-7.874));
#14711=VECTOR('',#18284,1.4859);
#14712=CARTESIAN_POINT('',(-13.4112,4.1148,-6.3881));
#14713=VECTOR('',#18285,0.127);
#14714=CARTESIAN_POINT('',(-14.5288,4.1148,-6.3881));
#14715=CARTESIAN_POINT('',(-14.4018,4.1148,-6.3881));
#14716=VECTOR('',#18286,0.127);
#14717=CARTESIAN_POINT('',(-14.5288,4.1148,-7.874));
#14718=CARTESIAN_POINT('',(-14.5288,4.1148,-6.3881));
#14719=VECTOR('',#18287,1.4859);
#14720=CARTESIAN_POINT('',(-14.8082,4.1148,-7.874));
#14721=CARTESIAN_POINT('',(-14.8082,4.1148,-7.874));
#14722=VECTOR('',#18288,0.2794);
#14723=CARTESIAN_POINT('',(-14.8082,4.1148,-0.635));
#14724=CARTESIAN_POINT('',(-14.8082,4.1148,-0.635));
#14725=VECTOR('',#18289,7.239);
#14726=CARTESIAN_POINT('',(14.8082,4.1148,-0.635));
#14727=CARTESIAN_POINT('',(14.8082,4.1148,-0.635));
#14728=VECTOR('',#18290,29.6164);
#14729=CARTESIAN_POINT('',(14.8082,4.1148,-7.874));
#14730=CARTESIAN_POINT('',(14.8082,4.1148,-0.635));
#14731=VECTOR('',#18291,7.239);
#14732=CARTESIAN_POINT('',(14.5288,4.1148,-7.874));
#14733=CARTESIAN_POINT('',(14.5288,4.1148,-7.874));
#14734=VECTOR('',#18292,0.2794);
#14735=CARTESIAN_POINT('',(14.5288,4.1148,-6.3881));
#14736=CARTESIAN_POINT('',(14.5288,4.1148,-7.874));
#14737=VECTOR('',#18293,1.4859);
#14738=CARTESIAN_POINT('',(14.4018,4.1148,-6.3881));
#14739=CARTESIAN_POINT('',(14.5288,4.1148,-6.3881));
#14740=VECTOR('',#18294,0.127);
#14741=CARTESIAN_POINT('',(14.4018,4.1148,-1.5494));
#14742=CARTESIAN_POINT('',(14.4018,4.1148,-1.5494));
#14743=VECTOR('',#18295,4.8387);
#14744=CARTESIAN_POINT('',(13.5382,4.1148,-1.5494));
#14745=CARTESIAN_POINT('',(13.5382,4.1148,-1.5494));
#14746=VECTOR('',#18296,0.8636);
#14747=CARTESIAN_POINT('',(13.5382,4.1148,-1.5494));
#14748=VECTOR('',#18297,4.8387);
#14749=CARTESIAN_POINT('',(13.5382,3.6068,-7.0104));
#14750=CARTESIAN_POINT('',(13.5382,0.409558633585692,-7.0104));
#14751=CARTESIAN_POINT('',(13.5382,3.6068,-7.0104));
#14752=VECTOR('',#18298,3.1972413664138);
#14753=CARTESIAN_POINT('',(13.5382,4.1148,-6.5024));
#14754=AXIS2_PLACEMENT_3D('',#18299,#18300,#18301);
#14755=CARTESIAN_POINT('',(13.5382,4.1148,-6.3881));
#14756=VECTOR('',#18302,0.1143);
#14757=AXIS2_PLACEMENT_3D('',#18303,#18304,#18305);
#14758=CARTESIAN_POINT('',(13.5382,6.93944881851936,-3.6857922606715));
#14759=VECTOR('',#18306,2.8702);
#14760=CARTESIAN_POINT('',(13.5382,5.76392247795368,-4.62295357343682));
#14761=AXIS2_PLACEMENT_3D('',#18307,#18308,#18309);
#14762=CARTESIAN_POINT('',(13.5382,4.87492247795368,-3.82249437805666));
#14763=CARTESIAN_POINT('',(13.5382,4.87492247795368,-3.82249437805666));
#14764=VECTOR('',#18310,1.19626749661999);
#14765=CARTESIAN_POINT('',(13.5382,4.81852364298678,-2.74634049899712));
#14766=AXIS2_PLACEMENT_3D('',#18311,#18312,#18313);
#14767=CARTESIAN_POINT('',(13.5382,4.9035032299945,-2.65196110616116));
#14768=CARTESIAN_POINT('',(13.5382,4.9035032299945,-2.65196110616116));
#14769=VECTOR('',#18314,0.127000000000051);
#14770=CARTESIAN_POINT('',(13.5382,5.05451025853102,-2.78792844537402));
#14771=CARTESIAN_POINT('',(13.5382,5.05451025853102,-2.78792844537402));
#14772=VECTOR('',#18315,0.2032);
#14773=CARTESIAN_POINT('',(13.5382,4.9695306715233,-2.88230783820998));
#14774=CARTESIAN_POINT('',(13.5382,4.9695306715233,-2.88230783820998));
#14775=VECTOR('',#18316,0.127000000000051);
#14776=CARTESIAN_POINT('',(13.5382,5.01088981716654,-3.67148734952014));
#14777=AXIS2_PLACEMENT_3D('',#18317,#18318,#18319);
#14778=CARTESIAN_POINT('',(13.5382,5.89988981716654,-4.4719465449003));
#14779=CARTESIAN_POINT('',(13.5382,5.89988981716654,-4.4719465449003));
#14780=VECTOR('',#18320,1.19626749661999);
#14781=AXIS2_PLACEMENT_3D('',#18321,#18322,#18323);
#14782=CARTESIAN_POINT('',(13.5382,5.36494246691352,-1.27741769911504));
#14783=VECTOR('',#18324,2.8702);
#14784=CARTESIAN_POINT('',(13.5382,4.318,-1.5494));
#14785=AXIS2_PLACEMENT_3D('',#18325,#18326,#18327);
#14786=CARTESIAN_POINT('',(13.5382,4.318,-6.5024));
#14787=CARTESIAN_POINT('',(13.5382,4.318,-6.5024));
#14788=VECTOR('',#18328,4.953);
#14789=CARTESIAN_POINT('',(13.5382,3.6068,-7.2136));
#14790=AXIS2_PLACEMENT_3D('',#18329,#18330,#18331);
#14791=CARTESIAN_POINT('',(13.5382,0.409558633585692,-7.2136));
#14792=CARTESIAN_POINT('',(13.5382,0.409558633585692,-7.2136));
#14793=VECTOR('',#18332,3.1972413664138);
#14794=CARTESIAN_POINT('',(13.5382,0.409558633585692,-7.2136));
#14795=VECTOR('',#18333,0.2032);
#14796=CARTESIAN_POINT('',(13.716,-0.254,-7.2136));
#14797=CARTESIAN_POINT('',(13.716,-0.254,-7.2136));
#14798=VECTOR('',#18334,0.686966447656686);
#14799=CARTESIAN_POINT('',(13.716,-0.254,-7.0104));
#14800=CARTESIAN_POINT('',(13.716,-0.254,-7.2136));
#14801=VECTOR('',#18335,0.2032);
#14802=CARTESIAN_POINT('',(13.5382,0.409558633585692,-7.0104));
#14803=VECTOR('',#18336,0.686966447656686);
#14804=CARTESIAN_POINT('',(14.224,-0.254,-7.0104));
#14805=CARTESIAN_POINT('',(13.716,-0.254,-7.0104));
#14806=VECTOR('',#18337,0.508);
#14807=CARTESIAN_POINT('',(14.4018,0.409558633585692,-7.0104));
#14808=CARTESIAN_POINT('',(14.224,-0.254,-7.0104));
#14809=VECTOR('',#18338,0.686966447656686);
#14810=CARTESIAN_POINT('',(14.4018,3.6068,-7.0104));
#14811=CARTESIAN_POINT('',(14.4018,3.6068,-7.0104));
#14812=VECTOR('',#18339,3.1972413664138);
#14813=CARTESIAN_POINT('',(13.5382,3.6068,-7.0104));
#14814=VECTOR('',#18340,0.8636);
#14815=CARTESIAN_POINT('',(14.4018,4.1148,-6.5024));
#14816=AXIS2_PLACEMENT_3D('',#18341,#18342,#18343);
#14817=CARTESIAN_POINT('',(13.5382,4.1148,-6.5024));
#14818=VECTOR('',#18344,0.8636);
#14819=CARTESIAN_POINT('',(13.6017,4.1148,-4.3053));
#14820=CARTESIAN_POINT('',(14.3383,4.1148,-4.3053));
#14821=CARTESIAN_POINT('',(13.6017,4.1148,-4.3053));
#14822=VECTOR('',#18345,0.7366);
#14823=CARTESIAN_POINT('',(14.3383,4.1148,-1.7653));
#14824=CARTESIAN_POINT('',(14.3383,4.1148,-4.3053));
#14825=VECTOR('',#18346,2.54);
#14826=CARTESIAN_POINT('',(13.6017,4.1148,-1.7653));
#14827=CARTESIAN_POINT('',(14.3383,4.1148,-1.7653));
#14828=VECTOR('',#18347,0.7366);
#14829=CARTESIAN_POINT('',(13.6017,4.1148,-1.7653));
#14830=VECTOR('',#18348,2.54);
#14831=CARTESIAN_POINT('',(13.716,4.1148,-4.21801590584362));
#14832=CARTESIAN_POINT('',(14.224,4.1148,-4.21801590584362));
#14833=CARTESIAN_POINT('',(13.716,4.1148,-4.21801590584362));
#14834=VECTOR('',#18349,0.508);
#14835=CARTESIAN_POINT('',(13.716,4.1148,-2.6162));
#14836=CARTESIAN_POINT('',(13.716,4.1148,-2.6162));
#14837=VECTOR('',#18350,1.60181590584387);
#14838=CARTESIAN_POINT('',(14.224,4.1148,-2.6162));
#14839=CARTESIAN_POINT('',(13.716,4.1148,-2.6162));
#14840=VECTOR('',#18351,0.508);
#14841=CARTESIAN_POINT('',(14.224,4.1148,-2.6162));
#14842=VECTOR('',#18352,1.60181590584387);
#14843=CARTESIAN_POINT('',(14.4018,4.1148,-6.3881));
#14844=VECTOR('',#18353,0.1143);
#14845=CARTESIAN_POINT('',(14.4018,4.1148,-6.3881));
#14846=VECTOR('',#18354,0.8636);
#14847=CARTESIAN_POINT('',(13.6017,3.0988,-1.7653));
#14848=VECTOR('',#18355,1.016);
#14849=CARTESIAN_POINT('',(13.6017,3.0988,-4.3053));
#14850=VECTOR('',#18356,1.016);
#14851=CARTESIAN_POINT('',(14.3383,3.0988,-4.3053));
#14852=VECTOR('',#18357,1.016);
#14853=CARTESIAN_POINT('',(14.3383,3.0988,-1.7653));
#14854=VECTOR('',#18358,1.016);
#14855=AXIS2_PLACEMENT_3D('',#18359,#18360,#18361);
#14856=AXIS2_PLACEMENT_3D('',#18362,#18363,#18364);
#14857=CARTESIAN_POINT('',(13.4112,3.0988,-7.874));
#14858=VECTOR('',#18365,1.016);
#14859=CARTESIAN_POINT('',(-14.8082,7.0358,-7.874));
#14860=CARTESIAN_POINT('',(-15.1892,7.0358,-7.874));
#14861=VECTOR('',#18366,0.381);
#14862=CARTESIAN_POINT('',(-14.8082,7.0358,-7.874));
#14863=VECTOR('',#18367,2.921);
#14864=CARTESIAN_POINT('',(-14.5288,3.0988,-7.874));
#14865=VECTOR('',#18368,1.016);
#14866=CARTESIAN_POINT('',(-13.4112,3.0988,-7.874));
#14867=VECTOR('',#18369,1.016);
#14868=CARTESIAN_POINT('',(-11.9888,3.0988,-7.874));
#14869=VECTOR('',#18370,1.016);
#14870=CARTESIAN_POINT('',(-10.8712,3.0988,-7.874));
#14871=VECTOR('',#18371,1.016);
#14872=CARTESIAN_POINT('',(-9.4488,3.0988,-7.874));
#14873=VECTOR('',#18372,1.016);
#14874=CARTESIAN_POINT('',(-8.3312,3.0988,-7.874));
#14875=VECTOR('',#18373,1.016);
#14876=CARTESIAN_POINT('',(-6.9088,3.0988,-7.874));
#14877=VECTOR('',#18374,1.016);
#14878=CARTESIAN_POINT('',(-5.7912,3.0988,-7.874));
#14879=VECTOR('',#18375,1.016);
#14880=CARTESIAN_POINT('',(-4.3688,3.0988,-7.874));
#14881=VECTOR('',#18376,1.016);
#14882=CARTESIAN_POINT('',(-3.2512,3.0988,-7.874));
#14883=VECTOR('',#18377,1.016);
#14884=CARTESIAN_POINT('',(-1.8288,3.0988,-7.874));
#14885=VECTOR('',#18378,1.016);
#14886=CARTESIAN_POINT('',(-0.7112,3.0988,-7.874));
#14887=VECTOR('',#18379,1.016);
#14888=CARTESIAN_POINT('',(0.7112,3.0988,-7.874));
#14889=VECTOR('',#18380,1.016);
#14890=CARTESIAN_POINT('',(1.8288,3.0988,-7.874));
#14891=VECTOR('',#18381,1.016);
#14892=CARTESIAN_POINT('',(3.2512,3.0988,-7.874));
#14893=VECTOR('',#18382,1.016);
#14894=CARTESIAN_POINT('',(4.3688,3.0988,-7.874));
#14895=VECTOR('',#18383,1.016);
#14896=CARTESIAN_POINT('',(5.7912,3.0988,-7.874));
#14897=VECTOR('',#18384,1.016);
#14898=CARTESIAN_POINT('',(6.9088,3.0988,-7.874));
#14899=VECTOR('',#18385,1.016);
#14900=CARTESIAN_POINT('',(8.3312,3.0988,-7.874));
#14901=VECTOR('',#18386,1.016);
#14902=CARTESIAN_POINT('',(9.4488,3.0988,-7.874));
#14903=VECTOR('',#18387,1.016);
#14904=CARTESIAN_POINT('',(10.8712,3.0988,-7.874));
#14905=VECTOR('',#18388,1.016);
#14906=CARTESIAN_POINT('',(11.9888,3.0988,-7.874));
#14907=VECTOR('',#18389,1.016);
#14908=CARTESIAN_POINT('',(14.8082,7.0358,-7.874));
#14909=CARTESIAN_POINT('',(14.8082,7.0358,-7.874));
#14910=VECTOR('',#18390,2.921);
#14911=CARTESIAN_POINT('',(14.8082,7.0358,-7.874));
#14912=VECTOR('',#18391,0.381);
#14913=CARTESIAN_POINT('',(14.5288,3.0988,-7.874));
#14914=VECTOR('',#18392,1.016);
#14915=AXIS2_PLACEMENT_3D('',#18393,#18394,#18395);
#14916=AXIS2_PLACEMENT_3D('',#18396,#18397,#18398);
#14917=CARTESIAN_POINT('',(-14.8082,7.0358,-6.096));
#14918=CARTESIAN_POINT('',(-14.8082,7.0358,-7.874));
#14919=VECTOR('',#18399,1.778);
#14920=CARTESIAN_POINT('',(-14.8082,7.0358,-0.635));
#14921=CARTESIAN_POINT('',(-14.8082,7.0358,-6.096));
#14922=VECTOR('',#18400,5.461);
#14923=CARTESIAN_POINT('',(-14.8082,7.0358,-0.635));
#14924=VECTOR('',#18401,2.921);
#14925=CARTESIAN_POINT('',(13.3985,5.6642,-0.635));
#14926=CARTESIAN_POINT('',(14.5415,5.6642,-0.635));
#14927=CARTESIAN_POINT('',(13.3985,5.6642,-0.635));
#14928=VECTOR('',#18402,1.143);
#14929=CARTESIAN_POINT('',(14.5415,7.0358,-0.635));
#14930=CARTESIAN_POINT('',(14.5415,7.0358,-0.635));
#14931=VECTOR('',#18403,1.3716);
#14932=CARTESIAN_POINT('',(14.8082,7.0358,-0.635));
#14933=CARTESIAN_POINT('',(14.8082,7.0358,-0.635));
#14934=VECTOR('',#18404,0.2667);
#14935=CARTESIAN_POINT('',(14.8082,7.0358,-0.635));
#14936=VECTOR('',#18405,2.921);
#14937=CARTESIAN_POINT('',(-14.5415,7.0358,-0.635));
#14938=CARTESIAN_POINT('',(-14.5415,7.0358,-0.635));
#14939=VECTOR('',#18406,0.2667);
#14940=CARTESIAN_POINT('',(-14.5415,5.6642,-0.635));
#14941=CARTESIAN_POINT('',(-14.5415,7.0358,-0.635));
#14942=VECTOR('',#18407,1.3716);
#14943=CARTESIAN_POINT('',(-13.3985,5.6642,-0.635));
#14944=CARTESIAN_POINT('',(-14.5415,5.6642,-0.635));
#14945=VECTOR('',#18408,1.143);
#14946=CARTESIAN_POINT('',(-13.3985,7.0358,-0.635));
#14947=CARTESIAN_POINT('',(-13.3985,5.6642,-0.635));
#14948=VECTOR('',#18409,1.3716);
#14949=CARTESIAN_POINT('',(-12.0015,7.0358,-0.635));
#14950=CARTESIAN_POINT('',(-12.0015,7.0358,-0.635));
#14951=VECTOR('',#18410,1.397);
#14952=CARTESIAN_POINT('',(-12.0015,5.6642,-0.635));
#14953=CARTESIAN_POINT('',(-12.0015,7.0358,-0.635));
#14954=VECTOR('',#18411,1.3716);
#14955=CARTESIAN_POINT('',(-10.8585,5.6642,-0.635));
#14956=CARTESIAN_POINT('',(-12.0015,5.6642,-0.635));
#14957=VECTOR('',#18412,1.143);
#14958=CARTESIAN_POINT('',(-10.8585,7.0358,-0.635));
#14959=CARTESIAN_POINT('',(-10.8585,7.0358,-0.635));
#14960=VECTOR('',#18413,1.3716);
#14961=CARTESIAN_POINT('',(-9.4615,7.0358,-0.635));
#14962=CARTESIAN_POINT('',(-9.4615,7.0358,-0.635));
#14963=VECTOR('',#18414,1.397);
#14964=CARTESIAN_POINT('',(-9.4615,5.6642,-0.635));
#14965=CARTESIAN_POINT('',(-9.4615,7.0358,-0.635));
#14966=VECTOR('',#18415,1.3716);
#14967=CARTESIAN_POINT('',(-8.3185,5.6642,-0.635));
#14968=CARTESIAN_POINT('',(-9.4615,5.6642,-0.635));
#14969=VECTOR('',#18416,1.143);
#14970=CARTESIAN_POINT('',(-8.3185,7.0358,-0.635));
#14971=CARTESIAN_POINT('',(-8.3185,7.0358,-0.635));
#14972=VECTOR('',#18417,1.3716);
#14973=CARTESIAN_POINT('',(-6.9215,7.0358,-0.635));
#14974=CARTESIAN_POINT('',(-6.9215,7.0358,-0.635));
#14975=VECTOR('',#18418,1.397);
#14976=CARTESIAN_POINT('',(-6.9215,5.6642,-0.635));
#14977=CARTESIAN_POINT('',(-6.9215,7.0358,-0.635));
#14978=VECTOR('',#18419,1.3716);
#14979=CARTESIAN_POINT('',(-5.7785,5.6642,-0.635));
#14980=CARTESIAN_POINT('',(-6.9215,5.6642,-0.635));
#14981=VECTOR('',#18420,1.143);
#14982=CARTESIAN_POINT('',(-5.7785,7.0358,-0.635));
#14983=CARTESIAN_POINT('',(-5.7785,7.0358,-0.635));
#14984=VECTOR('',#18421,1.3716);
#14985=CARTESIAN_POINT('',(-4.3815,7.0358,-0.635));
#14986=CARTESIAN_POINT('',(-4.3815,7.0358,-0.635));
#14987=VECTOR('',#18422,1.397);
#14988=CARTESIAN_POINT('',(-4.3815,5.6642,-0.635));
#14989=CARTESIAN_POINT('',(-4.3815,7.0358,-0.635));
#14990=VECTOR('',#18423,1.3716);
#14991=CARTESIAN_POINT('',(-3.2385,5.6642,-0.635));
#14992=CARTESIAN_POINT('',(-4.3815,5.6642,-0.635));
#14993=VECTOR('',#18424,1.143);
#14994=CARTESIAN_POINT('',(-3.2385,7.0358,-0.635));
#14995=CARTESIAN_POINT('',(-3.2385,7.0358,-0.635));
#14996=VECTOR('',#18425,1.3716);
#14997=CARTESIAN_POINT('',(-1.8415,7.0358,-0.635));
#14998=CARTESIAN_POINT('',(-1.8415,7.0358,-0.635));
#14999=VECTOR('',#18426,1.397);
#15000=CARTESIAN_POINT('',(-1.8415,5.6642,-0.635));
#15001=CARTESIAN_POINT('',(-1.8415,7.0358,-0.635));
#15002=VECTOR('',#18427,1.3716);
#15003=CARTESIAN_POINT('',(-0.6985,5.6642,-0.635));
#15004=CARTESIAN_POINT('',(-1.8415,5.6642,-0.635));
#15005=VECTOR('',#18428,1.143);
#15006=CARTESIAN_POINT('',(-0.6985,7.0358,-0.635));
#15007=CARTESIAN_POINT('',(-0.6985,7.0358,-0.635));
#15008=VECTOR('',#18429,1.3716);
#15009=CARTESIAN_POINT('',(0.6985,7.0358,-0.635));
#15010=CARTESIAN_POINT('',(0.6985,7.0358,-0.635));
#15011=VECTOR('',#18430,1.397);
#15012=CARTESIAN_POINT('',(0.6985,5.6642,-0.635));
#15013=CARTESIAN_POINT('',(0.6985,7.0358,-0.635));
#15014=VECTOR('',#18431,1.3716);
#15015=CARTESIAN_POINT('',(1.8415,5.6642,-0.635));
#15016=CARTESIAN_POINT('',(0.6985,5.6642,-0.635));
#15017=VECTOR('',#18432,1.143);
#15018=CARTESIAN_POINT('',(1.8415,7.0358,-0.635));
#15019=CARTESIAN_POINT('',(1.8415,7.0358,-0.635));
#15020=VECTOR('',#18433,1.3716);
#15021=CARTESIAN_POINT('',(3.2385,7.0358,-0.635));
#15022=CARTESIAN_POINT('',(3.2385,7.0358,-0.635));
#15023=VECTOR('',#18434,1.397);
#15024=CARTESIAN_POINT('',(3.2385,5.6642,-0.635));
#15025=CARTESIAN_POINT('',(3.2385,7.0358,-0.635));
#15026=VECTOR('',#18435,1.3716);
#15027=CARTESIAN_POINT('',(4.3815,5.6642,-0.635));
#15028=CARTESIAN_POINT('',(3.2385,5.6642,-0.635));
#15029=VECTOR('',#18436,1.143);
#15030=CARTESIAN_POINT('',(4.3815,7.0358,-0.635));
#15031=CARTESIAN_POINT('',(4.3815,7.0358,-0.635));
#15032=VECTOR('',#18437,1.3716);
#15033=CARTESIAN_POINT('',(5.7785,7.0358,-0.635));
#15034=CARTESIAN_POINT('',(5.7785,7.0358,-0.635));
#15035=VECTOR('',#18438,1.397);
#15036=CARTESIAN_POINT('',(5.7785,5.6642,-0.635));
#15037=CARTESIAN_POINT('',(5.7785,7.0358,-0.635));
#15038=VECTOR('',#18439,1.3716);
#15039=CARTESIAN_POINT('',(6.9215,5.6642,-0.635));
#15040=CARTESIAN_POINT('',(5.7785,5.6642,-0.635));
#15041=VECTOR('',#18440,1.143);
#15042=CARTESIAN_POINT('',(6.9215,7.0358,-0.635));
#15043=CARTESIAN_POINT('',(6.9215,7.0358,-0.635));
#15044=VECTOR('',#18441,1.3716);
#15045=CARTESIAN_POINT('',(8.3185,7.0358,-0.635));
#15046=CARTESIAN_POINT('',(8.3185,7.0358,-0.635));
#15047=VECTOR('',#18442,1.397);
#15048=CARTESIAN_POINT('',(8.3185,5.6642,-0.635));
#15049=CARTESIAN_POINT('',(8.3185,7.0358,-0.635));
#15050=VECTOR('',#18443,1.3716);
#15051=CARTESIAN_POINT('',(9.4615,5.6642,-0.635));
#15052=CARTESIAN_POINT('',(8.3185,5.6642,-0.635));
#15053=VECTOR('',#18444,1.143);
#15054=CARTESIAN_POINT('',(9.4615,7.0358,-0.635));
#15055=CARTESIAN_POINT('',(9.4615,7.0358,-0.635));
#15056=VECTOR('',#18445,1.3716);
#15057=CARTESIAN_POINT('',(10.8585,7.0358,-0.635));
#15058=CARTESIAN_POINT('',(10.8585,7.0358,-0.635));
#15059=VECTOR('',#18446,1.397);
#15060=CARTESIAN_POINT('',(10.8585,5.6642,-0.635));
#15061=CARTESIAN_POINT('',(10.8585,7.0358,-0.635));
#15062=VECTOR('',#18447,1.3716);
#15063=CARTESIAN_POINT('',(12.0015,5.6642,-0.635));
#15064=CARTESIAN_POINT('',(10.8585,5.6642,-0.635));
#15065=VECTOR('',#18448,1.143);
#15066=CARTESIAN_POINT('',(12.0015,7.0358,-0.635));
#15067=CARTESIAN_POINT('',(12.0015,7.0358,-0.635));
#15068=VECTOR('',#18449,1.3716);
#15069=CARTESIAN_POINT('',(13.3985,7.0358,-0.635));
#15070=CARTESIAN_POINT('',(13.3985,7.0358,-0.635));
#15071=VECTOR('',#18450,1.397);
#15072=CARTESIAN_POINT('',(13.3985,7.0358,-0.635));
#15073=VECTOR('',#18451,1.3716);
#15074=CARTESIAN_POINT('',(13.3985,7.0358,-0.381));
#15075=CARTESIAN_POINT('',(13.3985,7.0358,-0.635));
#15076=VECTOR('',#18452,0.254);
#15077=CARTESIAN_POINT('',(13.3985,5.6642,-0.381));
#15078=CARTESIAN_POINT('',(13.3985,7.0358,-0.381));
#15079=VECTOR('',#18453,1.3716);
#15080=CARTESIAN_POINT('',(13.3985,5.6642,-0.635));
#15081=VECTOR('',#18454,0.254);
#15082=CARTESIAN_POINT('',(14.5415,5.6642,-0.381));
#15083=CARTESIAN_POINT('',(13.3985,5.6642,-0.381));
#15084=VECTOR('',#18455,1.143);
#15085=CARTESIAN_POINT('',(14.5415,5.6642,-0.635));
#15086=VECTOR('',#18456,0.254);
#15087=CARTESIAN_POINT('',(14.5415,7.0358,-0.381));
#15088=CARTESIAN_POINT('',(14.5415,5.6642,-0.381));
#15089=VECTOR('',#18457,1.3716);
#15090=CARTESIAN_POINT('',(14.5415,7.0358,-0.635));
#15091=VECTOR('',#18458,0.254);
#15092=CARTESIAN_POINT('',(12.0015,7.0358,-0.381));
#15093=CARTESIAN_POINT('',(12.0015,7.0358,-0.635));
#15094=VECTOR('',#18459,0.254);
#15095=CARTESIAN_POINT('',(10.8585,7.0358,-0.381));
#15096=CARTESIAN_POINT('',(12.0015,7.0358,-0.381));
#15097=VECTOR('',#18460,1.143);
#15098=CARTESIAN_POINT('',(10.8585,7.0358,-0.635));
#15099=VECTOR('',#18461,0.254);
#15100=CARTESIAN_POINT('',(9.4615,7.0358,-0.381));
#15101=CARTESIAN_POINT('',(9.4615,7.0358,-0.635));
#15102=VECTOR('',#18462,0.254);
#15103=CARTESIAN_POINT('',(8.3185,7.0358,-0.381));
#15104=CARTESIAN_POINT('',(9.4615,7.0358,-0.381));
#15105=VECTOR('',#18463,1.143);
#15106=CARTESIAN_POINT('',(8.3185,7.0358,-0.635));
#15107=VECTOR('',#18464,0.254);
#15108=CARTESIAN_POINT('',(6.9215,7.0358,-0.381));
#15109=CARTESIAN_POINT('',(6.9215,7.0358,-0.635));
#15110=VECTOR('',#18465,0.254);
#15111=CARTESIAN_POINT('',(5.7785,7.0358,-0.381));
#15112=CARTESIAN_POINT('',(6.9215,7.0358,-0.381));
#15113=VECTOR('',#18466,1.143);
#15114=CARTESIAN_POINT('',(5.7785,7.0358,-0.635));
#15115=VECTOR('',#18467,0.254);
#15116=CARTESIAN_POINT('',(4.3815,7.0358,-0.381));
#15117=CARTESIAN_POINT('',(4.3815,7.0358,-0.635));
#15118=VECTOR('',#18468,0.254);
#15119=CARTESIAN_POINT('',(3.2385,7.0358,-0.381));
#15120=CARTESIAN_POINT('',(4.3815,7.0358,-0.381));
#15121=VECTOR('',#18469,1.143);
#15122=CARTESIAN_POINT('',(3.2385,7.0358,-0.635));
#15123=VECTOR('',#18470,0.254);
#15124=CARTESIAN_POINT('',(1.8415,7.0358,-0.381));
#15125=CARTESIAN_POINT('',(1.8415,7.0358,-0.635));
#15126=VECTOR('',#18471,0.254);
#15127=CARTESIAN_POINT('',(0.6985,7.0358,-0.381));
#15128=CARTESIAN_POINT('',(1.8415,7.0358,-0.381));
#15129=VECTOR('',#18472,1.143);
#15130=CARTESIAN_POINT('',(0.6985,7.0358,-0.635));
#15131=VECTOR('',#18473,0.254);
#15132=CARTESIAN_POINT('',(-0.6985,7.0358,-0.381));
#15133=CARTESIAN_POINT('',(-0.6985,7.0358,-0.635));
#15134=VECTOR('',#18474,0.254);
#15135=CARTESIAN_POINT('',(-1.8415,7.0358,-0.381));
#15136=CARTESIAN_POINT('',(-0.6985,7.0358,-0.381));
#15137=VECTOR('',#18475,1.143);
#15138=CARTESIAN_POINT('',(-1.8415,7.0358,-0.635));
#15139=VECTOR('',#18476,0.254);
#15140=CARTESIAN_POINT('',(-3.2385,7.0358,-0.381));
#15141=CARTESIAN_POINT('',(-3.2385,7.0358,-0.635));
#15142=VECTOR('',#18477,0.254);
#15143=CARTESIAN_POINT('',(-4.3815,7.0358,-0.381));
#15144=CARTESIAN_POINT('',(-3.2385,7.0358,-0.381));
#15145=VECTOR('',#18478,1.143);
#15146=CARTESIAN_POINT('',(-4.3815,7.0358,-0.635));
#15147=VECTOR('',#18479,0.254);
#15148=CARTESIAN_POINT('',(-5.7785,7.0358,-0.381));
#15149=CARTESIAN_POINT('',(-5.7785,7.0358,-0.635));
#15150=VECTOR('',#18480,0.254);
#15151=CARTESIAN_POINT('',(-6.9215,7.0358,-0.381));
#15152=CARTESIAN_POINT('',(-5.7785,7.0358,-0.381));
#15153=VECTOR('',#18481,1.143);
#15154=CARTESIAN_POINT('',(-6.9215,7.0358,-0.635));
#15155=VECTOR('',#18482,0.254);
#15156=CARTESIAN_POINT('',(-8.3185,7.0358,-0.381));
#15157=CARTESIAN_POINT('',(-8.3185,7.0358,-0.635));
#15158=VECTOR('',#18483,0.254);
#15159=CARTESIAN_POINT('',(-9.4615,7.0358,-0.381));
#15160=CARTESIAN_POINT('',(-8.3185,7.0358,-0.381));
#15161=VECTOR('',#18484,1.143);
#15162=CARTESIAN_POINT('',(-9.4615,7.0358,-0.635));
#15163=VECTOR('',#18485,0.254);
#15164=CARTESIAN_POINT('',(-10.8585,7.0358,-0.381));
#15165=CARTESIAN_POINT('',(-10.8585,7.0358,-0.635));
#15166=VECTOR('',#18486,0.254);
#15167=CARTESIAN_POINT('',(-12.0015,7.0358,-0.381));
#15168=CARTESIAN_POINT('',(-10.8585,7.0358,-0.381));
#15169=VECTOR('',#18487,1.143);
#15170=CARTESIAN_POINT('',(-12.0015,7.0358,-0.635));
#15171=VECTOR('',#18488,0.254);
#15172=CARTESIAN_POINT('',(-13.3985,7.0358,-0.381));
#15173=CARTESIAN_POINT('',(-13.3985,7.0358,-0.635));
#15174=VECTOR('',#18489,0.254);
#15175=CARTESIAN_POINT('',(-14.5415,7.0358,-0.381));
#15176=CARTESIAN_POINT('',(-13.3985,7.0358,-0.381));
#15177=VECTOR('',#18490,1.143);
#15178=CARTESIAN_POINT('',(-14.5415,7.0358,-0.635));
#15179=VECTOR('',#18491,0.254);
#15180=CARTESIAN_POINT('',(14.8082,7.0358,-6.096));
#15181=CARTESIAN_POINT('',(-14.8082,7.0358,-6.096));
#15182=VECTOR('',#18492,29.6164);
#15183=CARTESIAN_POINT('',(14.8082,7.0358,-6.096));
#15184=VECTOR('',#18493,5.461);
#15185=CARTESIAN_POINT('',(14.5415,7.0358,-0.381));
#15186=VECTOR('',#18494,1.143);
#15187=CARTESIAN_POINT('',(13.3985,7.0358,-0.381));
#15188=VECTOR('',#18495,0.659911357683662);
#15189=CARTESIAN_POINT('',(14.5415,7.0358,-0.381));
#15190=VECTOR('',#18496,0.659911357683662);
#15191=CARTESIAN_POINT('',(14.5415,5.6642,-0.381));
#15192=VECTOR('',#18497,0.659911357683662);
#15193=CARTESIAN_POINT('',(13.3985,5.6642,-0.381));
#15194=VECTOR('',#18498,0.659911357683662);
#15195=CARTESIAN_POINT('',(14.8082,7.0358,-7.874));
#15196=VECTOR('',#18499,1.778);
#15197=CARTESIAN_POINT('',(14.8082,7.0358,-6.096));
#15198=VECTOR('',#18500,0.381);
#15199=CARTESIAN_POINT('',(-15.1892,7.0358,-6.096));
#15200=VECTOR('',#18501,0.381);
#15201=CARTESIAN_POINT('',(-15.1892,7.7978,-6.096));
#15202=VECTOR('',#18502,30.3784);
#15203=CARTESIAN_POINT('',(-14.5415,5.6642,-0.381));
#15204=CARTESIAN_POINT('',(-14.5415,7.0358,-0.381));
#15205=VECTOR('',#18503,1.3716);
#15206=CARTESIAN_POINT('',(-14.5415,5.6642,-0.635));
#15207=VECTOR('',#18504,0.254);
#15208=CARTESIAN_POINT('',(-13.3985,5.6642,-0.381));
#15209=CARTESIAN_POINT('',(-14.5415,5.6642,-0.381));
#15210=VECTOR('',#18505,1.143);
#15211=CARTESIAN_POINT('',(-13.3985,5.6642,-0.635));
#15212=VECTOR('',#18506,0.254);
#15213=CARTESIAN_POINT('',(-13.3985,5.6642,-0.381));
#15214=VECTOR('',#18507,1.3716);
#15215=CARTESIAN_POINT('',(-13.3985,7.0358,-0.381));
#15216=VECTOR('',#18508,0.659911357683662);
#15217=CARTESIAN_POINT('',(-13.3985,5.6642,-0.381));
#15218=VECTOR('',#18509,0.659911357683662);
#15219=CARTESIAN_POINT('',(-14.5415,5.6642,-0.381));
#15220=VECTOR('',#18510,0.659911357683662);
#15221=CARTESIAN_POINT('',(-14.5415,7.0358,-0.381));
#15222=VECTOR('',#18511,0.659911357683662);
#15223=CARTESIAN_POINT('',(-12.0015,5.6642,-0.381));
#15224=CARTESIAN_POINT('',(-12.0015,7.0358,-0.381));
#15225=VECTOR('',#18512,1.3716);
#15226=CARTESIAN_POINT('',(-12.0015,5.6642,-0.635));
#15227=VECTOR('',#18513,0.254);
#15228=CARTESIAN_POINT('',(-10.8585,5.6642,-0.381));
#15229=CARTESIAN_POINT('',(-12.0015,5.6642,-0.381));
#15230=VECTOR('',#18514,1.143);
#15231=CARTESIAN_POINT('',(-10.8585,5.6642,-0.635));
#15232=VECTOR('',#18515,0.254);
#15233=CARTESIAN_POINT('',(-10.8585,5.6642,-0.381));
#15234=VECTOR('',#18516,1.3716);
#15235=CARTESIAN_POINT('',(-10.8585,7.0358,-0.381));
#15236=VECTOR('',#18517,0.659911357683662);
#15237=CARTESIAN_POINT('',(-10.8585,5.6642,-0.381));
#15238=VECTOR('',#18518,0.659911357683662);
#15239=CARTESIAN_POINT('',(-12.0015,5.6642,-0.381));
#15240=VECTOR('',#18519,0.659911357683662);
#15241=CARTESIAN_POINT('',(-12.0015,7.0358,-0.381));
#15242=VECTOR('',#18520,0.659911357683662);
#15243=CARTESIAN_POINT('',(-9.4615,5.6642,-0.381));
#15244=CARTESIAN_POINT('',(-9.4615,7.0358,-0.381));
#15245=VECTOR('',#18521,1.3716);
#15246=CARTESIAN_POINT('',(-9.4615,5.6642,-0.635));
#15247=VECTOR('',#18522,0.254);
#15248=CARTESIAN_POINT('',(-8.3185,5.6642,-0.381));
#15249=CARTESIAN_POINT('',(-9.4615,5.6642,-0.381));
#15250=VECTOR('',#18523,1.143);
#15251=CARTESIAN_POINT('',(-8.3185,5.6642,-0.635));
#15252=VECTOR('',#18524,0.254);
#15253=CARTESIAN_POINT('',(-8.3185,5.6642,-0.381));
#15254=VECTOR('',#18525,1.3716);
#15255=CARTESIAN_POINT('',(-8.3185,7.0358,-0.381));
#15256=VECTOR('',#18526,0.659911357683662);
#15257=CARTESIAN_POINT('',(-8.3185,5.6642,-0.381));
#15258=VECTOR('',#18527,0.659911357683662);
#15259=CARTESIAN_POINT('',(-9.4615,5.6642,-0.381));
#15260=VECTOR('',#18528,0.659911357683662);
#15261=CARTESIAN_POINT('',(-9.4615,7.0358,-0.381));
#15262=VECTOR('',#18529,0.659911357683662);
#15263=CARTESIAN_POINT('',(-6.9215,5.6642,-0.381));
#15264=CARTESIAN_POINT('',(-6.9215,7.0358,-0.381));
#15265=VECTOR('',#18530,1.3716);
#15266=CARTESIAN_POINT('',(-6.9215,5.6642,-0.635));
#15267=VECTOR('',#18531,0.254);
#15268=CARTESIAN_POINT('',(-5.7785,5.6642,-0.381));
#15269=CARTESIAN_POINT('',(-6.9215,5.6642,-0.381));
#15270=VECTOR('',#18532,1.143);
#15271=CARTESIAN_POINT('',(-5.7785,5.6642,-0.635));
#15272=VECTOR('',#18533,0.254);
#15273=CARTESIAN_POINT('',(-5.7785,5.6642,-0.381));
#15274=VECTOR('',#18534,1.3716);
#15275=CARTESIAN_POINT('',(-5.7785,7.0358,-0.381));
#15276=VECTOR('',#18535,0.659911357683662);
#15277=CARTESIAN_POINT('',(-5.7785,5.6642,-0.381));
#15278=VECTOR('',#18536,0.659911357683662);
#15279=CARTESIAN_POINT('',(-6.9215,5.6642,-0.381));
#15280=VECTOR('',#18537,0.659911357683662);
#15281=CARTESIAN_POINT('',(-6.9215,7.0358,-0.381));
#15282=VECTOR('',#18538,0.659911357683662);
#15283=CARTESIAN_POINT('',(-4.3815,5.6642,-0.381));
#15284=CARTESIAN_POINT('',(-4.3815,7.0358,-0.381));
#15285=VECTOR('',#18539,1.3716);
#15286=CARTESIAN_POINT('',(-4.3815,5.6642,-0.635));
#15287=VECTOR('',#18540,0.254);
#15288=CARTESIAN_POINT('',(-3.2385,5.6642,-0.381));
#15289=CARTESIAN_POINT('',(-4.3815,5.6642,-0.381));
#15290=VECTOR('',#18541,1.143);
#15291=CARTESIAN_POINT('',(-3.2385,5.6642,-0.635));
#15292=VECTOR('',#18542,0.254);
#15293=CARTESIAN_POINT('',(-3.2385,5.6642,-0.381));
#15294=VECTOR('',#18543,1.3716);
#15295=CARTESIAN_POINT('',(-3.2385,7.0358,-0.381));
#15296=VECTOR('',#18544,0.659911357683662);
#15297=CARTESIAN_POINT('',(-3.2385,5.6642,-0.381));
#15298=VECTOR('',#18545,0.659911357683662);
#15299=CARTESIAN_POINT('',(-4.3815,5.6642,-0.381));
#15300=VECTOR('',#18546,0.659911357683662);
#15301=CARTESIAN_POINT('',(-4.3815,7.0358,-0.381));
#15302=VECTOR('',#18547,0.659911357683662);
#15303=CARTESIAN_POINT('',(-1.8415,5.6642,-0.381));
#15304=CARTESIAN_POINT('',(-1.8415,7.0358,-0.381));
#15305=VECTOR('',#18548,1.3716);
#15306=CARTESIAN_POINT('',(-1.8415,5.6642,-0.635));
#15307=VECTOR('',#18549,0.254);
#15308=CARTESIAN_POINT('',(-0.6985,5.6642,-0.381));
#15309=CARTESIAN_POINT('',(-1.8415,5.6642,-0.381));
#15310=VECTOR('',#18550,1.143);
#15311=CARTESIAN_POINT('',(-0.6985,5.6642,-0.635));
#15312=VECTOR('',#18551,0.254);
#15313=CARTESIAN_POINT('',(-0.6985,5.6642,-0.381));
#15314=VECTOR('',#18552,1.3716);
#15315=CARTESIAN_POINT('',(-0.6985,7.0358,-0.381));
#15316=VECTOR('',#18553,0.659911357683662);
#15317=CARTESIAN_POINT('',(-0.6985,5.6642,-0.381));
#15318=VECTOR('',#18554,0.659911357683662);
#15319=CARTESIAN_POINT('',(-1.8415,5.6642,-0.381));
#15320=VECTOR('',#18555,0.659911357683662);
#15321=CARTESIAN_POINT('',(-1.8415,7.0358,-0.381));
#15322=VECTOR('',#18556,0.659911357683662);
#15323=CARTESIAN_POINT('',(0.6985,5.6642,-0.381));
#15324=CARTESIAN_POINT('',(0.6985,7.0358,-0.381));
#15325=VECTOR('',#18557,1.3716);
#15326=CARTESIAN_POINT('',(0.6985,5.6642,-0.635));
#15327=VECTOR('',#18558,0.254);
#15328=CARTESIAN_POINT('',(1.8415,5.6642,-0.381));
#15329=CARTESIAN_POINT('',(0.6985,5.6642,-0.381));
#15330=VECTOR('',#18559,1.143);
#15331=CARTESIAN_POINT('',(1.8415,5.6642,-0.635));
#15332=VECTOR('',#18560,0.254);
#15333=CARTESIAN_POINT('',(1.8415,5.6642,-0.381));
#15334=VECTOR('',#18561,1.3716);
#15335=CARTESIAN_POINT('',(1.8415,7.0358,-0.381));
#15336=VECTOR('',#18562,0.659911357683662);
#15337=CARTESIAN_POINT('',(1.8415,5.6642,-0.381));
#15338=VECTOR('',#18563,0.659911357683662);
#15339=CARTESIAN_POINT('',(0.6985,5.6642,-0.381));
#15340=VECTOR('',#18564,0.659911357683662);
#15341=CARTESIAN_POINT('',(0.6985,7.0358,-0.381));
#15342=VECTOR('',#18565,0.659911357683662);
#15343=CARTESIAN_POINT('',(3.2385,5.6642,-0.381));
#15344=CARTESIAN_POINT('',(3.2385,7.0358,-0.381));
#15345=VECTOR('',#18566,1.3716);
#15346=CARTESIAN_POINT('',(3.2385,5.6642,-0.635));
#15347=VECTOR('',#18567,0.254);
#15348=CARTESIAN_POINT('',(4.3815,5.6642,-0.381));
#15349=CARTESIAN_POINT('',(3.2385,5.6642,-0.381));
#15350=VECTOR('',#18568,1.143);
#15351=CARTESIAN_POINT('',(4.3815,5.6642,-0.635));
#15352=VECTOR('',#18569,0.254);
#15353=CARTESIAN_POINT('',(4.3815,5.6642,-0.381));
#15354=VECTOR('',#18570,1.3716);
#15355=CARTESIAN_POINT('',(4.3815,7.0358,-0.381));
#15356=VECTOR('',#18571,0.659911357683662);
#15357=CARTESIAN_POINT('',(4.3815,5.6642,-0.381));
#15358=VECTOR('',#18572,0.659911357683662);
#15359=CARTESIAN_POINT('',(3.2385,5.6642,-0.381));
#15360=VECTOR('',#18573,0.659911357683662);
#15361=CARTESIAN_POINT('',(3.2385,7.0358,-0.381));
#15362=VECTOR('',#18574,0.659911357683662);
#15363=CARTESIAN_POINT('',(5.7785,5.6642,-0.381));
#15364=CARTESIAN_POINT('',(5.7785,7.0358,-0.381));
#15365=VECTOR('',#18575,1.3716);
#15366=CARTESIAN_POINT('',(5.7785,5.6642,-0.635));
#15367=VECTOR('',#18576,0.254);
#15368=CARTESIAN_POINT('',(6.9215,5.6642,-0.381));
#15369=CARTESIAN_POINT('',(5.7785,5.6642,-0.381));
#15370=VECTOR('',#18577,1.143);
#15371=CARTESIAN_POINT('',(6.9215,5.6642,-0.635));
#15372=VECTOR('',#18578,0.254);
#15373=CARTESIAN_POINT('',(6.9215,5.6642,-0.381));
#15374=VECTOR('',#18579,1.3716);
#15375=CARTESIAN_POINT('',(6.9215,7.0358,-0.381));
#15376=VECTOR('',#18580,0.659911357683662);
#15377=CARTESIAN_POINT('',(6.9215,5.6642,-0.381));
#15378=VECTOR('',#18581,0.659911357683662);
#15379=CARTESIAN_POINT('',(5.7785,5.6642,-0.381));
#15380=VECTOR('',#18582,0.659911357683662);
#15381=CARTESIAN_POINT('',(5.7785,7.0358,-0.381));
#15382=VECTOR('',#18583,0.659911357683662);
#15383=CARTESIAN_POINT('',(8.3185,5.6642,-0.381));
#15384=CARTESIAN_POINT('',(8.3185,7.0358,-0.381));
#15385=VECTOR('',#18584,1.3716);
#15386=CARTESIAN_POINT('',(8.3185,5.6642,-0.635));
#15387=VECTOR('',#18585,0.254);
#15388=CARTESIAN_POINT('',(9.4615,5.6642,-0.381));
#15389=CARTESIAN_POINT('',(8.3185,5.6642,-0.381));
#15390=VECTOR('',#18586,1.143);
#15391=CARTESIAN_POINT('',(9.4615,5.6642,-0.635));
#15392=VECTOR('',#18587,0.254);
#15393=CARTESIAN_POINT('',(9.4615,5.6642,-0.381));
#15394=VECTOR('',#18588,1.3716);
#15395=CARTESIAN_POINT('',(9.4615,7.0358,-0.381));
#15396=VECTOR('',#18589,0.659911357683662);
#15397=CARTESIAN_POINT('',(9.4615,5.6642,-0.381));
#15398=VECTOR('',#18590,0.659911357683662);
#15399=CARTESIAN_POINT('',(8.3185,5.6642,-0.381));
#15400=VECTOR('',#18591,0.659911357683662);
#15401=CARTESIAN_POINT('',(8.3185,7.0358,-0.381));
#15402=VECTOR('',#18592,0.659911357683662);
#15403=CARTESIAN_POINT('',(10.8585,5.6642,-0.381));
#15404=CARTESIAN_POINT('',(10.8585,7.0358,-0.381));
#15405=VECTOR('',#18593,1.3716);
#15406=CARTESIAN_POINT('',(10.8585,5.6642,-0.635));
#15407=VECTOR('',#18594,0.254);
#15408=CARTESIAN_POINT('',(12.0015,5.6642,-0.381));
#15409=CARTESIAN_POINT('',(10.8585,5.6642,-0.381));
#15410=VECTOR('',#18595,1.143);
#15411=CARTESIAN_POINT('',(12.0015,5.6642,-0.635));
#15412=VECTOR('',#18596,0.254);
#15413=CARTESIAN_POINT('',(12.0015,5.6642,-0.381));
#15414=VECTOR('',#18597,1.3716);
#15415=CARTESIAN_POINT('',(12.0015,7.0358,-0.381));
#15416=VECTOR('',#18598,0.659911357683662);
#15417=CARTESIAN_POINT('',(12.0015,5.6642,-0.381));
#15418=VECTOR('',#18599,0.659911357683662);
#15419=CARTESIAN_POINT('',(10.8585,5.6642,-0.381));
#15420=VECTOR('',#18600,0.659911357683662);
#15421=CARTESIAN_POINT('',(10.8585,7.0358,-0.381));
#15422=VECTOR('',#18601,0.659911357683662);
#15423=AXIS2_PLACEMENT_3D('',#18602,#18603,#18604);
#15424=AXIS2_PLACEMENT_3D('',#18605,#18606,#18607);
#15425=CARTESIAN_POINT('',(-10.9982,4.1148,-6.3881));
#15426=VECTOR('',#18608,0.8636);
#15427=CARTESIAN_POINT('',(-11.7983,4.1148,-4.3053));
#15428=CARTESIAN_POINT('',(-11.0617,4.1148,-4.3053));
#15429=CARTESIAN_POINT('',(-11.7983,4.1148,-4.3053));
#15430=VECTOR('',#18609,0.7366);
#15431=CARTESIAN_POINT('',(-11.0617,4.1148,-1.7653));
#15432=CARTESIAN_POINT('',(-11.0617,4.1148,-4.3053));
#15433=VECTOR('',#18610,2.54);
#15434=CARTESIAN_POINT('',(-11.7983,4.1148,-1.7653));
#15435=CARTESIAN_POINT('',(-11.0617,4.1148,-1.7653));
#15436=VECTOR('',#18611,0.7366);
#15437=CARTESIAN_POINT('',(-11.7983,4.1148,-1.7653));
#15438=VECTOR('',#18612,2.54);
#15439=CARTESIAN_POINT('',(-11.684,4.1148,-4.21801590584362));
#15440=CARTESIAN_POINT('',(-11.176,4.1148,-4.21801590584362));
#15441=CARTESIAN_POINT('',(-11.684,4.1148,-4.21801590584362));
#15442=VECTOR('',#18613,0.508);
#15443=CARTESIAN_POINT('',(-11.684,4.1148,-2.6162));
#15444=CARTESIAN_POINT('',(-11.684,4.1148,-2.6162));
#15445=VECTOR('',#18614,1.60181590584387);
#15446=CARTESIAN_POINT('',(-11.176,4.1148,-2.6162));
#15447=CARTESIAN_POINT('',(-11.684,4.1148,-2.6162));
#15448=VECTOR('',#18615,0.508);
#15449=CARTESIAN_POINT('',(-11.176,4.1148,-2.6162));
#15450=VECTOR('',#18616,1.60181590584387);
#15451=CARTESIAN_POINT('',(-11.8618,4.1148,-6.5024));
#15452=CARTESIAN_POINT('',(-11.8618,4.1148,-6.3881));
#15453=VECTOR('',#18617,0.1143);
#15454=CARTESIAN_POINT('',(-10.9982,4.1148,-6.5024));
#15455=CARTESIAN_POINT('',(-11.8618,4.1148,-6.5024));
#15456=VECTOR('',#18618,0.8636);
#15457=CARTESIAN_POINT('',(-10.9982,4.1148,-6.3881));
#15458=VECTOR('',#18619,0.1143);
#15459=CARTESIAN_POINT('',(-11.7983,3.0988,-1.7653));
#15460=VECTOR('',#18620,1.016);
#15461=CARTESIAN_POINT('',(-11.7983,3.0988,-4.3053));
#15462=VECTOR('',#18621,1.016);
#15463=CARTESIAN_POINT('',(-11.0617,3.0988,-4.3053));
#15464=VECTOR('',#18622,1.016);
#15465=CARTESIAN_POINT('',(-11.0617,3.0988,-1.7653));
#15466=VECTOR('',#18623,1.016);
#15467=CARTESIAN_POINT('',(-10.9982,0.409558633585692,-7.2136));
#15468=CARTESIAN_POINT('',(-10.9982,3.6068,-7.2136));
#15469=CARTESIAN_POINT('',(-10.9982,0.409558633585692,-7.2136));
#15470=VECTOR('',#18624,3.1972413664138);
#15471=CARTESIAN_POINT('',(-10.9982,4.318,-6.5024));
#15472=AXIS2_PLACEMENT_3D('',#18625,#18626,#18627);
#15473=CARTESIAN_POINT('',(-10.9982,4.318,-1.5494));
#15474=CARTESIAN_POINT('',(-10.9982,4.318,-6.5024));
#15475=VECTOR('',#18628,4.953);
#15476=AXIS2_PLACEMENT_3D('',#18629,#18630,#18631);
#15477=CARTESIAN_POINT('',(-10.9982,5.36494246691352,-1.27741769911504));
#15478=VECTOR('',#18632,2.8702);
#15479=CARTESIAN_POINT('',(-10.9982,5.89988981716654,-4.4719465449003));
#15480=AXIS2_PLACEMENT_3D('',#18633,#18634,#18635);
#15481=CARTESIAN_POINT('',(-10.9982,5.01088981716654,-3.67148734952014));
#15482=CARTESIAN_POINT('',(-10.9982,5.89988981716654,-4.4719465449003));
#15483=VECTOR('',#18636,1.19626749661999);
#15484=CARTESIAN_POINT('',(-10.9982,4.9695306715233,-2.88230783820998));
#15485=AXIS2_PLACEMENT_3D('',#18637,#18638,#18639);
#15486=CARTESIAN_POINT('',(-10.9982,5.05451025853102,-2.78792844537402));
#15487=CARTESIAN_POINT('',(-10.9982,4.9695306715233,-2.88230783820998));
#15488=VECTOR('',#18640,0.127000000000051);
#15489=CARTESIAN_POINT('',(-10.9982,4.9035032299945,-2.65196110616116));
#15490=CARTESIAN_POINT('',(-10.9982,5.05451025853102,-2.78792844537402));
#15491=VECTOR('',#18641,0.2032);
#15492=CARTESIAN_POINT('',(-10.9982,4.81852364298678,-2.74634049899712));
#15493=CARTESIAN_POINT('',(-10.9982,4.9035032299945,-2.65196110616116));
#15494=VECTOR('',#18642,0.127000000000051);
#15495=CARTESIAN_POINT('',(-10.9982,4.87492247795368,-3.82249437805666));
#15496=AXIS2_PLACEMENT_3D('',#18643,#18644,#18645);
#15497=CARTESIAN_POINT('',(-10.9982,5.76392247795368,-4.62295357343682));
#15498=CARTESIAN_POINT('',(-10.9982,4.87492247795368,-3.82249437805666));
#15499=VECTOR('',#18646,1.19626749661999);
#15500=AXIS2_PLACEMENT_3D('',#18647,#18648,#18649);
#15501=CARTESIAN_POINT('',(-10.9982,6.93944881851936,-3.6857922606715));
#15502=VECTOR('',#18650,2.8702);
#15503=AXIS2_PLACEMENT_3D('',#18651,#18652,#18653);
#15504=CARTESIAN_POINT('',(-10.9982,3.6068,-7.0104));
#15505=AXIS2_PLACEMENT_3D('',#18654,#18655,#18656);
#15506=CARTESIAN_POINT('',(-10.9982,0.409558633585692,-7.0104));
#15507=CARTESIAN_POINT('',(-10.9982,3.6068,-7.0104));
#15508=VECTOR('',#18657,3.1972413664138);
#15509=CARTESIAN_POINT('',(-10.9982,0.409558633585692,-7.0104));
#15510=VECTOR('',#18658,0.2032);
#15511=CARTESIAN_POINT('',(-11.176,-0.254,-7.0104));
#15512=CARTESIAN_POINT('',(-11.176,-0.254,-7.0104));
#15513=VECTOR('',#18659,0.686966447656686);
#15514=CARTESIAN_POINT('',(-11.176,-0.254,-7.2136));
#15515=CARTESIAN_POINT('',(-11.176,-0.254,-7.0104));
#15516=VECTOR('',#18660,0.2032);
#15517=CARTESIAN_POINT('',(-10.9982,0.409558633585692,-7.2136));
#15518=VECTOR('',#18661,0.686966447656686);
#15519=CARTESIAN_POINT('',(-11.8618,0.409558633585692,-7.2136));
#15520=CARTESIAN_POINT('',(-11.8618,3.6068,-7.2136));
#15521=CARTESIAN_POINT('',(-11.8618,0.409558633585692,-7.2136));
#15522=VECTOR('',#18662,3.1972413664138);
#15523=CARTESIAN_POINT('',(-11.8618,3.6068,-7.2136));
#15524=VECTOR('',#18663,0.8636);
#15525=CARTESIAN_POINT('',(-11.684,-0.254,-7.2136));
#15526=CARTESIAN_POINT('',(-11.684,-0.254,-7.2136));
#15527=VECTOR('',#18664,0.508);
#15528=CARTESIAN_POINT('',(-11.684,-0.254,-7.2136));
#15529=VECTOR('',#18665,0.686966447656686);
#15530=CARTESIAN_POINT('',(-11.8618,0.409558633585692,-7.0104));
#15531=CARTESIAN_POINT('',(-11.8618,0.409558633585692,-7.2136));
#15532=VECTOR('',#18666,0.2032);
#15533=CARTESIAN_POINT('',(-11.684,-0.254,-7.0104));
#15534=CARTESIAN_POINT('',(-11.684,-0.254,-7.2136));
#15535=VECTOR('',#18667,0.2032);
#15536=CARTESIAN_POINT('',(-11.8618,0.409558633585692,-7.0104));
#15537=VECTOR('',#18668,0.686966447656686);
#15538=CARTESIAN_POINT('',(-11.684,-0.254,-7.0104));
#15539=VECTOR('',#18669,0.508);
#15540=CARTESIAN_POINT('',(-11.8618,3.6068,-7.0104));
#15541=CARTESIAN_POINT('',(-11.8618,3.6068,-7.0104));
#15542=VECTOR('',#18670,0.8636);
#15543=CARTESIAN_POINT('',(-11.8618,3.6068,-7.0104));
#15544=VECTOR('',#18671,3.1972413664138);
#15545=AXIS2_PLACEMENT_3D('',#18672,#18673,#18674);
#15546=AXIS2_PLACEMENT_3D('',#18675,#18676,#18677);
#15547=CARTESIAN_POINT('',(-11.8618,6.93944881851936,-3.6857922606715));
#15548=VECTOR('',#18678,2.8702);
#15549=CARTESIAN_POINT('',(-11.8618,5.76392247795368,-4.62295357343682));
#15550=AXIS2_PLACEMENT_3D('',#18679,#18680,#18681);
#15551=CARTESIAN_POINT('',(-11.8618,4.87492247795368,-3.82249437805666));
#15552=CARTESIAN_POINT('',(-11.8618,4.87492247795368,-3.82249437805666));
#15553=VECTOR('',#18682,1.19626749661999);
#15554=CARTESIAN_POINT('',(-11.8618,4.81852364298678,-2.74634049899712));
#15555=AXIS2_PLACEMENT_3D('',#18683,#18684,#18685);
#15556=CARTESIAN_POINT('',(-11.8618,4.9035032299945,-2.65196110616116));
#15557=CARTESIAN_POINT('',(-11.8618,4.9035032299945,-2.65196110616116));
#15558=VECTOR('',#18686,0.127000000000051);
#15559=CARTESIAN_POINT('',(-11.8618,5.05451025853102,-2.78792844537402));
#15560=CARTESIAN_POINT('',(-11.8618,5.05451025853102,-2.78792844537402));
#15561=VECTOR('',#18687,0.2032);
#15562=CARTESIAN_POINT('',(-11.8618,4.9695306715233,-2.88230783820998));
#15563=CARTESIAN_POINT('',(-11.8618,4.9695306715233,-2.88230783820998));
#15564=VECTOR('',#18688,0.127000000000051);
#15565=CARTESIAN_POINT('',(-11.8618,5.01088981716654,-3.67148734952014));
#15566=AXIS2_PLACEMENT_3D('',#18689,#18690,#18691);
#15567=CARTESIAN_POINT('',(-11.8618,5.89988981716654,-4.4719465449003));
#15568=CARTESIAN_POINT('',(-11.8618,5.89988981716654,-4.4719465449003));
#15569=VECTOR('',#18692,1.19626749661999);
#15570=AXIS2_PLACEMENT_3D('',#18693,#18694,#18695);
#15571=CARTESIAN_POINT('',(-11.8618,5.36494246691352,-1.27741769911504));
#15572=VECTOR('',#18696,2.8702);
#15573=CARTESIAN_POINT('',(-11.8618,4.318,-1.5494));
#15574=AXIS2_PLACEMENT_3D('',#18697,#18698,#18699);
#15575=CARTESIAN_POINT('',(-11.8618,4.318,-6.5024));
#15576=CARTESIAN_POINT('',(-11.8618,4.318,-6.5024));
#15577=VECTOR('',#18700,4.953);
#15578=AXIS2_PLACEMENT_3D('',#18701,#18702,#18703);
#15579=CARTESIAN_POINT('',(-11.8618,4.318,-6.5024));
#15580=VECTOR('',#18704,0.8636);
#15581=CARTESIAN_POINT('',(-11.8618,4.318,-1.5494));
#15582=VECTOR('',#18705,0.8636);
#15583=CARTESIAN_POINT('',(-11.8618,5.89988981716654,-4.4719465449003));
#15584=VECTOR('',#18706,0.8636);
#15585=CARTESIAN_POINT('',(-11.8618,5.01088981716654,-3.67148734952014));
#15586=VECTOR('',#18707,0.8636);
#15587=CARTESIAN_POINT('',(-11.8618,4.9695306715233,-2.88230783820998));
#15588=VECTOR('',#18708,0.8636);
#15589=CARTESIAN_POINT('',(-11.8618,5.05451025853102,-2.78792844537402));
#15590=VECTOR('',#18709,0.8636);
#15591=CARTESIAN_POINT('',(-11.8618,4.9035032299945,-2.65196110616116));
#15592=VECTOR('',#18710,0.8636);
#15593=CARTESIAN_POINT('',(-11.8618,4.81852364298678,-2.74634049899712));
#15594=VECTOR('',#18711,0.8636);
#15595=CARTESIAN_POINT('',(-11.8618,4.87492247795368,-3.82249437805666));
#15596=VECTOR('',#18712,0.8636);
#15597=CARTESIAN_POINT('',(-11.8618,5.76392247795368,-4.62295357343682));
#15598=VECTOR('',#18713,0.8636);
#15599=CARTESIAN_POINT('',(-11.176,3.556,-4.06238409415638));
#15600=CARTESIAN_POINT('',(-11.176,4.1148,-2.6162));
#15601=VECTOR('',#18714,1.55038894287555);
#15602=CARTESIAN_POINT('',(-11.176,3.95877782857532,-4.21801590584362));
#15603=CARTESIAN_POINT('',(-11.176,3.556,-4.06238409415638));
#15604=VECTOR('',#18715,0.4318);
#15605=CARTESIAN_POINT('',(-11.176,3.95877782857532,-4.21801590584362));
#15606=VECTOR('',#18716,0.156022171425899);
#15607=CARTESIAN_POINT('',(-11.684,3.95877782857532,-4.21801590584362));
#15608=CARTESIAN_POINT('',(-11.176,3.95877782857532,-4.21801590584362));
#15609=VECTOR('',#18717,0.508);
#15610=CARTESIAN_POINT('',(-11.684,3.95877782857532,-4.21801590584362));
#15611=VECTOR('',#18718,0.156022171425899);
#15612=CARTESIAN_POINT('',(-11.684,3.556,-4.06238409415638));
#15613=CARTESIAN_POINT('',(-11.684,3.556,-4.06238409415638));
#15614=VECTOR('',#18719,0.4318);
#15615=CARTESIAN_POINT('',(-11.684,4.1148,-2.6162));
#15616=VECTOR('',#18720,1.55038894287555);
#15617=CARTESIAN_POINT('',(-11.176,3.556,-4.06238409415638));
#15618=VECTOR('',#18721,0.508);
#15619=AXIS2_PLACEMENT_3D('',#18722,#18723,#18724);
#15620=AXIS2_PLACEMENT_3D('',#18725,#18726,#18727);
#15621=CARTESIAN_POINT('',(-8.4582,4.1148,-6.3881));
#15622=VECTOR('',#18728,0.8636);
#15623=CARTESIAN_POINT('',(-9.2583,4.1148,-4.3053));
#15624=CARTESIAN_POINT('',(-8.5217,4.1148,-4.3053));
#15625=CARTESIAN_POINT('',(-9.2583,4.1148,-4.3053));
#15626=VECTOR('',#18729,0.7366);
#15627=CARTESIAN_POINT('',(-8.5217,4.1148,-1.7653));
#15628=CARTESIAN_POINT('',(-8.5217,4.1148,-4.3053));
#15629=VECTOR('',#18730,2.54);
#15630=CARTESIAN_POINT('',(-9.2583,4.1148,-1.7653));
#15631=CARTESIAN_POINT('',(-8.5217,4.1148,-1.7653));
#15632=VECTOR('',#18731,0.7366);
#15633=CARTESIAN_POINT('',(-9.2583,4.1148,-1.7653));
#15634=VECTOR('',#18732,2.54);
#15635=CARTESIAN_POINT('',(-9.144,4.1148,-4.21801590584362));
#15636=CARTESIAN_POINT('',(-8.636,4.1148,-4.21801590584362));
#15637=CARTESIAN_POINT('',(-9.144,4.1148,-4.21801590584362));
#15638=VECTOR('',#18733,0.508);
#15639=CARTESIAN_POINT('',(-9.144,4.1148,-2.6162));
#15640=CARTESIAN_POINT('',(-9.144,4.1148,-2.6162));
#15641=VECTOR('',#18734,1.60181590584387);
#15642=CARTESIAN_POINT('',(-8.636,4.1148,-2.6162));
#15643=CARTESIAN_POINT('',(-9.144,4.1148,-2.6162));
#15644=VECTOR('',#18735,0.508);
#15645=CARTESIAN_POINT('',(-8.636,4.1148,-2.6162));
#15646=VECTOR('',#18736,1.60181590584387);
#15647=CARTESIAN_POINT('',(-9.3218,4.1148,-6.5024));
#15648=CARTESIAN_POINT('',(-9.3218,4.1148,-6.3881));
#15649=VECTOR('',#18737,0.1143);
#15650=CARTESIAN_POINT('',(-8.4582,4.1148,-6.5024));
#15651=CARTESIAN_POINT('',(-9.3218,4.1148,-6.5024));
#15652=VECTOR('',#18738,0.8636);
#15653=CARTESIAN_POINT('',(-8.4582,4.1148,-6.3881));
#15654=VECTOR('',#18739,0.1143);
#15655=CARTESIAN_POINT('',(-9.2583,3.0988,-1.7653));
#15656=VECTOR('',#18740,1.016);
#15657=CARTESIAN_POINT('',(-9.2583,3.0988,-4.3053));
#15658=VECTOR('',#18741,1.016);
#15659=CARTESIAN_POINT('',(-8.5217,3.0988,-4.3053));
#15660=VECTOR('',#18742,1.016);
#15661=CARTESIAN_POINT('',(-8.5217,3.0988,-1.7653));
#15662=VECTOR('',#18743,1.016);
#15663=CARTESIAN_POINT('',(-8.4582,0.409558633585692,-7.2136));
#15664=CARTESIAN_POINT('',(-8.4582,3.6068,-7.2136));
#15665=CARTESIAN_POINT('',(-8.4582,0.409558633585692,-7.2136));
#15666=VECTOR('',#18744,3.1972413664138);
#15667=CARTESIAN_POINT('',(-8.4582,4.318,-6.5024));
#15668=AXIS2_PLACEMENT_3D('',#18745,#18746,#18747);
#15669=CARTESIAN_POINT('',(-8.4582,4.318,-1.5494));
#15670=CARTESIAN_POINT('',(-8.4582,4.318,-6.5024));
#15671=VECTOR('',#18748,4.953);
#15672=AXIS2_PLACEMENT_3D('',#18749,#18750,#18751);
#15673=CARTESIAN_POINT('',(-8.4582,5.36494246691352,-1.27741769911504));
#15674=VECTOR('',#18752,2.8702);
#15675=CARTESIAN_POINT('',(-8.4582,5.89988981716654,-4.4719465449003));
#15676=AXIS2_PLACEMENT_3D('',#18753,#18754,#18755);
#15677=CARTESIAN_POINT('',(-8.4582,5.01088981716654,-3.67148734952014));
#15678=CARTESIAN_POINT('',(-8.4582,5.89988981716654,-4.4719465449003));
#15679=VECTOR('',#18756,1.19626749661999);
#15680=CARTESIAN_POINT('',(-8.4582,4.9695306715233,-2.88230783820998));
#15681=AXIS2_PLACEMENT_3D('',#18757,#18758,#18759);
#15682=CARTESIAN_POINT('',(-8.4582,5.05451025853102,-2.78792844537402));
#15683=CARTESIAN_POINT('',(-8.4582,4.9695306715233,-2.88230783820998));
#15684=VECTOR('',#18760,0.127000000000051);
#15685=CARTESIAN_POINT('',(-8.4582,4.9035032299945,-2.65196110616116));
#15686=CARTESIAN_POINT('',(-8.4582,5.05451025853102,-2.78792844537402));
#15687=VECTOR('',#18761,0.2032);
#15688=CARTESIAN_POINT('',(-8.4582,4.81852364298678,-2.74634049899712));
#15689=CARTESIAN_POINT('',(-8.4582,4.9035032299945,-2.65196110616116));
#15690=VECTOR('',#18762,0.127000000000051);
#15691=CARTESIAN_POINT('',(-8.4582,4.87492247795368,-3.82249437805666));
#15692=AXIS2_PLACEMENT_3D('',#18763,#18764,#18765);
#15693=CARTESIAN_POINT('',(-8.4582,5.76392247795368,-4.62295357343682));
#15694=CARTESIAN_POINT('',(-8.4582,4.87492247795368,-3.82249437805666));
#15695=VECTOR('',#18766,1.19626749661999);
#15696=AXIS2_PLACEMENT_3D('',#18767,#18768,#18769);
#15697=CARTESIAN_POINT('',(-8.4582,6.93944881851936,-3.6857922606715));
#15698=VECTOR('',#18770,2.8702);
#15699=AXIS2_PLACEMENT_3D('',#18771,#18772,#18773);
#15700=CARTESIAN_POINT('',(-8.4582,3.6068,-7.0104));
#15701=AXIS2_PLACEMENT_3D('',#18774,#18775,#18776);
#15702=CARTESIAN_POINT('',(-8.4582,0.409558633585692,-7.0104));
#15703=CARTESIAN_POINT('',(-8.4582,3.6068,-7.0104));
#15704=VECTOR('',#18777,3.1972413664138);
#15705=CARTESIAN_POINT('',(-8.4582,0.409558633585692,-7.0104));
#15706=VECTOR('',#18778,0.2032);
#15707=CARTESIAN_POINT('',(-8.636,-0.254,-7.0104));
#15708=CARTESIAN_POINT('',(-8.636,-0.254,-7.0104));
#15709=VECTOR('',#18779,0.686966447656686);
#15710=CARTESIAN_POINT('',(-8.636,-0.254,-7.2136));
#15711=CARTESIAN_POINT('',(-8.636,-0.254,-7.0104));
#15712=VECTOR('',#18780,0.2032);
#15713=CARTESIAN_POINT('',(-8.4582,0.409558633585692,-7.2136));
#15714=VECTOR('',#18781,0.686966447656686);
#15715=CARTESIAN_POINT('',(-9.3218,0.409558633585692,-7.2136));
#15716=CARTESIAN_POINT('',(-9.3218,3.6068,-7.2136));
#15717=CARTESIAN_POINT('',(-9.3218,0.409558633585692,-7.2136));
#15718=VECTOR('',#18782,3.1972413664138);
#15719=CARTESIAN_POINT('',(-9.3218,3.6068,-7.2136));
#15720=VECTOR('',#18783,0.8636);
#15721=CARTESIAN_POINT('',(-9.144,-0.254,-7.2136));
#15722=CARTESIAN_POINT('',(-9.144,-0.254,-7.2136));
#15723=VECTOR('',#18784,0.508);
#15724=CARTESIAN_POINT('',(-9.144,-0.254,-7.2136));
#15725=VECTOR('',#18785,0.686966447656686);
#15726=CARTESIAN_POINT('',(-9.3218,0.409558633585692,-7.0104));
#15727=CARTESIAN_POINT('',(-9.3218,0.409558633585692,-7.2136));
#15728=VECTOR('',#18786,0.2032);
#15729=CARTESIAN_POINT('',(-9.144,-0.254,-7.0104));
#15730=CARTESIAN_POINT('',(-9.144,-0.254,-7.2136));
#15731=VECTOR('',#18787,0.2032);
#15732=CARTESIAN_POINT('',(-9.3218,0.409558633585692,-7.0104));
#15733=VECTOR('',#18788,0.686966447656686);
#15734=CARTESIAN_POINT('',(-9.144,-0.254,-7.0104));
#15735=VECTOR('',#18789,0.508);
#15736=CARTESIAN_POINT('',(-9.3218,3.6068,-7.0104));
#15737=CARTESIAN_POINT('',(-9.3218,3.6068,-7.0104));
#15738=VECTOR('',#18790,0.8636);
#15739=CARTESIAN_POINT('',(-9.3218,3.6068,-7.0104));
#15740=VECTOR('',#18791,3.1972413664138);
#15741=AXIS2_PLACEMENT_3D('',#18792,#18793,#18794);
#15742=AXIS2_PLACEMENT_3D('',#18795,#18796,#18797);
#15743=CARTESIAN_POINT('',(-9.3218,6.93944881851936,-3.6857922606715));
#15744=VECTOR('',#18798,2.8702);
#15745=CARTESIAN_POINT('',(-9.3218,5.76392247795368,-4.62295357343682));
#15746=AXIS2_PLACEMENT_3D('',#18799,#18800,#18801);
#15747=CARTESIAN_POINT('',(-9.3218,4.87492247795368,-3.82249437805666));
#15748=CARTESIAN_POINT('',(-9.3218,4.87492247795368,-3.82249437805666));
#15749=VECTOR('',#18802,1.19626749661999);
#15750=CARTESIAN_POINT('',(-9.3218,4.81852364298678,-2.74634049899712));
#15751=AXIS2_PLACEMENT_3D('',#18803,#18804,#18805);
#15752=CARTESIAN_POINT('',(-9.3218,4.9035032299945,-2.65196110616116));
#15753=CARTESIAN_POINT('',(-9.3218,4.9035032299945,-2.65196110616116));
#15754=VECTOR('',#18806,0.127000000000051);
#15755=CARTESIAN_POINT('',(-9.3218,5.05451025853102,-2.78792844537402));
#15756=CARTESIAN_POINT('',(-9.3218,5.05451025853102,-2.78792844537402));
#15757=VECTOR('',#18807,0.2032);
#15758=CARTESIAN_POINT('',(-9.3218,4.9695306715233,-2.88230783820998));
#15759=CARTESIAN_POINT('',(-9.3218,4.9695306715233,-2.88230783820998));
#15760=VECTOR('',#18808,0.127000000000051);
#15761=CARTESIAN_POINT('',(-9.3218,5.01088981716654,-3.67148734952014));
#15762=AXIS2_PLACEMENT_3D('',#18809,#18810,#18811);
#15763=CARTESIAN_POINT('',(-9.3218,5.89988981716654,-4.4719465449003));
#15764=CARTESIAN_POINT('',(-9.3218,5.89988981716654,-4.4719465449003));
#15765=VECTOR('',#18812,1.19626749661999);
#15766=AXIS2_PLACEMENT_3D('',#18813,#18814,#18815);
#15767=CARTESIAN_POINT('',(-9.3218,5.36494246691352,-1.27741769911504));
#15768=VECTOR('',#18816,2.8702);
#15769=CARTESIAN_POINT('',(-9.3218,4.318,-1.5494));
#15770=AXIS2_PLACEMENT_3D('',#18817,#18818,#18819);
#15771=CARTESIAN_POINT('',(-9.3218,4.318,-6.5024));
#15772=CARTESIAN_POINT('',(-9.3218,4.318,-6.5024));
#15773=VECTOR('',#18820,4.953);
#15774=AXIS2_PLACEMENT_3D('',#18821,#18822,#18823);
#15775=CARTESIAN_POINT('',(-9.3218,4.318,-6.5024));
#15776=VECTOR('',#18824,0.8636);
#15777=CARTESIAN_POINT('',(-9.3218,4.318,-1.5494));
#15778=VECTOR('',#18825,0.8636);
#15779=CARTESIAN_POINT('',(-9.3218,5.89988981716654,-4.4719465449003));
#15780=VECTOR('',#18826,0.8636);
#15781=CARTESIAN_POINT('',(-9.3218,5.01088981716654,-3.67148734952014));
#15782=VECTOR('',#18827,0.8636);
#15783=CARTESIAN_POINT('',(-9.3218,4.9695306715233,-2.88230783820998));
#15784=VECTOR('',#18828,0.8636);
#15785=CARTESIAN_POINT('',(-9.3218,5.05451025853102,-2.78792844537402));
#15786=VECTOR('',#18829,0.8636);
#15787=CARTESIAN_POINT('',(-9.3218,4.9035032299945,-2.65196110616116));
#15788=VECTOR('',#18830,0.8636);
#15789=CARTESIAN_POINT('',(-9.3218,4.81852364298678,-2.74634049899712));
#15790=VECTOR('',#18831,0.8636);
#15791=CARTESIAN_POINT('',(-9.3218,4.87492247795368,-3.82249437805666));
#15792=VECTOR('',#18832,0.8636);
#15793=CARTESIAN_POINT('',(-9.3218,5.76392247795368,-4.62295357343682));
#15794=VECTOR('',#18833,0.8636);
#15795=CARTESIAN_POINT('',(-8.636,3.556,-4.06238409415638));
#15796=CARTESIAN_POINT('',(-8.636,4.1148,-2.6162));
#15797=VECTOR('',#18834,1.55038894287555);
#15798=CARTESIAN_POINT('',(-8.636,3.95877782857532,-4.21801590584362));
#15799=CARTESIAN_POINT('',(-8.636,3.556,-4.06238409415638));
#15800=VECTOR('',#18835,0.4318);
#15801=CARTESIAN_POINT('',(-8.636,3.95877782857532,-4.21801590584362));
#15802=VECTOR('',#18836,0.156022171425899);
#15803=CARTESIAN_POINT('',(-9.144,3.95877782857532,-4.21801590584362));
#15804=CARTESIAN_POINT('',(-8.636,3.95877782857532,-4.21801590584362));
#15805=VECTOR('',#18837,0.508);
#15806=CARTESIAN_POINT('',(-9.144,3.95877782857532,-4.21801590584362));
#15807=VECTOR('',#18838,0.156022171425899);
#15808=CARTESIAN_POINT('',(-9.144,3.556,-4.06238409415638));
#15809=CARTESIAN_POINT('',(-9.144,3.556,-4.06238409415638));
#15810=VECTOR('',#18839,0.4318);
#15811=CARTESIAN_POINT('',(-9.144,4.1148,-2.6162));
#15812=VECTOR('',#18840,1.55038894287555);
#15813=CARTESIAN_POINT('',(-8.636,3.556,-4.06238409415638));
#15814=VECTOR('',#18841,0.508);
#15815=AXIS2_PLACEMENT_3D('',#18842,#18843,#18844);
#15816=AXIS2_PLACEMENT_3D('',#18845,#18846,#18847);
#15817=CARTESIAN_POINT('',(-5.9182,4.1148,-6.3881));
#15818=VECTOR('',#18848,0.8636);
#15819=CARTESIAN_POINT('',(-6.7183,4.1148,-4.3053));
#15820=CARTESIAN_POINT('',(-5.9817,4.1148,-4.3053));
#15821=CARTESIAN_POINT('',(-6.7183,4.1148,-4.3053));
#15822=VECTOR('',#18849,0.7366);
#15823=CARTESIAN_POINT('',(-5.9817,4.1148,-1.7653));
#15824=CARTESIAN_POINT('',(-5.9817,4.1148,-4.3053));
#15825=VECTOR('',#18850,2.54);
#15826=CARTESIAN_POINT('',(-6.7183,4.1148,-1.7653));
#15827=CARTESIAN_POINT('',(-5.9817,4.1148,-1.7653));
#15828=VECTOR('',#18851,0.7366);
#15829=CARTESIAN_POINT('',(-6.7183,4.1148,-1.7653));
#15830=VECTOR('',#18852,2.54);
#15831=CARTESIAN_POINT('',(-6.604,4.1148,-4.21801590584362));
#15832=CARTESIAN_POINT('',(-6.096,4.1148,-4.21801590584362));
#15833=CARTESIAN_POINT('',(-6.604,4.1148,-4.21801590584362));
#15834=VECTOR('',#18853,0.508);
#15835=CARTESIAN_POINT('',(-6.604,4.1148,-2.6162));
#15836=CARTESIAN_POINT('',(-6.604,4.1148,-2.6162));
#15837=VECTOR('',#18854,1.60181590584387);
#15838=CARTESIAN_POINT('',(-6.096,4.1148,-2.6162));
#15839=CARTESIAN_POINT('',(-6.604,4.1148,-2.6162));
#15840=VECTOR('',#18855,0.508);
#15841=CARTESIAN_POINT('',(-6.096,4.1148,-2.6162));
#15842=VECTOR('',#18856,1.60181590584387);
#15843=CARTESIAN_POINT('',(-6.7818,4.1148,-6.5024));
#15844=CARTESIAN_POINT('',(-6.7818,4.1148,-6.3881));
#15845=VECTOR('',#18857,0.1143);
#15846=CARTESIAN_POINT('',(-5.9182,4.1148,-6.5024));
#15847=CARTESIAN_POINT('',(-6.7818,4.1148,-6.5024));
#15848=VECTOR('',#18858,0.8636);
#15849=CARTESIAN_POINT('',(-5.9182,4.1148,-6.3881));
#15850=VECTOR('',#18859,0.1143);
#15851=CARTESIAN_POINT('',(-6.7183,3.0988,-1.7653));
#15852=VECTOR('',#18860,1.016);
#15853=CARTESIAN_POINT('',(-6.7183,3.0988,-4.3053));
#15854=VECTOR('',#18861,1.016);
#15855=CARTESIAN_POINT('',(-5.9817,3.0988,-4.3053));
#15856=VECTOR('',#18862,1.016);
#15857=CARTESIAN_POINT('',(-5.9817,3.0988,-1.7653));
#15858=VECTOR('',#18863,1.016);
#15859=CARTESIAN_POINT('',(-5.9182,0.409558633585692,-7.2136));
#15860=CARTESIAN_POINT('',(-5.9182,3.6068,-7.2136));
#15861=CARTESIAN_POINT('',(-5.9182,0.409558633585692,-7.2136));
#15862=VECTOR('',#18864,3.1972413664138);
#15863=CARTESIAN_POINT('',(-5.9182,4.318,-6.5024));
#15864=AXIS2_PLACEMENT_3D('',#18865,#18866,#18867);
#15865=CARTESIAN_POINT('',(-5.9182,4.318,-1.5494));
#15866=CARTESIAN_POINT('',(-5.9182,4.318,-6.5024));
#15867=VECTOR('',#18868,4.953);
#15868=AXIS2_PLACEMENT_3D('',#18869,#18870,#18871);
#15869=CARTESIAN_POINT('',(-5.9182,5.36494246691352,-1.27741769911504));
#15870=VECTOR('',#18872,2.8702);
#15871=CARTESIAN_POINT('',(-5.9182,5.89988981716654,-4.4719465449003));
#15872=AXIS2_PLACEMENT_3D('',#18873,#18874,#18875);
#15873=CARTESIAN_POINT('',(-5.9182,5.01088981716654,-3.67148734952014));
#15874=CARTESIAN_POINT('',(-5.9182,5.89988981716654,-4.4719465449003));
#15875=VECTOR('',#18876,1.19626749661999);
#15876=CARTESIAN_POINT('',(-5.9182,4.9695306715233,-2.88230783820998));
#15877=AXIS2_PLACEMENT_3D('',#18877,#18878,#18879);
#15878=CARTESIAN_POINT('',(-5.9182,5.05451025853102,-2.78792844537402));
#15879=CARTESIAN_POINT('',(-5.9182,4.9695306715233,-2.88230783820998));
#15880=VECTOR('',#18880,0.127000000000051);
#15881=CARTESIAN_POINT('',(-5.9182,4.9035032299945,-2.65196110616116));
#15882=CARTESIAN_POINT('',(-5.9182,5.05451025853102,-2.78792844537402));
#15883=VECTOR('',#18881,0.2032);
#15884=CARTESIAN_POINT('',(-5.9182,4.81852364298678,-2.74634049899712));
#15885=CARTESIAN_POINT('',(-5.9182,4.9035032299945,-2.65196110616116));
#15886=VECTOR('',#18882,0.127000000000051);
#15887=CARTESIAN_POINT('',(-5.9182,4.87492247795368,-3.82249437805666));
#15888=AXIS2_PLACEMENT_3D('',#18883,#18884,#18885);
#15889=CARTESIAN_POINT('',(-5.9182,5.76392247795368,-4.62295357343682));
#15890=CARTESIAN_POINT('',(-5.9182,4.87492247795368,-3.82249437805666));
#15891=VECTOR('',#18886,1.19626749661999);
#15892=AXIS2_PLACEMENT_3D('',#18887,#18888,#18889);
#15893=CARTESIAN_POINT('',(-5.9182,6.93944881851936,-3.6857922606715));
#15894=VECTOR('',#18890,2.8702);
#15895=AXIS2_PLACEMENT_3D('',#18891,#18892,#18893);
#15896=CARTESIAN_POINT('',(-5.9182,3.6068,-7.0104));
#15897=AXIS2_PLACEMENT_3D('',#18894,#18895,#18896);
#15898=CARTESIAN_POINT('',(-5.9182,0.409558633585692,-7.0104));
#15899=CARTESIAN_POINT('',(-5.9182,3.6068,-7.0104));
#15900=VECTOR('',#18897,3.1972413664138);
#15901=CARTESIAN_POINT('',(-5.9182,0.409558633585692,-7.0104));
#15902=VECTOR('',#18898,0.2032);
#15903=CARTESIAN_POINT('',(-6.096,-0.254,-7.0104));
#15904=CARTESIAN_POINT('',(-6.096,-0.254,-7.0104));
#15905=VECTOR('',#18899,0.686966447656686);
#15906=CARTESIAN_POINT('',(-6.096,-0.254,-7.2136));
#15907=CARTESIAN_POINT('',(-6.096,-0.254,-7.0104));
#15908=VECTOR('',#18900,0.2032);
#15909=CARTESIAN_POINT('',(-5.9182,0.409558633585692,-7.2136));
#15910=VECTOR('',#18901,0.686966447656686);
#15911=CARTESIAN_POINT('',(-6.7818,0.409558633585692,-7.2136));
#15912=CARTESIAN_POINT('',(-6.7818,3.6068,-7.2136));
#15913=CARTESIAN_POINT('',(-6.7818,0.409558633585692,-7.2136));
#15914=VECTOR('',#18902,3.1972413664138);
#15915=CARTESIAN_POINT('',(-6.7818,3.6068,-7.2136));
#15916=VECTOR('',#18903,0.8636);
#15917=CARTESIAN_POINT('',(-6.604,-0.254,-7.2136));
#15918=CARTESIAN_POINT('',(-6.604,-0.254,-7.2136));
#15919=VECTOR('',#18904,0.508);
#15920=CARTESIAN_POINT('',(-6.604,-0.254,-7.2136));
#15921=VECTOR('',#18905,0.686966447656686);
#15922=CARTESIAN_POINT('',(-6.7818,0.409558633585692,-7.0104));
#15923=CARTESIAN_POINT('',(-6.7818,0.409558633585692,-7.2136));
#15924=VECTOR('',#18906,0.2032);
#15925=CARTESIAN_POINT('',(-6.604,-0.254,-7.0104));
#15926=CARTESIAN_POINT('',(-6.604,-0.254,-7.2136));
#15927=VECTOR('',#18907,0.2032);
#15928=CARTESIAN_POINT('',(-6.7818,0.409558633585692,-7.0104));
#15929=VECTOR('',#18908,0.686966447656686);
#15930=CARTESIAN_POINT('',(-6.604,-0.254,-7.0104));
#15931=VECTOR('',#18909,0.508);
#15932=CARTESIAN_POINT('',(-6.7818,3.6068,-7.0104));
#15933=CARTESIAN_POINT('',(-6.7818,3.6068,-7.0104));
#15934=VECTOR('',#18910,0.8636);
#15935=CARTESIAN_POINT('',(-6.7818,3.6068,-7.0104));
#15936=VECTOR('',#18911,3.1972413664138);
#15937=AXIS2_PLACEMENT_3D('',#18912,#18913,#18914);
#15938=AXIS2_PLACEMENT_3D('',#18915,#18916,#18917);
#15939=CARTESIAN_POINT('',(-6.7818,6.93944881851936,-3.6857922606715));
#15940=VECTOR('',#18918,2.8702);
#15941=CARTESIAN_POINT('',(-6.7818,5.76392247795368,-4.62295357343682));
#15942=AXIS2_PLACEMENT_3D('',#18919,#18920,#18921);
#15943=CARTESIAN_POINT('',(-6.7818,4.87492247795368,-3.82249437805666));
#15944=CARTESIAN_POINT('',(-6.7818,4.87492247795368,-3.82249437805666));
#15945=VECTOR('',#18922,1.19626749661999);
#15946=CARTESIAN_POINT('',(-6.7818,4.81852364298678,-2.74634049899712));
#15947=AXIS2_PLACEMENT_3D('',#18923,#18924,#18925);
#15948=CARTESIAN_POINT('',(-6.7818,4.9035032299945,-2.65196110616116));
#15949=CARTESIAN_POINT('',(-6.7818,4.9035032299945,-2.65196110616116));
#15950=VECTOR('',#18926,0.127000000000051);
#15951=CARTESIAN_POINT('',(-6.7818,5.05451025853102,-2.78792844537402));
#15952=CARTESIAN_POINT('',(-6.7818,5.05451025853102,-2.78792844537402));
#15953=VECTOR('',#18927,0.2032);
#15954=CARTESIAN_POINT('',(-6.7818,4.9695306715233,-2.88230783820998));
#15955=CARTESIAN_POINT('',(-6.7818,4.9695306715233,-2.88230783820998));
#15956=VECTOR('',#18928,0.127000000000051);
#15957=CARTESIAN_POINT('',(-6.7818,5.01088981716654,-3.67148734952014));
#15958=AXIS2_PLACEMENT_3D('',#18929,#18930,#18931);
#15959=CARTESIAN_POINT('',(-6.7818,5.89988981716654,-4.4719465449003));
#15960=CARTESIAN_POINT('',(-6.7818,5.89988981716654,-4.4719465449003));
#15961=VECTOR('',#18932,1.19626749661999);
#15962=AXIS2_PLACEMENT_3D('',#18933,#18934,#18935);
#15963=CARTESIAN_POINT('',(-6.7818,5.36494246691352,-1.27741769911504));
#15964=VECTOR('',#18936,2.8702);
#15965=CARTESIAN_POINT('',(-6.7818,4.318,-1.5494));
#15966=AXIS2_PLACEMENT_3D('',#18937,#18938,#18939);
#15967=CARTESIAN_POINT('',(-6.7818,4.318,-6.5024));
#15968=CARTESIAN_POINT('',(-6.7818,4.318,-6.5024));
#15969=VECTOR('',#18940,4.953);
#15970=AXIS2_PLACEMENT_3D('',#18941,#18942,#18943);
#15971=CARTESIAN_POINT('',(-6.7818,4.318,-6.5024));
#15972=VECTOR('',#18944,0.8636);
#15973=CARTESIAN_POINT('',(-6.7818,4.318,-1.5494));
#15974=VECTOR('',#18945,0.8636);
#15975=CARTESIAN_POINT('',(-6.7818,5.89988981716654,-4.4719465449003));
#15976=VECTOR('',#18946,0.8636);
#15977=CARTESIAN_POINT('',(-6.7818,5.01088981716654,-3.67148734952014));
#15978=VECTOR('',#18947,0.8636);
#15979=CARTESIAN_POINT('',(-6.7818,4.9695306715233,-2.88230783820998));
#15980=VECTOR('',#18948,0.8636);
#15981=CARTESIAN_POINT('',(-6.7818,5.05451025853102,-2.78792844537402));
#15982=VECTOR('',#18949,0.8636);
#15983=CARTESIAN_POINT('',(-6.7818,4.9035032299945,-2.65196110616116));
#15984=VECTOR('',#18950,0.8636);
#15985=CARTESIAN_POINT('',(-6.7818,4.81852364298678,-2.74634049899712));
#15986=VECTOR('',#18951,0.8636);
#15987=CARTESIAN_POINT('',(-6.7818,4.87492247795368,-3.82249437805666));
#15988=VECTOR('',#18952,0.8636);
#15989=CARTESIAN_POINT('',(-6.7818,5.76392247795368,-4.62295357343682));
#15990=VECTOR('',#18953,0.8636);
#15991=CARTESIAN_POINT('',(-6.096,3.556,-4.06238409415638));
#15992=CARTESIAN_POINT('',(-6.096,4.1148,-2.6162));
#15993=VECTOR('',#18954,1.55038894287555);
#15994=CARTESIAN_POINT('',(-6.096,3.95877782857532,-4.21801590584362));
#15995=CARTESIAN_POINT('',(-6.096,3.556,-4.06238409415638));
#15996=VECTOR('',#18955,0.4318);
#15997=CARTESIAN_POINT('',(-6.096,3.95877782857532,-4.21801590584362));
#15998=VECTOR('',#18956,0.156022171425899);
#15999=CARTESIAN_POINT('',(-6.604,3.95877782857532,-4.21801590584362));
#16000=CARTESIAN_POINT('',(-6.096,3.95877782857532,-4.21801590584362));
#16001=VECTOR('',#18957,0.508);
#16002=CARTESIAN_POINT('',(-6.604,3.95877782857532,-4.21801590584362));
#16003=VECTOR('',#18958,0.156022171425899);
#16004=CARTESIAN_POINT('',(-6.604,3.556,-4.06238409415638));
#16005=CARTESIAN_POINT('',(-6.604,3.556,-4.06238409415638));
#16006=VECTOR('',#18959,0.4318);
#16007=CARTESIAN_POINT('',(-6.604,4.1148,-2.6162));
#16008=VECTOR('',#18960,1.55038894287555);
#16009=CARTESIAN_POINT('',(-6.096,3.556,-4.06238409415638));
#16010=VECTOR('',#18961,0.508);
#16011=AXIS2_PLACEMENT_3D('',#18962,#18963,#18964);
#16012=AXIS2_PLACEMENT_3D('',#18965,#18966,#18967);
#16013=CARTESIAN_POINT('',(-3.3782,4.1148,-6.3881));
#16014=VECTOR('',#18968,0.8636);
#16015=CARTESIAN_POINT('',(-4.1783,4.1148,-4.3053));
#16016=CARTESIAN_POINT('',(-3.4417,4.1148,-4.3053));
#16017=CARTESIAN_POINT('',(-4.1783,4.1148,-4.3053));
#16018=VECTOR('',#18969,0.7366);
#16019=CARTESIAN_POINT('',(-3.4417,4.1148,-1.7653));
#16020=CARTESIAN_POINT('',(-3.4417,4.1148,-4.3053));
#16021=VECTOR('',#18970,2.54);
#16022=CARTESIAN_POINT('',(-4.1783,4.1148,-1.7653));
#16023=CARTESIAN_POINT('',(-3.4417,4.1148,-1.7653));
#16024=VECTOR('',#18971,0.7366);
#16025=CARTESIAN_POINT('',(-4.1783,4.1148,-1.7653));
#16026=VECTOR('',#18972,2.54);
#16027=CARTESIAN_POINT('',(-4.064,4.1148,-4.21801590584362));
#16028=CARTESIAN_POINT('',(-3.556,4.1148,-4.21801590584362));
#16029=CARTESIAN_POINT('',(-4.064,4.1148,-4.21801590584362));
#16030=VECTOR('',#18973,0.508);
#16031=CARTESIAN_POINT('',(-4.064,4.1148,-2.6162));
#16032=CARTESIAN_POINT('',(-4.064,4.1148,-2.6162));
#16033=VECTOR('',#18974,1.60181590584387);
#16034=CARTESIAN_POINT('',(-3.556,4.1148,-2.6162));
#16035=CARTESIAN_POINT('',(-4.064,4.1148,-2.6162));
#16036=VECTOR('',#18975,0.508);
#16037=CARTESIAN_POINT('',(-3.556,4.1148,-2.6162));
#16038=VECTOR('',#18976,1.60181590584387);
#16039=CARTESIAN_POINT('',(-4.2418,4.1148,-6.5024));
#16040=CARTESIAN_POINT('',(-4.2418,4.1148,-6.3881));
#16041=VECTOR('',#18977,0.1143);
#16042=CARTESIAN_POINT('',(-3.3782,4.1148,-6.5024));
#16043=CARTESIAN_POINT('',(-4.2418,4.1148,-6.5024));
#16044=VECTOR('',#18978,0.8636);
#16045=CARTESIAN_POINT('',(-3.3782,4.1148,-6.3881));
#16046=VECTOR('',#18979,0.1143);
#16047=CARTESIAN_POINT('',(-4.1783,3.0988,-1.7653));
#16048=VECTOR('',#18980,1.016);
#16049=CARTESIAN_POINT('',(-4.1783,3.0988,-4.3053));
#16050=VECTOR('',#18981,1.016);
#16051=CARTESIAN_POINT('',(-3.4417,3.0988,-4.3053));
#16052=VECTOR('',#18982,1.016);
#16053=CARTESIAN_POINT('',(-3.4417,3.0988,-1.7653));
#16054=VECTOR('',#18983,1.016);
#16055=CARTESIAN_POINT('',(-3.3782,0.409558633585692,-7.2136));
#16056=CARTESIAN_POINT('',(-3.3782,3.6068,-7.2136));
#16057=CARTESIAN_POINT('',(-3.3782,0.409558633585692,-7.2136));
#16058=VECTOR('',#18984,3.1972413664138);
#16059=CARTESIAN_POINT('',(-3.3782,4.318,-6.5024));
#16060=AXIS2_PLACEMENT_3D('',#18985,#18986,#18987);
#16061=CARTESIAN_POINT('',(-3.3782,4.318,-1.5494));
#16062=CARTESIAN_POINT('',(-3.3782,4.318,-6.5024));
#16063=VECTOR('',#18988,4.953);
#16064=AXIS2_PLACEMENT_3D('',#18989,#18990,#18991);
#16065=CARTESIAN_POINT('',(-3.3782,5.36494246691352,-1.27741769911504));
#16066=VECTOR('',#18992,2.8702);
#16067=CARTESIAN_POINT('',(-3.3782,5.89988981716654,-4.4719465449003));
#16068=AXIS2_PLACEMENT_3D('',#18993,#18994,#18995);
#16069=CARTESIAN_POINT('',(-3.3782,5.01088981716654,-3.67148734952014));
#16070=CARTESIAN_POINT('',(-3.3782,5.89988981716654,-4.4719465449003));
#16071=VECTOR('',#18996,1.19626749661999);
#16072=CARTESIAN_POINT('',(-3.3782,4.9695306715233,-2.88230783820998));
#16073=AXIS2_PLACEMENT_3D('',#18997,#18998,#18999);
#16074=CARTESIAN_POINT('',(-3.3782,5.05451025853102,-2.78792844537402));
#16075=CARTESIAN_POINT('',(-3.3782,4.9695306715233,-2.88230783820998));
#16076=VECTOR('',#19000,0.127000000000051);
#16077=CARTESIAN_POINT('',(-3.3782,4.9035032299945,-2.65196110616116));
#16078=CARTESIAN_POINT('',(-3.3782,5.05451025853102,-2.78792844537402));
#16079=VECTOR('',#19001,0.2032);
#16080=CARTESIAN_POINT('',(-3.3782,4.81852364298678,-2.74634049899712));
#16081=CARTESIAN_POINT('',(-3.3782,4.9035032299945,-2.65196110616116));
#16082=VECTOR('',#19002,0.127000000000051);
#16083=CARTESIAN_POINT('',(-3.3782,4.87492247795368,-3.82249437805666));
#16084=AXIS2_PLACEMENT_3D('',#19003,#19004,#19005);
#16085=CARTESIAN_POINT('',(-3.3782,5.76392247795368,-4.62295357343682));
#16086=CARTESIAN_POINT('',(-3.3782,4.87492247795368,-3.82249437805666));
#16087=VECTOR('',#19006,1.19626749661999);
#16088=AXIS2_PLACEMENT_3D('',#19007,#19008,#19009);
#16089=CARTESIAN_POINT('',(-3.3782,6.93944881851936,-3.6857922606715));
#16090=VECTOR('',#19010,2.8702);
#16091=AXIS2_PLACEMENT_3D('',#19011,#19012,#19013);
#16092=CARTESIAN_POINT('',(-3.3782,3.6068,-7.0104));
#16093=AXIS2_PLACEMENT_3D('',#19014,#19015,#19016);
#16094=CARTESIAN_POINT('',(-3.3782,0.409558633585692,-7.0104));
#16095=CARTESIAN_POINT('',(-3.3782,3.6068,-7.0104));
#16096=VECTOR('',#19017,3.1972413664138);
#16097=CARTESIAN_POINT('',(-3.3782,0.409558633585692,-7.0104));
#16098=VECTOR('',#19018,0.2032);
#16099=CARTESIAN_POINT('',(-3.556,-0.254,-7.0104));
#16100=CARTESIAN_POINT('',(-3.556,-0.254,-7.0104));
#16101=VECTOR('',#19019,0.686966447656686);
#16102=CARTESIAN_POINT('',(-3.556,-0.254,-7.2136));
#16103=CARTESIAN_POINT('',(-3.556,-0.254,-7.0104));
#16104=VECTOR('',#19020,0.2032);
#16105=CARTESIAN_POINT('',(-3.3782,0.409558633585692,-7.2136));
#16106=VECTOR('',#19021,0.686966447656686);
#16107=CARTESIAN_POINT('',(-4.2418,0.409558633585692,-7.2136));
#16108=CARTESIAN_POINT('',(-4.2418,3.6068,-7.2136));
#16109=CARTESIAN_POINT('',(-4.2418,0.409558633585692,-7.2136));
#16110=VECTOR('',#19022,3.1972413664138);
#16111=CARTESIAN_POINT('',(-4.2418,3.6068,-7.2136));
#16112=VECTOR('',#19023,0.8636);
#16113=CARTESIAN_POINT('',(-4.064,-0.254,-7.2136));
#16114=CARTESIAN_POINT('',(-4.064,-0.254,-7.2136));
#16115=VECTOR('',#19024,0.508);
#16116=CARTESIAN_POINT('',(-4.064,-0.254,-7.2136));
#16117=VECTOR('',#19025,0.686966447656686);
#16118=CARTESIAN_POINT('',(-4.2418,0.409558633585692,-7.0104));
#16119=CARTESIAN_POINT('',(-4.2418,0.409558633585692,-7.2136));
#16120=VECTOR('',#19026,0.2032);
#16121=CARTESIAN_POINT('',(-4.064,-0.254,-7.0104));
#16122=CARTESIAN_POINT('',(-4.064,-0.254,-7.2136));
#16123=VECTOR('',#19027,0.2032);
#16124=CARTESIAN_POINT('',(-4.2418,0.409558633585692,-7.0104));
#16125=VECTOR('',#19028,0.686966447656686);
#16126=CARTESIAN_POINT('',(-4.064,-0.254,-7.0104));
#16127=VECTOR('',#19029,0.508);
#16128=CARTESIAN_POINT('',(-4.2418,3.6068,-7.0104));
#16129=CARTESIAN_POINT('',(-4.2418,3.6068,-7.0104));
#16130=VECTOR('',#19030,0.8636);
#16131=CARTESIAN_POINT('',(-4.2418,3.6068,-7.0104));
#16132=VECTOR('',#19031,3.1972413664138);
#16133=AXIS2_PLACEMENT_3D('',#19032,#19033,#19034);
#16134=AXIS2_PLACEMENT_3D('',#19035,#19036,#19037);
#16135=CARTESIAN_POINT('',(-4.2418,6.93944881851936,-3.6857922606715));
#16136=VECTOR('',#19038,2.8702);
#16137=CARTESIAN_POINT('',(-4.2418,5.76392247795368,-4.62295357343682));
#16138=AXIS2_PLACEMENT_3D('',#19039,#19040,#19041);
#16139=CARTESIAN_POINT('',(-4.2418,4.87492247795368,-3.82249437805666));
#16140=CARTESIAN_POINT('',(-4.2418,4.87492247795368,-3.82249437805666));
#16141=VECTOR('',#19042,1.19626749661999);
#16142=CARTESIAN_POINT('',(-4.2418,4.81852364298678,-2.74634049899712));
#16143=AXIS2_PLACEMENT_3D('',#19043,#19044,#19045);
#16144=CARTESIAN_POINT('',(-4.2418,4.9035032299945,-2.65196110616116));
#16145=CARTESIAN_POINT('',(-4.2418,4.9035032299945,-2.65196110616116));
#16146=VECTOR('',#19046,0.127000000000051);
#16147=CARTESIAN_POINT('',(-4.2418,5.05451025853102,-2.78792844537402));
#16148=CARTESIAN_POINT('',(-4.2418,5.05451025853102,-2.78792844537402));
#16149=VECTOR('',#19047,0.2032);
#16150=CARTESIAN_POINT('',(-4.2418,4.9695306715233,-2.88230783820998));
#16151=CARTESIAN_POINT('',(-4.2418,4.9695306715233,-2.88230783820998));
#16152=VECTOR('',#19048,0.127000000000051);
#16153=CARTESIAN_POINT('',(-4.2418,5.01088981716654,-3.67148734952014));
#16154=AXIS2_PLACEMENT_3D('',#19049,#19050,#19051);
#16155=CARTESIAN_POINT('',(-4.2418,5.89988981716654,-4.4719465449003));
#16156=CARTESIAN_POINT('',(-4.2418,5.89988981716654,-4.4719465449003));
#16157=VECTOR('',#19052,1.19626749661999);
#16158=AXIS2_PLACEMENT_3D('',#19053,#19054,#19055);
#16159=CARTESIAN_POINT('',(-4.2418,5.36494246691352,-1.27741769911504));
#16160=VECTOR('',#19056,2.8702);
#16161=CARTESIAN_POINT('',(-4.2418,4.318,-1.5494));
#16162=AXIS2_PLACEMENT_3D('',#19057,#19058,#19059);
#16163=CARTESIAN_POINT('',(-4.2418,4.318,-6.5024));
#16164=CARTESIAN_POINT('',(-4.2418,4.318,-6.5024));
#16165=VECTOR('',#19060,4.953);
#16166=AXIS2_PLACEMENT_3D('',#19061,#19062,#19063);
#16167=CARTESIAN_POINT('',(-4.2418,4.318,-6.5024));
#16168=VECTOR('',#19064,0.8636);
#16169=CARTESIAN_POINT('',(-4.2418,4.318,-1.5494));
#16170=VECTOR('',#19065,0.8636);
#16171=CARTESIAN_POINT('',(-4.2418,5.89988981716654,-4.4719465449003));
#16172=VECTOR('',#19066,0.8636);
#16173=CARTESIAN_POINT('',(-4.2418,5.01088981716654,-3.67148734952014));
#16174=VECTOR('',#19067,0.8636);
#16175=CARTESIAN_POINT('',(-4.2418,4.9695306715233,-2.88230783820998));
#16176=VECTOR('',#19068,0.8636);
#16177=CARTESIAN_POINT('',(-4.2418,5.05451025853102,-2.78792844537402));
#16178=VECTOR('',#19069,0.8636);
#16179=CARTESIAN_POINT('',(-4.2418,4.9035032299945,-2.65196110616116));
#16180=VECTOR('',#19070,0.8636);
#16181=CARTESIAN_POINT('',(-4.2418,4.81852364298678,-2.74634049899712));
#16182=VECTOR('',#19071,0.8636);
#16183=CARTESIAN_POINT('',(-4.2418,4.87492247795368,-3.82249437805666));
#16184=VECTOR('',#19072,0.8636);
#16185=CARTESIAN_POINT('',(-4.2418,5.76392247795368,-4.62295357343682));
#16186=VECTOR('',#19073,0.8636);
#16187=CARTESIAN_POINT('',(-3.556,3.556,-4.06238409415638));
#16188=CARTESIAN_POINT('',(-3.556,4.1148,-2.6162));
#16189=VECTOR('',#19074,1.55038894287555);
#16190=CARTESIAN_POINT('',(-3.556,3.95877782857532,-4.21801590584362));
#16191=CARTESIAN_POINT('',(-3.556,3.556,-4.06238409415638));
#16192=VECTOR('',#19075,0.4318);
#16193=CARTESIAN_POINT('',(-3.556,3.95877782857532,-4.21801590584362));
#16194=VECTOR('',#19076,0.156022171425899);
#16195=CARTESIAN_POINT('',(-4.064,3.95877782857532,-4.21801590584362));
#16196=CARTESIAN_POINT('',(-3.556,3.95877782857532,-4.21801590584362));
#16197=VECTOR('',#19077,0.508);
#16198=CARTESIAN_POINT('',(-4.064,3.95877782857532,-4.21801590584362));
#16199=VECTOR('',#19078,0.156022171425899);
#16200=CARTESIAN_POINT('',(-4.064,3.556,-4.06238409415638));
#16201=CARTESIAN_POINT('',(-4.064,3.556,-4.06238409415638));
#16202=VECTOR('',#19079,0.4318);
#16203=CARTESIAN_POINT('',(-4.064,4.1148,-2.6162));
#16204=VECTOR('',#19080,1.55038894287555);
#16205=CARTESIAN_POINT('',(-3.556,3.556,-4.06238409415638));
#16206=VECTOR('',#19081,0.508);
#16207=AXIS2_PLACEMENT_3D('',#19082,#19083,#19084);
#16208=AXIS2_PLACEMENT_3D('',#19085,#19086,#19087);
#16209=CARTESIAN_POINT('',(-0.8382,4.1148,-6.3881));
#16210=VECTOR('',#19088,0.8636);
#16211=CARTESIAN_POINT('',(-1.6383,4.1148,-4.3053));
#16212=CARTESIAN_POINT('',(-0.9017,4.1148,-4.3053));
#16213=CARTESIAN_POINT('',(-1.6383,4.1148,-4.3053));
#16214=VECTOR('',#19089,0.7366);
#16215=CARTESIAN_POINT('',(-0.9017,4.1148,-1.7653));
#16216=CARTESIAN_POINT('',(-0.9017,4.1148,-4.3053));
#16217=VECTOR('',#19090,2.54);
#16218=CARTESIAN_POINT('',(-1.6383,4.1148,-1.7653));
#16219=CARTESIAN_POINT('',(-0.9017,4.1148,-1.7653));
#16220=VECTOR('',#19091,0.7366);
#16221=CARTESIAN_POINT('',(-1.6383,4.1148,-1.7653));
#16222=VECTOR('',#19092,2.54);
#16223=CARTESIAN_POINT('',(-1.524,4.1148,-4.21801590584362));
#16224=CARTESIAN_POINT('',(-1.016,4.1148,-4.21801590584362));
#16225=CARTESIAN_POINT('',(-1.524,4.1148,-4.21801590584362));
#16226=VECTOR('',#19093,0.508);
#16227=CARTESIAN_POINT('',(-1.524,4.1148,-2.6162));
#16228=CARTESIAN_POINT('',(-1.524,4.1148,-2.6162));
#16229=VECTOR('',#19094,1.60181590584387);
#16230=CARTESIAN_POINT('',(-1.016,4.1148,-2.6162));
#16231=CARTESIAN_POINT('',(-1.524,4.1148,-2.6162));
#16232=VECTOR('',#19095,0.508);
#16233=CARTESIAN_POINT('',(-1.016,4.1148,-2.6162));
#16234=VECTOR('',#19096,1.60181590584387);
#16235=CARTESIAN_POINT('',(-1.7018,4.1148,-6.5024));
#16236=CARTESIAN_POINT('',(-1.7018,4.1148,-6.3881));
#16237=VECTOR('',#19097,0.1143);
#16238=CARTESIAN_POINT('',(-0.8382,4.1148,-6.5024));
#16239=CARTESIAN_POINT('',(-1.7018,4.1148,-6.5024));
#16240=VECTOR('',#19098,0.8636);
#16241=CARTESIAN_POINT('',(-0.8382,4.1148,-6.3881));
#16242=VECTOR('',#19099,0.1143);
#16243=CARTESIAN_POINT('',(-1.6383,3.0988,-1.7653));
#16244=VECTOR('',#19100,1.016);
#16245=CARTESIAN_POINT('',(-1.6383,3.0988,-4.3053));
#16246=VECTOR('',#19101,1.016);
#16247=CARTESIAN_POINT('',(-0.9017,3.0988,-4.3053));
#16248=VECTOR('',#19102,1.016);
#16249=CARTESIAN_POINT('',(-0.9017,3.0988,-1.7653));
#16250=VECTOR('',#19103,1.016);
#16251=CARTESIAN_POINT('',(-0.8382,0.409558633585692,-7.2136));
#16252=CARTESIAN_POINT('',(-0.8382,3.6068,-7.2136));
#16253=CARTESIAN_POINT('',(-0.8382,0.409558633585692,-7.2136));
#16254=VECTOR('',#19104,3.1972413664138);
#16255=CARTESIAN_POINT('',(-0.8382,4.318,-6.5024));
#16256=AXIS2_PLACEMENT_3D('',#19105,#19106,#19107);
#16257=CARTESIAN_POINT('',(-0.8382,4.318,-1.5494));
#16258=CARTESIAN_POINT('',(-0.8382,4.318,-6.5024));
#16259=VECTOR('',#19108,4.953);
#16260=AXIS2_PLACEMENT_3D('',#19109,#19110,#19111);
#16261=CARTESIAN_POINT('',(-0.8382,5.36494246691352,-1.27741769911504));
#16262=VECTOR('',#19112,2.8702);
#16263=CARTESIAN_POINT('',(-0.8382,5.89988981716654,-4.4719465449003));
#16264=AXIS2_PLACEMENT_3D('',#19113,#19114,#19115);
#16265=CARTESIAN_POINT('',(-0.8382,5.01088981716654,-3.67148734952014));
#16266=CARTESIAN_POINT('',(-0.8382,5.89988981716654,-4.4719465449003));
#16267=VECTOR('',#19116,1.19626749661999);
#16268=CARTESIAN_POINT('',(-0.8382,4.9695306715233,-2.88230783820998));
#16269=AXIS2_PLACEMENT_3D('',#19117,#19118,#19119);
#16270=CARTESIAN_POINT('',(-0.8382,5.05451025853102,-2.78792844537402));
#16271=CARTESIAN_POINT('',(-0.8382,4.9695306715233,-2.88230783820998));
#16272=VECTOR('',#19120,0.127000000000051);
#16273=CARTESIAN_POINT('',(-0.8382,4.9035032299945,-2.65196110616116));
#16274=CARTESIAN_POINT('',(-0.8382,5.05451025853102,-2.78792844537402));
#16275=VECTOR('',#19121,0.2032);
#16276=CARTESIAN_POINT('',(-0.8382,4.81852364298678,-2.74634049899712));
#16277=CARTESIAN_POINT('',(-0.8382,4.9035032299945,-2.65196110616116));
#16278=VECTOR('',#19122,0.127000000000051);
#16279=CARTESIAN_POINT('',(-0.8382,4.87492247795368,-3.82249437805666));
#16280=AXIS2_PLACEMENT_3D('',#19123,#19124,#19125);
#16281=CARTESIAN_POINT('',(-0.8382,5.76392247795368,-4.62295357343682));
#16282=CARTESIAN_POINT('',(-0.8382,4.87492247795368,-3.82249437805666));
#16283=VECTOR('',#19126,1.19626749661999);
#16284=AXIS2_PLACEMENT_3D('',#19127,#19128,#19129);
#16285=CARTESIAN_POINT('',(-0.8382,6.93944881851936,-3.6857922606715));
#16286=VECTOR('',#19130,2.8702);
#16287=AXIS2_PLACEMENT_3D('',#19131,#19132,#19133);
#16288=CARTESIAN_POINT('',(-0.8382,3.6068,-7.0104));
#16289=AXIS2_PLACEMENT_3D('',#19134,#19135,#19136);
#16290=CARTESIAN_POINT('',(-0.8382,0.409558633585692,-7.0104));
#16291=CARTESIAN_POINT('',(-0.8382,3.6068,-7.0104));
#16292=VECTOR('',#19137,3.1972413664138);
#16293=CARTESIAN_POINT('',(-0.8382,0.409558633585692,-7.0104));
#16294=VECTOR('',#19138,0.2032);
#16295=CARTESIAN_POINT('',(-1.016,-0.254,-7.0104));
#16296=CARTESIAN_POINT('',(-1.016,-0.254,-7.0104));
#16297=VECTOR('',#19139,0.686966447656686);
#16298=CARTESIAN_POINT('',(-1.016,-0.254,-7.2136));
#16299=CARTESIAN_POINT('',(-1.016,-0.254,-7.0104));
#16300=VECTOR('',#19140,0.2032);
#16301=CARTESIAN_POINT('',(-0.8382,0.409558633585692,-7.2136));
#16302=VECTOR('',#19141,0.686966447656686);
#16303=CARTESIAN_POINT('',(-1.7018,0.409558633585692,-7.2136));
#16304=CARTESIAN_POINT('',(-1.7018,3.6068,-7.2136));
#16305=CARTESIAN_POINT('',(-1.7018,0.409558633585692,-7.2136));
#16306=VECTOR('',#19142,3.1972413664138);
#16307=CARTESIAN_POINT('',(-1.7018,3.6068,-7.2136));
#16308=VECTOR('',#19143,0.8636);
#16309=CARTESIAN_POINT('',(-1.524,-0.254,-7.2136));
#16310=CARTESIAN_POINT('',(-1.524,-0.254,-7.2136));
#16311=VECTOR('',#19144,0.508);
#16312=CARTESIAN_POINT('',(-1.524,-0.254,-7.2136));
#16313=VECTOR('',#19145,0.686966447656686);
#16314=CARTESIAN_POINT('',(-1.7018,0.409558633585692,-7.0104));
#16315=CARTESIAN_POINT('',(-1.7018,0.409558633585692,-7.2136));
#16316=VECTOR('',#19146,0.2032);
#16317=CARTESIAN_POINT('',(-1.524,-0.254,-7.0104));
#16318=CARTESIAN_POINT('',(-1.524,-0.254,-7.2136));
#16319=VECTOR('',#19147,0.2032);
#16320=CARTESIAN_POINT('',(-1.7018,0.409558633585692,-7.0104));
#16321=VECTOR('',#19148,0.686966447656686);
#16322=CARTESIAN_POINT('',(-1.524,-0.254,-7.0104));
#16323=VECTOR('',#19149,0.508);
#16324=CARTESIAN_POINT('',(-1.7018,3.6068,-7.0104));
#16325=CARTESIAN_POINT('',(-1.7018,3.6068,-7.0104));
#16326=VECTOR('',#19150,0.8636);
#16327=CARTESIAN_POINT('',(-1.7018,3.6068,-7.0104));
#16328=VECTOR('',#19151,3.1972413664138);
#16329=AXIS2_PLACEMENT_3D('',#19152,#19153,#19154);
#16330=AXIS2_PLACEMENT_3D('',#19155,#19156,#19157);
#16331=CARTESIAN_POINT('',(-1.7018,6.93944881851936,-3.6857922606715));
#16332=VECTOR('',#19158,2.8702);
#16333=CARTESIAN_POINT('',(-1.7018,5.76392247795368,-4.62295357343682));
#16334=AXIS2_PLACEMENT_3D('',#19159,#19160,#19161);
#16335=CARTESIAN_POINT('',(-1.7018,4.87492247795368,-3.82249437805666));
#16336=CARTESIAN_POINT('',(-1.7018,4.87492247795368,-3.82249437805666));
#16337=VECTOR('',#19162,1.19626749661999);
#16338=CARTESIAN_POINT('',(-1.7018,4.81852364298678,-2.74634049899712));
#16339=AXIS2_PLACEMENT_3D('',#19163,#19164,#19165);
#16340=CARTESIAN_POINT('',(-1.7018,4.9035032299945,-2.65196110616116));
#16341=CARTESIAN_POINT('',(-1.7018,4.9035032299945,-2.65196110616116));
#16342=VECTOR('',#19166,0.127000000000051);
#16343=CARTESIAN_POINT('',(-1.7018,5.05451025853102,-2.78792844537402));
#16344=CARTESIAN_POINT('',(-1.7018,5.05451025853102,-2.78792844537402));
#16345=VECTOR('',#19167,0.2032);
#16346=CARTESIAN_POINT('',(-1.7018,4.9695306715233,-2.88230783820998));
#16347=CARTESIAN_POINT('',(-1.7018,4.9695306715233,-2.88230783820998));
#16348=VECTOR('',#19168,0.127000000000051);
#16349=CARTESIAN_POINT('',(-1.7018,5.01088981716654,-3.67148734952014));
#16350=AXIS2_PLACEMENT_3D('',#19169,#19170,#19171);
#16351=CARTESIAN_POINT('',(-1.7018,5.89988981716654,-4.4719465449003));
#16352=CARTESIAN_POINT('',(-1.7018,5.89988981716654,-4.4719465449003));
#16353=VECTOR('',#19172,1.19626749661999);
#16354=AXIS2_PLACEMENT_3D('',#19173,#19174,#19175);
#16355=CARTESIAN_POINT('',(-1.7018,5.36494246691352,-1.27741769911504));
#16356=VECTOR('',#19176,2.8702);
#16357=CARTESIAN_POINT('',(-1.7018,4.318,-1.5494));
#16358=AXIS2_PLACEMENT_3D('',#19177,#19178,#19179);
#16359=CARTESIAN_POINT('',(-1.7018,4.318,-6.5024));
#16360=CARTESIAN_POINT('',(-1.7018,4.318,-6.5024));
#16361=VECTOR('',#19180,4.953);
#16362=AXIS2_PLACEMENT_3D('',#19181,#19182,#19183);
#16363=CARTESIAN_POINT('',(-1.7018,4.318,-6.5024));
#16364=VECTOR('',#19184,0.8636);
#16365=CARTESIAN_POINT('',(-1.7018,4.318,-1.5494));
#16366=VECTOR('',#19185,0.8636);
#16367=CARTESIAN_POINT('',(-1.7018,5.89988981716654,-4.4719465449003));
#16368=VECTOR('',#19186,0.8636);
#16369=CARTESIAN_POINT('',(-1.7018,5.01088981716654,-3.67148734952014));
#16370=VECTOR('',#19187,0.8636);
#16371=CARTESIAN_POINT('',(-1.7018,4.9695306715233,-2.88230783820998));
#16372=VECTOR('',#19188,0.8636);
#16373=CARTESIAN_POINT('',(-1.7018,5.05451025853102,-2.78792844537402));
#16374=VECTOR('',#19189,0.8636);
#16375=CARTESIAN_POINT('',(-1.7018,4.9035032299945,-2.65196110616116));
#16376=VECTOR('',#19190,0.8636);
#16377=CARTESIAN_POINT('',(-1.7018,4.81852364298678,-2.74634049899712));
#16378=VECTOR('',#19191,0.8636);
#16379=CARTESIAN_POINT('',(-1.7018,4.87492247795368,-3.82249437805666));
#16380=VECTOR('',#19192,0.8636);
#16381=CARTESIAN_POINT('',(-1.7018,5.76392247795368,-4.62295357343682));
#16382=VECTOR('',#19193,0.8636);
#16383=CARTESIAN_POINT('',(-1.016,3.556,-4.06238409415638));
#16384=CARTESIAN_POINT('',(-1.016,4.1148,-2.6162));
#16385=VECTOR('',#19194,1.55038894287555);
#16386=CARTESIAN_POINT('',(-1.016,3.95877782857532,-4.21801590584362));
#16387=CARTESIAN_POINT('',(-1.016,3.556,-4.06238409415638));
#16388=VECTOR('',#19195,0.4318);
#16389=CARTESIAN_POINT('',(-1.016,3.95877782857532,-4.21801590584362));
#16390=VECTOR('',#19196,0.156022171425899);
#16391=CARTESIAN_POINT('',(-1.524,3.95877782857532,-4.21801590584362));
#16392=CARTESIAN_POINT('',(-1.016,3.95877782857532,-4.21801590584362));
#16393=VECTOR('',#19197,0.508);
#16394=CARTESIAN_POINT('',(-1.524,3.95877782857532,-4.21801590584362));
#16395=VECTOR('',#19198,0.156022171425899);
#16396=CARTESIAN_POINT('',(-1.524,3.556,-4.06238409415638));
#16397=CARTESIAN_POINT('',(-1.524,3.556,-4.06238409415638));
#16398=VECTOR('',#19199,0.4318);
#16399=CARTESIAN_POINT('',(-1.524,4.1148,-2.6162));
#16400=VECTOR('',#19200,1.55038894287555);
#16401=CARTESIAN_POINT('',(-1.016,3.556,-4.06238409415638));
#16402=VECTOR('',#19201,0.508);
#16403=AXIS2_PLACEMENT_3D('',#19202,#19203,#19204);
#16404=AXIS2_PLACEMENT_3D('',#19205,#19206,#19207);
#16405=CARTESIAN_POINT('',(1.7018,4.1148,-6.3881));
#16406=VECTOR('',#19208,0.8636);
#16407=CARTESIAN_POINT('',(0.9017,4.1148,-4.3053));
#16408=CARTESIAN_POINT('',(1.6383,4.1148,-4.3053));
#16409=CARTESIAN_POINT('',(0.9017,4.1148,-4.3053));
#16410=VECTOR('',#19209,0.7366);
#16411=CARTESIAN_POINT('',(1.6383,4.1148,-1.7653));
#16412=CARTESIAN_POINT('',(1.6383,4.1148,-4.3053));
#16413=VECTOR('',#19210,2.54);
#16414=CARTESIAN_POINT('',(0.9017,4.1148,-1.7653));
#16415=CARTESIAN_POINT('',(1.6383,4.1148,-1.7653));
#16416=VECTOR('',#19211,0.7366);
#16417=CARTESIAN_POINT('',(0.9017,4.1148,-1.7653));
#16418=VECTOR('',#19212,2.54);
#16419=CARTESIAN_POINT('',(1.016,4.1148,-4.21801590584362));
#16420=CARTESIAN_POINT('',(1.524,4.1148,-4.21801590584362));
#16421=CARTESIAN_POINT('',(1.016,4.1148,-4.21801590584362));
#16422=VECTOR('',#19213,0.508);
#16423=CARTESIAN_POINT('',(1.016,4.1148,-2.6162));
#16424=CARTESIAN_POINT('',(1.016,4.1148,-2.6162));
#16425=VECTOR('',#19214,1.60181590584387);
#16426=CARTESIAN_POINT('',(1.524,4.1148,-2.6162));
#16427=CARTESIAN_POINT('',(1.016,4.1148,-2.6162));
#16428=VECTOR('',#19215,0.508);
#16429=CARTESIAN_POINT('',(1.524,4.1148,-2.6162));
#16430=VECTOR('',#19216,1.60181590584387);
#16431=CARTESIAN_POINT('',(0.8382,4.1148,-6.5024));
#16432=CARTESIAN_POINT('',(0.8382,4.1148,-6.3881));
#16433=VECTOR('',#19217,0.1143);
#16434=CARTESIAN_POINT('',(1.7018,4.1148,-6.5024));
#16435=CARTESIAN_POINT('',(0.8382,4.1148,-6.5024));
#16436=VECTOR('',#19218,0.8636);
#16437=CARTESIAN_POINT('',(1.7018,4.1148,-6.3881));
#16438=VECTOR('',#19219,0.1143);
#16439=CARTESIAN_POINT('',(0.9017,3.0988,-1.7653));
#16440=VECTOR('',#19220,1.016);
#16441=CARTESIAN_POINT('',(0.9017,3.0988,-4.3053));
#16442=VECTOR('',#19221,1.016);
#16443=CARTESIAN_POINT('',(1.6383,3.0988,-4.3053));
#16444=VECTOR('',#19222,1.016);
#16445=CARTESIAN_POINT('',(1.6383,3.0988,-1.7653));
#16446=VECTOR('',#19223,1.016);
#16447=CARTESIAN_POINT('',(1.7018,0.409558633585692,-7.2136));
#16448=CARTESIAN_POINT('',(1.7018,3.6068,-7.2136));
#16449=CARTESIAN_POINT('',(1.7018,0.409558633585692,-7.2136));
#16450=VECTOR('',#19224,3.1972413664138);
#16451=CARTESIAN_POINT('',(1.7018,4.318,-6.5024));
#16452=AXIS2_PLACEMENT_3D('',#19225,#19226,#19227);
#16453=CARTESIAN_POINT('',(1.7018,4.318,-1.5494));
#16454=CARTESIAN_POINT('',(1.7018,4.318,-6.5024));
#16455=VECTOR('',#19228,4.953);
#16456=AXIS2_PLACEMENT_3D('',#19229,#19230,#19231);
#16457=CARTESIAN_POINT('',(1.7018,5.36494246691352,-1.27741769911504));
#16458=VECTOR('',#19232,2.8702);
#16459=CARTESIAN_POINT('',(1.7018,5.89988981716654,-4.4719465449003));
#16460=AXIS2_PLACEMENT_3D('',#19233,#19234,#19235);
#16461=CARTESIAN_POINT('',(1.7018,5.01088981716654,-3.67148734952014));
#16462=CARTESIAN_POINT('',(1.7018,5.89988981716654,-4.4719465449003));
#16463=VECTOR('',#19236,1.19626749661999);
#16464=CARTESIAN_POINT('',(1.7018,4.9695306715233,-2.88230783820998));
#16465=AXIS2_PLACEMENT_3D('',#19237,#19238,#19239);
#16466=CARTESIAN_POINT('',(1.7018,5.05451025853102,-2.78792844537402));
#16467=CARTESIAN_POINT('',(1.7018,4.9695306715233,-2.88230783820998));
#16468=VECTOR('',#19240,0.127000000000051);
#16469=CARTESIAN_POINT('',(1.7018,4.9035032299945,-2.65196110616116));
#16470=CARTESIAN_POINT('',(1.7018,5.05451025853102,-2.78792844537402));
#16471=VECTOR('',#19241,0.2032);
#16472=CARTESIAN_POINT('',(1.7018,4.81852364298678,-2.74634049899712));
#16473=CARTESIAN_POINT('',(1.7018,4.9035032299945,-2.65196110616116));
#16474=VECTOR('',#19242,0.127000000000051);
#16475=CARTESIAN_POINT('',(1.7018,4.87492247795368,-3.82249437805666));
#16476=AXIS2_PLACEMENT_3D('',#19243,#19244,#19245);
#16477=CARTESIAN_POINT('',(1.7018,5.76392247795368,-4.62295357343682));
#16478=CARTESIAN_POINT('',(1.7018,4.87492247795368,-3.82249437805666));
#16479=VECTOR('',#19246,1.19626749661999);
#16480=AXIS2_PLACEMENT_3D('',#19247,#19248,#19249);
#16481=CARTESIAN_POINT('',(1.7018,6.93944881851936,-3.6857922606715));
#16482=VECTOR('',#19250,2.8702);
#16483=AXIS2_PLACEMENT_3D('',#19251,#19252,#19253);
#16484=CARTESIAN_POINT('',(1.7018,3.6068,-7.0104));
#16485=AXIS2_PLACEMENT_3D('',#19254,#19255,#19256);
#16486=CARTESIAN_POINT('',(1.7018,0.409558633585692,-7.0104));
#16487=CARTESIAN_POINT('',(1.7018,3.6068,-7.0104));
#16488=VECTOR('',#19257,3.1972413664138);
#16489=CARTESIAN_POINT('',(1.7018,0.409558633585692,-7.0104));
#16490=VECTOR('',#19258,0.2032);
#16491=CARTESIAN_POINT('',(1.524,-0.254,-7.0104));
#16492=CARTESIAN_POINT('',(1.524,-0.254,-7.0104));
#16493=VECTOR('',#19259,0.686966447656686);
#16494=CARTESIAN_POINT('',(1.524,-0.254,-7.2136));
#16495=CARTESIAN_POINT('',(1.524,-0.254,-7.0104));
#16496=VECTOR('',#19260,0.2032);
#16497=CARTESIAN_POINT('',(1.7018,0.409558633585692,-7.2136));
#16498=VECTOR('',#19261,0.686966447656686);
#16499=CARTESIAN_POINT('',(0.8382,0.409558633585692,-7.2136));
#16500=CARTESIAN_POINT('',(0.8382,3.6068,-7.2136));
#16501=CARTESIAN_POINT('',(0.8382,0.409558633585692,-7.2136));
#16502=VECTOR('',#19262,3.1972413664138);
#16503=CARTESIAN_POINT('',(0.8382,3.6068,-7.2136));
#16504=VECTOR('',#19263,0.8636);
#16505=CARTESIAN_POINT('',(1.016,-0.254,-7.2136));
#16506=CARTESIAN_POINT('',(1.016,-0.254,-7.2136));
#16507=VECTOR('',#19264,0.508);
#16508=CARTESIAN_POINT('',(1.016,-0.254,-7.2136));
#16509=VECTOR('',#19265,0.686966447656686);
#16510=CARTESIAN_POINT('',(0.8382,0.409558633585692,-7.0104));
#16511=CARTESIAN_POINT('',(0.8382,0.409558633585692,-7.2136));
#16512=VECTOR('',#19266,0.2032);
#16513=CARTESIAN_POINT('',(1.016,-0.254,-7.0104));
#16514=CARTESIAN_POINT('',(1.016,-0.254,-7.2136));
#16515=VECTOR('',#19267,0.2032);
#16516=CARTESIAN_POINT('',(0.8382,0.409558633585692,-7.0104));
#16517=VECTOR('',#19268,0.686966447656686);
#16518=CARTESIAN_POINT('',(1.016,-0.254,-7.0104));
#16519=VECTOR('',#19269,0.508);
#16520=CARTESIAN_POINT('',(0.8382,3.6068,-7.0104));
#16521=CARTESIAN_POINT('',(0.8382,3.6068,-7.0104));
#16522=VECTOR('',#19270,0.8636);
#16523=CARTESIAN_POINT('',(0.8382,3.6068,-7.0104));
#16524=VECTOR('',#19271,3.1972413664138);
#16525=AXIS2_PLACEMENT_3D('',#19272,#19273,#19274);
#16526=AXIS2_PLACEMENT_3D('',#19275,#19276,#19277);
#16527=CARTESIAN_POINT('',(0.8382,6.93944881851936,-3.6857922606715));
#16528=VECTOR('',#19278,2.8702);
#16529=CARTESIAN_POINT('',(0.8382,5.76392247795368,-4.62295357343682));
#16530=AXIS2_PLACEMENT_3D('',#19279,#19280,#19281);
#16531=CARTESIAN_POINT('',(0.8382,4.87492247795368,-3.82249437805666));
#16532=CARTESIAN_POINT('',(0.8382,4.87492247795368,-3.82249437805666));
#16533=VECTOR('',#19282,1.19626749661999);
#16534=CARTESIAN_POINT('',(0.8382,4.81852364298678,-2.74634049899712));
#16535=AXIS2_PLACEMENT_3D('',#19283,#19284,#19285);
#16536=CARTESIAN_POINT('',(0.8382,4.9035032299945,-2.65196110616116));
#16537=CARTESIAN_POINT('',(0.8382,4.9035032299945,-2.65196110616116));
#16538=VECTOR('',#19286,0.127000000000051);
#16539=CARTESIAN_POINT('',(0.8382,5.05451025853102,-2.78792844537402));
#16540=CARTESIAN_POINT('',(0.8382,5.05451025853102,-2.78792844537402));
#16541=VECTOR('',#19287,0.2032);
#16542=CARTESIAN_POINT('',(0.8382,4.9695306715233,-2.88230783820998));
#16543=CARTESIAN_POINT('',(0.8382,4.9695306715233,-2.88230783820998));
#16544=VECTOR('',#19288,0.127000000000051);
#16545=CARTESIAN_POINT('',(0.8382,5.01088981716654,-3.67148734952014));
#16546=AXIS2_PLACEMENT_3D('',#19289,#19290,#19291);
#16547=CARTESIAN_POINT('',(0.8382,5.89988981716654,-4.4719465449003));
#16548=CARTESIAN_POINT('',(0.8382,5.89988981716654,-4.4719465449003));
#16549=VECTOR('',#19292,1.19626749661999);
#16550=AXIS2_PLACEMENT_3D('',#19293,#19294,#19295);
#16551=CARTESIAN_POINT('',(0.8382,5.36494246691352,-1.27741769911504));
#16552=VECTOR('',#19296,2.8702);
#16553=CARTESIAN_POINT('',(0.8382,4.318,-1.5494));
#16554=AXIS2_PLACEMENT_3D('',#19297,#19298,#19299);
#16555=CARTESIAN_POINT('',(0.8382,4.318,-6.5024));
#16556=CARTESIAN_POINT('',(0.8382,4.318,-6.5024));
#16557=VECTOR('',#19300,4.953);
#16558=AXIS2_PLACEMENT_3D('',#19301,#19302,#19303);
#16559=CARTESIAN_POINT('',(0.8382,4.318,-6.5024));
#16560=VECTOR('',#19304,0.8636);
#16561=CARTESIAN_POINT('',(0.8382,4.318,-1.5494));
#16562=VECTOR('',#19305,0.8636);
#16563=CARTESIAN_POINT('',(0.8382,5.89988981716654,-4.4719465449003));
#16564=VECTOR('',#19306,0.8636);
#16565=CARTESIAN_POINT('',(0.8382,5.01088981716654,-3.67148734952014));
#16566=VECTOR('',#19307,0.8636);
#16567=CARTESIAN_POINT('',(0.8382,4.9695306715233,-2.88230783820998));
#16568=VECTOR('',#19308,0.8636);
#16569=CARTESIAN_POINT('',(0.8382,5.05451025853102,-2.78792844537402));
#16570=VECTOR('',#19309,0.8636);
#16571=CARTESIAN_POINT('',(0.8382,4.9035032299945,-2.65196110616116));
#16572=VECTOR('',#19310,0.8636);
#16573=CARTESIAN_POINT('',(0.8382,4.81852364298678,-2.74634049899712));
#16574=VECTOR('',#19311,0.8636);
#16575=CARTESIAN_POINT('',(0.8382,4.87492247795368,-3.82249437805666));
#16576=VECTOR('',#19312,0.8636);
#16577=CARTESIAN_POINT('',(0.8382,5.76392247795368,-4.62295357343682));
#16578=VECTOR('',#19313,0.8636);
#16579=CARTESIAN_POINT('',(1.524,3.556,-4.06238409415638));
#16580=CARTESIAN_POINT('',(1.524,4.1148,-2.6162));
#16581=VECTOR('',#19314,1.55038894287555);
#16582=CARTESIAN_POINT('',(1.524,3.95877782857532,-4.21801590584362));
#16583=CARTESIAN_POINT('',(1.524,3.556,-4.06238409415638));
#16584=VECTOR('',#19315,0.4318);
#16585=CARTESIAN_POINT('',(1.524,3.95877782857532,-4.21801590584362));
#16586=VECTOR('',#19316,0.156022171425899);
#16587=CARTESIAN_POINT('',(1.016,3.95877782857532,-4.21801590584362));
#16588=CARTESIAN_POINT('',(1.524,3.95877782857532,-4.21801590584362));
#16589=VECTOR('',#19317,0.508);
#16590=CARTESIAN_POINT('',(1.016,3.95877782857532,-4.21801590584362));
#16591=VECTOR('',#19318,0.156022171425899);
#16592=CARTESIAN_POINT('',(1.016,3.556,-4.06238409415638));
#16593=CARTESIAN_POINT('',(1.016,3.556,-4.06238409415638));
#16594=VECTOR('',#19319,0.4318);
#16595=CARTESIAN_POINT('',(1.016,4.1148,-2.6162));
#16596=VECTOR('',#19320,1.55038894287555);
#16597=CARTESIAN_POINT('',(1.524,3.556,-4.06238409415638));
#16598=VECTOR('',#19321,0.508);
#16599=AXIS2_PLACEMENT_3D('',#19322,#19323,#19324);
#16600=AXIS2_PLACEMENT_3D('',#19325,#19326,#19327);
#16601=CARTESIAN_POINT('',(4.2418,4.1148,-6.3881));
#16602=VECTOR('',#19328,0.8636);
#16603=CARTESIAN_POINT('',(3.4417,4.1148,-4.3053));
#16604=CARTESIAN_POINT('',(4.1783,4.1148,-4.3053));
#16605=CARTESIAN_POINT('',(3.4417,4.1148,-4.3053));
#16606=VECTOR('',#19329,0.7366);
#16607=CARTESIAN_POINT('',(4.1783,4.1148,-1.7653));
#16608=CARTESIAN_POINT('',(4.1783,4.1148,-4.3053));
#16609=VECTOR('',#19330,2.54);
#16610=CARTESIAN_POINT('',(3.4417,4.1148,-1.7653));
#16611=CARTESIAN_POINT('',(4.1783,4.1148,-1.7653));
#16612=VECTOR('',#19331,0.7366);
#16613=CARTESIAN_POINT('',(3.4417,4.1148,-1.7653));
#16614=VECTOR('',#19332,2.54);
#16615=CARTESIAN_POINT('',(3.556,4.1148,-4.21801590584362));
#16616=CARTESIAN_POINT('',(4.064,4.1148,-4.21801590584362));
#16617=CARTESIAN_POINT('',(3.556,4.1148,-4.21801590584362));
#16618=VECTOR('',#19333,0.508);
#16619=CARTESIAN_POINT('',(3.556,4.1148,-2.6162));
#16620=CARTESIAN_POINT('',(3.556,4.1148,-2.6162));
#16621=VECTOR('',#19334,1.60181590584387);
#16622=CARTESIAN_POINT('',(4.064,4.1148,-2.6162));
#16623=CARTESIAN_POINT('',(3.556,4.1148,-2.6162));
#16624=VECTOR('',#19335,0.508);
#16625=CARTESIAN_POINT('',(4.064,4.1148,-2.6162));
#16626=VECTOR('',#19336,1.60181590584387);
#16627=CARTESIAN_POINT('',(3.3782,4.1148,-6.5024));
#16628=CARTESIAN_POINT('',(3.3782,4.1148,-6.3881));
#16629=VECTOR('',#19337,0.1143);
#16630=CARTESIAN_POINT('',(4.2418,4.1148,-6.5024));
#16631=CARTESIAN_POINT('',(3.3782,4.1148,-6.5024));
#16632=VECTOR('',#19338,0.8636);
#16633=CARTESIAN_POINT('',(4.2418,4.1148,-6.3881));
#16634=VECTOR('',#19339,0.1143);
#16635=CARTESIAN_POINT('',(3.4417,3.0988,-1.7653));
#16636=VECTOR('',#19340,1.016);
#16637=CARTESIAN_POINT('',(3.4417,3.0988,-4.3053));
#16638=VECTOR('',#19341,1.016);
#16639=CARTESIAN_POINT('',(4.1783,3.0988,-4.3053));
#16640=VECTOR('',#19342,1.016);
#16641=CARTESIAN_POINT('',(4.1783,3.0988,-1.7653));
#16642=VECTOR('',#19343,1.016);
#16643=CARTESIAN_POINT('',(4.2418,0.409558633585692,-7.2136));
#16644=CARTESIAN_POINT('',(4.2418,3.6068,-7.2136));
#16645=CARTESIAN_POINT('',(4.2418,0.409558633585692,-7.2136));
#16646=VECTOR('',#19344,3.1972413664138);
#16647=CARTESIAN_POINT('',(4.2418,4.318,-6.5024));
#16648=AXIS2_PLACEMENT_3D('',#19345,#19346,#19347);
#16649=CARTESIAN_POINT('',(4.2418,4.318,-1.5494));
#16650=CARTESIAN_POINT('',(4.2418,4.318,-6.5024));
#16651=VECTOR('',#19348,4.953);
#16652=AXIS2_PLACEMENT_3D('',#19349,#19350,#19351);
#16653=CARTESIAN_POINT('',(4.2418,5.36494246691352,-1.27741769911504));
#16654=VECTOR('',#19352,2.8702);
#16655=CARTESIAN_POINT('',(4.2418,5.89988981716654,-4.4719465449003));
#16656=AXIS2_PLACEMENT_3D('',#19353,#19354,#19355);
#16657=CARTESIAN_POINT('',(4.2418,5.01088981716654,-3.67148734952014));
#16658=CARTESIAN_POINT('',(4.2418,5.89988981716654,-4.4719465449003));
#16659=VECTOR('',#19356,1.19626749661999);
#16660=CARTESIAN_POINT('',(4.2418,4.9695306715233,-2.88230783820998));
#16661=AXIS2_PLACEMENT_3D('',#19357,#19358,#19359);
#16662=CARTESIAN_POINT('',(4.2418,5.05451025853102,-2.78792844537402));
#16663=CARTESIAN_POINT('',(4.2418,4.9695306715233,-2.88230783820998));
#16664=VECTOR('',#19360,0.127000000000051);
#16665=CARTESIAN_POINT('',(4.2418,4.9035032299945,-2.65196110616116));
#16666=CARTESIAN_POINT('',(4.2418,5.05451025853102,-2.78792844537402));
#16667=VECTOR('',#19361,0.2032);
#16668=CARTESIAN_POINT('',(4.2418,4.81852364298678,-2.74634049899712));
#16669=CARTESIAN_POINT('',(4.2418,4.9035032299945,-2.65196110616116));
#16670=VECTOR('',#19362,0.127000000000051);
#16671=CARTESIAN_POINT('',(4.2418,4.87492247795368,-3.82249437805666));
#16672=AXIS2_PLACEMENT_3D('',#19363,#19364,#19365);
#16673=CARTESIAN_POINT('',(4.2418,5.76392247795368,-4.62295357343682));
#16674=CARTESIAN_POINT('',(4.2418,4.87492247795368,-3.82249437805666));
#16675=VECTOR('',#19366,1.19626749661999);
#16676=AXIS2_PLACEMENT_3D('',#19367,#19368,#19369);
#16677=CARTESIAN_POINT('',(4.2418,6.93944881851936,-3.6857922606715));
#16678=VECTOR('',#19370,2.8702);
#16679=AXIS2_PLACEMENT_3D('',#19371,#19372,#19373);
#16680=CARTESIAN_POINT('',(4.2418,3.6068,-7.0104));
#16681=AXIS2_PLACEMENT_3D('',#19374,#19375,#19376);
#16682=CARTESIAN_POINT('',(4.2418,0.409558633585692,-7.0104));
#16683=CARTESIAN_POINT('',(4.2418,3.6068,-7.0104));
#16684=VECTOR('',#19377,3.1972413664138);
#16685=CARTESIAN_POINT('',(4.2418,0.409558633585692,-7.0104));
#16686=VECTOR('',#19378,0.2032);
#16687=CARTESIAN_POINT('',(4.064,-0.254,-7.0104));
#16688=CARTESIAN_POINT('',(4.064,-0.254,-7.0104));
#16689=VECTOR('',#19379,0.686966447656686);
#16690=CARTESIAN_POINT('',(4.064,-0.254,-7.2136));
#16691=CARTESIAN_POINT('',(4.064,-0.254,-7.0104));
#16692=VECTOR('',#19380,0.2032);
#16693=CARTESIAN_POINT('',(4.2418,0.409558633585692,-7.2136));
#16694=VECTOR('',#19381,0.686966447656686);
#16695=CARTESIAN_POINT('',(3.3782,0.409558633585692,-7.2136));
#16696=CARTESIAN_POINT('',(3.3782,3.6068,-7.2136));
#16697=CARTESIAN_POINT('',(3.3782,0.409558633585692,-7.2136));
#16698=VECTOR('',#19382,3.1972413664138);
#16699=CARTESIAN_POINT('',(3.3782,3.6068,-7.2136));
#16700=VECTOR('',#19383,0.8636);
#16701=CARTESIAN_POINT('',(3.556,-0.254,-7.2136));
#16702=CARTESIAN_POINT('',(3.556,-0.254,-7.2136));
#16703=VECTOR('',#19384,0.508);
#16704=CARTESIAN_POINT('',(3.556,-0.254,-7.2136));
#16705=VECTOR('',#19385,0.686966447656686);
#16706=CARTESIAN_POINT('',(3.3782,0.409558633585692,-7.0104));
#16707=CARTESIAN_POINT('',(3.3782,0.409558633585692,-7.2136));
#16708=VECTOR('',#19386,0.2032);
#16709=CARTESIAN_POINT('',(3.556,-0.254,-7.0104));
#16710=CARTESIAN_POINT('',(3.556,-0.254,-7.2136));
#16711=VECTOR('',#19387,0.2032);
#16712=CARTESIAN_POINT('',(3.3782,0.409558633585692,-7.0104));
#16713=VECTOR('',#19388,0.686966447656686);
#16714=CARTESIAN_POINT('',(3.556,-0.254,-7.0104));
#16715=VECTOR('',#19389,0.508);
#16716=CARTESIAN_POINT('',(3.3782,3.6068,-7.0104));
#16717=CARTESIAN_POINT('',(3.3782,3.6068,-7.0104));
#16718=VECTOR('',#19390,0.8636);
#16719=CARTESIAN_POINT('',(3.3782,3.6068,-7.0104));
#16720=VECTOR('',#19391,3.1972413664138);
#16721=AXIS2_PLACEMENT_3D('',#19392,#19393,#19394);
#16722=AXIS2_PLACEMENT_3D('',#19395,#19396,#19397);
#16723=CARTESIAN_POINT('',(3.3782,6.93944881851936,-3.6857922606715));
#16724=VECTOR('',#19398,2.8702);
#16725=CARTESIAN_POINT('',(3.3782,5.76392247795368,-4.62295357343682));
#16726=AXIS2_PLACEMENT_3D('',#19399,#19400,#19401);
#16727=CARTESIAN_POINT('',(3.3782,4.87492247795368,-3.82249437805666));
#16728=CARTESIAN_POINT('',(3.3782,4.87492247795368,-3.82249437805666));
#16729=VECTOR('',#19402,1.19626749661999);
#16730=CARTESIAN_POINT('',(3.3782,4.81852364298678,-2.74634049899712));
#16731=AXIS2_PLACEMENT_3D('',#19403,#19404,#19405);
#16732=CARTESIAN_POINT('',(3.3782,4.9035032299945,-2.65196110616116));
#16733=CARTESIAN_POINT('',(3.3782,4.9035032299945,-2.65196110616116));
#16734=VECTOR('',#19406,0.127000000000051);
#16735=CARTESIAN_POINT('',(3.3782,5.05451025853102,-2.78792844537402));
#16736=CARTESIAN_POINT('',(3.3782,5.05451025853102,-2.78792844537402));
#16737=VECTOR('',#19407,0.2032);
#16738=CARTESIAN_POINT('',(3.3782,4.9695306715233,-2.88230783820998));
#16739=CARTESIAN_POINT('',(3.3782,4.9695306715233,-2.88230783820998));
#16740=VECTOR('',#19408,0.127000000000051);
#16741=CARTESIAN_POINT('',(3.3782,5.01088981716654,-3.67148734952014));
#16742=AXIS2_PLACEMENT_3D('',#19409,#19410,#19411);
#16743=CARTESIAN_POINT('',(3.3782,5.89988981716654,-4.4719465449003));
#16744=CARTESIAN_POINT('',(3.3782,5.89988981716654,-4.4719465449003));
#16745=VECTOR('',#19412,1.19626749661999);
#16746=AXIS2_PLACEMENT_3D('',#19413,#19414,#19415);
#16747=CARTESIAN_POINT('',(3.3782,5.36494246691352,-1.27741769911504));
#16748=VECTOR('',#19416,2.8702);
#16749=CARTESIAN_POINT('',(3.3782,4.318,-1.5494));
#16750=AXIS2_PLACEMENT_3D('',#19417,#19418,#19419);
#16751=CARTESIAN_POINT('',(3.3782,4.318,-6.5024));
#16752=CARTESIAN_POINT('',(3.3782,4.318,-6.5024));
#16753=VECTOR('',#19420,4.953);
#16754=AXIS2_PLACEMENT_3D('',#19421,#19422,#19423);
#16755=CARTESIAN_POINT('',(3.3782,4.318,-6.5024));
#16756=VECTOR('',#19424,0.8636);
#16757=CARTESIAN_POINT('',(3.3782,4.318,-1.5494));
#16758=VECTOR('',#19425,0.8636);
#16759=CARTESIAN_POINT('',(3.3782,5.89988981716654,-4.4719465449003));
#16760=VECTOR('',#19426,0.8636);
#16761=CARTESIAN_POINT('',(3.3782,5.01088981716654,-3.67148734952014));
#16762=VECTOR('',#19427,0.8636);
#16763=CARTESIAN_POINT('',(3.3782,4.9695306715233,-2.88230783820998));
#16764=VECTOR('',#19428,0.8636);
#16765=CARTESIAN_POINT('',(3.3782,5.05451025853102,-2.78792844537402));
#16766=VECTOR('',#19429,0.8636);
#16767=CARTESIAN_POINT('',(3.3782,4.9035032299945,-2.65196110616116));
#16768=VECTOR('',#19430,0.8636);
#16769=CARTESIAN_POINT('',(3.3782,4.81852364298678,-2.74634049899712));
#16770=VECTOR('',#19431,0.8636);
#16771=CARTESIAN_POINT('',(3.3782,4.87492247795368,-3.82249437805666));
#16772=VECTOR('',#19432,0.8636);
#16773=CARTESIAN_POINT('',(3.3782,5.76392247795368,-4.62295357343682));
#16774=VECTOR('',#19433,0.8636);
#16775=CARTESIAN_POINT('',(4.064,3.556,-4.06238409415638));
#16776=CARTESIAN_POINT('',(4.064,4.1148,-2.6162));
#16777=VECTOR('',#19434,1.55038894287555);
#16778=CARTESIAN_POINT('',(4.064,3.95877782857532,-4.21801590584362));
#16779=CARTESIAN_POINT('',(4.064,3.556,-4.06238409415638));
#16780=VECTOR('',#19435,0.4318);
#16781=CARTESIAN_POINT('',(4.064,3.95877782857532,-4.21801590584362));
#16782=VECTOR('',#19436,0.156022171425899);
#16783=CARTESIAN_POINT('',(3.556,3.95877782857532,-4.21801590584362));
#16784=CARTESIAN_POINT('',(4.064,3.95877782857532,-4.21801590584362));
#16785=VECTOR('',#19437,0.508);
#16786=CARTESIAN_POINT('',(3.556,3.95877782857532,-4.21801590584362));
#16787=VECTOR('',#19438,0.156022171425899);
#16788=CARTESIAN_POINT('',(3.556,3.556,-4.06238409415638));
#16789=CARTESIAN_POINT('',(3.556,3.556,-4.06238409415638));
#16790=VECTOR('',#19439,0.4318);
#16791=CARTESIAN_POINT('',(3.556,4.1148,-2.6162));
#16792=VECTOR('',#19440,1.55038894287555);
#16793=CARTESIAN_POINT('',(4.064,3.556,-4.06238409415638));
#16794=VECTOR('',#19441,0.508);
#16795=AXIS2_PLACEMENT_3D('',#19442,#19443,#19444);
#16796=AXIS2_PLACEMENT_3D('',#19445,#19446,#19447);
#16797=CARTESIAN_POINT('',(6.7818,4.1148,-6.3881));
#16798=VECTOR('',#19448,0.8636);
#16799=CARTESIAN_POINT('',(5.9817,4.1148,-4.3053));
#16800=CARTESIAN_POINT('',(6.7183,4.1148,-4.3053));
#16801=CARTESIAN_POINT('',(5.9817,4.1148,-4.3053));
#16802=VECTOR('',#19449,0.7366);
#16803=CARTESIAN_POINT('',(6.7183,4.1148,-1.7653));
#16804=CARTESIAN_POINT('',(6.7183,4.1148,-4.3053));
#16805=VECTOR('',#19450,2.54);
#16806=CARTESIAN_POINT('',(5.9817,4.1148,-1.7653));
#16807=CARTESIAN_POINT('',(6.7183,4.1148,-1.7653));
#16808=VECTOR('',#19451,0.7366);
#16809=CARTESIAN_POINT('',(5.9817,4.1148,-1.7653));
#16810=VECTOR('',#19452,2.54);
#16811=CARTESIAN_POINT('',(6.096,4.1148,-4.21801590584362));
#16812=CARTESIAN_POINT('',(6.604,4.1148,-4.21801590584362));
#16813=CARTESIAN_POINT('',(6.096,4.1148,-4.21801590584362));
#16814=VECTOR('',#19453,0.508);
#16815=CARTESIAN_POINT('',(6.096,4.1148,-2.6162));
#16816=CARTESIAN_POINT('',(6.096,4.1148,-2.6162));
#16817=VECTOR('',#19454,1.60181590584387);
#16818=CARTESIAN_POINT('',(6.604,4.1148,-2.6162));
#16819=CARTESIAN_POINT('',(6.096,4.1148,-2.6162));
#16820=VECTOR('',#19455,0.508);
#16821=CARTESIAN_POINT('',(6.604,4.1148,-2.6162));
#16822=VECTOR('',#19456,1.60181590584387);
#16823=CARTESIAN_POINT('',(5.9182,4.1148,-6.5024));
#16824=CARTESIAN_POINT('',(5.9182,4.1148,-6.3881));
#16825=VECTOR('',#19457,0.1143);
#16826=CARTESIAN_POINT('',(6.7818,4.1148,-6.5024));
#16827=CARTESIAN_POINT('',(5.9182,4.1148,-6.5024));
#16828=VECTOR('',#19458,0.8636);
#16829=CARTESIAN_POINT('',(6.7818,4.1148,-6.3881));
#16830=VECTOR('',#19459,0.1143);
#16831=CARTESIAN_POINT('',(5.9817,3.0988,-1.7653));
#16832=VECTOR('',#19460,1.016);
#16833=CARTESIAN_POINT('',(5.9817,3.0988,-4.3053));
#16834=VECTOR('',#19461,1.016);
#16835=CARTESIAN_POINT('',(6.7183,3.0988,-4.3053));
#16836=VECTOR('',#19462,1.016);
#16837=CARTESIAN_POINT('',(6.7183,3.0988,-1.7653));
#16838=VECTOR('',#19463,1.016);
#16839=CARTESIAN_POINT('',(6.7818,0.409558633585692,-7.2136));
#16840=CARTESIAN_POINT('',(6.7818,3.6068,-7.2136));
#16841=CARTESIAN_POINT('',(6.7818,0.409558633585692,-7.2136));
#16842=VECTOR('',#19464,3.1972413664138);
#16843=CARTESIAN_POINT('',(6.7818,4.318,-6.5024));
#16844=AXIS2_PLACEMENT_3D('',#19465,#19466,#19467);
#16845=CARTESIAN_POINT('',(6.7818,4.318,-1.5494));
#16846=CARTESIAN_POINT('',(6.7818,4.318,-6.5024));
#16847=VECTOR('',#19468,4.953);
#16848=AXIS2_PLACEMENT_3D('',#19469,#19470,#19471);
#16849=CARTESIAN_POINT('',(6.7818,5.36494246691352,-1.27741769911504));
#16850=VECTOR('',#19472,2.8702);
#16851=CARTESIAN_POINT('',(6.7818,5.89988981716654,-4.4719465449003));
#16852=AXIS2_PLACEMENT_3D('',#19473,#19474,#19475);
#16853=CARTESIAN_POINT('',(6.7818,5.01088981716654,-3.67148734952014));
#16854=CARTESIAN_POINT('',(6.7818,5.89988981716654,-4.4719465449003));
#16855=VECTOR('',#19476,1.19626749661999);
#16856=CARTESIAN_POINT('',(6.7818,4.9695306715233,-2.88230783820998));
#16857=AXIS2_PLACEMENT_3D('',#19477,#19478,#19479);
#16858=CARTESIAN_POINT('',(6.7818,5.05451025853102,-2.78792844537402));
#16859=CARTESIAN_POINT('',(6.7818,4.9695306715233,-2.88230783820998));
#16860=VECTOR('',#19480,0.127000000000051);
#16861=CARTESIAN_POINT('',(6.7818,4.9035032299945,-2.65196110616116));
#16862=CARTESIAN_POINT('',(6.7818,5.05451025853102,-2.78792844537402));
#16863=VECTOR('',#19481,0.2032);
#16864=CARTESIAN_POINT('',(6.7818,4.81852364298678,-2.74634049899712));
#16865=CARTESIAN_POINT('',(6.7818,4.9035032299945,-2.65196110616116));
#16866=VECTOR('',#19482,0.127000000000051);
#16867=CARTESIAN_POINT('',(6.7818,4.87492247795368,-3.82249437805666));
#16868=AXIS2_PLACEMENT_3D('',#19483,#19484,#19485);
#16869=CARTESIAN_POINT('',(6.7818,5.76392247795368,-4.62295357343682));
#16870=CARTESIAN_POINT('',(6.7818,4.87492247795368,-3.82249437805666));
#16871=VECTOR('',#19486,1.19626749661999);
#16872=AXIS2_PLACEMENT_3D('',#19487,#19488,#19489);
#16873=CARTESIAN_POINT('',(6.7818,6.93944881851936,-3.6857922606715));
#16874=VECTOR('',#19490,2.8702);
#16875=AXIS2_PLACEMENT_3D('',#19491,#19492,#19493);
#16876=CARTESIAN_POINT('',(6.7818,3.6068,-7.0104));
#16877=AXIS2_PLACEMENT_3D('',#19494,#19495,#19496);
#16878=CARTESIAN_POINT('',(6.7818,0.409558633585692,-7.0104));
#16879=CARTESIAN_POINT('',(6.7818,3.6068,-7.0104));
#16880=VECTOR('',#19497,3.1972413664138);
#16881=CARTESIAN_POINT('',(6.7818,0.409558633585692,-7.0104));
#16882=VECTOR('',#19498,0.2032);
#16883=CARTESIAN_POINT('',(6.604,-0.254,-7.0104));
#16884=CARTESIAN_POINT('',(6.604,-0.254,-7.0104));
#16885=VECTOR('',#19499,0.686966447656686);
#16886=CARTESIAN_POINT('',(6.604,-0.254,-7.2136));
#16887=CARTESIAN_POINT('',(6.604,-0.254,-7.0104));
#16888=VECTOR('',#19500,0.2032);
#16889=CARTESIAN_POINT('',(6.7818,0.409558633585692,-7.2136));
#16890=VECTOR('',#19501,0.686966447656686);
#16891=CARTESIAN_POINT('',(5.9182,0.409558633585692,-7.2136));
#16892=CARTESIAN_POINT('',(5.9182,3.6068,-7.2136));
#16893=CARTESIAN_POINT('',(5.9182,0.409558633585692,-7.2136));
#16894=VECTOR('',#19502,3.1972413664138);
#16895=CARTESIAN_POINT('',(5.9182,3.6068,-7.2136));
#16896=VECTOR('',#19503,0.8636);
#16897=CARTESIAN_POINT('',(6.096,-0.254,-7.2136));
#16898=CARTESIAN_POINT('',(6.096,-0.254,-7.2136));
#16899=VECTOR('',#19504,0.508);
#16900=CARTESIAN_POINT('',(6.096,-0.254,-7.2136));
#16901=VECTOR('',#19505,0.686966447656686);
#16902=CARTESIAN_POINT('',(5.9182,0.409558633585692,-7.0104));
#16903=CARTESIAN_POINT('',(5.9182,0.409558633585692,-7.2136));
#16904=VECTOR('',#19506,0.2032);
#16905=CARTESIAN_POINT('',(6.096,-0.254,-7.0104));
#16906=CARTESIAN_POINT('',(6.096,-0.254,-7.2136));
#16907=VECTOR('',#19507,0.2032);
#16908=CARTESIAN_POINT('',(5.9182,0.409558633585692,-7.0104));
#16909=VECTOR('',#19508,0.686966447656686);
#16910=CARTESIAN_POINT('',(6.096,-0.254,-7.0104));
#16911=VECTOR('',#19509,0.508);
#16912=CARTESIAN_POINT('',(5.9182,3.6068,-7.0104));
#16913=CARTESIAN_POINT('',(5.9182,3.6068,-7.0104));
#16914=VECTOR('',#19510,0.8636);
#16915=CARTESIAN_POINT('',(5.9182,3.6068,-7.0104));
#16916=VECTOR('',#19511,3.1972413664138);
#16917=AXIS2_PLACEMENT_3D('',#19512,#19513,#19514);
#16918=AXIS2_PLACEMENT_3D('',#19515,#19516,#19517);
#16919=CARTESIAN_POINT('',(5.9182,6.93944881851936,-3.6857922606715));
#16920=VECTOR('',#19518,2.8702);
#16921=CARTESIAN_POINT('',(5.9182,5.76392247795368,-4.62295357343682));
#16922=AXIS2_PLACEMENT_3D('',#19519,#19520,#19521);
#16923=CARTESIAN_POINT('',(5.9182,4.87492247795368,-3.82249437805666));
#16924=CARTESIAN_POINT('',(5.9182,4.87492247795368,-3.82249437805666));
#16925=VECTOR('',#19522,1.19626749661999);
#16926=CARTESIAN_POINT('',(5.9182,4.81852364298678,-2.74634049899712));
#16927=AXIS2_PLACEMENT_3D('',#19523,#19524,#19525);
#16928=CARTESIAN_POINT('',(5.9182,4.9035032299945,-2.65196110616116));
#16929=CARTESIAN_POINT('',(5.9182,4.9035032299945,-2.65196110616116));
#16930=VECTOR('',#19526,0.127000000000051);
#16931=CARTESIAN_POINT('',(5.9182,5.05451025853102,-2.78792844537402));
#16932=CARTESIAN_POINT('',(5.9182,5.05451025853102,-2.78792844537402));
#16933=VECTOR('',#19527,0.2032);
#16934=CARTESIAN_POINT('',(5.9182,4.9695306715233,-2.88230783820998));
#16935=CARTESIAN_POINT('',(5.9182,4.9695306715233,-2.88230783820998));
#16936=VECTOR('',#19528,0.127000000000051);
#16937=CARTESIAN_POINT('',(5.9182,5.01088981716654,-3.67148734952014));
#16938=AXIS2_PLACEMENT_3D('',#19529,#19530,#19531);
#16939=CARTESIAN_POINT('',(5.9182,5.89988981716654,-4.4719465449003));
#16940=CARTESIAN_POINT('',(5.9182,5.89988981716654,-4.4719465449003));
#16941=VECTOR('',#19532,1.19626749661999);
#16942=AXIS2_PLACEMENT_3D('',#19533,#19534,#19535);
#16943=CARTESIAN_POINT('',(5.9182,5.36494246691352,-1.27741769911504));
#16944=VECTOR('',#19536,2.8702);
#16945=CARTESIAN_POINT('',(5.9182,4.318,-1.5494));
#16946=AXIS2_PLACEMENT_3D('',#19537,#19538,#19539);
#16947=CARTESIAN_POINT('',(5.9182,4.318,-6.5024));
#16948=CARTESIAN_POINT('',(5.9182,4.318,-6.5024));
#16949=VECTOR('',#19540,4.953);
#16950=AXIS2_PLACEMENT_3D('',#19541,#19542,#19543);
#16951=CARTESIAN_POINT('',(5.9182,4.318,-6.5024));
#16952=VECTOR('',#19544,0.8636);
#16953=CARTESIAN_POINT('',(5.9182,4.318,-1.5494));
#16954=VECTOR('',#19545,0.8636);
#16955=CARTESIAN_POINT('',(5.9182,5.89988981716654,-4.4719465449003));
#16956=VECTOR('',#19546,0.8636);
#16957=CARTESIAN_POINT('',(5.9182,5.01088981716654,-3.67148734952014));
#16958=VECTOR('',#19547,0.8636);
#16959=CARTESIAN_POINT('',(5.9182,4.9695306715233,-2.88230783820998));
#16960=VECTOR('',#19548,0.8636);
#16961=CARTESIAN_POINT('',(5.9182,5.05451025853102,-2.78792844537402));
#16962=VECTOR('',#19549,0.8636);
#16963=CARTESIAN_POINT('',(5.9182,4.9035032299945,-2.65196110616116));
#16964=VECTOR('',#19550,0.8636);
#16965=CARTESIAN_POINT('',(5.9182,4.81852364298678,-2.74634049899712));
#16966=VECTOR('',#19551,0.8636);
#16967=CARTESIAN_POINT('',(5.9182,4.87492247795368,-3.82249437805666));
#16968=VECTOR('',#19552,0.8636);
#16969=CARTESIAN_POINT('',(5.9182,5.76392247795368,-4.62295357343682));
#16970=VECTOR('',#19553,0.8636);
#16971=CARTESIAN_POINT('',(6.604,3.556,-4.06238409415638));
#16972=CARTESIAN_POINT('',(6.604,4.1148,-2.6162));
#16973=VECTOR('',#19554,1.55038894287555);
#16974=CARTESIAN_POINT('',(6.604,3.95877782857532,-4.21801590584362));
#16975=CARTESIAN_POINT('',(6.604,3.556,-4.06238409415638));
#16976=VECTOR('',#19555,0.4318);
#16977=CARTESIAN_POINT('',(6.604,3.95877782857532,-4.21801590584362));
#16978=VECTOR('',#19556,0.156022171425899);
#16979=CARTESIAN_POINT('',(6.096,3.95877782857532,-4.21801590584362));
#16980=CARTESIAN_POINT('',(6.604,3.95877782857532,-4.21801590584362));
#16981=VECTOR('',#19557,0.508);
#16982=CARTESIAN_POINT('',(6.096,3.95877782857532,-4.21801590584362));
#16983=VECTOR('',#19558,0.156022171425899);
#16984=CARTESIAN_POINT('',(6.096,3.556,-4.06238409415638));
#16985=CARTESIAN_POINT('',(6.096,3.556,-4.06238409415638));
#16986=VECTOR('',#19559,0.4318);
#16987=CARTESIAN_POINT('',(6.096,4.1148,-2.6162));
#16988=VECTOR('',#19560,1.55038894287555);
#16989=CARTESIAN_POINT('',(6.604,3.556,-4.06238409415638));
#16990=VECTOR('',#19561,0.508);
#16991=AXIS2_PLACEMENT_3D('',#19562,#19563,#19564);
#16992=AXIS2_PLACEMENT_3D('',#19565,#19566,#19567);
#16993=CARTESIAN_POINT('',(9.3218,4.1148,-6.3881));
#16994=VECTOR('',#19568,0.8636);
#16995=CARTESIAN_POINT('',(8.5217,4.1148,-4.3053));
#16996=CARTESIAN_POINT('',(9.2583,4.1148,-4.3053));
#16997=CARTESIAN_POINT('',(8.5217,4.1148,-4.3053));
#16998=VECTOR('',#19569,0.7366);
#16999=CARTESIAN_POINT('',(9.2583,4.1148,-1.7653));
#17000=CARTESIAN_POINT('',(9.2583,4.1148,-4.3053));
#17001=VECTOR('',#19570,2.54);
#17002=CARTESIAN_POINT('',(8.5217,4.1148,-1.7653));
#17003=CARTESIAN_POINT('',(9.2583,4.1148,-1.7653));
#17004=VECTOR('',#19571,0.7366);
#17005=CARTESIAN_POINT('',(8.5217,4.1148,-1.7653));
#17006=VECTOR('',#19572,2.54);
#17007=CARTESIAN_POINT('',(8.636,4.1148,-4.21801590584362));
#17008=CARTESIAN_POINT('',(9.144,4.1148,-4.21801590584362));
#17009=CARTESIAN_POINT('',(8.636,4.1148,-4.21801590584362));
#17010=VECTOR('',#19573,0.508);
#17011=CARTESIAN_POINT('',(8.636,4.1148,-2.6162));
#17012=CARTESIAN_POINT('',(8.636,4.1148,-2.6162));
#17013=VECTOR('',#19574,1.60181590584387);
#17014=CARTESIAN_POINT('',(9.144,4.1148,-2.6162));
#17015=CARTESIAN_POINT('',(8.636,4.1148,-2.6162));
#17016=VECTOR('',#19575,0.508);
#17017=CARTESIAN_POINT('',(9.144,4.1148,-2.6162));
#17018=VECTOR('',#19576,1.60181590584387);
#17019=CARTESIAN_POINT('',(8.4582,4.1148,-6.5024));
#17020=CARTESIAN_POINT('',(8.4582,4.1148,-6.3881));
#17021=VECTOR('',#19577,0.1143);
#17022=CARTESIAN_POINT('',(9.3218,4.1148,-6.5024));
#17023=CARTESIAN_POINT('',(8.4582,4.1148,-6.5024));
#17024=VECTOR('',#19578,0.8636);
#17025=CARTESIAN_POINT('',(9.3218,4.1148,-6.3881));
#17026=VECTOR('',#19579,0.1143);
#17027=CARTESIAN_POINT('',(8.5217,3.0988,-1.7653));
#17028=VECTOR('',#19580,1.016);
#17029=CARTESIAN_POINT('',(8.5217,3.0988,-4.3053));
#17030=VECTOR('',#19581,1.016);
#17031=CARTESIAN_POINT('',(9.2583,3.0988,-4.3053));
#17032=VECTOR('',#19582,1.016);
#17033=CARTESIAN_POINT('',(9.2583,3.0988,-1.7653));
#17034=VECTOR('',#19583,1.016);
#17035=CARTESIAN_POINT('',(9.3218,0.409558633585692,-7.2136));
#17036=CARTESIAN_POINT('',(9.3218,3.6068,-7.2136));
#17037=CARTESIAN_POINT('',(9.3218,0.409558633585692,-7.2136));
#17038=VECTOR('',#19584,3.1972413664138);
#17039=CARTESIAN_POINT('',(9.3218,4.318,-6.5024));
#17040=AXIS2_PLACEMENT_3D('',#19585,#19586,#19587);
#17041=CARTESIAN_POINT('',(9.3218,4.318,-1.5494));
#17042=CARTESIAN_POINT('',(9.3218,4.318,-6.5024));
#17043=VECTOR('',#19588,4.953);
#17044=AXIS2_PLACEMENT_3D('',#19589,#19590,#19591);
#17045=CARTESIAN_POINT('',(9.3218,5.36494246691352,-1.27741769911504));
#17046=VECTOR('',#19592,2.8702);
#17047=CARTESIAN_POINT('',(9.3218,5.89988981716654,-4.4719465449003));
#17048=AXIS2_PLACEMENT_3D('',#19593,#19594,#19595);
#17049=CARTESIAN_POINT('',(9.3218,5.01088981716654,-3.67148734952014));
#17050=CARTESIAN_POINT('',(9.3218,5.89988981716654,-4.4719465449003));
#17051=VECTOR('',#19596,1.19626749661999);
#17052=CARTESIAN_POINT('',(9.3218,4.9695306715233,-2.88230783820998));
#17053=AXIS2_PLACEMENT_3D('',#19597,#19598,#19599);
#17054=CARTESIAN_POINT('',(9.3218,5.05451025853102,-2.78792844537402));
#17055=CARTESIAN_POINT('',(9.3218,4.9695306715233,-2.88230783820998));
#17056=VECTOR('',#19600,0.127000000000051);
#17057=CARTESIAN_POINT('',(9.3218,4.9035032299945,-2.65196110616116));
#17058=CARTESIAN_POINT('',(9.3218,5.05451025853102,-2.78792844537402));
#17059=VECTOR('',#19601,0.2032);
#17060=CARTESIAN_POINT('',(9.3218,4.81852364298678,-2.74634049899712));
#17061=CARTESIAN_POINT('',(9.3218,4.9035032299945,-2.65196110616116));
#17062=VECTOR('',#19602,0.127000000000051);
#17063=CARTESIAN_POINT('',(9.3218,4.87492247795368,-3.82249437805666));
#17064=AXIS2_PLACEMENT_3D('',#19603,#19604,#19605);
#17065=CARTESIAN_POINT('',(9.3218,5.76392247795368,-4.62295357343682));
#17066=CARTESIAN_POINT('',(9.3218,4.87492247795368,-3.82249437805666));
#17067=VECTOR('',#19606,1.19626749661999);
#17068=AXIS2_PLACEMENT_3D('',#19607,#19608,#19609);
#17069=CARTESIAN_POINT('',(9.3218,6.93944881851936,-3.6857922606715));
#17070=VECTOR('',#19610,2.8702);
#17071=AXIS2_PLACEMENT_3D('',#19611,#19612,#19613);
#17072=CARTESIAN_POINT('',(9.3218,3.6068,-7.0104));
#17073=AXIS2_PLACEMENT_3D('',#19614,#19615,#19616);
#17074=CARTESIAN_POINT('',(9.3218,0.409558633585692,-7.0104));
#17075=CARTESIAN_POINT('',(9.3218,3.6068,-7.0104));
#17076=VECTOR('',#19617,3.1972413664138);
#17077=CARTESIAN_POINT('',(9.3218,0.409558633585692,-7.0104));
#17078=VECTOR('',#19618,0.2032);
#17079=CARTESIAN_POINT('',(9.144,-0.254,-7.0104));
#17080=CARTESIAN_POINT('',(9.144,-0.254,-7.0104));
#17081=VECTOR('',#19619,0.686966447656686);
#17082=CARTESIAN_POINT('',(9.144,-0.254,-7.2136));
#17083=CARTESIAN_POINT('',(9.144,-0.254,-7.0104));
#17084=VECTOR('',#19620,0.2032);
#17085=CARTESIAN_POINT('',(9.3218,0.409558633585692,-7.2136));
#17086=VECTOR('',#19621,0.686966447656686);
#17087=CARTESIAN_POINT('',(8.4582,0.409558633585692,-7.2136));
#17088=CARTESIAN_POINT('',(8.4582,3.6068,-7.2136));
#17089=CARTESIAN_POINT('',(8.4582,0.409558633585692,-7.2136));
#17090=VECTOR('',#19622,3.1972413664138);
#17091=CARTESIAN_POINT('',(8.4582,3.6068,-7.2136));
#17092=VECTOR('',#19623,0.8636);
#17093=CARTESIAN_POINT('',(8.636,-0.254,-7.2136));
#17094=CARTESIAN_POINT('',(8.636,-0.254,-7.2136));
#17095=VECTOR('',#19624,0.508);
#17096=CARTESIAN_POINT('',(8.636,-0.254,-7.2136));
#17097=VECTOR('',#19625,0.686966447656686);
#17098=CARTESIAN_POINT('',(8.4582,0.409558633585692,-7.0104));
#17099=CARTESIAN_POINT('',(8.4582,0.409558633585692,-7.2136));
#17100=VECTOR('',#19626,0.2032);
#17101=CARTESIAN_POINT('',(8.636,-0.254,-7.0104));
#17102=CARTESIAN_POINT('',(8.636,-0.254,-7.2136));
#17103=VECTOR('',#19627,0.2032);
#17104=CARTESIAN_POINT('',(8.4582,0.409558633585692,-7.0104));
#17105=VECTOR('',#19628,0.686966447656686);
#17106=CARTESIAN_POINT('',(8.636,-0.254,-7.0104));
#17107=VECTOR('',#19629,0.508);
#17108=CARTESIAN_POINT('',(8.4582,3.6068,-7.0104));
#17109=CARTESIAN_POINT('',(8.4582,3.6068,-7.0104));
#17110=VECTOR('',#19630,0.8636);
#17111=CARTESIAN_POINT('',(8.4582,3.6068,-7.0104));
#17112=VECTOR('',#19631,3.1972413664138);
#17113=AXIS2_PLACEMENT_3D('',#19632,#19633,#19634);
#17114=AXIS2_PLACEMENT_3D('',#19635,#19636,#19637);
#17115=CARTESIAN_POINT('',(8.4582,6.93944881851936,-3.6857922606715));
#17116=VECTOR('',#19638,2.8702);
#17117=CARTESIAN_POINT('',(8.4582,5.76392247795368,-4.62295357343682));
#17118=AXIS2_PLACEMENT_3D('',#19639,#19640,#19641);
#17119=CARTESIAN_POINT('',(8.4582,4.87492247795368,-3.82249437805666));
#17120=CARTESIAN_POINT('',(8.4582,4.87492247795368,-3.82249437805666));
#17121=VECTOR('',#19642,1.19626749661999);
#17122=CARTESIAN_POINT('',(8.4582,4.81852364298678,-2.74634049899712));
#17123=AXIS2_PLACEMENT_3D('',#19643,#19644,#19645);
#17124=CARTESIAN_POINT('',(8.4582,4.9035032299945,-2.65196110616116));
#17125=CARTESIAN_POINT('',(8.4582,4.9035032299945,-2.65196110616116));
#17126=VECTOR('',#19646,0.127000000000051);
#17127=CARTESIAN_POINT('',(8.4582,5.05451025853102,-2.78792844537402));
#17128=CARTESIAN_POINT('',(8.4582,5.05451025853102,-2.78792844537402));
#17129=VECTOR('',#19647,0.2032);
#17130=CARTESIAN_POINT('',(8.4582,4.9695306715233,-2.88230783820998));
#17131=CARTESIAN_POINT('',(8.4582,4.9695306715233,-2.88230783820998));
#17132=VECTOR('',#19648,0.127000000000051);
#17133=CARTESIAN_POINT('',(8.4582,5.01088981716654,-3.67148734952014));
#17134=AXIS2_PLACEMENT_3D('',#19649,#19650,#19651);
#17135=CARTESIAN_POINT('',(8.4582,5.89988981716654,-4.4719465449003));
#17136=CARTESIAN_POINT('',(8.4582,5.89988981716654,-4.4719465449003));
#17137=VECTOR('',#19652,1.19626749661999);
#17138=AXIS2_PLACEMENT_3D('',#19653,#19654,#19655);
#17139=CARTESIAN_POINT('',(8.4582,5.36494246691352,-1.27741769911504));
#17140=VECTOR('',#19656,2.8702);
#17141=CARTESIAN_POINT('',(8.4582,4.318,-1.5494));
#17142=AXIS2_PLACEMENT_3D('',#19657,#19658,#19659);
#17143=CARTESIAN_POINT('',(8.4582,4.318,-6.5024));
#17144=CARTESIAN_POINT('',(8.4582,4.318,-6.5024));
#17145=VECTOR('',#19660,4.953);
#17146=AXIS2_PLACEMENT_3D('',#19661,#19662,#19663);
#17147=CARTESIAN_POINT('',(8.4582,4.318,-6.5024));
#17148=VECTOR('',#19664,0.8636);
#17149=CARTESIAN_POINT('',(8.4582,4.318,-1.5494));
#17150=VECTOR('',#19665,0.8636);
#17151=CARTESIAN_POINT('',(8.4582,5.89988981716654,-4.4719465449003));
#17152=VECTOR('',#19666,0.8636);
#17153=CARTESIAN_POINT('',(8.4582,5.01088981716654,-3.67148734952014));
#17154=VECTOR('',#19667,0.8636);
#17155=CARTESIAN_POINT('',(8.4582,4.9695306715233,-2.88230783820998));
#17156=VECTOR('',#19668,0.8636);
#17157=CARTESIAN_POINT('',(8.4582,5.05451025853102,-2.78792844537402));
#17158=VECTOR('',#19669,0.8636);
#17159=CARTESIAN_POINT('',(8.4582,4.9035032299945,-2.65196110616116));
#17160=VECTOR('',#19670,0.8636);
#17161=CARTESIAN_POINT('',(8.4582,4.81852364298678,-2.74634049899712));
#17162=VECTOR('',#19671,0.8636);
#17163=CARTESIAN_POINT('',(8.4582,4.87492247795368,-3.82249437805666));
#17164=VECTOR('',#19672,0.8636);
#17165=CARTESIAN_POINT('',(8.4582,5.76392247795368,-4.62295357343682));
#17166=VECTOR('',#19673,0.8636);
#17167=CARTESIAN_POINT('',(9.144,3.556,-4.06238409415638));
#17168=CARTESIAN_POINT('',(9.144,4.1148,-2.6162));
#17169=VECTOR('',#19674,1.55038894287555);
#17170=CARTESIAN_POINT('',(9.144,3.95877782857532,-4.21801590584362));
#17171=CARTESIAN_POINT('',(9.144,3.556,-4.06238409415638));
#17172=VECTOR('',#19675,0.4318);
#17173=CARTESIAN_POINT('',(9.144,3.95877782857532,-4.21801590584362));
#17174=VECTOR('',#19676,0.156022171425899);
#17175=CARTESIAN_POINT('',(8.636,3.95877782857532,-4.21801590584362));
#17176=CARTESIAN_POINT('',(9.144,3.95877782857532,-4.21801590584362));
#17177=VECTOR('',#19677,0.508);
#17178=CARTESIAN_POINT('',(8.636,3.95877782857532,-4.21801590584362));
#17179=VECTOR('',#19678,0.156022171425899);
#17180=CARTESIAN_POINT('',(8.636,3.556,-4.06238409415638));
#17181=CARTESIAN_POINT('',(8.636,3.556,-4.06238409415638));
#17182=VECTOR('',#19679,0.4318);
#17183=CARTESIAN_POINT('',(8.636,4.1148,-2.6162));
#17184=VECTOR('',#19680,1.55038894287555);
#17185=CARTESIAN_POINT('',(9.144,3.556,-4.06238409415638));
#17186=VECTOR('',#19681,0.508);
#17187=AXIS2_PLACEMENT_3D('',#19682,#19683,#19684);
#17188=AXIS2_PLACEMENT_3D('',#19685,#19686,#19687);
#17189=CARTESIAN_POINT('',(11.8618,4.1148,-6.3881));
#17190=VECTOR('',#19688,0.8636);
#17191=CARTESIAN_POINT('',(11.0617,4.1148,-4.3053));
#17192=CARTESIAN_POINT('',(11.7983,4.1148,-4.3053));
#17193=CARTESIAN_POINT('',(11.0617,4.1148,-4.3053));
#17194=VECTOR('',#19689,0.7366);
#17195=CARTESIAN_POINT('',(11.7983,4.1148,-1.7653));
#17196=CARTESIAN_POINT('',(11.7983,4.1148,-4.3053));
#17197=VECTOR('',#19690,2.54);
#17198=CARTESIAN_POINT('',(11.0617,4.1148,-1.7653));
#17199=CARTESIAN_POINT('',(11.7983,4.1148,-1.7653));
#17200=VECTOR('',#19691,0.7366);
#17201=CARTESIAN_POINT('',(11.0617,4.1148,-1.7653));
#17202=VECTOR('',#19692,2.54);
#17203=CARTESIAN_POINT('',(11.176,4.1148,-4.21801590584362));
#17204=CARTESIAN_POINT('',(11.684,4.1148,-4.21801590584362));
#17205=CARTESIAN_POINT('',(11.176,4.1148,-4.21801590584362));
#17206=VECTOR('',#19693,0.508);
#17207=CARTESIAN_POINT('',(11.176,4.1148,-2.6162));
#17208=CARTESIAN_POINT('',(11.176,4.1148,-2.6162));
#17209=VECTOR('',#19694,1.60181590584387);
#17210=CARTESIAN_POINT('',(11.684,4.1148,-2.6162));
#17211=CARTESIAN_POINT('',(11.176,4.1148,-2.6162));
#17212=VECTOR('',#19695,0.508);
#17213=CARTESIAN_POINT('',(11.684,4.1148,-2.6162));
#17214=VECTOR('',#19696,1.60181590584387);
#17215=CARTESIAN_POINT('',(10.9982,4.1148,-6.5024));
#17216=CARTESIAN_POINT('',(10.9982,4.1148,-6.3881));
#17217=VECTOR('',#19697,0.1143);
#17218=CARTESIAN_POINT('',(11.8618,4.1148,-6.5024));
#17219=CARTESIAN_POINT('',(10.9982,4.1148,-6.5024));
#17220=VECTOR('',#19698,0.8636);
#17221=CARTESIAN_POINT('',(11.8618,4.1148,-6.3881));
#17222=VECTOR('',#19699,0.1143);
#17223=CARTESIAN_POINT('',(11.0617,3.0988,-1.7653));
#17224=VECTOR('',#19700,1.016);
#17225=CARTESIAN_POINT('',(11.0617,3.0988,-4.3053));
#17226=VECTOR('',#19701,1.016);
#17227=CARTESIAN_POINT('',(11.7983,3.0988,-4.3053));
#17228=VECTOR('',#19702,1.016);
#17229=CARTESIAN_POINT('',(11.7983,3.0988,-1.7653));
#17230=VECTOR('',#19703,1.016);
#17231=CARTESIAN_POINT('',(11.8618,0.409558633585692,-7.2136));
#17232=CARTESIAN_POINT('',(11.8618,3.6068,-7.2136));
#17233=CARTESIAN_POINT('',(11.8618,0.409558633585692,-7.2136));
#17234=VECTOR('',#19704,3.1972413664138);
#17235=CARTESIAN_POINT('',(11.8618,4.318,-6.5024));
#17236=AXIS2_PLACEMENT_3D('',#19705,#19706,#19707);
#17237=CARTESIAN_POINT('',(11.8618,4.318,-1.5494));
#17238=CARTESIAN_POINT('',(11.8618,4.318,-6.5024));
#17239=VECTOR('',#19708,4.953);
#17240=AXIS2_PLACEMENT_3D('',#19709,#19710,#19711);
#17241=CARTESIAN_POINT('',(11.8618,5.36494246691352,-1.27741769911504));
#17242=VECTOR('',#19712,2.8702);
#17243=CARTESIAN_POINT('',(11.8618,5.89988981716654,-4.4719465449003));
#17244=AXIS2_PLACEMENT_3D('',#19713,#19714,#19715);
#17245=CARTESIAN_POINT('',(11.8618,5.01088981716654,-3.67148734952014));
#17246=CARTESIAN_POINT('',(11.8618,5.89988981716654,-4.4719465449003));
#17247=VECTOR('',#19716,1.19626749661999);
#17248=CARTESIAN_POINT('',(11.8618,4.9695306715233,-2.88230783820998));
#17249=AXIS2_PLACEMENT_3D('',#19717,#19718,#19719);
#17250=CARTESIAN_POINT('',(11.8618,5.05451025853102,-2.78792844537402));
#17251=CARTESIAN_POINT('',(11.8618,4.9695306715233,-2.88230783820998));
#17252=VECTOR('',#19720,0.127000000000051);
#17253=CARTESIAN_POINT('',(11.8618,4.9035032299945,-2.65196110616116));
#17254=CARTESIAN_POINT('',(11.8618,5.05451025853102,-2.78792844537402));
#17255=VECTOR('',#19721,0.2032);
#17256=CARTESIAN_POINT('',(11.8618,4.81852364298678,-2.74634049899712));
#17257=CARTESIAN_POINT('',(11.8618,4.9035032299945,-2.65196110616116));
#17258=VECTOR('',#19722,0.127000000000051);
#17259=CARTESIAN_POINT('',(11.8618,4.87492247795368,-3.82249437805666));
#17260=AXIS2_PLACEMENT_3D('',#19723,#19724,#19725);
#17261=CARTESIAN_POINT('',(11.8618,5.76392247795368,-4.62295357343682));
#17262=CARTESIAN_POINT('',(11.8618,4.87492247795368,-3.82249437805666));
#17263=VECTOR('',#19726,1.19626749661999);
#17264=AXIS2_PLACEMENT_3D('',#19727,#19728,#19729);
#17265=CARTESIAN_POINT('',(11.8618,6.93944881851936,-3.6857922606715));
#17266=VECTOR('',#19730,2.8702);
#17267=AXIS2_PLACEMENT_3D('',#19731,#19732,#19733);
#17268=CARTESIAN_POINT('',(11.8618,3.6068,-7.0104));
#17269=AXIS2_PLACEMENT_3D('',#19734,#19735,#19736);
#17270=CARTESIAN_POINT('',(11.8618,0.409558633585692,-7.0104));
#17271=CARTESIAN_POINT('',(11.8618,3.6068,-7.0104));
#17272=VECTOR('',#19737,3.1972413664138);
#17273=CARTESIAN_POINT('',(11.8618,0.409558633585692,-7.0104));
#17274=VECTOR('',#19738,0.2032);
#17275=CARTESIAN_POINT('',(11.684,-0.254,-7.0104));
#17276=CARTESIAN_POINT('',(11.684,-0.254,-7.0104));
#17277=VECTOR('',#19739,0.686966447656686);
#17278=CARTESIAN_POINT('',(11.684,-0.254,-7.2136));
#17279=CARTESIAN_POINT('',(11.684,-0.254,-7.0104));
#17280=VECTOR('',#19740,0.2032);
#17281=CARTESIAN_POINT('',(11.8618,0.409558633585692,-7.2136));
#17282=VECTOR('',#19741,0.686966447656686);
#17283=CARTESIAN_POINT('',(10.9982,0.409558633585692,-7.2136));
#17284=CARTESIAN_POINT('',(10.9982,3.6068,-7.2136));
#17285=CARTESIAN_POINT('',(10.9982,0.409558633585692,-7.2136));
#17286=VECTOR('',#19742,3.1972413664138);
#17287=CARTESIAN_POINT('',(10.9982,3.6068,-7.2136));
#17288=VECTOR('',#19743,0.8636);
#17289=CARTESIAN_POINT('',(11.176,-0.254,-7.2136));
#17290=CARTESIAN_POINT('',(11.176,-0.254,-7.2136));
#17291=VECTOR('',#19744,0.508);
#17292=CARTESIAN_POINT('',(11.176,-0.254,-7.2136));
#17293=VECTOR('',#19745,0.686966447656686);
#17294=CARTESIAN_POINT('',(10.9982,0.409558633585692,-7.0104));
#17295=CARTESIAN_POINT('',(10.9982,0.409558633585692,-7.2136));
#17296=VECTOR('',#19746,0.2032);
#17297=CARTESIAN_POINT('',(11.176,-0.254,-7.0104));
#17298=CARTESIAN_POINT('',(11.176,-0.254,-7.2136));
#17299=VECTOR('',#19747,0.2032);
#17300=CARTESIAN_POINT('',(10.9982,0.409558633585692,-7.0104));
#17301=VECTOR('',#19748,0.686966447656686);
#17302=CARTESIAN_POINT('',(11.176,-0.254,-7.0104));
#17303=VECTOR('',#19749,0.508);
#17304=CARTESIAN_POINT('',(10.9982,3.6068,-7.0104));
#17305=CARTESIAN_POINT('',(10.9982,3.6068,-7.0104));
#17306=VECTOR('',#19750,0.8636);
#17307=CARTESIAN_POINT('',(10.9982,3.6068,-7.0104));
#17308=VECTOR('',#19751,3.1972413664138);
#17309=AXIS2_PLACEMENT_3D('',#19752,#19753,#19754);
#17310=AXIS2_PLACEMENT_3D('',#19755,#19756,#19757);
#17311=CARTESIAN_POINT('',(10.9982,6.93944881851936,-3.6857922606715));
#17312=VECTOR('',#19758,2.8702);
#17313=CARTESIAN_POINT('',(10.9982,5.76392247795368,-4.62295357343682));
#17314=AXIS2_PLACEMENT_3D('',#19759,#19760,#19761);
#17315=CARTESIAN_POINT('',(10.9982,4.87492247795368,-3.82249437805666));
#17316=CARTESIAN_POINT('',(10.9982,4.87492247795368,-3.82249437805666));
#17317=VECTOR('',#19762,1.19626749661999);
#17318=CARTESIAN_POINT('',(10.9982,4.81852364298678,-2.74634049899712));
#17319=AXIS2_PLACEMENT_3D('',#19763,#19764,#19765);
#17320=CARTESIAN_POINT('',(10.9982,4.9035032299945,-2.65196110616116));
#17321=CARTESIAN_POINT('',(10.9982,4.9035032299945,-2.65196110616116));
#17322=VECTOR('',#19766,0.127000000000051);
#17323=CARTESIAN_POINT('',(10.9982,5.05451025853102,-2.78792844537402));
#17324=CARTESIAN_POINT('',(10.9982,5.05451025853102,-2.78792844537402));
#17325=VECTOR('',#19767,0.2032);
#17326=CARTESIAN_POINT('',(10.9982,4.9695306715233,-2.88230783820998));
#17327=CARTESIAN_POINT('',(10.9982,4.9695306715233,-2.88230783820998));
#17328=VECTOR('',#19768,0.127000000000051);
#17329=CARTESIAN_POINT('',(10.9982,5.01088981716654,-3.67148734952014));
#17330=AXIS2_PLACEMENT_3D('',#19769,#19770,#19771);
#17331=CARTESIAN_POINT('',(10.9982,5.89988981716654,-4.4719465449003));
#17332=CARTESIAN_POINT('',(10.9982,5.89988981716654,-4.4719465449003));
#17333=VECTOR('',#19772,1.19626749661999);
#17334=AXIS2_PLACEMENT_3D('',#19773,#19774,#19775);
#17335=CARTESIAN_POINT('',(10.9982,5.36494246691352,-1.27741769911504));
#17336=VECTOR('',#19776,2.8702);
#17337=CARTESIAN_POINT('',(10.9982,4.318,-1.5494));
#17338=AXIS2_PLACEMENT_3D('',#19777,#19778,#19779);
#17339=CARTESIAN_POINT('',(10.9982,4.318,-6.5024));
#17340=CARTESIAN_POINT('',(10.9982,4.318,-6.5024));
#17341=VECTOR('',#19780,4.953);
#17342=AXIS2_PLACEMENT_3D('',#19781,#19782,#19783);
#17343=CARTESIAN_POINT('',(10.9982,4.318,-6.5024));
#17344=VECTOR('',#19784,0.8636);
#17345=CARTESIAN_POINT('',(10.9982,4.318,-1.5494));
#17346=VECTOR('',#19785,0.8636);
#17347=CARTESIAN_POINT('',(10.9982,5.89988981716654,-4.4719465449003));
#17348=VECTOR('',#19786,0.8636);
#17349=CARTESIAN_POINT('',(10.9982,5.01088981716654,-3.67148734952014));
#17350=VECTOR('',#19787,0.8636);
#17351=CARTESIAN_POINT('',(10.9982,4.9695306715233,-2.88230783820998));
#17352=VECTOR('',#19788,0.8636);
#17353=CARTESIAN_POINT('',(10.9982,5.05451025853102,-2.78792844537402));
#17354=VECTOR('',#19789,0.8636);
#17355=CARTESIAN_POINT('',(10.9982,4.9035032299945,-2.65196110616116));
#17356=VECTOR('',#19790,0.8636);
#17357=CARTESIAN_POINT('',(10.9982,4.81852364298678,-2.74634049899712));
#17358=VECTOR('',#19791,0.8636);
#17359=CARTESIAN_POINT('',(10.9982,4.87492247795368,-3.82249437805666));
#17360=VECTOR('',#19792,0.8636);
#17361=CARTESIAN_POINT('',(10.9982,5.76392247795368,-4.62295357343682));
#17362=VECTOR('',#19793,0.8636);
#17363=CARTESIAN_POINT('',(11.684,3.556,-4.06238409415638));
#17364=CARTESIAN_POINT('',(11.684,4.1148,-2.6162));
#17365=VECTOR('',#19794,1.55038894287555);
#17366=CARTESIAN_POINT('',(11.684,3.95877782857532,-4.21801590584362));
#17367=CARTESIAN_POINT('',(11.684,3.556,-4.06238409415638));
#17368=VECTOR('',#19795,0.4318);
#17369=CARTESIAN_POINT('',(11.684,3.95877782857532,-4.21801590584362));
#17370=VECTOR('',#19796,0.156022171425899);
#17371=CARTESIAN_POINT('',(11.176,3.95877782857532,-4.21801590584362));
#17372=CARTESIAN_POINT('',(11.684,3.95877782857532,-4.21801590584362));
#17373=VECTOR('',#19797,0.508);
#17374=CARTESIAN_POINT('',(11.176,3.95877782857532,-4.21801590584362));
#17375=VECTOR('',#19798,0.156022171425899);
#17376=CARTESIAN_POINT('',(11.176,3.556,-4.06238409415638));
#17377=CARTESIAN_POINT('',(11.176,3.556,-4.06238409415638));
#17378=VECTOR('',#19799,0.4318);
#17379=CARTESIAN_POINT('',(11.176,4.1148,-2.6162));
#17380=VECTOR('',#19800,1.55038894287555);
#17381=CARTESIAN_POINT('',(11.684,3.556,-4.06238409415638));
#17382=VECTOR('',#19801,0.508);
#17383=CARTESIAN_POINT('',(14.4018,0.409558633585692,-7.2136));
#17384=CARTESIAN_POINT('',(14.4018,3.6068,-7.2136));
#17385=CARTESIAN_POINT('',(14.4018,0.409558633585692,-7.2136));
#17386=VECTOR('',#19802,3.1972413664138);
#17387=CARTESIAN_POINT('',(14.4018,4.318,-6.5024));
#17388=AXIS2_PLACEMENT_3D('',#19803,#19804,#19805);
#17389=CARTESIAN_POINT('',(14.4018,4.318,-1.5494));
#17390=CARTESIAN_POINT('',(14.4018,4.318,-6.5024));
#17391=VECTOR('',#19806,4.953);
#17392=AXIS2_PLACEMENT_3D('',#19807,#19808,#19809);
#17393=CARTESIAN_POINT('',(14.4018,5.36494246691352,-1.27741769911504));
#17394=VECTOR('',#19810,2.8702);
#17395=CARTESIAN_POINT('',(14.4018,5.89988981716654,-4.4719465449003));
#17396=AXIS2_PLACEMENT_3D('',#19811,#19812,#19813);
#17397=CARTESIAN_POINT('',(14.4018,5.01088981716654,-3.67148734952014));
#17398=CARTESIAN_POINT('',(14.4018,5.89988981716654,-4.4719465449003));
#17399=VECTOR('',#19814,1.19626749661999);
#17400=CARTESIAN_POINT('',(14.4018,4.9695306715233,-2.88230783820998));
#17401=AXIS2_PLACEMENT_3D('',#19815,#19816,#19817);
#17402=CARTESIAN_POINT('',(14.4018,5.05451025853102,-2.78792844537402));
#17403=CARTESIAN_POINT('',(14.4018,4.9695306715233,-2.88230783820998));
#17404=VECTOR('',#19818,0.127000000000051);
#17405=CARTESIAN_POINT('',(14.4018,4.9035032299945,-2.65196110616116));
#17406=CARTESIAN_POINT('',(14.4018,5.05451025853102,-2.78792844537402));
#17407=VECTOR('',#19819,0.2032);
#17408=CARTESIAN_POINT('',(14.4018,4.81852364298678,-2.74634049899712));
#17409=CARTESIAN_POINT('',(14.4018,4.9035032299945,-2.65196110616116));
#17410=VECTOR('',#19820,0.127000000000051);
#17411=CARTESIAN_POINT('',(14.4018,4.87492247795368,-3.82249437805666));
#17412=AXIS2_PLACEMENT_3D('',#19821,#19822,#19823);
#17413=CARTESIAN_POINT('',(14.4018,5.76392247795368,-4.62295357343682));
#17414=CARTESIAN_POINT('',(14.4018,4.87492247795368,-3.82249437805666));
#17415=VECTOR('',#19824,1.19626749661999);
#17416=AXIS2_PLACEMENT_3D('',#19825,#19826,#19827);
#17417=CARTESIAN_POINT('',(14.4018,6.93944881851936,-3.6857922606715));
#17418=VECTOR('',#19828,2.8702);
#17419=AXIS2_PLACEMENT_3D('',#19829,#19830,#19831);
#17420=CARTESIAN_POINT('',(14.4018,0.409558633585692,-7.0104));
#17421=VECTOR('',#19832,0.2032);
#17422=CARTESIAN_POINT('',(14.224,-0.254,-7.2136));
#17423=CARTESIAN_POINT('',(14.224,-0.254,-7.0104));
#17424=VECTOR('',#19833,0.2032);
#17425=CARTESIAN_POINT('',(14.4018,0.409558633585692,-7.2136));
#17426=VECTOR('',#19834,0.686966447656686);
#17427=CARTESIAN_POINT('',(13.5382,3.6068,-7.2136));
#17428=VECTOR('',#19835,0.8636);
#17429=CARTESIAN_POINT('',(13.716,-0.254,-7.2136));
#17430=VECTOR('',#19836,0.508);
#17431=CARTESIAN_POINT('',(13.5382,4.318,-6.5024));
#17432=VECTOR('',#19837,0.8636);
#17433=CARTESIAN_POINT('',(13.5382,4.318,-1.5494));
#17434=VECTOR('',#19838,0.8636);
#17435=CARTESIAN_POINT('',(13.5382,5.89988981716654,-4.4719465449003));
#17436=VECTOR('',#19839,0.8636);
#17437=CARTESIAN_POINT('',(13.5382,5.01088981716654,-3.67148734952014));
#17438=VECTOR('',#19840,0.8636);
#17439=CARTESIAN_POINT('',(13.5382,4.9695306715233,-2.88230783820998));
#17440=VECTOR('',#19841,0.8636);
#17441=CARTESIAN_POINT('',(13.5382,5.05451025853102,-2.78792844537402));
#17442=VECTOR('',#19842,0.8636);
#17443=CARTESIAN_POINT('',(13.5382,4.9035032299945,-2.65196110616116));
#17444=VECTOR('',#19843,0.8636);
#17445=CARTESIAN_POINT('',(13.5382,4.81852364298678,-2.74634049899712));
#17446=VECTOR('',#19844,0.8636);
#17447=CARTESIAN_POINT('',(13.5382,4.87492247795368,-3.82249437805666));
#17448=VECTOR('',#19845,0.8636);
#17449=CARTESIAN_POINT('',(13.5382,5.76392247795368,-4.62295357343682));
#17450=VECTOR('',#19846,0.8636);
#17451=CARTESIAN_POINT('',(14.224,3.556,-4.06238409415638));
#17452=CARTESIAN_POINT('',(14.224,4.1148,-2.6162));
#17453=VECTOR('',#19847,1.55038894287555);
#17454=CARTESIAN_POINT('',(14.224,3.95877782857532,-4.21801590584362));
#17455=CARTESIAN_POINT('',(14.224,3.556,-4.06238409415638));
#17456=VECTOR('',#19848,0.4318);
#17457=CARTESIAN_POINT('',(14.224,3.95877782857532,-4.21801590584362));
#17458=VECTOR('',#19849,0.156022171425899);
#17459=CARTESIAN_POINT('',(13.716,3.95877782857532,-4.21801590584362));
#17460=CARTESIAN_POINT('',(14.224,3.95877782857532,-4.21801590584362));
#17461=VECTOR('',#19850,0.508);
#17462=CARTESIAN_POINT('',(13.716,3.95877782857532,-4.21801590584362));
#17463=VECTOR('',#19851,0.156022171425899);
#17464=CARTESIAN_POINT('',(13.716,3.556,-4.06238409415638));
#17465=CARTESIAN_POINT('',(13.716,3.556,-4.06238409415638));
#17466=VECTOR('',#19852,0.4318);
#17467=CARTESIAN_POINT('',(13.716,4.1148,-2.6162));
#17468=VECTOR('',#19853,1.55038894287555);
#17469=CARTESIAN_POINT('',(14.224,3.556,-4.06238409415638));
#17470=VECTOR('',#19854,0.508);
#17471=CARTESIAN_POINT('',(-13.716,3.556,-4.06238409415638));
#17472=CARTESIAN_POINT('',(-13.716,4.1148,-2.6162));
#17473=VECTOR('',#19855,1.55038894287555);
#17474=CARTESIAN_POINT('',(-13.716,3.95877782857532,-4.21801590584362));
#17475=CARTESIAN_POINT('',(-13.716,3.556,-4.06238409415638));
#17476=VECTOR('',#19856,0.4318);
#17477=CARTESIAN_POINT('',(-13.716,3.95877782857532,-4.21801590584362));
#17478=VECTOR('',#19857,0.156022171425899);
#17479=CARTESIAN_POINT('',(-14.224,3.95877782857532,-4.21801590584362));
#17480=CARTESIAN_POINT('',(-13.716,3.95877782857532,-4.21801590584362));
#17481=VECTOR('',#19858,0.508);
#17482=CARTESIAN_POINT('',(-14.224,3.95877782857532,-4.21801590584362));
#17483=VECTOR('',#19859,0.156022171425899);
#17484=CARTESIAN_POINT('',(-14.224,3.556,-4.06238409415638));
#17485=CARTESIAN_POINT('',(-14.224,3.556,-4.06238409415638));
#17486=VECTOR('',#19860,0.4318);
#17487=CARTESIAN_POINT('',(-14.224,4.1148,-2.6162));
#17488=VECTOR('',#19861,1.55038894287555);
#17489=CARTESIAN_POINT('',(-13.716,3.556,-4.06238409415638));
#17490=VECTOR('',#19862,0.508);
#17491=CARTESIAN_POINT('',(14.4272,1.524,-1.778));
#17492=VECTOR('',#19863,0.762);
#17493=CARTESIAN_POINT('',(-14.4272,1.524,-1.778));
#17494=CARTESIAN_POINT('',(-15.1892,1.524,-1.778));
#17495=VECTOR('',#19864,0.762);
#17496=CARTESIAN_POINT('',(-14.4272,1.524,-1.778));
#17497=VECTOR('',#19865,1.5748);
#17498=CARTESIAN_POINT('',(14.4272,1.524,-2.12461987957496));
#17499=VECTOR('',#19866,0.762);
#17500=CARTESIAN_POINT('',(-14.4272,1.524,-2.12461987957496));
#17501=CARTESIAN_POINT('',(-15.1892,1.524,-2.12461987957496));
#17502=VECTOR('',#19867,0.762);
#17503=CARTESIAN_POINT('',(-14.4272,1.524,-2.12461987957496));
#17504=VECTOR('',#19868,0.346619879574958);
#17505=AXIS2_PLACEMENT_3D('',#19869,#19870,#19871);
#17506=DIRECTION('',(-1.0,0.0,-0.0));
#17507=CARTESIAN_POINT('',(14.4018,4.8768,-1.5494));
#17508=DIRECTION('',(1.0,0.0,-0.0));
#17509=DIRECTION('',(0.0,0.873554879947121,0.486725663716812));
#17510=DIRECTION('',(1.0,0.0,0.0));
#17511=CARTESIAN_POINT('',(13.5382,4.8768,-1.5494));
#17512=DIRECTION('',(1.0,0.0,-0.0));
#17513=DIRECTION('',(0.0,0.873554879947121,0.486725663716812));
#17514=DIRECTION('',(1.0,-0.0,-0.0));
#17515=CARTESIAN_POINT('',(13.5382,6.2738,-4.0566772164236));
#17516=DIRECTION('',(1.0,0.0,0.0));
#17517=DIRECTION('',(0.0,-0.669130606358878,-0.743144825477376));
#17518=DIRECTION('',(1.0,0.0,0.0));
#17519=CARTESIAN_POINT('',(14.4018,6.2738,-4.0566772164236));
#17520=DIRECTION('',(1.0,0.0,0.0));
#17521=DIRECTION('',(0.0,-0.669130606358878,-0.743144825477376));
#17522=DIRECTION('',(-1.0,-0.0,-0.0));
#17523=CARTESIAN_POINT('',(14.4018,6.2738,-4.0566772164236));
#17524=DIRECTION('',(-1.0,0.0,0.0));
#17525=DIRECTION('',(0.0,0.873554879947121,0.486725663716812));
#17526=DIRECTION('',(1.0,0.0,0.0));
#17527=CARTESIAN_POINT('',(13.5382,6.2738,-4.0566772164236));
#17528=DIRECTION('',(-1.0,0.0,0.0));
#17529=DIRECTION('',(0.0,0.873554879947121,0.486725663716812));
#17530=DIRECTION('',(1.0,0.0,0.0));
#17531=CARTESIAN_POINT('',(13.5382,4.8768,-1.5494));
#17532=DIRECTION('',(-1.0,0.0,0.0));
#17533=DIRECTION('',(0.0,-1.0,0.0));
#17534=DIRECTION('',(1.0,0.0,0.0));
#17535=CARTESIAN_POINT('',(14.4018,4.8768,-1.5494));
#17536=DIRECTION('',(-1.0,0.0,0.0));
#17537=DIRECTION('',(0.0,-1.0,0.0));
#17538=DIRECTION('',(-1.0,0.0,-0.0));
#17539=CARTESIAN_POINT('',(11.8618,4.8768,-1.5494));
#17540=DIRECTION('',(1.0,0.0,-0.0));
#17541=DIRECTION('',(0.0,0.873554879947121,0.486725663716812));
#17542=DIRECTION('',(1.0,0.0,0.0));
#17543=CARTESIAN_POINT('',(10.9982,4.8768,-1.5494));
#17544=DIRECTION('',(1.0,0.0,-0.0));
#17545=DIRECTION('',(0.0,0.873554879947121,0.486725663716812));
#17546=DIRECTION('',(1.0,-0.0,-0.0));
#17547=CARTESIAN_POINT('',(10.9982,6.2738,-4.0566772164236));
#17548=DIRECTION('',(1.0,0.0,0.0));
#17549=DIRECTION('',(0.0,-0.669130606358878,-0.743144825477376));
#17550=DIRECTION('',(1.0,0.0,0.0));
#17551=CARTESIAN_POINT('',(11.8618,6.2738,-4.0566772164236));
#17552=DIRECTION('',(1.0,0.0,0.0));
#17553=DIRECTION('',(0.0,-0.669130606358878,-0.743144825477376));
#17554=DIRECTION('',(-1.0,-0.0,-0.0));
#17555=CARTESIAN_POINT('',(11.8618,6.2738,-4.0566772164236));
#17556=DIRECTION('',(-1.0,0.0,0.0));
#17557=DIRECTION('',(0.0,0.873554879947121,0.486725663716812));
#17558=DIRECTION('',(1.0,0.0,0.0));
#17559=CARTESIAN_POINT('',(10.9982,6.2738,-4.0566772164236));
#17560=DIRECTION('',(-1.0,0.0,0.0));
#17561=DIRECTION('',(0.0,0.873554879947121,0.486725663716812));
#17562=DIRECTION('',(1.0,0.0,0.0));
#17563=CARTESIAN_POINT('',(10.9982,4.8768,-1.5494));
#17564=DIRECTION('',(-1.0,0.0,0.0));
#17565=DIRECTION('',(0.0,-1.0,0.0));
#17566=DIRECTION('',(1.0,0.0,0.0));
#17567=CARTESIAN_POINT('',(11.8618,4.8768,-1.5494));
#17568=DIRECTION('',(-1.0,0.0,0.0));
#17569=DIRECTION('',(0.0,-1.0,0.0));
#17570=DIRECTION('',(-1.0,0.0,-0.0));
#17571=CARTESIAN_POINT('',(9.3218,4.8768,-1.5494));
#17572=DIRECTION('',(1.0,0.0,-0.0));
#17573=DIRECTION('',(0.0,0.873554879947121,0.486725663716812));
#17574=DIRECTION('',(1.0,0.0,0.0));
#17575=CARTESIAN_POINT('',(8.4582,4.8768,-1.5494));
#17576=DIRECTION('',(1.0,0.0,-0.0));
#17577=DIRECTION('',(0.0,0.873554879947121,0.486725663716812));
#17578=DIRECTION('',(1.0,-0.0,-0.0));
#17579=CARTESIAN_POINT('',(8.4582,6.2738,-4.0566772164236));
#17580=DIRECTION('',(1.0,0.0,0.0));
#17581=DIRECTION('',(0.0,-0.669130606358878,-0.743144825477376));
#17582=DIRECTION('',(1.0,0.0,0.0));
#17583=CARTESIAN_POINT('',(9.3218,6.2738,-4.0566772164236));
#17584=DIRECTION('',(1.0,0.0,0.0));
#17585=DIRECTION('',(0.0,-0.669130606358878,-0.743144825477376));
#17586=DIRECTION('',(-1.0,-0.0,-0.0));
#17587=CARTESIAN_POINT('',(9.3218,6.2738,-4.0566772164236));
#17588=DIRECTION('',(-1.0,0.0,0.0));
#17589=DIRECTION('',(0.0,0.873554879947121,0.486725663716812));
#17590=DIRECTION('',(1.0,0.0,0.0));
#17591=CARTESIAN_POINT('',(8.4582,6.2738,-4.0566772164236));
#17592=DIRECTION('',(-1.0,0.0,0.0));
#17593=DIRECTION('',(0.0,0.873554879947121,0.486725663716812));
#17594=DIRECTION('',(1.0,0.0,0.0));
#17595=CARTESIAN_POINT('',(8.4582,4.8768,-1.5494));
#17596=DIRECTION('',(-1.0,0.0,0.0));
#17597=DIRECTION('',(0.0,-1.0,0.0));
#17598=DIRECTION('',(1.0,0.0,0.0));
#17599=CARTESIAN_POINT('',(9.3218,4.8768,-1.5494));
#17600=DIRECTION('',(-1.0,0.0,0.0));
#17601=DIRECTION('',(0.0,-1.0,0.0));
#17602=DIRECTION('',(-1.0,0.0,-0.0));
#17603=CARTESIAN_POINT('',(6.7818,4.8768,-1.5494));
#17604=DIRECTION('',(1.0,0.0,-0.0));
#17605=DIRECTION('',(0.0,0.873554879947121,0.486725663716812));
#17606=DIRECTION('',(1.0,0.0,0.0));
#17607=CARTESIAN_POINT('',(5.9182,4.8768,-1.5494));
#17608=DIRECTION('',(1.0,0.0,-0.0));
#17609=DIRECTION('',(0.0,0.873554879947121,0.486725663716812));
#17610=DIRECTION('',(1.0,-0.0,-0.0));
#17611=CARTESIAN_POINT('',(5.9182,6.2738,-4.0566772164236));
#17612=DIRECTION('',(1.0,0.0,0.0));
#17613=DIRECTION('',(0.0,-0.669130606358878,-0.743144825477376));
#17614=DIRECTION('',(1.0,0.0,0.0));
#17615=CARTESIAN_POINT('',(6.7818,6.2738,-4.0566772164236));
#17616=DIRECTION('',(1.0,0.0,0.0));
#17617=DIRECTION('',(0.0,-0.669130606358878,-0.743144825477376));
#17618=DIRECTION('',(-1.0,-0.0,-0.0));
#17619=CARTESIAN_POINT('',(6.7818,6.2738,-4.0566772164236));
#17620=DIRECTION('',(-1.0,0.0,0.0));
#17621=DIRECTION('',(0.0,0.873554879947121,0.486725663716812));
#17622=DIRECTION('',(1.0,0.0,0.0));
#17623=CARTESIAN_POINT('',(5.9182,6.2738,-4.0566772164236));
#17624=DIRECTION('',(-1.0,0.0,0.0));
#17625=DIRECTION('',(0.0,0.873554879947121,0.486725663716812));
#17626=DIRECTION('',(1.0,0.0,0.0));
#17627=CARTESIAN_POINT('',(5.9182,4.8768,-1.5494));
#17628=DIRECTION('',(-1.0,0.0,0.0));
#17629=DIRECTION('',(0.0,-1.0,0.0));
#17630=DIRECTION('',(1.0,0.0,0.0));
#17631=CARTESIAN_POINT('',(6.7818,4.8768,-1.5494));
#17632=DIRECTION('',(-1.0,0.0,0.0));
#17633=DIRECTION('',(0.0,-1.0,0.0));
#17634=DIRECTION('',(-1.0,0.0,-0.0));
#17635=CARTESIAN_POINT('',(4.2418,4.8768,-1.5494));
#17636=DIRECTION('',(1.0,0.0,-0.0));
#17637=DIRECTION('',(0.0,0.873554879947121,0.486725663716812));
#17638=DIRECTION('',(1.0,0.0,0.0));
#17639=CARTESIAN_POINT('',(3.3782,4.8768,-1.5494));
#17640=DIRECTION('',(1.0,0.0,-0.0));
#17641=DIRECTION('',(0.0,0.873554879947121,0.486725663716812));
#17642=DIRECTION('',(1.0,-0.0,-0.0));
#17643=CARTESIAN_POINT('',(3.3782,6.2738,-4.0566772164236));
#17644=DIRECTION('',(1.0,0.0,0.0));
#17645=DIRECTION('',(0.0,-0.669130606358878,-0.743144825477376));
#17646=DIRECTION('',(1.0,0.0,0.0));
#17647=CARTESIAN_POINT('',(4.2418,6.2738,-4.0566772164236));
#17648=DIRECTION('',(1.0,0.0,0.0));
#17649=DIRECTION('',(0.0,-0.669130606358878,-0.743144825477376));
#17650=DIRECTION('',(-1.0,-0.0,-0.0));
#17651=CARTESIAN_POINT('',(4.2418,6.2738,-4.0566772164236));
#17652=DIRECTION('',(-1.0,0.0,0.0));
#17653=DIRECTION('',(0.0,0.873554879947121,0.486725663716812));
#17654=DIRECTION('',(1.0,0.0,0.0));
#17655=CARTESIAN_POINT('',(3.3782,6.2738,-4.0566772164236));
#17656=DIRECTION('',(-1.0,0.0,0.0));
#17657=DIRECTION('',(0.0,0.873554879947121,0.486725663716812));
#17658=DIRECTION('',(1.0,0.0,0.0));
#17659=CARTESIAN_POINT('',(3.3782,4.8768,-1.5494));
#17660=DIRECTION('',(-1.0,0.0,0.0));
#17661=DIRECTION('',(0.0,-1.0,0.0));
#17662=DIRECTION('',(1.0,0.0,0.0));
#17663=CARTESIAN_POINT('',(4.2418,4.8768,-1.5494));
#17664=DIRECTION('',(-1.0,0.0,0.0));
#17665=DIRECTION('',(0.0,-1.0,0.0));
#17666=DIRECTION('',(-1.0,0.0,-0.0));
#17667=CARTESIAN_POINT('',(1.7018,4.8768,-1.5494));
#17668=DIRECTION('',(1.0,0.0,-0.0));
#17669=DIRECTION('',(0.0,0.873554879947121,0.486725663716812));
#17670=DIRECTION('',(1.0,0.0,0.0));
#17671=CARTESIAN_POINT('',(0.8382,4.8768,-1.5494));
#17672=DIRECTION('',(1.0,0.0,-0.0));
#17673=DIRECTION('',(0.0,0.873554879947121,0.486725663716812));
#17674=DIRECTION('',(1.0,-0.0,-0.0));
#17675=CARTESIAN_POINT('',(0.8382,6.2738,-4.0566772164236));
#17676=DIRECTION('',(1.0,0.0,0.0));
#17677=DIRECTION('',(0.0,-0.669130606358878,-0.743144825477376));
#17678=DIRECTION('',(1.0,0.0,0.0));
#17679=CARTESIAN_POINT('',(1.7018,6.2738,-4.0566772164236));
#17680=DIRECTION('',(1.0,0.0,0.0));
#17681=DIRECTION('',(0.0,-0.669130606358878,-0.743144825477376));
#17682=DIRECTION('',(-1.0,-0.0,-0.0));
#17683=CARTESIAN_POINT('',(1.7018,6.2738,-4.0566772164236));
#17684=DIRECTION('',(-1.0,0.0,0.0));
#17685=DIRECTION('',(0.0,0.873554879947121,0.486725663716812));
#17686=DIRECTION('',(1.0,0.0,0.0));
#17687=CARTESIAN_POINT('',(0.8382,6.2738,-4.0566772164236));
#17688=DIRECTION('',(-1.0,0.0,0.0));
#17689=DIRECTION('',(0.0,0.873554879947121,0.486725663716812));
#17690=DIRECTION('',(1.0,0.0,0.0));
#17691=CARTESIAN_POINT('',(0.8382,4.8768,-1.5494));
#17692=DIRECTION('',(-1.0,0.0,0.0));
#17693=DIRECTION('',(0.0,-1.0,0.0));
#17694=DIRECTION('',(1.0,0.0,0.0));
#17695=CARTESIAN_POINT('',(1.7018,4.8768,-1.5494));
#17696=DIRECTION('',(-1.0,0.0,0.0));
#17697=DIRECTION('',(0.0,-1.0,0.0));
#17698=DIRECTION('',(-1.0,0.0,-0.0));
#17699=CARTESIAN_POINT('',(-0.8382,4.8768,-1.5494));
#17700=DIRECTION('',(1.0,0.0,-0.0));
#17701=DIRECTION('',(0.0,0.873554879947121,0.486725663716812));
#17702=DIRECTION('',(1.0,0.0,0.0));
#17703=CARTESIAN_POINT('',(-1.7018,4.8768,-1.5494));
#17704=DIRECTION('',(1.0,0.0,-0.0));
#17705=DIRECTION('',(0.0,0.873554879947121,0.486725663716812));
#17706=DIRECTION('',(1.0,-0.0,-0.0));
#17707=CARTESIAN_POINT('',(-1.7018,6.2738,-4.0566772164236));
#17708=DIRECTION('',(1.0,0.0,0.0));
#17709=DIRECTION('',(0.0,-0.669130606358878,-0.743144825477376));
#17710=DIRECTION('',(1.0,0.0,0.0));
#17711=CARTESIAN_POINT('',(-0.8382,6.2738,-4.0566772164236));
#17712=DIRECTION('',(1.0,0.0,0.0));
#17713=DIRECTION('',(0.0,-0.669130606358878,-0.743144825477376));
#17714=DIRECTION('',(-1.0,-0.0,-0.0));
#17715=CARTESIAN_POINT('',(-0.8382,6.2738,-4.0566772164236));
#17716=DIRECTION('',(-1.0,0.0,0.0));
#17717=DIRECTION('',(0.0,0.873554879947121,0.486725663716812));
#17718=DIRECTION('',(1.0,0.0,0.0));
#17719=CARTESIAN_POINT('',(-1.7018,6.2738,-4.0566772164236));
#17720=DIRECTION('',(-1.0,0.0,0.0));
#17721=DIRECTION('',(0.0,0.873554879947121,0.486725663716812));
#17722=DIRECTION('',(1.0,0.0,0.0));
#17723=CARTESIAN_POINT('',(-1.7018,4.8768,-1.5494));
#17724=DIRECTION('',(-1.0,0.0,0.0));
#17725=DIRECTION('',(0.0,-1.0,0.0));
#17726=DIRECTION('',(1.0,0.0,0.0));
#17727=CARTESIAN_POINT('',(-0.8382,4.8768,-1.5494));
#17728=DIRECTION('',(-1.0,0.0,0.0));
#17729=DIRECTION('',(0.0,-1.0,0.0));
#17730=DIRECTION('',(-1.0,0.0,-0.0));
#17731=CARTESIAN_POINT('',(-3.3782,4.8768,-1.5494));
#17732=DIRECTION('',(1.0,0.0,-0.0));
#17733=DIRECTION('',(0.0,0.873554879947121,0.486725663716812));
#17734=DIRECTION('',(1.0,0.0,0.0));
#17735=CARTESIAN_POINT('',(-4.2418,4.8768,-1.5494));
#17736=DIRECTION('',(1.0,0.0,-0.0));
#17737=DIRECTION('',(0.0,0.873554879947121,0.486725663716812));
#17738=DIRECTION('',(1.0,-0.0,-0.0));
#17739=CARTESIAN_POINT('',(-4.2418,6.2738,-4.0566772164236));
#17740=DIRECTION('',(1.0,0.0,0.0));
#17741=DIRECTION('',(0.0,-0.669130606358878,-0.743144825477376));
#17742=DIRECTION('',(1.0,0.0,0.0));
#17743=CARTESIAN_POINT('',(-3.3782,6.2738,-4.0566772164236));
#17744=DIRECTION('',(1.0,0.0,0.0));
#17745=DIRECTION('',(0.0,-0.669130606358878,-0.743144825477376));
#17746=DIRECTION('',(-1.0,-0.0,-0.0));
#17747=CARTESIAN_POINT('',(-3.3782,6.2738,-4.0566772164236));
#17748=DIRECTION('',(-1.0,0.0,0.0));
#17749=DIRECTION('',(0.0,0.873554879947121,0.486725663716812));
#17750=DIRECTION('',(1.0,0.0,0.0));
#17751=CARTESIAN_POINT('',(-4.2418,6.2738,-4.0566772164236));
#17752=DIRECTION('',(-1.0,0.0,0.0));
#17753=DIRECTION('',(0.0,0.873554879947121,0.486725663716812));
#17754=DIRECTION('',(1.0,0.0,0.0));
#17755=CARTESIAN_POINT('',(-4.2418,4.8768,-1.5494));
#17756=DIRECTION('',(-1.0,0.0,0.0));
#17757=DIRECTION('',(0.0,-1.0,0.0));
#17758=DIRECTION('',(1.0,0.0,0.0));
#17759=CARTESIAN_POINT('',(-3.3782,4.8768,-1.5494));
#17760=DIRECTION('',(-1.0,0.0,0.0));
#17761=DIRECTION('',(0.0,-1.0,0.0));
#17762=DIRECTION('',(-1.0,0.0,-0.0));
#17763=CARTESIAN_POINT('',(-5.9182,4.8768,-1.5494));
#17764=DIRECTION('',(1.0,0.0,-0.0));
#17765=DIRECTION('',(0.0,0.873554879947121,0.486725663716812));
#17766=DIRECTION('',(1.0,0.0,0.0));
#17767=CARTESIAN_POINT('',(-6.7818,4.8768,-1.5494));
#17768=DIRECTION('',(1.0,0.0,-0.0));
#17769=DIRECTION('',(0.0,0.873554879947121,0.486725663716812));
#17770=DIRECTION('',(1.0,-0.0,-0.0));
#17771=CARTESIAN_POINT('',(-6.7818,6.2738,-4.0566772164236));
#17772=DIRECTION('',(1.0,0.0,0.0));
#17773=DIRECTION('',(0.0,-0.669130606358878,-0.743144825477376));
#17774=DIRECTION('',(1.0,0.0,0.0));
#17775=CARTESIAN_POINT('',(-5.9182,6.2738,-4.0566772164236));
#17776=DIRECTION('',(1.0,0.0,0.0));
#17777=DIRECTION('',(0.0,-0.669130606358878,-0.743144825477376));
#17778=DIRECTION('',(-1.0,-0.0,-0.0));
#17779=CARTESIAN_POINT('',(-5.9182,6.2738,-4.0566772164236));
#17780=DIRECTION('',(-1.0,0.0,0.0));
#17781=DIRECTION('',(0.0,0.873554879947121,0.486725663716812));
#17782=DIRECTION('',(1.0,0.0,0.0));
#17783=CARTESIAN_POINT('',(-6.7818,6.2738,-4.0566772164236));
#17784=DIRECTION('',(-1.0,0.0,0.0));
#17785=DIRECTION('',(0.0,0.873554879947121,0.486725663716812));
#17786=DIRECTION('',(1.0,0.0,0.0));
#17787=CARTESIAN_POINT('',(-6.7818,4.8768,-1.5494));
#17788=DIRECTION('',(-1.0,0.0,0.0));
#17789=DIRECTION('',(0.0,-1.0,0.0));
#17790=DIRECTION('',(1.0,0.0,0.0));
#17791=CARTESIAN_POINT('',(-5.9182,4.8768,-1.5494));
#17792=DIRECTION('',(-1.0,0.0,0.0));
#17793=DIRECTION('',(0.0,-1.0,0.0));
#17794=DIRECTION('',(-1.0,0.0,-0.0));
#17795=CARTESIAN_POINT('',(-8.4582,4.8768,-1.5494));
#17796=DIRECTION('',(1.0,0.0,-0.0));
#17797=DIRECTION('',(0.0,0.873554879947121,0.486725663716812));
#17798=DIRECTION('',(1.0,0.0,0.0));
#17799=CARTESIAN_POINT('',(-9.3218,4.8768,-1.5494));
#17800=DIRECTION('',(1.0,0.0,-0.0));
#17801=DIRECTION('',(0.0,0.873554879947121,0.486725663716812));
#17802=DIRECTION('',(1.0,-0.0,-0.0));
#17803=CARTESIAN_POINT('',(-9.3218,6.2738,-4.0566772164236));
#17804=DIRECTION('',(1.0,0.0,0.0));
#17805=DIRECTION('',(0.0,-0.669130606358878,-0.743144825477376));
#17806=DIRECTION('',(1.0,0.0,0.0));
#17807=CARTESIAN_POINT('',(-8.4582,6.2738,-4.0566772164236));
#17808=DIRECTION('',(1.0,0.0,0.0));
#17809=DIRECTION('',(0.0,-0.669130606358878,-0.743144825477376));
#17810=DIRECTION('',(-1.0,-0.0,-0.0));
#17811=CARTESIAN_POINT('',(-8.4582,6.2738,-4.0566772164236));
#17812=DIRECTION('',(-1.0,0.0,0.0));
#17813=DIRECTION('',(0.0,0.873554879947121,0.486725663716812));
#17814=DIRECTION('',(1.0,0.0,0.0));
#17815=CARTESIAN_POINT('',(-9.3218,6.2738,-4.0566772164236));
#17816=DIRECTION('',(-1.0,0.0,0.0));
#17817=DIRECTION('',(0.0,0.873554879947121,0.486725663716812));
#17818=DIRECTION('',(1.0,0.0,0.0));
#17819=CARTESIAN_POINT('',(-9.3218,4.8768,-1.5494));
#17820=DIRECTION('',(-1.0,0.0,0.0));
#17821=DIRECTION('',(0.0,-1.0,0.0));
#17822=DIRECTION('',(1.0,0.0,0.0));
#17823=CARTESIAN_POINT('',(-8.4582,4.8768,-1.5494));
#17824=DIRECTION('',(-1.0,0.0,0.0));
#17825=DIRECTION('',(0.0,-1.0,0.0));
#17826=DIRECTION('',(-1.0,0.0,-0.0));
#17827=CARTESIAN_POINT('',(-10.9982,4.8768,-1.5494));
#17828=DIRECTION('',(1.0,0.0,-0.0));
#17829=DIRECTION('',(0.0,0.873554879947121,0.486725663716812));
#17830=DIRECTION('',(1.0,0.0,0.0));
#17831=CARTESIAN_POINT('',(-11.8618,4.8768,-1.5494));
#17832=DIRECTION('',(1.0,0.0,-0.0));
#17833=DIRECTION('',(0.0,0.873554879947121,0.486725663716812));
#17834=DIRECTION('',(1.0,-0.0,-0.0));
#17835=CARTESIAN_POINT('',(-11.8618,6.2738,-4.0566772164236));
#17836=DIRECTION('',(1.0,0.0,0.0));
#17837=DIRECTION('',(0.0,-0.669130606358878,-0.743144825477376));
#17838=DIRECTION('',(1.0,0.0,0.0));
#17839=CARTESIAN_POINT('',(-10.9982,6.2738,-4.0566772164236));
#17840=DIRECTION('',(1.0,0.0,0.0));
#17841=DIRECTION('',(0.0,-0.669130606358878,-0.743144825477376));
#17842=DIRECTION('',(-1.0,-0.0,-0.0));
#17843=CARTESIAN_POINT('',(-10.9982,6.2738,-4.0566772164236));
#17844=DIRECTION('',(-1.0,0.0,0.0));
#17845=DIRECTION('',(0.0,0.873554879947121,0.486725663716812));
#17846=DIRECTION('',(1.0,0.0,0.0));
#17847=CARTESIAN_POINT('',(-11.8618,6.2738,-4.0566772164236));
#17848=DIRECTION('',(-1.0,0.0,0.0));
#17849=DIRECTION('',(0.0,0.873554879947121,0.486725663716812));
#17850=DIRECTION('',(1.0,0.0,0.0));
#17851=CARTESIAN_POINT('',(-11.8618,4.8768,-1.5494));
#17852=DIRECTION('',(-1.0,0.0,0.0));
#17853=DIRECTION('',(0.0,-1.0,0.0));
#17854=DIRECTION('',(1.0,0.0,0.0));
#17855=CARTESIAN_POINT('',(-10.9982,4.8768,-1.5494));
#17856=DIRECTION('',(-1.0,0.0,0.0));
#17857=DIRECTION('',(0.0,-1.0,0.0));
#17858=DIRECTION('',(-1.0,0.0,-0.0));
#17859=CARTESIAN_POINT('',(-13.5382,4.8768,-1.5494));
#17860=DIRECTION('',(1.0,0.0,-0.0));
#17861=DIRECTION('',(0.0,0.873554879947121,0.486725663716812));
#17862=DIRECTION('',(1.0,0.0,0.0));
#17863=CARTESIAN_POINT('',(-14.4018,4.8768,-1.5494));
#17864=DIRECTION('',(1.0,0.0,-0.0));
#17865=DIRECTION('',(0.0,0.873554879947121,0.486725663716812));
#17866=DIRECTION('',(1.0,-0.0,-0.0));
#17867=CARTESIAN_POINT('',(-14.4018,6.2738,-4.0566772164236));
#17868=DIRECTION('',(1.0,0.0,0.0));
#17869=DIRECTION('',(0.0,-0.669130606358878,-0.743144825477376));
#17870=DIRECTION('',(1.0,0.0,0.0));
#17871=CARTESIAN_POINT('',(-13.5382,6.2738,-4.0566772164236));
#17872=DIRECTION('',(1.0,0.0,0.0));
#17873=DIRECTION('',(0.0,-0.669130606358878,-0.743144825477376));
#17874=DIRECTION('',(-1.0,-0.0,-0.0));
#17875=CARTESIAN_POINT('',(-13.5382,6.2738,-4.0566772164236));
#17876=DIRECTION('',(-1.0,0.0,0.0));
#17877=DIRECTION('',(0.0,0.873554879947121,0.486725663716812));
#17878=DIRECTION('',(1.0,0.0,0.0));
#17879=CARTESIAN_POINT('',(-14.4018,6.2738,-4.0566772164236));
#17880=DIRECTION('',(-1.0,0.0,0.0));
#17881=DIRECTION('',(0.0,0.873554879947121,0.486725663716812));
#17882=DIRECTION('',(1.0,0.0,0.0));
#17883=CARTESIAN_POINT('',(-14.4018,4.8768,-1.5494));
#17884=DIRECTION('',(-1.0,0.0,0.0));
#17885=DIRECTION('',(0.0,-1.0,0.0));
#17886=DIRECTION('',(1.0,0.0,0.0));
#17887=CARTESIAN_POINT('',(-13.5382,4.8768,-1.5494));
#17888=DIRECTION('',(-1.0,0.0,0.0));
#17889=DIRECTION('',(0.0,-1.0,0.0));
#17890=DIRECTION('',(0.0,-1.0,0.0));
#17891=DIRECTION('',(0.0,0.0,1.0));
#17892=DIRECTION('',(0.0,1.0,0.0));
#17893=DIRECTION('',(0.0,0.0,1.0));
#17894=DIRECTION('',(0.0,1.0,0.0));
#17895=DIRECTION('',(0.0,0.0,-1.0));
#17896=DIRECTION('',(0.0,1.0,0.0));
#17897=DIRECTION('',(0.0,0.0,1.0));
#17898=CARTESIAN_POINT('',(-15.1892,0.762,-2.12461987957496));
#17899=DIRECTION('',(1.0,0.0,0.0));
#17900=DIRECTION('',(0.0,0.914145119485661,-0.405387099598083));
#17901=CARTESIAN_POINT('',(-15.1892,-2.02431432419231,-0.889));
#17902=DIRECTION('',(1.0,0.0,0.0));
#17903=DIRECTION('',(0.0,0.531316095588523,-0.847173657858037));
#17904=DIRECTION('',(0.0,0.0,-1.0));
#17905=DIRECTION('',(1.0,0.0,0.0));
#17906=DIRECTION('',(0.0,0.0,-1.0));
#17907=DIRECTION('',(1.0,0.0,0.0));
#17908=DIRECTION('',(0.0,0.0,-1.0));
#17909=DIRECTION('',(1.0,0.0,0.0));
#17910=DIRECTION('',(1.0,0.0,0.0));
#17911=DIRECTION('',(0.0,0.0,-1.0));
#17912=DIRECTION('',(0.0,1.0,0.0));
#17913=DIRECTION('',(0.0,0.0,-1.0));
#17914=DIRECTION('',(0.0,1.0,0.0));
#17915=DIRECTION('',(0.0,0.0,1.0));
#17916=CARTESIAN_POINT('',(14.4272,0.762,-2.12461987957496));
#17917=DIRECTION('',(1.0,0.0,0.0));
#17918=DIRECTION('',(0.0,0.914145119485661,-0.405387099598083));
#17919=CARTESIAN_POINT('',(14.4272,-2.02431432419231,-0.889));
#17920=DIRECTION('',(1.0,0.0,0.0));
#17921=DIRECTION('',(0.0,0.531316095588523,-0.847173657858037));
#17922=DIRECTION('',(1.0,0.0,0.0));
#17923=CARTESIAN_POINT('',(15.1892,-2.02431432419231,-0.889));
#17924=DIRECTION('',(1.0,0.0,0.0));
#17925=DIRECTION('',(0.0,0.531316095588523,-0.847173657858037));
#17926=DIRECTION('',(1.0,0.0,0.0));
#17927=CARTESIAN_POINT('',(-14.4272,-2.02431432419231,-0.889));
#17928=DIRECTION('',(1.0,0.0,0.0));
#17929=DIRECTION('',(0.0,0.531316095588523,-0.847173657858037));
#17930=CARTESIAN_POINT('',(15.1892,0.762,-2.12461987957496));
#17931=DIRECTION('',(1.0,0.0,0.0));
#17932=DIRECTION('',(0.0,0.914145119485661,-0.405387099598083));
#17933=DIRECTION('',(0.0,0.0,1.0));
#17934=DIRECTION('',(0.0,1.0,0.0));
#17935=DIRECTION('',(0.0,0.0,-1.0));
#17936=DIRECTION('',(0.0,1.0,0.0));
#17937=DIRECTION('',(0.0,0.0,1.0));
#17938=DIRECTION('',(0.0,1.0,0.0));
#17939=DIRECTION('',(0.0,0.0,1.0));
#17940=DIRECTION('',(0.0,-1.0,0.0));
#17941=DIRECTION('',(1.0,0.0,0.0));
#17942=DIRECTION('',(0.0,1.0,0.0));
#17943=DIRECTION('',(1.0,0.0,0.0));
#17944=DIRECTION('',(-1.0,0.0,0.0));
#17945=DIRECTION('',(0.0,1.0,0.0));
#17946=DIRECTION('',(1.0,0.0,0.0));
#17947=DIRECTION('',(0.0,-1.0,0.0));
#17948=DIRECTION('',(-1.0,0.0,0.0));
#17949=DIRECTION('',(0.0,1.0,0.0));
#17950=DIRECTION('',(1.0,0.0,0.0));
#17951=DIRECTION('',(0.0,-1.0,0.0));
#17952=DIRECTION('',(-1.0,0.0,0.0));
#17953=DIRECTION('',(0.0,1.0,0.0));
#17954=DIRECTION('',(1.0,0.0,0.0));
#17955=DIRECTION('',(0.0,-1.0,0.0));
#17956=DIRECTION('',(-1.0,0.0,0.0));
#17957=DIRECTION('',(0.0,1.0,0.0));
#17958=DIRECTION('',(1.0,0.0,0.0));
#17959=DIRECTION('',(0.0,-1.0,0.0));
#17960=DIRECTION('',(-1.0,0.0,0.0));
#17961=DIRECTION('',(0.0,1.0,0.0));
#17962=DIRECTION('',(1.0,0.0,0.0));
#17963=DIRECTION('',(0.0,-1.0,0.0));
#17964=DIRECTION('',(-1.0,0.0,0.0));
#17965=DIRECTION('',(0.0,1.0,0.0));
#17966=DIRECTION('',(1.0,0.0,0.0));
#17967=DIRECTION('',(0.0,-1.0,0.0));
#17968=DIRECTION('',(-1.0,0.0,0.0));
#17969=DIRECTION('',(0.0,1.0,0.0));
#17970=DIRECTION('',(1.0,0.0,0.0));
#17971=DIRECTION('',(0.0,-1.0,0.0));
#17972=DIRECTION('',(-1.0,0.0,0.0));
#17973=DIRECTION('',(0.0,1.0,0.0));
#17974=DIRECTION('',(1.0,0.0,0.0));
#17975=DIRECTION('',(0.0,-1.0,0.0));
#17976=DIRECTION('',(-1.0,0.0,0.0));
#17977=DIRECTION('',(0.0,1.0,0.0));
#17978=DIRECTION('',(1.0,0.0,0.0));
#17979=DIRECTION('',(0.0,-1.0,0.0));
#17980=DIRECTION('',(-1.0,0.0,0.0));
#17981=DIRECTION('',(0.0,1.0,0.0));
#17982=DIRECTION('',(1.0,0.0,0.0));
#17983=DIRECTION('',(0.0,-1.0,0.0));
#17984=DIRECTION('',(-1.0,0.0,0.0));
#17985=DIRECTION('',(0.0,1.0,0.0));
#17986=DIRECTION('',(1.0,0.0,0.0));
#17987=DIRECTION('',(0.0,-1.0,0.0));
#17988=DIRECTION('',(-1.0,0.0,0.0));
#17989=DIRECTION('',(0.0,1.0,0.0));
#17990=DIRECTION('',(1.0,0.0,0.0));
#17991=DIRECTION('',(0.0,-1.0,0.0));
#17992=DIRECTION('',(1.0,0.0,0.0));
#17993=DIRECTION('',(0.0,0.0,-1.0));
#17994=DIRECTION('',(1.0,0.0,0.0));
#17995=DIRECTION('',(1.0,0.0,0.0));
#17996=DIRECTION('',(0.0,0.0,-1.0));
#17997=DIRECTION('',(1.0,0.0,0.0));
#17998=DIRECTION('',(1.0,0.0,0.0));
#17999=DIRECTION('',(0.0,0.0,1.0));
#18000=DIRECTION('',(1.0,0.0,0.0));
#18001=DIRECTION('',(0.0,0.0,-1.0));
#18002=DIRECTION('',(1.0,0.0,0.0));
#18003=DIRECTION('',(0.0,0.0,1.0));
#18004=DIRECTION('',(1.0,0.0,0.0));
#18005=DIRECTION('',(0.0,0.0,-1.0));
#18006=DIRECTION('',(1.0,0.0,0.0));
#18007=DIRECTION('',(0.0,0.0,1.0));
#18008=DIRECTION('',(1.0,0.0,0.0));
#18009=DIRECTION('',(0.0,0.0,-1.0));
#18010=DIRECTION('',(1.0,0.0,0.0));
#18011=DIRECTION('',(0.0,0.0,1.0));
#18012=DIRECTION('',(1.0,0.0,0.0));
#18013=DIRECTION('',(0.0,0.0,-1.0));
#18014=DIRECTION('',(1.0,0.0,0.0));
#18015=DIRECTION('',(0.0,0.0,1.0));
#18016=DIRECTION('',(1.0,0.0,0.0));
#18017=DIRECTION('',(0.0,0.0,-1.0));
#18018=DIRECTION('',(1.0,0.0,0.0));
#18019=DIRECTION('',(0.0,0.0,1.0));
#18020=DIRECTION('',(1.0,0.0,0.0));
#18021=DIRECTION('',(0.0,0.0,-1.0));
#18022=DIRECTION('',(1.0,0.0,0.0));
#18023=DIRECTION('',(0.0,0.0,1.0));
#18024=DIRECTION('',(1.0,0.0,0.0));
#18025=DIRECTION('',(0.0,0.0,-1.0));
#18026=DIRECTION('',(1.0,0.0,0.0));
#18027=DIRECTION('',(0.0,0.0,1.0));
#18028=DIRECTION('',(1.0,0.0,0.0));
#18029=DIRECTION('',(0.0,0.0,-1.0));
#18030=DIRECTION('',(1.0,0.0,0.0));
#18031=DIRECTION('',(0.0,0.0,1.0));
#18032=DIRECTION('',(1.0,0.0,0.0));
#18033=DIRECTION('',(0.0,0.0,-1.0));
#18034=DIRECTION('',(1.0,0.0,0.0));
#18035=DIRECTION('',(0.0,0.0,1.0));
#18036=DIRECTION('',(1.0,0.0,0.0));
#18037=DIRECTION('',(0.0,0.0,-1.0));
#18038=DIRECTION('',(1.0,0.0,0.0));
#18039=DIRECTION('',(0.0,0.0,1.0));
#18040=DIRECTION('',(1.0,0.0,0.0));
#18041=DIRECTION('',(0.0,0.0,-1.0));
#18042=DIRECTION('',(1.0,0.0,0.0));
#18043=DIRECTION('',(0.0,0.0,1.0));
#18044=DIRECTION('',(-1.0,0.0,0.0));
#18045=DIRECTION('',(0.0,0.0,1.0));
#18046=DIRECTION('',(1.0,0.0,0.0));
#18047=DIRECTION('',(0.0,0.0,-1.0));
#18048=DIRECTION('',(-1.0,0.0,0.0));
#18049=DIRECTION('',(0.0,0.0,1.0));
#18050=DIRECTION('',(1.0,0.0,0.0));
#18051=DIRECTION('',(0.0,0.0,-1.0));
#18052=DIRECTION('',(-1.0,0.0,0.0));
#18053=DIRECTION('',(0.0,0.0,1.0));
#18054=DIRECTION('',(1.0,0.0,0.0));
#18055=DIRECTION('',(0.0,0.0,-1.0));
#18056=DIRECTION('',(-1.0,0.0,0.0));
#18057=DIRECTION('',(0.0,0.0,1.0));
#18058=DIRECTION('',(1.0,0.0,0.0));
#18059=DIRECTION('',(0.0,0.0,-1.0));
#18060=DIRECTION('',(-1.0,0.0,0.0));
#18061=DIRECTION('',(0.0,0.0,1.0));
#18062=DIRECTION('',(1.0,0.0,0.0));
#18063=DIRECTION('',(0.0,0.0,-1.0));
#18064=DIRECTION('',(-1.0,0.0,0.0));
#18065=DIRECTION('',(0.0,0.0,1.0));
#18066=DIRECTION('',(1.0,0.0,0.0));
#18067=DIRECTION('',(0.0,0.0,-1.0));
#18068=DIRECTION('',(-1.0,0.0,0.0));
#18069=DIRECTION('',(0.0,0.0,1.0));
#18070=DIRECTION('',(1.0,0.0,0.0));
#18071=DIRECTION('',(0.0,0.0,-1.0));
#18072=DIRECTION('',(-1.0,0.0,0.0));
#18073=DIRECTION('',(0.0,0.0,1.0));
#18074=DIRECTION('',(1.0,0.0,0.0));
#18075=DIRECTION('',(0.0,0.0,-1.0));
#18076=DIRECTION('',(-1.0,0.0,0.0));
#18077=DIRECTION('',(0.0,0.0,1.0));
#18078=DIRECTION('',(1.0,0.0,0.0));
#18079=DIRECTION('',(0.0,0.0,-1.0));
#18080=DIRECTION('',(-1.0,0.0,0.0));
#18081=DIRECTION('',(0.0,0.0,1.0));
#18082=DIRECTION('',(1.0,0.0,0.0));
#18083=DIRECTION('',(0.0,0.0,-1.0));
#18084=DIRECTION('',(-1.0,0.0,0.0));
#18085=DIRECTION('',(0.0,0.0,1.0));
#18086=DIRECTION('',(1.0,0.0,0.0));
#18087=DIRECTION('',(0.0,0.0,-1.0));
#18088=DIRECTION('',(-1.0,0.0,0.0));
#18089=DIRECTION('',(0.0,0.0,-1.0));
#18090=DIRECTION('',(1.0,0.0,0.0));
#18091=DIRECTION('',(0.0,0.0,-1.0));
#18092=DIRECTION('',(0.0,1.0,0.0));
#18093=DIRECTION('',(0.0,1.0,0.0));
#18094=DIRECTION('',(0.0,0.0,-1.0));
#18095=DIRECTION('',(1.0,0.0,0.0));
#18096=DIRECTION('',(0.0,0.0,1.0));
#18097=DIRECTION('',(1.0,0.0,0.0));
#18098=DIRECTION('',(1.0,0.0,0.0));
#18099=DIRECTION('',(0.0,0.0,-1.0));
#18100=DIRECTION('',(1.0,0.0,0.0));
#18101=DIRECTION('',(0.0,0.0,-1.0));
#18102=DIRECTION('',(-1.0,0.0,0.0));
#18103=DIRECTION('',(0.0,1.665334536938E-13,-1.0));
#18104=DIRECTION('',(1.0,0.0,0.0));
#18105=DIRECTION('',(0.0,1.665334536938E-13,-1.0));
#18106=DIRECTION('',(0.0,1.0,0.0));
#18107=DIRECTION('',(0.0,1.0,0.0));
#18108=DIRECTION('',(0.0,1.0,0.0));
#18109=CARTESIAN_POINT('',(-13.5382,3.6068,-6.5024));
#18110=DIRECTION('',(1.0,0.0,0.0));
#18111=DIRECTION('',(0.0,0.0,-1.0));
#18112=DIRECTION('',(0.0,0.0,1.0));
#18113=CARTESIAN_POINT('',(-13.5382,4.8768,-1.5494));
#18114=DIRECTION('',(-1.0,0.0,0.0));
#18115=DIRECTION('',(0.0,-1.0,0.0));
#18116=DIRECTION('',(0.0,0.486725663716812,-0.873554879947121));
#18117=CARTESIAN_POINT('',(-13.5382,6.2738,-4.0566772164236));
#18118=DIRECTION('',(-1.0,0.0,0.0));
#18119=DIRECTION('',(0.0,0.873554879947121,0.486725663716812));
#18120=DIRECTION('',(0.0,-0.743144825477376,0.669130606358878));
#18121=CARTESIAN_POINT('',(-13.5382,5.3848,-3.25621802104344));
#18122=DIRECTION('',(-1.0,-0.0,0.0));
#18123=DIRECTION('',(0.0,-0.669130606358878,-0.743144825477376));
#18124=DIRECTION('',(0.0,0.669130606358878,0.743144825477376));
#18125=DIRECTION('',(0.0,-0.743144825477376,0.669130606358879));
#18126=DIRECTION('',(0.0,-0.669130606358878,-0.743144825477376));
#18127=CARTESIAN_POINT('',(-13.5382,5.3848,-3.25621802104344));
#18128=DIRECTION('',(1.0,0.0,0.0));
#18129=DIRECTION('',(0.0,-0.743144825477376,0.669130606358878));
#18130=DIRECTION('',(0.0,0.743144825477376,-0.669130606358878));
#18131=CARTESIAN_POINT('',(-13.5382,6.2738,-4.0566772164236));
#18132=DIRECTION('',(1.0,0.0,0.0));
#18133=DIRECTION('',(0.0,-0.669130606358878,-0.743144825477376));
#18134=DIRECTION('',(0.0,-0.486725663716812,0.873554879947121));
#18135=CARTESIAN_POINT('',(-13.5382,4.8768,-1.5494));
#18136=DIRECTION('',(1.0,0.0,-0.0));
#18137=DIRECTION('',(0.0,0.873554879947121,0.486725663716812));
#18138=DIRECTION('',(0.0,0.0,-1.0));
#18139=CARTESIAN_POINT('',(-13.5382,3.6068,-6.5024));
#18140=DIRECTION('',(-1.0,0.0,0.0));
#18141=DIRECTION('',(0.0,1.0,0.0));
#18142=DIRECTION('',(0.0,-1.0,0.0));
#18143=DIRECTION('',(0.0,0.0,-1.0));
#18144=DIRECTION('',(0.258819045102493,0.965925826289076,0.0));
#18145=DIRECTION('',(0.0,0.0,-1.0));
#18146=DIRECTION('',(-0.258819045102493,-0.965925826289076,0.0));
#18147=DIRECTION('',(0.0,1.0,0.0));
#18148=DIRECTION('',(1.0,0.0,0.0));
#18149=DIRECTION('',(1.0,0.0,0.0));
#18150=DIRECTION('',(-0.258819045102493,0.965925826289076,0.0));
#18151=DIRECTION('',(0.0,0.0,1.0));
#18152=DIRECTION('',(0.0,0.0,1.0));
#18153=DIRECTION('',(0.258819045102493,-0.965925826289076,0.0));
#18154=DIRECTION('',(1.0,0.0,0.0));
#18155=DIRECTION('',(1.0,0.0,0.0));
#18156=DIRECTION('',(0.0,-1.0,0.0));
#18157=CARTESIAN_POINT('',(-14.4018,3.6068,-6.5024));
#18158=DIRECTION('',(-1.0,0.0,0.0));
#18159=DIRECTION('',(0.0,1.0,0.0));
#18160=DIRECTION('',(0.0,0.0,1.0));
#18161=CARTESIAN_POINT('',(-14.4018,4.8768,-1.5494));
#18162=DIRECTION('',(1.0,0.0,-0.0));
#18163=DIRECTION('',(0.0,0.873554879947121,0.486725663716812));
#18164=DIRECTION('',(0.0,-0.486725663716812,0.873554879947121));
#18165=CARTESIAN_POINT('',(-14.4018,6.2738,-4.0566772164236));
#18166=DIRECTION('',(1.0,0.0,0.0));
#18167=DIRECTION('',(0.0,-0.669130606358878,-0.743144825477376));
#18168=DIRECTION('',(0.0,0.743144825477376,-0.669130606358878));
#18169=CARTESIAN_POINT('',(-14.4018,5.3848,-3.25621802104344));
#18170=DIRECTION('',(1.0,0.0,0.0));
#18171=DIRECTION('',(0.0,-0.743144825477376,0.669130606358878));
#18172=DIRECTION('',(0.0,-0.669130606358878,-0.743144825477376));
#18173=DIRECTION('',(0.0,-0.743144825477376,0.669130606358879));
#18174=DIRECTION('',(0.0,0.669130606358878,0.743144825477376));
#18175=CARTESIAN_POINT('',(-14.4018,5.3848,-3.25621802104344));
#18176=DIRECTION('',(-1.0,-0.0,0.0));
#18177=DIRECTION('',(0.0,-0.669130606358878,-0.743144825477376));
#18178=DIRECTION('',(0.0,-0.743144825477376,0.669130606358878));
#18179=CARTESIAN_POINT('',(-14.4018,6.2738,-4.0566772164236));
#18180=DIRECTION('',(-1.0,0.0,0.0));
#18181=DIRECTION('',(0.0,0.873554879947121,0.486725663716812));
#18182=DIRECTION('',(0.0,0.486725663716812,-0.873554879947121));
#18183=CARTESIAN_POINT('',(-14.4018,4.8768,-1.5494));
#18184=DIRECTION('',(-1.0,0.0,0.0));
#18185=DIRECTION('',(0.0,-1.0,0.0));
#18186=DIRECTION('',(0.0,0.0,1.0));
#18187=CARTESIAN_POINT('',(-14.4018,3.6068,-6.5024));
#18188=DIRECTION('',(1.0,0.0,0.0));
#18189=DIRECTION('',(0.0,0.0,-1.0));
#18190=DIRECTION('',(1.0,0.0,0.0));
#18191=DIRECTION('',(1.0,0.0,0.0));
#18192=DIRECTION('',(1.0,0.0,0.0));
#18193=DIRECTION('',(1.0,0.0,0.0));
#18194=DIRECTION('',(1.0,0.0,0.0));
#18195=DIRECTION('',(1.0,0.0,0.0));
#18196=DIRECTION('',(1.0,0.0,0.0));
#18197=DIRECTION('',(1.0,0.0,0.0));
#18198=DIRECTION('',(1.0,0.0,0.0));
#18199=DIRECTION('',(1.0,0.0,0.0));
#18200=DIRECTION('',(1.0,0.0,0.0));
#18201=DIRECTION('',(-1.0,-6.661338147751E-14,-1.110223024625E-14));
#18202=DIRECTION('',(0.0,0.0,-1.0));
#18203=DIRECTION('',(1.0,0.0,0.0));
#18204=DIRECTION('',(0.0,0.0,1.0));
#18205=DIRECTION('',(-1.0,6.661338147751E-14,0.0));
#18206=DIRECTION('',(0.0,0.0,-1.0));
#18207=DIRECTION('',(1.0,0.0,0.0));
#18208=DIRECTION('',(0.0,0.0,-1.0));
#18209=DIRECTION('',(-1.0,-6.661338147751E-14,0.0));
#18210=DIRECTION('',(0.0,0.0,-1.0));
#18211=DIRECTION('',(1.0,0.0,0.0));
#18212=DIRECTION('',(0.0,0.0,1.0));
#18213=DIRECTION('',(-1.0,6.661338147751E-14,1.110223024625E-14));
#18214=DIRECTION('',(0.0,0.0,-1.0));
#18215=DIRECTION('',(1.0,0.0,0.0));
#18216=DIRECTION('',(0.0,0.0,-1.0));
#18217=DIRECTION('',(-1.0,-6.661338147751E-14,-1.110223024625E-14));
#18218=DIRECTION('',(0.0,0.0,-1.0));
#18219=DIRECTION('',(1.0,0.0,0.0));
#18220=DIRECTION('',(0.0,0.0,1.0));
#18221=DIRECTION('',(-1.0,6.661338147751E-14,0.0));
#18222=DIRECTION('',(0.0,0.0,-1.0));
#18223=DIRECTION('',(1.0,0.0,0.0));
#18224=DIRECTION('',(0.0,0.0,-1.0));
#18225=DIRECTION('',(-1.0,-6.661338147751E-14,0.0));
#18226=DIRECTION('',(0.0,0.0,-1.0));
#18227=DIRECTION('',(1.0,0.0,0.0));
#18228=DIRECTION('',(0.0,0.0,1.0));
#18229=DIRECTION('',(-1.0,6.661338147751E-14,0.0));
#18230=DIRECTION('',(0.0,0.0,-1.0));
#18231=DIRECTION('',(1.0,0.0,0.0));
#18232=DIRECTION('',(0.0,0.0,-1.0));
#18233=DIRECTION('',(-1.0,-6.661338147751E-14,0.0));
#18234=DIRECTION('',(0.0,0.0,-1.0));
#18235=DIRECTION('',(1.0,0.0,0.0));
#18236=DIRECTION('',(0.0,0.0,1.0));
#18237=DIRECTION('',(-1.0,6.661338147751E-14,1.110223024625E-14));
#18238=DIRECTION('',(0.0,0.0,-1.0));
#18239=DIRECTION('',(1.0,0.0,0.0));
#18240=DIRECTION('',(0.0,0.0,-1.0));
#18241=DIRECTION('',(-1.0,-6.661338147751E-14,0.0));
#18242=DIRECTION('',(0.0,0.0,-1.0));
#18243=DIRECTION('',(1.0,0.0,0.0));
#18244=DIRECTION('',(0.0,0.0,1.0));
#18245=DIRECTION('',(-1.0,6.661338147751E-14,1.110223024625E-14));
#18246=DIRECTION('',(0.0,0.0,-1.0));
#18247=DIRECTION('',(1.0,0.0,0.0));
#18248=DIRECTION('',(0.0,0.0,-1.0));
#18249=DIRECTION('',(-1.0,-6.661338147751E-14,0.0));
#18250=DIRECTION('',(0.0,0.0,-1.0));
#18251=DIRECTION('',(1.0,0.0,0.0));
#18252=DIRECTION('',(0.0,0.0,1.0));
#18253=DIRECTION('',(-1.0,6.661338147751E-14,0.0));
#18254=DIRECTION('',(0.0,0.0,-1.0));
#18255=DIRECTION('',(1.0,0.0,0.0));
#18256=DIRECTION('',(0.0,0.0,-1.0));
#18257=DIRECTION('',(-1.0,-6.661338147751E-14,0.0));
#18258=DIRECTION('',(0.0,0.0,-1.0));
#18259=DIRECTION('',(1.0,0.0,0.0));
#18260=DIRECTION('',(0.0,0.0,1.0));
#18261=DIRECTION('',(-1.0,6.661338147751E-14,0.0));
#18262=DIRECTION('',(0.0,0.0,-1.0));
#18263=DIRECTION('',(1.0,0.0,0.0));
#18264=DIRECTION('',(0.0,0.0,-1.0));
#18265=DIRECTION('',(-1.0,-6.661338147751E-14,-1.110223024625E-14));
#18266=DIRECTION('',(0.0,0.0,-1.0));
#18267=DIRECTION('',(1.0,0.0,0.0));
#18268=DIRECTION('',(0.0,0.0,1.0));
#18269=DIRECTION('',(-1.0,6.661338147751E-14,0.0));
#18270=DIRECTION('',(0.0,0.0,-1.0));
#18271=DIRECTION('',(1.0,0.0,0.0));
#18272=DIRECTION('',(0.0,0.0,-1.0));
#18273=DIRECTION('',(-1.0,-6.661338147751E-14,-1.110223024625E-14));
#18274=DIRECTION('',(0.0,0.0,-1.0));
#18275=DIRECTION('',(1.0,0.0,0.0));
#18276=DIRECTION('',(0.0,0.0,1.0));
#18277=DIRECTION('',(-1.0,6.661338147751E-14,0.0));
#18278=DIRECTION('',(0.0,0.0,-1.0));
#18279=DIRECTION('',(1.0,0.0,0.0));
#18280=DIRECTION('',(0.0,0.0,-1.0));
#18281=DIRECTION('',(-1.0,-6.661338147751E-14,0.0));
#18282=DIRECTION('',(0.0,0.0,-1.0));
#18283=DIRECTION('',(1.0,0.0,0.0));
#18284=DIRECTION('',(0.0,0.0,1.0));
#18285=DIRECTION('',(-1.0,6.661338147751E-14,0.0));
#18286=DIRECTION('',(-1.0,-6.661338147751E-14,0.0));
#18287=DIRECTION('',(0.0,0.0,-1.0));
#18288=DIRECTION('',(1.0,0.0,0.0));
#18289=DIRECTION('',(0.0,0.0,-1.0));
#18290=DIRECTION('',(-1.0,0.0,0.0));
#18291=DIRECTION('',(0.0,0.0,-1.0));
#18292=DIRECTION('',(1.0,0.0,0.0));
#18293=DIRECTION('',(0.0,0.0,1.0));
#18294=DIRECTION('',(-1.0,6.661338147751E-14,1.110223024625E-14));
#18295=DIRECTION('',(0.0,0.0,-1.0));
#18296=DIRECTION('',(1.0,0.0,0.0));
#18297=DIRECTION('',(0.0,0.0,-1.0));
#18298=DIRECTION('',(0.0,-1.0,0.0));
#18299=CARTESIAN_POINT('',(13.5382,3.6068,-6.5024));
#18300=DIRECTION('',(-1.0,0.0,0.0));
#18301=DIRECTION('',(0.0,1.0,0.0));
#18302=DIRECTION('',(0.0,1.665334536938E-13,-1.0));
#18303=CARTESIAN_POINT('',(13.5382,4.8768,-1.5494));
#18304=DIRECTION('',(1.0,0.0,-0.0));
#18305=DIRECTION('',(0.0,0.873554879947121,0.486725663716812));
#18306=DIRECTION('',(0.0,-0.486725663716812,0.873554879947121));
#18307=CARTESIAN_POINT('',(13.5382,6.2738,-4.0566772164236));
#18308=DIRECTION('',(1.0,0.0,0.0));
#18309=DIRECTION('',(0.0,-0.669130606358878,-0.743144825477376));
#18310=DIRECTION('',(0.0,0.743144825477376,-0.669130606358878));
#18311=CARTESIAN_POINT('',(13.5382,5.3848,-3.25621802104344));
#18312=DIRECTION('',(1.0,0.0,0.0));
#18313=DIRECTION('',(0.0,-0.743144825477376,0.669130606358878));
#18314=DIRECTION('',(0.0,-0.669130606358878,-0.743144825477376));
#18315=DIRECTION('',(0.0,-0.743144825477376,0.669130606358879));
#18316=DIRECTION('',(0.0,0.669130606358878,0.743144825477376));
#18317=CARTESIAN_POINT('',(13.5382,5.3848,-3.25621802104344));
#18318=DIRECTION('',(-1.0,-0.0,0.0));
#18319=DIRECTION('',(0.0,-0.669130606358878,-0.743144825477376));
#18320=DIRECTION('',(0.0,-0.743144825477376,0.669130606358878));
#18321=CARTESIAN_POINT('',(13.5382,6.2738,-4.0566772164236));
#18322=DIRECTION('',(-1.0,0.0,0.0));
#18323=DIRECTION('',(0.0,0.873554879947121,0.486725663716812));
#18324=DIRECTION('',(0.0,0.486725663716812,-0.873554879947121));
#18325=CARTESIAN_POINT('',(13.5382,4.8768,-1.5494));
#18326=DIRECTION('',(-1.0,0.0,0.0));
#18327=DIRECTION('',(0.0,-1.0,0.0));
#18328=DIRECTION('',(0.0,0.0,1.0));
#18329=CARTESIAN_POINT('',(13.5382,3.6068,-6.5024));
#18330=DIRECTION('',(1.0,0.0,0.0));
#18331=DIRECTION('',(0.0,0.0,-1.0));
#18332=DIRECTION('',(0.0,1.0,0.0));
#18333=DIRECTION('',(0.0,0.0,1.0));
#18334=DIRECTION('',(-0.258819045102493,0.965925826289076,0.0));
#18335=DIRECTION('',(0.0,0.0,1.0));
#18336=DIRECTION('',(0.258819045102493,-0.965925826289076,0.0));
#18337=DIRECTION('',(1.0,0.0,0.0));
#18338=DIRECTION('',(0.258819045102493,0.965925826289076,0.0));
#18339=DIRECTION('',(0.0,-1.0,0.0));
#18340=DIRECTION('',(1.0,0.0,0.0));
#18341=CARTESIAN_POINT('',(14.4018,3.6068,-6.5024));
#18342=DIRECTION('',(-1.0,0.0,0.0));
#18343=DIRECTION('',(0.0,1.0,0.0));
#18344=DIRECTION('',(1.0,0.0,0.0));
#18345=DIRECTION('',(1.0,0.0,0.0));
#18346=DIRECTION('',(0.0,0.0,1.0));
#18347=DIRECTION('',(-1.0,0.0,0.0));
#18348=DIRECTION('',(0.0,0.0,-1.0));
#18349=DIRECTION('',(1.0,0.0,0.0));
#18350=DIRECTION('',(0.0,0.0,-1.0));
#18351=DIRECTION('',(1.0,0.0,0.0));
#18352=DIRECTION('',(0.0,0.0,-1.0));
#18353=DIRECTION('',(-2.467162276945E-14,1.665334536938E-13,-1.0));
#18354=DIRECTION('',(-1.0,0.0,0.0));
#18355=DIRECTION('',(0.0,1.0,0.0));
#18356=DIRECTION('',(0.0,1.0,0.0));
#18357=DIRECTION('',(0.0,1.0,0.0));
#18358=DIRECTION('',(0.0,1.0,0.0));
#18359=CARTESIAN_POINT('',(14.5288,3.6068,-6.3881));
#18360=DIRECTION('',(-1.0,0.0,0.0));
#18361=DIRECTION('',(0.0,1.0,0.0));
#18362=CARTESIAN_POINT('',(13.4112,3.6068,-6.3881));
#18363=DIRECTION('',(1.0,0.0,0.0));
#18364=DIRECTION('',(0.0,-1.0,0.0));
#18365=DIRECTION('',(0.0,1.0,0.0));
#18366=DIRECTION('',(1.0,0.0,0.0));
#18367=DIRECTION('',(0.0,-1.0,0.0));
#18368=DIRECTION('',(0.0,1.0,0.0));
#18369=DIRECTION('',(0.0,1.0,0.0));
#18370=DIRECTION('',(0.0,1.0,0.0));
#18371=DIRECTION('',(0.0,1.0,0.0));
#18372=DIRECTION('',(0.0,1.0,0.0));
#18373=DIRECTION('',(0.0,1.0,0.0));
#18374=DIRECTION('',(0.0,1.0,0.0));
#18375=DIRECTION('',(0.0,1.0,0.0));
#18376=DIRECTION('',(0.0,1.0,0.0));
#18377=DIRECTION('',(0.0,1.0,0.0));
#18378=DIRECTION('',(0.0,1.0,0.0));
#18379=DIRECTION('',(0.0,1.0,0.0));
#18380=DIRECTION('',(0.0,1.0,0.0));
#18381=DIRECTION('',(0.0,1.0,0.0));
#18382=DIRECTION('',(0.0,1.0,0.0));
#18383=DIRECTION('',(0.0,1.0,0.0));
#18384=DIRECTION('',(0.0,1.0,0.0));
#18385=DIRECTION('',(0.0,1.0,0.0));
#18386=DIRECTION('',(0.0,1.0,0.0));
#18387=DIRECTION('',(0.0,1.0,0.0));
#18388=DIRECTION('',(0.0,1.0,0.0));
#18389=DIRECTION('',(0.0,1.0,0.0));
#18390=DIRECTION('',(0.0,-1.0,0.0));
#18391=DIRECTION('',(1.0,0.0,0.0));
#18392=DIRECTION('',(0.0,1.0,0.0));
#18393=CARTESIAN_POINT('',(-14.5288,3.6068,-6.3881));
#18394=DIRECTION('',(1.0,0.0,0.0));
#18395=DIRECTION('',(0.0,-1.0,0.0));
#18396=CARTESIAN_POINT('',(-13.4112,3.6068,-6.3881));
#18397=DIRECTION('',(-1.0,0.0,0.0));
#18398=DIRECTION('',(0.0,1.0,0.0));
#18399=DIRECTION('',(0.0,0.0,1.0));
#18400=DIRECTION('',(0.0,0.0,1.0));
#18401=DIRECTION('',(0.0,-1.0,0.0));
#18402=DIRECTION('',(1.0,0.0,0.0));
#18403=DIRECTION('',(0.0,-1.0,0.0));
#18404=DIRECTION('',(-1.0,0.0,0.0));
#18405=DIRECTION('',(0.0,-1.0,0.0));
#18406=DIRECTION('',(-1.0,0.0,0.0));
#18407=DIRECTION('',(0.0,-1.0,0.0));
#18408=DIRECTION('',(1.0,0.0,0.0));
#18409=DIRECTION('',(0.0,1.0,0.0));
#18410=DIRECTION('',(-1.0,0.0,0.0));
#18411=DIRECTION('',(0.0,-1.0,0.0));
#18412=DIRECTION('',(1.0,0.0,0.0));
#18413=DIRECTION('',(0.0,-1.0,0.0));
#18414=DIRECTION('',(-1.0,0.0,0.0));
#18415=DIRECTION('',(0.0,-1.0,0.0));
#18416=DIRECTION('',(1.0,0.0,0.0));
#18417=DIRECTION('',(0.0,-1.0,0.0));
#18418=DIRECTION('',(-1.0,0.0,0.0));
#18419=DIRECTION('',(0.0,-1.0,0.0));
#18420=DIRECTION('',(1.0,0.0,0.0));
#18421=DIRECTION('',(0.0,-1.0,0.0));
#18422=DIRECTION('',(-1.0,0.0,0.0));
#18423=DIRECTION('',(0.0,-1.0,0.0));
#18424=DIRECTION('',(1.0,0.0,0.0));
#18425=DIRECTION('',(0.0,-1.0,0.0));
#18426=DIRECTION('',(-1.0,0.0,0.0));
#18427=DIRECTION('',(0.0,-1.0,0.0));
#18428=DIRECTION('',(1.0,0.0,0.0));
#18429=DIRECTION('',(0.0,-1.0,0.0));
#18430=DIRECTION('',(-1.0,0.0,0.0));
#18431=DIRECTION('',(0.0,-1.0,0.0));
#18432=DIRECTION('',(1.0,0.0,0.0));
#18433=DIRECTION('',(0.0,-1.0,0.0));
#18434=DIRECTION('',(-1.0,0.0,0.0));
#18435=DIRECTION('',(0.0,-1.0,0.0));
#18436=DIRECTION('',(1.0,0.0,0.0));
#18437=DIRECTION('',(0.0,-1.0,0.0));
#18438=DIRECTION('',(-1.0,0.0,0.0));
#18439=DIRECTION('',(0.0,-1.0,0.0));
#18440=DIRECTION('',(1.0,0.0,0.0));
#18441=DIRECTION('',(0.0,-1.0,0.0));
#18442=DIRECTION('',(-1.0,0.0,0.0));
#18443=DIRECTION('',(0.0,-1.0,0.0));
#18444=DIRECTION('',(1.0,0.0,0.0));
#18445=DIRECTION('',(0.0,-1.0,0.0));
#18446=DIRECTION('',(-1.0,0.0,0.0));
#18447=DIRECTION('',(0.0,-1.0,0.0));
#18448=DIRECTION('',(1.0,0.0,0.0));
#18449=DIRECTION('',(0.0,-1.0,0.0));
#18450=DIRECTION('',(-1.0,0.0,0.0));
#18451=DIRECTION('',(0.0,-1.0,0.0));
#18452=DIRECTION('',(0.0,0.0,1.0));
#18453=DIRECTION('',(0.0,-1.0,0.0));
#18454=DIRECTION('',(1.110223024625E-14,0.0,1.0));
#18455=DIRECTION('',(1.0,0.0,0.0));
#18456=DIRECTION('',(1.110223024625E-14,0.0,1.0));
#18457=DIRECTION('',(0.0,1.0,0.0));
#18458=DIRECTION('',(1.110223024625E-14,0.0,1.0));
#18459=DIRECTION('',(0.0,0.0,1.0));
#18460=DIRECTION('',(-1.0,0.0,0.0));
#18461=DIRECTION('',(2.22044604925E-14,0.0,1.0));
#18462=DIRECTION('',(0.0,0.0,1.0));
#18463=DIRECTION('',(-1.0,0.0,0.0));
#18464=DIRECTION('',(0.0,0.0,1.0));
#18465=DIRECTION('',(0.0,0.0,1.0));
#18466=DIRECTION('',(-1.0,0.0,0.0));
#18467=DIRECTION('',(0.0,0.0,1.0));
#18468=DIRECTION('',(0.0,0.0,1.0));
#18469=DIRECTION('',(-1.0,0.0,0.0));
#18470=DIRECTION('',(0.0,0.0,1.0));
#18471=DIRECTION('',(0.0,0.0,1.0));
#18472=DIRECTION('',(-1.0,0.0,0.0));
#18473=DIRECTION('',(0.0,0.0,1.0));
#18474=DIRECTION('',(0.0,0.0,1.0));
#18475=DIRECTION('',(-1.0,0.0,0.0));
#18476=DIRECTION('',(0.0,0.0,1.0));
#18477=DIRECTION('',(0.0,0.0,1.0));
#18478=DIRECTION('',(-1.0,0.0,0.0));
#18479=DIRECTION('',(0.0,0.0,1.0));
#18480=DIRECTION('',(0.0,0.0,1.0));
#18481=DIRECTION('',(-1.0,0.0,0.0));
#18482=DIRECTION('',(0.0,0.0,1.0));
#18483=DIRECTION('',(0.0,0.0,1.0));
#18484=DIRECTION('',(-1.0,0.0,0.0));
#18485=DIRECTION('',(0.0,0.0,1.0));
#18486=DIRECTION('',(0.0,0.0,1.0));
#18487=DIRECTION('',(-1.0,0.0,0.0));
#18488=DIRECTION('',(0.0,0.0,1.0));
#18489=DIRECTION('',(0.0,0.0,1.0));
#18490=DIRECTION('',(-1.0,0.0,0.0));
#18491=DIRECTION('',(1.110223024625E-14,0.0,1.0));
#18492=DIRECTION('',(1.0,0.0,0.0));
#18493=DIRECTION('',(0.0,0.0,1.0));
#18494=DIRECTION('',(-1.0,0.0,0.0));
#18495=DIRECTION('',(-0.577350269189593,0.577350269189593,0.577350269189693));
#18496=DIRECTION('',(0.577350269189593,0.577350269189593,0.577350269189693));
#18497=DIRECTION('',(0.577350269189593,-0.577350269189593,0.577350269189693));
#18498=DIRECTION('',(-0.577350269189593,-0.577350269189593,0.577350269189693));
#18499=DIRECTION('',(0.0,0.0,1.0));
#18500=DIRECTION('',(1.0,0.0,0.0));
#18501=DIRECTION('',(1.0,0.0,0.0));
#18502=DIRECTION('',(1.0,0.0,0.0));
#18503=DIRECTION('',(0.0,-1.0,0.0));
#18504=DIRECTION('',(0.0,0.0,1.0));
#18505=DIRECTION('',(1.0,0.0,0.0));
#18506=DIRECTION('',(0.0,0.0,1.0));
#18507=DIRECTION('',(0.0,1.0,0.0));
#18508=DIRECTION('',(0.577350269189593,0.577350269189593,0.577350269189693));
#18509=DIRECTION('',(0.577350269189593,-0.577350269189593,0.577350269189693));
#18510=DIRECTION('',(-0.577350269189593,-0.577350269189593,0.577350269189693));
#18511=DIRECTION('',(-0.577350269189593,0.577350269189593,0.577350269189693));
#18512=DIRECTION('',(0.0,-1.0,0.0));
#18513=DIRECTION('',(0.0,0.0,1.0));
#18514=DIRECTION('',(1.0,0.0,0.0));
#18515=DIRECTION('',(1.665334536938E-14,0.0,1.0));
#18516=DIRECTION('',(0.0,1.0,0.0));
#18517=DIRECTION('',(0.577350269189593,0.577350269189593,0.577350269189693));
#18518=DIRECTION('',(0.577350269189659,-0.577350269189559,0.577350269189659));
#18519=DIRECTION('',(-0.577350269189593,-0.577350269189593,0.577350269189693));
#18520=DIRECTION('',(-0.577350269189593,0.577350269189593,0.577350269189693));
#18521=DIRECTION('',(0.0,-1.0,0.0));
#18522=DIRECTION('',(0.0,0.0,1.0));
#18523=DIRECTION('',(1.0,0.0,0.0));
#18524=DIRECTION('',(0.0,0.0,1.0));
#18525=DIRECTION('',(0.0,1.0,0.0));
#18526=DIRECTION('',(0.577350269189593,0.577350269189593,0.577350269189693));
#18527=DIRECTION('',(0.577350269189593,-0.577350269189593,0.577350269189693));
#18528=DIRECTION('',(-0.577350269189593,-0.577350269189593,0.577350269189693));
#18529=DIRECTION('',(-0.577350269189593,0.577350269189593,0.577350269189693));
#18530=DIRECTION('',(0.0,-1.0,0.0));
#18531=DIRECTION('',(0.0,0.0,1.0));
#18532=DIRECTION('',(1.0,0.0,0.0));
#18533=DIRECTION('',(0.0,0.0,1.0));
#18534=DIRECTION('',(0.0,1.0,0.0));
#18535=DIRECTION('',(0.577350269189659,0.577350269189559,0.577350269189659));
#18536=DIRECTION('',(0.577350269189593,-0.577350269189593,0.577350269189693));
#18537=DIRECTION('',(-0.577350269189593,-0.577350269189593,0.577350269189693));
#18538=DIRECTION('',(-0.577350269189593,0.577350269189593,0.577350269189693));
#18539=DIRECTION('',(0.0,-1.0,0.0));
#18540=DIRECTION('',(0.0,0.0,1.0));
#18541=DIRECTION('',(1.0,0.0,0.0));
#18542=DIRECTION('',(0.0,0.0,1.0));
#18543=DIRECTION('',(0.0,1.0,0.0));
#18544=DIRECTION('',(0.577350269189593,0.577350269189593,0.577350269189693));
#18545=DIRECTION('',(0.577350269189593,-0.577350269189593,0.577350269189693));
#18546=DIRECTION('',(-0.577350269189593,-0.577350269189593,0.577350269189693));
#18547=DIRECTION('',(-0.577350269189593,0.577350269189593,0.577350269189693));
#18548=DIRECTION('',(0.0,-1.0,0.0));
#18549=DIRECTION('',(0.0,0.0,1.0));
#18550=DIRECTION('',(1.0,0.0,0.0));
#18551=DIRECTION('',(0.0,0.0,1.0));
#18552=DIRECTION('',(0.0,1.0,0.0));
#18553=DIRECTION('',(0.577350269189593,0.577350269189593,0.577350269189693));
#18554=DIRECTION('',(0.577350269189593,-0.577350269189593,0.577350269189693));
#18555=DIRECTION('',(-0.577350269189659,-0.577350269189559,0.577350269189659));
#18556=DIRECTION('',(-0.577350269189659,0.577350269189559,0.577350269189659));
#18557=DIRECTION('',(0.0,-1.0,0.0));
#18558=DIRECTION('',(0.0,0.0,1.0));
#18559=DIRECTION('',(1.0,0.0,0.0));
#18560=DIRECTION('',(0.0,0.0,1.0));
#18561=DIRECTION('',(0.0,1.0,0.0));
#18562=DIRECTION('',(0.577350269189593,0.577350269189593,0.577350269189693));
#18563=DIRECTION('',(0.577350269189593,-0.577350269189593,0.577350269189693));
#18564=DIRECTION('',(-0.577350269189593,-0.577350269189593,0.577350269189693));
#18565=DIRECTION('',(-0.577350269189593,0.577350269189593,0.577350269189693));
#18566=DIRECTION('',(0.0,-1.0,0.0));
#18567=DIRECTION('',(0.0,0.0,1.0));
#18568=DIRECTION('',(1.0,0.0,0.0));
#18569=DIRECTION('',(0.0,0.0,1.0));
#18570=DIRECTION('',(0.0,1.0,0.0));
#18571=DIRECTION('',(0.577350269189593,0.577350269189593,0.577350269189693));
#18572=DIRECTION('',(0.577350269189593,-0.577350269189593,0.577350269189693));
#18573=DIRECTION('',(-0.577350269189593,-0.577350269189593,0.577350269189693));
#18574=DIRECTION('',(-0.577350269189593,0.577350269189593,0.577350269189693));
#18575=DIRECTION('',(0.0,-1.0,0.0));
#18576=DIRECTION('',(0.0,0.0,1.0));
#18577=DIRECTION('',(1.0,0.0,0.0));
#18578=DIRECTION('',(0.0,0.0,1.0));
#18579=DIRECTION('',(0.0,1.0,0.0));
#18580=DIRECTION('',(0.577350269189593,0.577350269189593,0.577350269189693));
#18581=DIRECTION('',(0.577350269189593,-0.577350269189593,0.577350269189693));
#18582=DIRECTION('',(-0.577350269189593,-0.577350269189593,0.577350269189693));
#18583=DIRECTION('',(-0.577350269189593,0.577350269189593,0.577350269189693));
#18584=DIRECTION('',(0.0,-1.0,0.0));
#18585=DIRECTION('',(0.0,0.0,1.0));
#18586=DIRECTION('',(1.0,0.0,0.0));
#18587=DIRECTION('',(0.0,0.0,1.0));
#18588=DIRECTION('',(0.0,1.0,0.0));
#18589=DIRECTION('',(0.577350269189593,0.577350269189593,0.577350269189693));
#18590=DIRECTION('',(0.577350269189593,-0.577350269189593,0.577350269189693));
#18591=DIRECTION('',(-0.577350269189659,-0.577350269189559,0.577350269189659));
#18592=DIRECTION('',(-0.577350269189659,0.577350269189559,0.577350269189659));
#18593=DIRECTION('',(0.0,-1.0,0.0));
#18594=DIRECTION('',(0.0,0.0,1.0));
#18595=DIRECTION('',(1.0,0.0,0.0));
#18596=DIRECTION('',(0.0,0.0,1.0));
#18597=DIRECTION('',(0.0,1.0,0.0));
#18598=DIRECTION('',(0.577350269189659,0.577350269189559,0.577350269189659));
#18599=DIRECTION('',(0.577350269189659,-0.577350269189559,0.577350269189659));
#18600=DIRECTION('',(-0.577350269189593,-0.577350269189593,0.577350269189693));
#18601=DIRECTION('',(-0.577350269189659,0.577350269189559,0.577350269189659));
#18602=CARTESIAN_POINT('',(-11.9888,3.6068,-6.3881));
#18603=DIRECTION('',(1.0,0.0,0.0));
#18604=DIRECTION('',(0.0,-1.0,0.0));
#18605=CARTESIAN_POINT('',(-10.8712,3.6068,-6.3881));
#18606=DIRECTION('',(-1.0,0.0,0.0));
#18607=DIRECTION('',(0.0,1.0,0.0));
#18608=DIRECTION('',(-1.0,0.0,0.0));
#18609=DIRECTION('',(1.0,0.0,0.0));
#18610=DIRECTION('',(0.0,0.0,1.0));
#18611=DIRECTION('',(-1.0,0.0,0.0));
#18612=DIRECTION('',(0.0,0.0,-1.0));
#18613=DIRECTION('',(1.0,0.0,0.0));
#18614=DIRECTION('',(0.0,0.0,-1.0));
#18615=DIRECTION('',(1.0,0.0,0.0));
#18616=DIRECTION('',(0.0,0.0,-1.0));
#18617=DIRECTION('',(1.233581138472E-14,1.665334536938E-13,-1.0));
#18618=DIRECTION('',(1.0,0.0,0.0));
#18619=DIRECTION('',(3.700743415417E-14,1.665334536938E-13,-1.0));
#18620=DIRECTION('',(0.0,1.0,0.0));
#18621=DIRECTION('',(0.0,1.0,0.0));
#18622=DIRECTION('',(0.0,1.0,0.0));
#18623=DIRECTION('',(0.0,1.0,0.0));
#18624=DIRECTION('',(0.0,1.0,0.0));
#18625=CARTESIAN_POINT('',(-10.9982,3.6068,-6.5024));
#18626=DIRECTION('',(1.0,0.0,0.0));
#18627=DIRECTION('',(0.0,0.0,-1.0));
#18628=DIRECTION('',(0.0,0.0,1.0));
#18629=CARTESIAN_POINT('',(-10.9982,4.8768,-1.5494));
#18630=DIRECTION('',(-1.0,0.0,0.0));
#18631=DIRECTION('',(0.0,-1.0,0.0));
#18632=DIRECTION('',(0.0,0.486725663716812,-0.873554879947121));
#18633=CARTESIAN_POINT('',(-10.9982,6.2738,-4.0566772164236));
#18634=DIRECTION('',(-1.0,0.0,0.0));
#18635=DIRECTION('',(0.0,0.873554879947121,0.486725663716812));
#18636=DIRECTION('',(0.0,-0.743144825477376,0.669130606358878));
#18637=CARTESIAN_POINT('',(-10.9982,5.3848,-3.25621802104344));
#18638=DIRECTION('',(-1.0,-0.0,0.0));
#18639=DIRECTION('',(0.0,-0.669130606358878,-0.743144825477376));
#18640=DIRECTION('',(0.0,0.669130606358878,0.743144825477376));
#18641=DIRECTION('',(0.0,-0.743144825477376,0.669130606358879));
#18642=DIRECTION('',(0.0,-0.669130606358878,-0.743144825477376));
#18643=CARTESIAN_POINT('',(-10.9982,5.3848,-3.25621802104344));
#18644=DIRECTION('',(1.0,0.0,0.0));
#18645=DIRECTION('',(0.0,-0.743144825477376,0.669130606358878));
#18646=DIRECTION('',(0.0,0.743144825477376,-0.669130606358878));
#18647=CARTESIAN_POINT('',(-10.9982,6.2738,-4.0566772164236));
#18648=DIRECTION('',(1.0,0.0,0.0));
#18649=DIRECTION('',(0.0,-0.669130606358878,-0.743144825477376));
#18650=DIRECTION('',(0.0,-0.486725663716812,0.873554879947121));
#18651=CARTESIAN_POINT('',(-10.9982,4.8768,-1.5494));
#18652=DIRECTION('',(1.0,0.0,-0.0));
#18653=DIRECTION('',(0.0,0.873554879947121,0.486725663716812));
#18654=CARTESIAN_POINT('',(-10.9982,3.6068,-6.5024));
#18655=DIRECTION('',(-1.0,0.0,0.0));
#18656=DIRECTION('',(0.0,1.0,0.0));
#18657=DIRECTION('',(0.0,-1.0,0.0));
#18658=DIRECTION('',(0.0,0.0,-1.0));
#18659=DIRECTION('',(0.258819045102493,0.965925826289076,0.0));
#18660=DIRECTION('',(0.0,0.0,-1.0));
#18661=DIRECTION('',(-0.258819045102493,-0.965925826289076,0.0));
#18662=DIRECTION('',(0.0,1.0,0.0));
#18663=DIRECTION('',(1.0,0.0,0.0));
#18664=DIRECTION('',(1.0,0.0,0.0));
#18665=DIRECTION('',(-0.258819045102493,0.965925826289076,0.0));
#18666=DIRECTION('',(0.0,0.0,1.0));
#18667=DIRECTION('',(0.0,0.0,1.0));
#18668=DIRECTION('',(0.258819045102493,-0.965925826289076,0.0));
#18669=DIRECTION('',(1.0,0.0,0.0));
#18670=DIRECTION('',(1.0,0.0,0.0));
#18671=DIRECTION('',(0.0,-1.0,0.0));
#18672=CARTESIAN_POINT('',(-11.8618,3.6068,-6.5024));
#18673=DIRECTION('',(-1.0,0.0,0.0));
#18674=DIRECTION('',(0.0,1.0,0.0));
#18675=CARTESIAN_POINT('',(-11.8618,4.8768,-1.5494));
#18676=DIRECTION('',(1.0,0.0,-0.0));
#18677=DIRECTION('',(0.0,0.873554879947121,0.486725663716812));
#18678=DIRECTION('',(0.0,-0.486725663716812,0.873554879947121));
#18679=CARTESIAN_POINT('',(-11.8618,6.2738,-4.0566772164236));
#18680=DIRECTION('',(1.0,0.0,0.0));
#18681=DIRECTION('',(0.0,-0.669130606358878,-0.743144825477376));
#18682=DIRECTION('',(0.0,0.743144825477376,-0.669130606358878));
#18683=CARTESIAN_POINT('',(-11.8618,5.3848,-3.25621802104344));
#18684=DIRECTION('',(1.0,0.0,0.0));
#18685=DIRECTION('',(0.0,-0.743144825477376,0.669130606358878));
#18686=DIRECTION('',(0.0,-0.669130606358878,-0.743144825477376));
#18687=DIRECTION('',(0.0,-0.743144825477376,0.669130606358879));
#18688=DIRECTION('',(0.0,0.669130606358878,0.743144825477376));
#18689=CARTESIAN_POINT('',(-11.8618,5.3848,-3.25621802104344));
#18690=DIRECTION('',(-1.0,-0.0,0.0));
#18691=DIRECTION('',(0.0,-0.669130606358878,-0.743144825477376));
#18692=DIRECTION('',(0.0,-0.743144825477376,0.669130606358878));
#18693=CARTESIAN_POINT('',(-11.8618,6.2738,-4.0566772164236));
#18694=DIRECTION('',(-1.0,0.0,0.0));
#18695=DIRECTION('',(0.0,0.873554879947121,0.486725663716812));
#18696=DIRECTION('',(0.0,0.486725663716812,-0.873554879947121));
#18697=CARTESIAN_POINT('',(-11.8618,4.8768,-1.5494));
#18698=DIRECTION('',(-1.0,0.0,0.0));
#18699=DIRECTION('',(0.0,-1.0,0.0));
#18700=DIRECTION('',(0.0,0.0,1.0));
#18701=CARTESIAN_POINT('',(-11.8618,3.6068,-6.5024));
#18702=DIRECTION('',(1.0,0.0,0.0));
#18703=DIRECTION('',(0.0,0.0,-1.0));
#18704=DIRECTION('',(1.0,0.0,0.0));
#18705=DIRECTION('',(1.0,0.0,0.0));
#18706=DIRECTION('',(1.0,0.0,0.0));
#18707=DIRECTION('',(1.0,0.0,0.0));
#18708=DIRECTION('',(1.0,0.0,0.0));
#18709=DIRECTION('',(1.0,0.0,0.0));
#18710=DIRECTION('',(1.0,0.0,0.0));
#18711=DIRECTION('',(1.0,0.0,0.0));
#18712=DIRECTION('',(1.0,0.0,0.0));
#18713=DIRECTION('',(1.0,0.0,0.0));
#18714=DIRECTION('',(0.0,-0.360425687094784,-0.93278793092656));
#18715=DIRECTION('',(0.0,0.93278793092656,-0.360425687094784));
#18716=DIRECTION('',(0.0,1.0,0.0));
#18717=DIRECTION('',(-1.0,0.0,0.0));
#18718=DIRECTION('',(0.0,1.0,0.0));
#18719=DIRECTION('',(0.0,0.93278793092656,-0.360425687094784));
#18720=DIRECTION('',(0.0,-0.360425687094784,-0.93278793092656));
#18721=DIRECTION('',(-1.0,0.0,0.0));
#18722=CARTESIAN_POINT('',(-9.4488,3.6068,-6.3881));
#18723=DIRECTION('',(1.0,0.0,0.0));
#18724=DIRECTION('',(0.0,-1.0,0.0));
#18725=CARTESIAN_POINT('',(-8.3312,3.6068,-6.3881));
#18726=DIRECTION('',(-1.0,0.0,0.0));
#18727=DIRECTION('',(0.0,1.0,0.0));
#18728=DIRECTION('',(-1.0,0.0,0.0));
#18729=DIRECTION('',(1.0,0.0,0.0));
#18730=DIRECTION('',(0.0,0.0,1.0));
#18731=DIRECTION('',(-1.0,0.0,0.0));
#18732=DIRECTION('',(0.0,0.0,-1.0));
#18733=DIRECTION('',(1.0,0.0,0.0));
#18734=DIRECTION('',(0.0,0.0,-1.0));
#18735=DIRECTION('',(1.0,0.0,0.0));
#18736=DIRECTION('',(0.0,0.0,-1.0));
#18737=DIRECTION('',(0.0,1.665334536938E-13,-1.0));
#18738=DIRECTION('',(1.0,0.0,0.0));
#18739=DIRECTION('',(1.233581138472E-14,1.665334536938E-13,-1.0));
#18740=DIRECTION('',(0.0,1.0,0.0));
#18741=DIRECTION('',(0.0,1.0,0.0));
#18742=DIRECTION('',(0.0,1.0,0.0));
#18743=DIRECTION('',(0.0,1.0,0.0));
#18744=DIRECTION('',(0.0,1.0,0.0));
#18745=CARTESIAN_POINT('',(-8.4582,3.6068,-6.5024));
#18746=DIRECTION('',(1.0,0.0,0.0));
#18747=DIRECTION('',(0.0,0.0,-1.0));
#18748=DIRECTION('',(0.0,0.0,1.0));
#18749=CARTESIAN_POINT('',(-8.4582,4.8768,-1.5494));
#18750=DIRECTION('',(-1.0,0.0,0.0));
#18751=DIRECTION('',(0.0,-1.0,0.0));
#18752=DIRECTION('',(0.0,0.486725663716812,-0.873554879947121));
#18753=CARTESIAN_POINT('',(-8.4582,6.2738,-4.0566772164236));
#18754=DIRECTION('',(-1.0,0.0,0.0));
#18755=DIRECTION('',(0.0,0.873554879947121,0.486725663716812));
#18756=DIRECTION('',(0.0,-0.743144825477376,0.669130606358878));
#18757=CARTESIAN_POINT('',(-8.4582,5.3848,-3.25621802104344));
#18758=DIRECTION('',(-1.0,-0.0,0.0));
#18759=DIRECTION('',(0.0,-0.669130606358878,-0.743144825477376));
#18760=DIRECTION('',(0.0,0.669130606358878,0.743144825477376));
#18761=DIRECTION('',(0.0,-0.743144825477376,0.669130606358879));
#18762=DIRECTION('',(0.0,-0.669130606358878,-0.743144825477376));
#18763=CARTESIAN_POINT('',(-8.4582,5.3848,-3.25621802104344));
#18764=DIRECTION('',(1.0,0.0,0.0));
#18765=DIRECTION('',(0.0,-0.743144825477376,0.669130606358878));
#18766=DIRECTION('',(0.0,0.743144825477376,-0.669130606358878));
#18767=CARTESIAN_POINT('',(-8.4582,6.2738,-4.0566772164236));
#18768=DIRECTION('',(1.0,0.0,0.0));
#18769=DIRECTION('',(0.0,-0.669130606358878,-0.743144825477376));
#18770=DIRECTION('',(0.0,-0.486725663716812,0.873554879947121));
#18771=CARTESIAN_POINT('',(-8.4582,4.8768,-1.5494));
#18772=DIRECTION('',(1.0,0.0,-0.0));
#18773=DIRECTION('',(0.0,0.873554879947121,0.486725663716812));
#18774=CARTESIAN_POINT('',(-8.4582,3.6068,-6.5024));
#18775=DIRECTION('',(-1.0,0.0,0.0));
#18776=DIRECTION('',(0.0,1.0,0.0));
#18777=DIRECTION('',(0.0,-1.0,0.0));
#18778=DIRECTION('',(0.0,0.0,-1.0));
#18779=DIRECTION('',(0.258819045102493,0.965925826289076,0.0));
#18780=DIRECTION('',(0.0,0.0,-1.0));
#18781=DIRECTION('',(-0.258819045102493,-0.965925826289076,0.0));
#18782=DIRECTION('',(0.0,1.0,0.0));
#18783=DIRECTION('',(1.0,0.0,0.0));
#18784=DIRECTION('',(1.0,0.0,0.0));
#18785=DIRECTION('',(-0.258819045102493,0.965925826289076,0.0));
#18786=DIRECTION('',(0.0,0.0,1.0));
#18787=DIRECTION('',(0.0,0.0,1.0));
#18788=DIRECTION('',(0.258819045102493,-0.965925826289076,0.0));
#18789=DIRECTION('',(1.0,0.0,0.0));
#18790=DIRECTION('',(1.0,0.0,0.0));
#18791=DIRECTION('',(0.0,-1.0,0.0));
#18792=CARTESIAN_POINT('',(-9.3218,3.6068,-6.5024));
#18793=DIRECTION('',(-1.0,0.0,0.0));
#18794=DIRECTION('',(0.0,1.0,0.0));
#18795=CARTESIAN_POINT('',(-9.3218,4.8768,-1.5494));
#18796=DIRECTION('',(1.0,0.0,-0.0));
#18797=DIRECTION('',(0.0,0.873554879947121,0.486725663716812));
#18798=DIRECTION('',(0.0,-0.486725663716812,0.873554879947121));
#18799=CARTESIAN_POINT('',(-9.3218,6.2738,-4.0566772164236));
#18800=DIRECTION('',(1.0,0.0,0.0));
#18801=DIRECTION('',(0.0,-0.669130606358878,-0.743144825477376));
#18802=DIRECTION('',(0.0,0.743144825477376,-0.669130606358878));
#18803=CARTESIAN_POINT('',(-9.3218,5.3848,-3.25621802104344));
#18804=DIRECTION('',(1.0,0.0,0.0));
#18805=DIRECTION('',(0.0,-0.743144825477376,0.669130606358878));
#18806=DIRECTION('',(0.0,-0.669130606358878,-0.743144825477376));
#18807=DIRECTION('',(0.0,-0.743144825477376,0.669130606358879));
#18808=DIRECTION('',(0.0,0.669130606358878,0.743144825477376));
#18809=CARTESIAN_POINT('',(-9.3218,5.3848,-3.25621802104344));
#18810=DIRECTION('',(-1.0,-0.0,0.0));
#18811=DIRECTION('',(0.0,-0.669130606358878,-0.743144825477376));
#18812=DIRECTION('',(0.0,-0.743144825477376,0.669130606358878));
#18813=CARTESIAN_POINT('',(-9.3218,6.2738,-4.0566772164236));
#18814=DIRECTION('',(-1.0,0.0,0.0));
#18815=DIRECTION('',(0.0,0.873554879947121,0.486725663716812));
#18816=DIRECTION('',(0.0,0.486725663716812,-0.873554879947121));
#18817=CARTESIAN_POINT('',(-9.3218,4.8768,-1.5494));
#18818=DIRECTION('',(-1.0,0.0,0.0));
#18819=DIRECTION('',(0.0,-1.0,0.0));
#18820=DIRECTION('',(0.0,0.0,1.0));
#18821=CARTESIAN_POINT('',(-9.3218,3.6068,-6.5024));
#18822=DIRECTION('',(1.0,0.0,0.0));
#18823=DIRECTION('',(0.0,0.0,-1.0));
#18824=DIRECTION('',(1.0,0.0,0.0));
#18825=DIRECTION('',(1.0,0.0,0.0));
#18826=DIRECTION('',(1.0,0.0,0.0));
#18827=DIRECTION('',(1.0,0.0,0.0));
#18828=DIRECTION('',(1.0,0.0,0.0));
#18829=DIRECTION('',(1.0,0.0,0.0));
#18830=DIRECTION('',(1.0,0.0,0.0));
#18831=DIRECTION('',(1.0,0.0,0.0));
#18832=DIRECTION('',(1.0,0.0,0.0));
#18833=DIRECTION('',(1.0,0.0,0.0));
#18834=DIRECTION('',(0.0,-0.360425687094784,-0.93278793092656));
#18835=DIRECTION('',(0.0,0.93278793092656,-0.360425687094784));
#18836=DIRECTION('',(0.0,1.0,0.0));
#18837=DIRECTION('',(-1.0,0.0,0.0));
#18838=DIRECTION('',(0.0,1.0,0.0));
#18839=DIRECTION('',(0.0,0.93278793092656,-0.360425687094784));
#18840=DIRECTION('',(0.0,-0.360425687094784,-0.93278793092656));
#18841=DIRECTION('',(-1.0,0.0,0.0));
#18842=CARTESIAN_POINT('',(-6.9088,3.6068,-6.3881));
#18843=DIRECTION('',(1.0,0.0,0.0));
#18844=DIRECTION('',(0.0,-1.0,0.0));
#18845=CARTESIAN_POINT('',(-5.7912,3.6068,-6.3881));
#18846=DIRECTION('',(-1.0,0.0,0.0));
#18847=DIRECTION('',(0.0,1.0,0.0));
#18848=DIRECTION('',(-1.0,0.0,0.0));
#18849=DIRECTION('',(1.0,0.0,0.0));
#18850=DIRECTION('',(0.0,0.0,1.0));
#18851=DIRECTION('',(-1.0,0.0,0.0));
#18852=DIRECTION('',(0.0,0.0,-1.0));
#18853=DIRECTION('',(1.0,0.0,0.0));
#18854=DIRECTION('',(0.0,0.0,-1.0));
#18855=DIRECTION('',(1.0,0.0,0.0));
#18856=DIRECTION('',(0.0,0.0,-1.0));
#18857=DIRECTION('',(0.0,1.665334536938E-13,-1.0));
#18858=DIRECTION('',(1.0,0.0,0.0));
#18859=DIRECTION('',(0.0,1.665334536938E-13,-1.0));
#18860=DIRECTION('',(0.0,1.0,0.0));
#18861=DIRECTION('',(0.0,1.0,0.0));
#18862=DIRECTION('',(0.0,1.0,0.0));
#18863=DIRECTION('',(0.0,1.0,0.0));
#18864=DIRECTION('',(0.0,1.0,0.0));
#18865=CARTESIAN_POINT('',(-5.9182,3.6068,-6.5024));
#18866=DIRECTION('',(1.0,0.0,0.0));
#18867=DIRECTION('',(0.0,0.0,-1.0));
#18868=DIRECTION('',(0.0,0.0,1.0));
#18869=CARTESIAN_POINT('',(-5.9182,4.8768,-1.5494));
#18870=DIRECTION('',(-1.0,0.0,0.0));
#18871=DIRECTION('',(0.0,-1.0,0.0));
#18872=DIRECTION('',(0.0,0.486725663716812,-0.873554879947121));
#18873=CARTESIAN_POINT('',(-5.9182,6.2738,-4.0566772164236));
#18874=DIRECTION('',(-1.0,0.0,0.0));
#18875=DIRECTION('',(0.0,0.873554879947121,0.486725663716812));
#18876=DIRECTION('',(0.0,-0.743144825477376,0.669130606358878));
#18877=CARTESIAN_POINT('',(-5.9182,5.3848,-3.25621802104344));
#18878=DIRECTION('',(-1.0,-0.0,0.0));
#18879=DIRECTION('',(0.0,-0.669130606358878,-0.743144825477376));
#18880=DIRECTION('',(0.0,0.669130606358878,0.743144825477376));
#18881=DIRECTION('',(0.0,-0.743144825477376,0.669130606358879));
#18882=DIRECTION('',(0.0,-0.669130606358878,-0.743144825477376));
#18883=CARTESIAN_POINT('',(-5.9182,5.3848,-3.25621802104344));
#18884=DIRECTION('',(1.0,0.0,0.0));
#18885=DIRECTION('',(0.0,-0.743144825477376,0.669130606358878));
#18886=DIRECTION('',(0.0,0.743144825477376,-0.669130606358878));
#18887=CARTESIAN_POINT('',(-5.9182,6.2738,-4.0566772164236));
#18888=DIRECTION('',(1.0,0.0,0.0));
#18889=DIRECTION('',(0.0,-0.669130606358878,-0.743144825477376));
#18890=DIRECTION('',(0.0,-0.486725663716812,0.873554879947121));
#18891=CARTESIAN_POINT('',(-5.9182,4.8768,-1.5494));
#18892=DIRECTION('',(1.0,0.0,-0.0));
#18893=DIRECTION('',(0.0,0.873554879947121,0.486725663716812));
#18894=CARTESIAN_POINT('',(-5.9182,3.6068,-6.5024));
#18895=DIRECTION('',(-1.0,0.0,0.0));
#18896=DIRECTION('',(0.0,1.0,0.0));
#18897=DIRECTION('',(0.0,-1.0,0.0));
#18898=DIRECTION('',(0.0,0.0,-1.0));
#18899=DIRECTION('',(0.258819045102493,0.965925826289076,0.0));
#18900=DIRECTION('',(0.0,0.0,-1.0));
#18901=DIRECTION('',(-0.258819045102493,-0.965925826289076,0.0));
#18902=DIRECTION('',(0.0,1.0,0.0));
#18903=DIRECTION('',(1.0,0.0,0.0));
#18904=DIRECTION('',(1.0,0.0,0.0));
#18905=DIRECTION('',(-0.258819045102493,0.965925826289076,0.0));
#18906=DIRECTION('',(0.0,0.0,1.0));
#18907=DIRECTION('',(0.0,0.0,1.0));
#18908=DIRECTION('',(0.258819045102493,-0.965925826289076,0.0));
#18909=DIRECTION('',(1.0,0.0,0.0));
#18910=DIRECTION('',(1.0,0.0,0.0));
#18911=DIRECTION('',(0.0,-1.0,0.0));
#18912=CARTESIAN_POINT('',(-6.7818,3.6068,-6.5024));
#18913=DIRECTION('',(-1.0,0.0,0.0));
#18914=DIRECTION('',(0.0,1.0,0.0));
#18915=CARTESIAN_POINT('',(-6.7818,4.8768,-1.5494));
#18916=DIRECTION('',(1.0,0.0,-0.0));
#18917=DIRECTION('',(0.0,0.873554879947121,0.486725663716812));
#18918=DIRECTION('',(0.0,-0.486725663716812,0.873554879947121));
#18919=CARTESIAN_POINT('',(-6.7818,6.2738,-4.0566772164236));
#18920=DIRECTION('',(1.0,0.0,0.0));
#18921=DIRECTION('',(0.0,-0.669130606358878,-0.743144825477376));
#18922=DIRECTION('',(0.0,0.743144825477376,-0.669130606358878));
#18923=CARTESIAN_POINT('',(-6.7818,5.3848,-3.25621802104344));
#18924=DIRECTION('',(1.0,0.0,0.0));
#18925=DIRECTION('',(0.0,-0.743144825477376,0.669130606358878));
#18926=DIRECTION('',(0.0,-0.669130606358878,-0.743144825477376));
#18927=DIRECTION('',(0.0,-0.743144825477376,0.669130606358879));
#18928=DIRECTION('',(0.0,0.669130606358878,0.743144825477376));
#18929=CARTESIAN_POINT('',(-6.7818,5.3848,-3.25621802104344));
#18930=DIRECTION('',(-1.0,-0.0,0.0));
#18931=DIRECTION('',(0.0,-0.669130606358878,-0.743144825477376));
#18932=DIRECTION('',(0.0,-0.743144825477376,0.669130606358878));
#18933=CARTESIAN_POINT('',(-6.7818,6.2738,-4.0566772164236));
#18934=DIRECTION('',(-1.0,0.0,0.0));
#18935=DIRECTION('',(0.0,0.873554879947121,0.486725663716812));
#18936=DIRECTION('',(0.0,0.486725663716812,-0.873554879947121));
#18937=CARTESIAN_POINT('',(-6.7818,4.8768,-1.5494));
#18938=DIRECTION('',(-1.0,0.0,0.0));
#18939=DIRECTION('',(0.0,-1.0,0.0));
#18940=DIRECTION('',(0.0,0.0,1.0));
#18941=CARTESIAN_POINT('',(-6.7818,3.6068,-6.5024));
#18942=DIRECTION('',(1.0,0.0,0.0));
#18943=DIRECTION('',(0.0,0.0,-1.0));
#18944=DIRECTION('',(1.0,0.0,0.0));
#18945=DIRECTION('',(1.0,0.0,0.0));
#18946=DIRECTION('',(1.0,0.0,0.0));
#18947=DIRECTION('',(1.0,0.0,0.0));
#18948=DIRECTION('',(1.0,0.0,0.0));
#18949=DIRECTION('',(1.0,0.0,0.0));
#18950=DIRECTION('',(1.0,0.0,0.0));
#18951=DIRECTION('',(1.0,0.0,0.0));
#18952=DIRECTION('',(1.0,0.0,0.0));
#18953=DIRECTION('',(1.0,0.0,0.0));
#18954=DIRECTION('',(0.0,-0.360425687094784,-0.93278793092656));
#18955=DIRECTION('',(0.0,0.93278793092656,-0.360425687094784));
#18956=DIRECTION('',(0.0,1.0,0.0));
#18957=DIRECTION('',(-1.0,0.0,0.0));
#18958=DIRECTION('',(0.0,1.0,0.0));
#18959=DIRECTION('',(0.0,0.93278793092656,-0.360425687094784));
#18960=DIRECTION('',(0.0,-0.360425687094784,-0.93278793092656));
#18961=DIRECTION('',(-1.0,0.0,0.0));
#18962=CARTESIAN_POINT('',(-4.3688,3.6068,-6.3881));
#18963=DIRECTION('',(1.0,0.0,0.0));
#18964=DIRECTION('',(0.0,-1.0,0.0));
#18965=CARTESIAN_POINT('',(-3.2512,3.6068,-6.3881));
#18966=DIRECTION('',(-1.0,0.0,0.0));
#18967=DIRECTION('',(0.0,1.0,0.0));
#18968=DIRECTION('',(-1.0,0.0,0.0));
#18969=DIRECTION('',(1.0,0.0,0.0));
#18970=DIRECTION('',(0.0,0.0,1.0));
#18971=DIRECTION('',(-1.0,0.0,0.0));
#18972=DIRECTION('',(0.0,0.0,-1.0));
#18973=DIRECTION('',(1.0,0.0,0.0));
#18974=DIRECTION('',(0.0,0.0,-1.0));
#18975=DIRECTION('',(1.0,0.0,0.0));
#18976=DIRECTION('',(0.0,0.0,-1.0));
#18977=DIRECTION('',(0.0,1.665334536938E-13,-1.0));
#18978=DIRECTION('',(1.0,0.0,0.0));
#18979=DIRECTION('',(0.0,1.665334536938E-13,-1.0));
#18980=DIRECTION('',(0.0,1.0,0.0));
#18981=DIRECTION('',(0.0,1.0,0.0));
#18982=DIRECTION('',(0.0,1.0,0.0));
#18983=DIRECTION('',(0.0,1.0,0.0));
#18984=DIRECTION('',(0.0,1.0,0.0));
#18985=CARTESIAN_POINT('',(-3.3782,3.6068,-6.5024));
#18986=DIRECTION('',(1.0,0.0,0.0));
#18987=DIRECTION('',(0.0,0.0,-1.0));
#18988=DIRECTION('',(0.0,0.0,1.0));
#18989=CARTESIAN_POINT('',(-3.3782,4.8768,-1.5494));
#18990=DIRECTION('',(-1.0,0.0,0.0));
#18991=DIRECTION('',(0.0,-1.0,0.0));
#18992=DIRECTION('',(0.0,0.486725663716812,-0.873554879947121));
#18993=CARTESIAN_POINT('',(-3.3782,6.2738,-4.0566772164236));
#18994=DIRECTION('',(-1.0,0.0,0.0));
#18995=DIRECTION('',(0.0,0.873554879947121,0.486725663716812));
#18996=DIRECTION('',(0.0,-0.743144825477376,0.669130606358878));
#18997=CARTESIAN_POINT('',(-3.3782,5.3848,-3.25621802104344));
#18998=DIRECTION('',(-1.0,-0.0,0.0));
#18999=DIRECTION('',(0.0,-0.669130606358878,-0.743144825477376));
#19000=DIRECTION('',(0.0,0.669130606358878,0.743144825477376));
#19001=DIRECTION('',(0.0,-0.743144825477376,0.669130606358879));
#19002=DIRECTION('',(0.0,-0.669130606358878,-0.743144825477376));
#19003=CARTESIAN_POINT('',(-3.3782,5.3848,-3.25621802104344));
#19004=DIRECTION('',(1.0,0.0,0.0));
#19005=DIRECTION('',(0.0,-0.743144825477376,0.669130606358878));
#19006=DIRECTION('',(0.0,0.743144825477376,-0.669130606358878));
#19007=CARTESIAN_POINT('',(-3.3782,6.2738,-4.0566772164236));
#19008=DIRECTION('',(1.0,0.0,0.0));
#19009=DIRECTION('',(0.0,-0.669130606358878,-0.743144825477376));
#19010=DIRECTION('',(0.0,-0.486725663716812,0.873554879947121));
#19011=CARTESIAN_POINT('',(-3.3782,4.8768,-1.5494));
#19012=DIRECTION('',(1.0,0.0,-0.0));
#19013=DIRECTION('',(0.0,0.873554879947121,0.486725663716812));
#19014=CARTESIAN_POINT('',(-3.3782,3.6068,-6.5024));
#19015=DIRECTION('',(-1.0,0.0,0.0));
#19016=DIRECTION('',(0.0,1.0,0.0));
#19017=DIRECTION('',(0.0,-1.0,0.0));
#19018=DIRECTION('',(0.0,0.0,-1.0));
#19019=DIRECTION('',(0.258819045102493,0.965925826289076,0.0));
#19020=DIRECTION('',(0.0,0.0,-1.0));
#19021=DIRECTION('',(-0.258819045102493,-0.965925826289076,0.0));
#19022=DIRECTION('',(0.0,1.0,0.0));
#19023=DIRECTION('',(1.0,0.0,0.0));
#19024=DIRECTION('',(1.0,0.0,0.0));
#19025=DIRECTION('',(-0.258819045102493,0.965925826289076,0.0));
#19026=DIRECTION('',(0.0,0.0,1.0));
#19027=DIRECTION('',(0.0,0.0,1.0));
#19028=DIRECTION('',(0.258819045102493,-0.965925826289076,0.0));
#19029=DIRECTION('',(1.0,0.0,0.0));
#19030=DIRECTION('',(1.0,0.0,0.0));
#19031=DIRECTION('',(0.0,-1.0,0.0));
#19032=CARTESIAN_POINT('',(-4.2418,3.6068,-6.5024));
#19033=DIRECTION('',(-1.0,0.0,0.0));
#19034=DIRECTION('',(0.0,1.0,0.0));
#19035=CARTESIAN_POINT('',(-4.2418,4.8768,-1.5494));
#19036=DIRECTION('',(1.0,0.0,-0.0));
#19037=DIRECTION('',(0.0,0.873554879947121,0.486725663716812));
#19038=DIRECTION('',(0.0,-0.486725663716812,0.873554879947121));
#19039=CARTESIAN_POINT('',(-4.2418,6.2738,-4.0566772164236));
#19040=DIRECTION('',(1.0,0.0,0.0));
#19041=DIRECTION('',(0.0,-0.669130606358878,-0.743144825477376));
#19042=DIRECTION('',(0.0,0.743144825477376,-0.669130606358878));
#19043=CARTESIAN_POINT('',(-4.2418,5.3848,-3.25621802104344));
#19044=DIRECTION('',(1.0,0.0,0.0));
#19045=DIRECTION('',(0.0,-0.743144825477376,0.669130606358878));
#19046=DIRECTION('',(0.0,-0.669130606358878,-0.743144825477376));
#19047=DIRECTION('',(0.0,-0.743144825477376,0.669130606358879));
#19048=DIRECTION('',(0.0,0.669130606358878,0.743144825477376));
#19049=CARTESIAN_POINT('',(-4.2418,5.3848,-3.25621802104344));
#19050=DIRECTION('',(-1.0,-0.0,0.0));
#19051=DIRECTION('',(0.0,-0.669130606358878,-0.743144825477376));
#19052=DIRECTION('',(0.0,-0.743144825477376,0.669130606358878));
#19053=CARTESIAN_POINT('',(-4.2418,6.2738,-4.0566772164236));
#19054=DIRECTION('',(-1.0,0.0,0.0));
#19055=DIRECTION('',(0.0,0.873554879947121,0.486725663716812));
#19056=DIRECTION('',(0.0,0.486725663716812,-0.873554879947121));
#19057=CARTESIAN_POINT('',(-4.2418,4.8768,-1.5494));
#19058=DIRECTION('',(-1.0,0.0,0.0));
#19059=DIRECTION('',(0.0,-1.0,0.0));
#19060=DIRECTION('',(0.0,0.0,1.0));
#19061=CARTESIAN_POINT('',(-4.2418,3.6068,-6.5024));
#19062=DIRECTION('',(1.0,0.0,0.0));
#19063=DIRECTION('',(0.0,0.0,-1.0));
#19064=DIRECTION('',(1.0,0.0,0.0));
#19065=DIRECTION('',(1.0,0.0,0.0));
#19066=DIRECTION('',(1.0,0.0,0.0));
#19067=DIRECTION('',(1.0,0.0,0.0));
#19068=DIRECTION('',(1.0,0.0,0.0));
#19069=DIRECTION('',(1.0,0.0,0.0));
#19070=DIRECTION('',(1.0,0.0,0.0));
#19071=DIRECTION('',(1.0,0.0,0.0));
#19072=DIRECTION('',(1.0,0.0,0.0));
#19073=DIRECTION('',(1.0,0.0,0.0));
#19074=DIRECTION('',(0.0,-0.360425687094784,-0.93278793092656));
#19075=DIRECTION('',(0.0,0.93278793092656,-0.360425687094784));
#19076=DIRECTION('',(0.0,1.0,0.0));
#19077=DIRECTION('',(-1.0,0.0,0.0));
#19078=DIRECTION('',(0.0,1.0,0.0));
#19079=DIRECTION('',(0.0,0.93278793092656,-0.360425687094784));
#19080=DIRECTION('',(0.0,-0.360425687094784,-0.93278793092656));
#19081=DIRECTION('',(-1.0,0.0,0.0));
#19082=CARTESIAN_POINT('',(-1.8288,3.6068,-6.3881));
#19083=DIRECTION('',(1.0,0.0,0.0));
#19084=DIRECTION('',(0.0,-1.0,0.0));
#19085=CARTESIAN_POINT('',(-0.7112,3.6068,-6.3881));
#19086=DIRECTION('',(-1.0,0.0,0.0));
#19087=DIRECTION('',(0.0,1.0,0.0));
#19088=DIRECTION('',(-1.0,0.0,0.0));
#19089=DIRECTION('',(1.0,0.0,0.0));
#19090=DIRECTION('',(0.0,0.0,1.0));
#19091=DIRECTION('',(-1.0,0.0,0.0));
#19092=DIRECTION('',(0.0,0.0,-1.0));
#19093=DIRECTION('',(1.0,0.0,0.0));
#19094=DIRECTION('',(0.0,0.0,-1.0));
#19095=DIRECTION('',(1.0,0.0,0.0));
#19096=DIRECTION('',(0.0,0.0,-1.0));
#19097=DIRECTION('',(0.0,1.665334536938E-13,-1.0));
#19098=DIRECTION('',(1.0,0.0,0.0));
#19099=DIRECTION('',(0.0,1.665334536938E-13,-1.0));
#19100=DIRECTION('',(0.0,1.0,0.0));
#19101=DIRECTION('',(0.0,1.0,0.0));
#19102=DIRECTION('',(0.0,1.0,0.0));
#19103=DIRECTION('',(0.0,1.0,0.0));
#19104=DIRECTION('',(0.0,1.0,0.0));
#19105=CARTESIAN_POINT('',(-0.8382,3.6068,-6.5024));
#19106=DIRECTION('',(1.0,0.0,0.0));
#19107=DIRECTION('',(0.0,0.0,-1.0));
#19108=DIRECTION('',(0.0,0.0,1.0));
#19109=CARTESIAN_POINT('',(-0.8382,4.8768,-1.5494));
#19110=DIRECTION('',(-1.0,0.0,0.0));
#19111=DIRECTION('',(0.0,-1.0,0.0));
#19112=DIRECTION('',(0.0,0.486725663716812,-0.873554879947121));
#19113=CARTESIAN_POINT('',(-0.8382,6.2738,-4.0566772164236));
#19114=DIRECTION('',(-1.0,0.0,0.0));
#19115=DIRECTION('',(0.0,0.873554879947121,0.486725663716812));
#19116=DIRECTION('',(0.0,-0.743144825477376,0.669130606358878));
#19117=CARTESIAN_POINT('',(-0.8382,5.3848,-3.25621802104344));
#19118=DIRECTION('',(-1.0,-0.0,0.0));
#19119=DIRECTION('',(0.0,-0.669130606358878,-0.743144825477376));
#19120=DIRECTION('',(0.0,0.669130606358878,0.743144825477376));
#19121=DIRECTION('',(0.0,-0.743144825477376,0.669130606358879));
#19122=DIRECTION('',(0.0,-0.669130606358878,-0.743144825477376));
#19123=CARTESIAN_POINT('',(-0.8382,5.3848,-3.25621802104344));
#19124=DIRECTION('',(1.0,0.0,0.0));
#19125=DIRECTION('',(0.0,-0.743144825477376,0.669130606358878));
#19126=DIRECTION('',(0.0,0.743144825477376,-0.669130606358878));
#19127=CARTESIAN_POINT('',(-0.8382,6.2738,-4.0566772164236));
#19128=DIRECTION('',(1.0,0.0,0.0));
#19129=DIRECTION('',(0.0,-0.669130606358878,-0.743144825477376));
#19130=DIRECTION('',(0.0,-0.486725663716812,0.873554879947121));
#19131=CARTESIAN_POINT('',(-0.8382,4.8768,-1.5494));
#19132=DIRECTION('',(1.0,0.0,-0.0));
#19133=DIRECTION('',(0.0,0.873554879947121,0.486725663716812));
#19134=CARTESIAN_POINT('',(-0.8382,3.6068,-6.5024));
#19135=DIRECTION('',(-1.0,0.0,0.0));
#19136=DIRECTION('',(0.0,1.0,0.0));
#19137=DIRECTION('',(0.0,-1.0,0.0));
#19138=DIRECTION('',(0.0,0.0,-1.0));
#19139=DIRECTION('',(0.258819045102493,0.965925826289076,0.0));
#19140=DIRECTION('',(0.0,0.0,-1.0));
#19141=DIRECTION('',(-0.258819045102493,-0.965925826289076,0.0));
#19142=DIRECTION('',(0.0,1.0,0.0));
#19143=DIRECTION('',(1.0,0.0,0.0));
#19144=DIRECTION('',(1.0,0.0,0.0));
#19145=DIRECTION('',(-0.258819045102493,0.965925826289076,0.0));
#19146=DIRECTION('',(0.0,0.0,1.0));
#19147=DIRECTION('',(0.0,0.0,1.0));
#19148=DIRECTION('',(0.258819045102493,-0.965925826289076,0.0));
#19149=DIRECTION('',(1.0,0.0,0.0));
#19150=DIRECTION('',(1.0,0.0,0.0));
#19151=DIRECTION('',(0.0,-1.0,0.0));
#19152=CARTESIAN_POINT('',(-1.7018,3.6068,-6.5024));
#19153=DIRECTION('',(-1.0,0.0,0.0));
#19154=DIRECTION('',(0.0,1.0,0.0));
#19155=CARTESIAN_POINT('',(-1.7018,4.8768,-1.5494));
#19156=DIRECTION('',(1.0,0.0,-0.0));
#19157=DIRECTION('',(0.0,0.873554879947121,0.486725663716812));
#19158=DIRECTION('',(0.0,-0.486725663716812,0.873554879947121));
#19159=CARTESIAN_POINT('',(-1.7018,6.2738,-4.0566772164236));
#19160=DIRECTION('',(1.0,0.0,0.0));
#19161=DIRECTION('',(0.0,-0.669130606358878,-0.743144825477376));
#19162=DIRECTION('',(0.0,0.743144825477376,-0.669130606358878));
#19163=CARTESIAN_POINT('',(-1.7018,5.3848,-3.25621802104344));
#19164=DIRECTION('',(1.0,0.0,0.0));
#19165=DIRECTION('',(0.0,-0.743144825477376,0.669130606358878));
#19166=DIRECTION('',(0.0,-0.669130606358878,-0.743144825477376));
#19167=DIRECTION('',(0.0,-0.743144825477376,0.669130606358879));
#19168=DIRECTION('',(0.0,0.669130606358878,0.743144825477376));
#19169=CARTESIAN_POINT('',(-1.7018,5.3848,-3.25621802104344));
#19170=DIRECTION('',(-1.0,-0.0,0.0));
#19171=DIRECTION('',(0.0,-0.669130606358878,-0.743144825477376));
#19172=DIRECTION('',(0.0,-0.743144825477376,0.669130606358878));
#19173=CARTESIAN_POINT('',(-1.7018,6.2738,-4.0566772164236));
#19174=DIRECTION('',(-1.0,0.0,0.0));
#19175=DIRECTION('',(0.0,0.873554879947121,0.486725663716812));
#19176=DIRECTION('',(0.0,0.486725663716812,-0.873554879947121));
#19177=CARTESIAN_POINT('',(-1.7018,4.8768,-1.5494));
#19178=DIRECTION('',(-1.0,0.0,0.0));
#19179=DIRECTION('',(0.0,-1.0,0.0));
#19180=DIRECTION('',(0.0,0.0,1.0));
#19181=CARTESIAN_POINT('',(-1.7018,3.6068,-6.5024));
#19182=DIRECTION('',(1.0,0.0,0.0));
#19183=DIRECTION('',(0.0,0.0,-1.0));
#19184=DIRECTION('',(1.0,0.0,0.0));
#19185=DIRECTION('',(1.0,0.0,0.0));
#19186=DIRECTION('',(1.0,0.0,0.0));
#19187=DIRECTION('',(1.0,0.0,0.0));
#19188=DIRECTION('',(1.0,0.0,0.0));
#19189=DIRECTION('',(1.0,0.0,0.0));
#19190=DIRECTION('',(1.0,0.0,0.0));
#19191=DIRECTION('',(1.0,0.0,0.0));
#19192=DIRECTION('',(1.0,0.0,0.0));
#19193=DIRECTION('',(1.0,0.0,0.0));
#19194=DIRECTION('',(0.0,-0.360425687094784,-0.93278793092656));
#19195=DIRECTION('',(0.0,0.93278793092656,-0.360425687094784));
#19196=DIRECTION('',(0.0,1.0,0.0));
#19197=DIRECTION('',(-1.0,0.0,0.0));
#19198=DIRECTION('',(0.0,1.0,0.0));
#19199=DIRECTION('',(0.0,0.93278793092656,-0.360425687094784));
#19200=DIRECTION('',(0.0,-0.360425687094784,-0.93278793092656));
#19201=DIRECTION('',(-1.0,0.0,0.0));
#19202=CARTESIAN_POINT('',(0.7112,3.6068,-6.3881));
#19203=DIRECTION('',(1.0,0.0,0.0));
#19204=DIRECTION('',(0.0,-1.0,0.0));
#19205=CARTESIAN_POINT('',(1.8288,3.6068,-6.3881));
#19206=DIRECTION('',(-1.0,0.0,0.0));
#19207=DIRECTION('',(0.0,1.0,0.0));
#19208=DIRECTION('',(-1.0,0.0,0.0));
#19209=DIRECTION('',(1.0,0.0,0.0));
#19210=DIRECTION('',(0.0,0.0,1.0));
#19211=DIRECTION('',(-1.0,0.0,0.0));
#19212=DIRECTION('',(0.0,0.0,-1.0));
#19213=DIRECTION('',(1.0,0.0,0.0));
#19214=DIRECTION('',(0.0,0.0,-1.0));
#19215=DIRECTION('',(1.0,0.0,0.0));
#19216=DIRECTION('',(0.0,0.0,-1.0));
#19217=DIRECTION('',(0.0,1.665334536938E-13,-1.0));
#19218=DIRECTION('',(1.0,0.0,0.0));
#19219=DIRECTION('',(0.0,1.665334536938E-13,-1.0));
#19220=DIRECTION('',(0.0,1.0,0.0));
#19221=DIRECTION('',(0.0,1.0,0.0));
#19222=DIRECTION('',(0.0,1.0,0.0));
#19223=DIRECTION('',(0.0,1.0,0.0));
#19224=DIRECTION('',(0.0,1.0,0.0));
#19225=CARTESIAN_POINT('',(1.7018,3.6068,-6.5024));
#19226=DIRECTION('',(1.0,0.0,0.0));
#19227=DIRECTION('',(0.0,0.0,-1.0));
#19228=DIRECTION('',(0.0,0.0,1.0));
#19229=CARTESIAN_POINT('',(1.7018,4.8768,-1.5494));
#19230=DIRECTION('',(-1.0,0.0,0.0));
#19231=DIRECTION('',(0.0,-1.0,0.0));
#19232=DIRECTION('',(0.0,0.486725663716812,-0.873554879947121));
#19233=CARTESIAN_POINT('',(1.7018,6.2738,-4.0566772164236));
#19234=DIRECTION('',(-1.0,0.0,0.0));
#19235=DIRECTION('',(0.0,0.873554879947121,0.486725663716812));
#19236=DIRECTION('',(0.0,-0.743144825477376,0.669130606358878));
#19237=CARTESIAN_POINT('',(1.7018,5.3848,-3.25621802104344));
#19238=DIRECTION('',(-1.0,-0.0,0.0));
#19239=DIRECTION('',(0.0,-0.669130606358878,-0.743144825477376));
#19240=DIRECTION('',(0.0,0.669130606358878,0.743144825477376));
#19241=DIRECTION('',(0.0,-0.743144825477376,0.669130606358879));
#19242=DIRECTION('',(0.0,-0.669130606358878,-0.743144825477376));
#19243=CARTESIAN_POINT('',(1.7018,5.3848,-3.25621802104344));
#19244=DIRECTION('',(1.0,0.0,0.0));
#19245=DIRECTION('',(0.0,-0.743144825477376,0.669130606358878));
#19246=DIRECTION('',(0.0,0.743144825477376,-0.669130606358878));
#19247=CARTESIAN_POINT('',(1.7018,6.2738,-4.0566772164236));
#19248=DIRECTION('',(1.0,0.0,0.0));
#19249=DIRECTION('',(0.0,-0.669130606358878,-0.743144825477376));
#19250=DIRECTION('',(0.0,-0.486725663716812,0.873554879947121));
#19251=CARTESIAN_POINT('',(1.7018,4.8768,-1.5494));
#19252=DIRECTION('',(1.0,0.0,-0.0));
#19253=DIRECTION('',(0.0,0.873554879947121,0.486725663716812));
#19254=CARTESIAN_POINT('',(1.7018,3.6068,-6.5024));
#19255=DIRECTION('',(-1.0,0.0,0.0));
#19256=DIRECTION('',(0.0,1.0,0.0));
#19257=DIRECTION('',(0.0,-1.0,0.0));
#19258=DIRECTION('',(0.0,0.0,-1.0));
#19259=DIRECTION('',(0.258819045102493,0.965925826289076,0.0));
#19260=DIRECTION('',(0.0,0.0,-1.0));
#19261=DIRECTION('',(-0.258819045102493,-0.965925826289076,0.0));
#19262=DIRECTION('',(0.0,1.0,0.0));
#19263=DIRECTION('',(1.0,0.0,0.0));
#19264=DIRECTION('',(1.0,0.0,0.0));
#19265=DIRECTION('',(-0.258819045102493,0.965925826289076,0.0));
#19266=DIRECTION('',(0.0,0.0,1.0));
#19267=DIRECTION('',(0.0,0.0,1.0));
#19268=DIRECTION('',(0.258819045102493,-0.965925826289076,0.0));
#19269=DIRECTION('',(1.0,0.0,0.0));
#19270=DIRECTION('',(1.0,0.0,0.0));
#19271=DIRECTION('',(0.0,-1.0,0.0));
#19272=CARTESIAN_POINT('',(0.8382,3.6068,-6.5024));
#19273=DIRECTION('',(-1.0,0.0,0.0));
#19274=DIRECTION('',(0.0,1.0,0.0));
#19275=CARTESIAN_POINT('',(0.8382,4.8768,-1.5494));
#19276=DIRECTION('',(1.0,0.0,-0.0));
#19277=DIRECTION('',(0.0,0.873554879947121,0.486725663716812));
#19278=DIRECTION('',(0.0,-0.486725663716812,0.873554879947121));
#19279=CARTESIAN_POINT('',(0.8382,6.2738,-4.0566772164236));
#19280=DIRECTION('',(1.0,0.0,0.0));
#19281=DIRECTION('',(0.0,-0.669130606358878,-0.743144825477376));
#19282=DIRECTION('',(0.0,0.743144825477376,-0.669130606358878));
#19283=CARTESIAN_POINT('',(0.8382,5.3848,-3.25621802104344));
#19284=DIRECTION('',(1.0,0.0,0.0));
#19285=DIRECTION('',(0.0,-0.743144825477376,0.669130606358878));
#19286=DIRECTION('',(0.0,-0.669130606358878,-0.743144825477376));
#19287=DIRECTION('',(0.0,-0.743144825477376,0.669130606358879));
#19288=DIRECTION('',(0.0,0.669130606358878,0.743144825477376));
#19289=CARTESIAN_POINT('',(0.8382,5.3848,-3.25621802104344));
#19290=DIRECTION('',(-1.0,-0.0,0.0));
#19291=DIRECTION('',(0.0,-0.669130606358878,-0.743144825477376));
#19292=DIRECTION('',(0.0,-0.743144825477376,0.669130606358878));
#19293=CARTESIAN_POINT('',(0.8382,6.2738,-4.0566772164236));
#19294=DIRECTION('',(-1.0,0.0,0.0));
#19295=DIRECTION('',(0.0,0.873554879947121,0.486725663716812));
#19296=DIRECTION('',(0.0,0.486725663716812,-0.873554879947121));
#19297=CARTESIAN_POINT('',(0.8382,4.8768,-1.5494));
#19298=DIRECTION('',(-1.0,0.0,0.0));
#19299=DIRECTION('',(0.0,-1.0,0.0));
#19300=DIRECTION('',(0.0,0.0,1.0));
#19301=CARTESIAN_POINT('',(0.8382,3.6068,-6.5024));
#19302=DIRECTION('',(1.0,0.0,0.0));
#19303=DIRECTION('',(0.0,0.0,-1.0));
#19304=DIRECTION('',(1.0,0.0,0.0));
#19305=DIRECTION('',(1.0,0.0,0.0));
#19306=DIRECTION('',(1.0,0.0,0.0));
#19307=DIRECTION('',(1.0,0.0,0.0));
#19308=DIRECTION('',(1.0,0.0,0.0));
#19309=DIRECTION('',(1.0,0.0,0.0));
#19310=DIRECTION('',(1.0,0.0,0.0));
#19311=DIRECTION('',(1.0,0.0,0.0));
#19312=DIRECTION('',(1.0,0.0,0.0));
#19313=DIRECTION('',(1.0,0.0,0.0));
#19314=DIRECTION('',(0.0,-0.360425687094784,-0.93278793092656));
#19315=DIRECTION('',(0.0,0.93278793092656,-0.360425687094784));
#19316=DIRECTION('',(0.0,1.0,0.0));
#19317=DIRECTION('',(-1.0,0.0,0.0));
#19318=DIRECTION('',(0.0,1.0,0.0));
#19319=DIRECTION('',(0.0,0.93278793092656,-0.360425687094784));
#19320=DIRECTION('',(0.0,-0.360425687094784,-0.93278793092656));
#19321=DIRECTION('',(-1.0,0.0,0.0));
#19322=CARTESIAN_POINT('',(3.2512,3.6068,-6.3881));
#19323=DIRECTION('',(1.0,0.0,0.0));
#19324=DIRECTION('',(0.0,-1.0,0.0));
#19325=CARTESIAN_POINT('',(4.3688,3.6068,-6.3881));
#19326=DIRECTION('',(-1.0,0.0,0.0));
#19327=DIRECTION('',(0.0,1.0,0.0));
#19328=DIRECTION('',(-1.0,0.0,0.0));
#19329=DIRECTION('',(1.0,0.0,0.0));
#19330=DIRECTION('',(0.0,0.0,1.0));
#19331=DIRECTION('',(-1.0,0.0,0.0));
#19332=DIRECTION('',(0.0,0.0,-1.0));
#19333=DIRECTION('',(1.0,0.0,0.0));
#19334=DIRECTION('',(0.0,0.0,-1.0));
#19335=DIRECTION('',(1.0,0.0,0.0));
#19336=DIRECTION('',(0.0,0.0,-1.0));
#19337=DIRECTION('',(0.0,1.665334536938E-13,-1.0));
#19338=DIRECTION('',(1.0,0.0,0.0));
#19339=DIRECTION('',(-1.233581138472E-14,1.665334536938E-13,-1.0));
#19340=DIRECTION('',(0.0,1.0,0.0));
#19341=DIRECTION('',(0.0,1.0,0.0));
#19342=DIRECTION('',(0.0,1.0,0.0));
#19343=DIRECTION('',(0.0,1.0,0.0));
#19344=DIRECTION('',(0.0,1.0,0.0));
#19345=CARTESIAN_POINT('',(4.2418,3.6068,-6.5024));
#19346=DIRECTION('',(1.0,0.0,0.0));
#19347=DIRECTION('',(0.0,0.0,-1.0));
#19348=DIRECTION('',(0.0,0.0,1.0));
#19349=CARTESIAN_POINT('',(4.2418,4.8768,-1.5494));
#19350=DIRECTION('',(-1.0,0.0,0.0));
#19351=DIRECTION('',(0.0,-1.0,0.0));
#19352=DIRECTION('',(0.0,0.486725663716812,-0.873554879947121));
#19353=CARTESIAN_POINT('',(4.2418,6.2738,-4.0566772164236));
#19354=DIRECTION('',(-1.0,0.0,0.0));
#19355=DIRECTION('',(0.0,0.873554879947121,0.486725663716812));
#19356=DIRECTION('',(0.0,-0.743144825477376,0.669130606358878));
#19357=CARTESIAN_POINT('',(4.2418,5.3848,-3.25621802104344));
#19358=DIRECTION('',(-1.0,-0.0,0.0));
#19359=DIRECTION('',(0.0,-0.669130606358878,-0.743144825477376));
#19360=DIRECTION('',(0.0,0.669130606358878,0.743144825477376));
#19361=DIRECTION('',(0.0,-0.743144825477376,0.669130606358879));
#19362=DIRECTION('',(0.0,-0.669130606358878,-0.743144825477376));
#19363=CARTESIAN_POINT('',(4.2418,5.3848,-3.25621802104344));
#19364=DIRECTION('',(1.0,0.0,0.0));
#19365=DIRECTION('',(0.0,-0.743144825477376,0.669130606358878));
#19366=DIRECTION('',(0.0,0.743144825477376,-0.669130606358878));
#19367=CARTESIAN_POINT('',(4.2418,6.2738,-4.0566772164236));
#19368=DIRECTION('',(1.0,0.0,0.0));
#19369=DIRECTION('',(0.0,-0.669130606358878,-0.743144825477376));
#19370=DIRECTION('',(0.0,-0.486725663716812,0.873554879947121));
#19371=CARTESIAN_POINT('',(4.2418,4.8768,-1.5494));
#19372=DIRECTION('',(1.0,0.0,-0.0));
#19373=DIRECTION('',(0.0,0.873554879947121,0.486725663716812));
#19374=CARTESIAN_POINT('',(4.2418,3.6068,-6.5024));
#19375=DIRECTION('',(-1.0,0.0,0.0));
#19376=DIRECTION('',(0.0,1.0,0.0));
#19377=DIRECTION('',(0.0,-1.0,0.0));
#19378=DIRECTION('',(0.0,0.0,-1.0));
#19379=DIRECTION('',(0.258819045102493,0.965925826289076,0.0));
#19380=DIRECTION('',(0.0,0.0,-1.0));
#19381=DIRECTION('',(-0.258819045102493,-0.965925826289076,0.0));
#19382=DIRECTION('',(0.0,1.0,0.0));
#19383=DIRECTION('',(1.0,0.0,0.0));
#19384=DIRECTION('',(1.0,0.0,0.0));
#19385=DIRECTION('',(-0.258819045102493,0.965925826289076,0.0));
#19386=DIRECTION('',(0.0,0.0,1.0));
#19387=DIRECTION('',(0.0,0.0,1.0));
#19388=DIRECTION('',(0.258819045102493,-0.965925826289076,0.0));
#19389=DIRECTION('',(1.0,0.0,0.0));
#19390=DIRECTION('',(1.0,0.0,0.0));
#19391=DIRECTION('',(0.0,-1.0,0.0));
#19392=CARTESIAN_POINT('',(3.3782,3.6068,-6.5024));
#19393=DIRECTION('',(-1.0,0.0,0.0));
#19394=DIRECTION('',(0.0,1.0,0.0));
#19395=CARTESIAN_POINT('',(3.3782,4.8768,-1.5494));
#19396=DIRECTION('',(1.0,0.0,-0.0));
#19397=DIRECTION('',(0.0,0.873554879947121,0.486725663716812));
#19398=DIRECTION('',(0.0,-0.486725663716812,0.873554879947121));
#19399=CARTESIAN_POINT('',(3.3782,6.2738,-4.0566772164236));
#19400=DIRECTION('',(1.0,0.0,0.0));
#19401=DIRECTION('',(0.0,-0.669130606358878,-0.743144825477376));
#19402=DIRECTION('',(0.0,0.743144825477376,-0.669130606358878));
#19403=CARTESIAN_POINT('',(3.3782,5.3848,-3.25621802104344));
#19404=DIRECTION('',(1.0,0.0,0.0));
#19405=DIRECTION('',(0.0,-0.743144825477376,0.669130606358878));
#19406=DIRECTION('',(0.0,-0.669130606358878,-0.743144825477376));
#19407=DIRECTION('',(0.0,-0.743144825477376,0.669130606358879));
#19408=DIRECTION('',(0.0,0.669130606358878,0.743144825477376));
#19409=CARTESIAN_POINT('',(3.3782,5.3848,-3.25621802104344));
#19410=DIRECTION('',(-1.0,-0.0,0.0));
#19411=DIRECTION('',(0.0,-0.669130606358878,-0.743144825477376));
#19412=DIRECTION('',(0.0,-0.743144825477376,0.669130606358878));
#19413=CARTESIAN_POINT('',(3.3782,6.2738,-4.0566772164236));
#19414=DIRECTION('',(-1.0,0.0,0.0));
#19415=DIRECTION('',(0.0,0.873554879947121,0.486725663716812));
#19416=DIRECTION('',(0.0,0.486725663716812,-0.873554879947121));
#19417=CARTESIAN_POINT('',(3.3782,4.8768,-1.5494));
#19418=DIRECTION('',(-1.0,0.0,0.0));
#19419=DIRECTION('',(0.0,-1.0,0.0));
#19420=DIRECTION('',(0.0,0.0,1.0));
#19421=CARTESIAN_POINT('',(3.3782,3.6068,-6.5024));
#19422=DIRECTION('',(1.0,0.0,0.0));
#19423=DIRECTION('',(0.0,0.0,-1.0));
#19424=DIRECTION('',(1.0,0.0,0.0));
#19425=DIRECTION('',(1.0,0.0,0.0));
#19426=DIRECTION('',(1.0,0.0,0.0));
#19427=DIRECTION('',(1.0,0.0,0.0));
#19428=DIRECTION('',(1.0,0.0,0.0));
#19429=DIRECTION('',(1.0,0.0,0.0));
#19430=DIRECTION('',(1.0,0.0,0.0));
#19431=DIRECTION('',(1.0,0.0,0.0));
#19432=DIRECTION('',(1.0,0.0,0.0));
#19433=DIRECTION('',(1.0,0.0,0.0));
#19434=DIRECTION('',(0.0,-0.360425687094784,-0.93278793092656));
#19435=DIRECTION('',(0.0,0.93278793092656,-0.360425687094784));
#19436=DIRECTION('',(0.0,1.0,0.0));
#19437=DIRECTION('',(-1.0,0.0,0.0));
#19438=DIRECTION('',(0.0,1.0,0.0));
#19439=DIRECTION('',(0.0,0.93278793092656,-0.360425687094784));
#19440=DIRECTION('',(0.0,-0.360425687094784,-0.93278793092656));
#19441=DIRECTION('',(-1.0,0.0,0.0));
#19442=CARTESIAN_POINT('',(5.7912,3.6068,-6.3881));
#19443=DIRECTION('',(1.0,0.0,0.0));
#19444=DIRECTION('',(0.0,-1.0,0.0));
#19445=CARTESIAN_POINT('',(6.9088,3.6068,-6.3881));
#19446=DIRECTION('',(-1.0,0.0,0.0));
#19447=DIRECTION('',(0.0,1.0,0.0));
#19448=DIRECTION('',(-1.0,0.0,0.0));
#19449=DIRECTION('',(1.0,0.0,0.0));
#19450=DIRECTION('',(0.0,0.0,1.0));
#19451=DIRECTION('',(-1.0,0.0,0.0));
#19452=DIRECTION('',(0.0,0.0,-1.0));
#19453=DIRECTION('',(1.0,0.0,0.0));
#19454=DIRECTION('',(0.0,0.0,-1.0));
#19455=DIRECTION('',(1.0,0.0,0.0));
#19456=DIRECTION('',(0.0,0.0,-1.0));
#19457=DIRECTION('',(0.0,1.665334536938E-13,-1.0));
#19458=DIRECTION('',(1.0,0.0,0.0));
#19459=DIRECTION('',(0.0,1.665334536938E-13,-1.0));
#19460=DIRECTION('',(0.0,1.0,0.0));
#19461=DIRECTION('',(0.0,1.0,0.0));
#19462=DIRECTION('',(0.0,1.0,0.0));
#19463=DIRECTION('',(0.0,1.0,0.0));
#19464=DIRECTION('',(0.0,1.0,0.0));
#19465=CARTESIAN_POINT('',(6.7818,3.6068,-6.5024));
#19466=DIRECTION('',(1.0,0.0,0.0));
#19467=DIRECTION('',(0.0,0.0,-1.0));
#19468=DIRECTION('',(0.0,0.0,1.0));
#19469=CARTESIAN_POINT('',(6.7818,4.8768,-1.5494));
#19470=DIRECTION('',(-1.0,0.0,0.0));
#19471=DIRECTION('',(0.0,-1.0,0.0));
#19472=DIRECTION('',(0.0,0.486725663716812,-0.873554879947121));
#19473=CARTESIAN_POINT('',(6.7818,6.2738,-4.0566772164236));
#19474=DIRECTION('',(-1.0,0.0,0.0));
#19475=DIRECTION('',(0.0,0.873554879947121,0.486725663716812));
#19476=DIRECTION('',(0.0,-0.743144825477376,0.669130606358878));
#19477=CARTESIAN_POINT('',(6.7818,5.3848,-3.25621802104344));
#19478=DIRECTION('',(-1.0,-0.0,0.0));
#19479=DIRECTION('',(0.0,-0.669130606358878,-0.743144825477376));
#19480=DIRECTION('',(0.0,0.669130606358878,0.743144825477376));
#19481=DIRECTION('',(0.0,-0.743144825477376,0.669130606358879));
#19482=DIRECTION('',(0.0,-0.669130606358878,-0.743144825477376));
#19483=CARTESIAN_POINT('',(6.7818,5.3848,-3.25621802104344));
#19484=DIRECTION('',(1.0,0.0,0.0));
#19485=DIRECTION('',(0.0,-0.743144825477376,0.669130606358878));
#19486=DIRECTION('',(0.0,0.743144825477376,-0.669130606358878));
#19487=CARTESIAN_POINT('',(6.7818,6.2738,-4.0566772164236));
#19488=DIRECTION('',(1.0,0.0,0.0));
#19489=DIRECTION('',(0.0,-0.669130606358878,-0.743144825477376));
#19490=DIRECTION('',(0.0,-0.486725663716812,0.873554879947121));
#19491=CARTESIAN_POINT('',(6.7818,4.8768,-1.5494));
#19492=DIRECTION('',(1.0,0.0,-0.0));
#19493=DIRECTION('',(0.0,0.873554879947121,0.486725663716812));
#19494=CARTESIAN_POINT('',(6.7818,3.6068,-6.5024));
#19495=DIRECTION('',(-1.0,0.0,0.0));
#19496=DIRECTION('',(0.0,1.0,0.0));
#19497=DIRECTION('',(0.0,-1.0,0.0));
#19498=DIRECTION('',(0.0,0.0,-1.0));
#19499=DIRECTION('',(0.258819045102493,0.965925826289076,0.0));
#19500=DIRECTION('',(0.0,0.0,-1.0));
#19501=DIRECTION('',(-0.258819045102493,-0.965925826289076,0.0));
#19502=DIRECTION('',(0.0,1.0,0.0));
#19503=DIRECTION('',(1.0,0.0,0.0));
#19504=DIRECTION('',(1.0,0.0,0.0));
#19505=DIRECTION('',(-0.258819045102493,0.965925826289076,0.0));
#19506=DIRECTION('',(0.0,0.0,1.0));
#19507=DIRECTION('',(0.0,0.0,1.0));
#19508=DIRECTION('',(0.258819045102493,-0.965925826289076,0.0));
#19509=DIRECTION('',(1.0,0.0,0.0));
#19510=DIRECTION('',(1.0,0.0,0.0));
#19511=DIRECTION('',(0.0,-1.0,0.0));
#19512=CARTESIAN_POINT('',(5.9182,3.6068,-6.5024));
#19513=DIRECTION('',(-1.0,0.0,0.0));
#19514=DIRECTION('',(0.0,1.0,0.0));
#19515=CARTESIAN_POINT('',(5.9182,4.8768,-1.5494));
#19516=DIRECTION('',(1.0,0.0,-0.0));
#19517=DIRECTION('',(0.0,0.873554879947121,0.486725663716812));
#19518=DIRECTION('',(0.0,-0.486725663716812,0.873554879947121));
#19519=CARTESIAN_POINT('',(5.9182,6.2738,-4.0566772164236));
#19520=DIRECTION('',(1.0,0.0,0.0));
#19521=DIRECTION('',(0.0,-0.669130606358878,-0.743144825477376));
#19522=DIRECTION('',(0.0,0.743144825477376,-0.669130606358878));
#19523=CARTESIAN_POINT('',(5.9182,5.3848,-3.25621802104344));
#19524=DIRECTION('',(1.0,0.0,0.0));
#19525=DIRECTION('',(0.0,-0.743144825477376,0.669130606358878));
#19526=DIRECTION('',(0.0,-0.669130606358878,-0.743144825477376));
#19527=DIRECTION('',(0.0,-0.743144825477376,0.669130606358879));
#19528=DIRECTION('',(0.0,0.669130606358878,0.743144825477376));
#19529=CARTESIAN_POINT('',(5.9182,5.3848,-3.25621802104344));
#19530=DIRECTION('',(-1.0,-0.0,0.0));
#19531=DIRECTION('',(0.0,-0.669130606358878,-0.743144825477376));
#19532=DIRECTION('',(0.0,-0.743144825477376,0.669130606358878));
#19533=CARTESIAN_POINT('',(5.9182,6.2738,-4.0566772164236));
#19534=DIRECTION('',(-1.0,0.0,0.0));
#19535=DIRECTION('',(0.0,0.873554879947121,0.486725663716812));
#19536=DIRECTION('',(0.0,0.486725663716812,-0.873554879947121));
#19537=CARTESIAN_POINT('',(5.9182,4.8768,-1.5494));
#19538=DIRECTION('',(-1.0,0.0,0.0));
#19539=DIRECTION('',(0.0,-1.0,0.0));
#19540=DIRECTION('',(0.0,0.0,1.0));
#19541=CARTESIAN_POINT('',(5.9182,3.6068,-6.5024));
#19542=DIRECTION('',(1.0,0.0,0.0));
#19543=DIRECTION('',(0.0,0.0,-1.0));
#19544=DIRECTION('',(1.0,0.0,0.0));
#19545=DIRECTION('',(1.0,0.0,0.0));
#19546=DIRECTION('',(1.0,0.0,0.0));
#19547=DIRECTION('',(1.0,0.0,0.0));
#19548=DIRECTION('',(1.0,0.0,0.0));
#19549=DIRECTION('',(1.0,0.0,0.0));
#19550=DIRECTION('',(1.0,0.0,0.0));
#19551=DIRECTION('',(1.0,0.0,0.0));
#19552=DIRECTION('',(1.0,0.0,0.0));
#19553=DIRECTION('',(1.0,0.0,0.0));
#19554=DIRECTION('',(0.0,-0.360425687094784,-0.93278793092656));
#19555=DIRECTION('',(0.0,0.93278793092656,-0.360425687094784));
#19556=DIRECTION('',(0.0,1.0,0.0));
#19557=DIRECTION('',(-1.0,0.0,0.0));
#19558=DIRECTION('',(0.0,1.0,0.0));
#19559=DIRECTION('',(0.0,0.93278793092656,-0.360425687094784));
#19560=DIRECTION('',(0.0,-0.360425687094784,-0.93278793092656));
#19561=DIRECTION('',(-1.0,0.0,0.0));
#19562=CARTESIAN_POINT('',(8.3312,3.6068,-6.3881));
#19563=DIRECTION('',(1.0,0.0,0.0));
#19564=DIRECTION('',(0.0,-1.0,0.0));
#19565=CARTESIAN_POINT('',(9.4488,3.6068,-6.3881));
#19566=DIRECTION('',(-1.0,0.0,0.0));
#19567=DIRECTION('',(0.0,1.0,0.0));
#19568=DIRECTION('',(-1.0,0.0,0.0));
#19569=DIRECTION('',(1.0,0.0,0.0));
#19570=DIRECTION('',(0.0,0.0,1.0));
#19571=DIRECTION('',(-1.0,0.0,0.0));
#19572=DIRECTION('',(0.0,0.0,-1.0));
#19573=DIRECTION('',(1.0,0.0,0.0));
#19574=DIRECTION('',(0.0,0.0,-1.0));
#19575=DIRECTION('',(1.0,0.0,0.0));
#19576=DIRECTION('',(0.0,0.0,-1.0));
#19577=DIRECTION('',(0.0,1.665334536938E-13,-1.0));
#19578=DIRECTION('',(1.0,0.0,0.0));
#19579=DIRECTION('',(0.0,1.665334536938E-13,-1.0));
#19580=DIRECTION('',(0.0,1.0,0.0));
#19581=DIRECTION('',(0.0,1.0,0.0));
#19582=DIRECTION('',(0.0,1.0,0.0));
#19583=DIRECTION('',(0.0,1.0,0.0));
#19584=DIRECTION('',(0.0,1.0,0.0));
#19585=CARTESIAN_POINT('',(9.3218,3.6068,-6.5024));
#19586=DIRECTION('',(1.0,0.0,0.0));
#19587=DIRECTION('',(0.0,0.0,-1.0));
#19588=DIRECTION('',(0.0,0.0,1.0));
#19589=CARTESIAN_POINT('',(9.3218,4.8768,-1.5494));
#19590=DIRECTION('',(-1.0,0.0,0.0));
#19591=DIRECTION('',(0.0,-1.0,0.0));
#19592=DIRECTION('',(0.0,0.486725663716812,-0.873554879947121));
#19593=CARTESIAN_POINT('',(9.3218,6.2738,-4.0566772164236));
#19594=DIRECTION('',(-1.0,0.0,0.0));
#19595=DIRECTION('',(0.0,0.873554879947121,0.486725663716812));
#19596=DIRECTION('',(0.0,-0.743144825477376,0.669130606358878));
#19597=CARTESIAN_POINT('',(9.3218,5.3848,-3.25621802104344));
#19598=DIRECTION('',(-1.0,-0.0,0.0));
#19599=DIRECTION('',(0.0,-0.669130606358878,-0.743144825477376));
#19600=DIRECTION('',(0.0,0.669130606358878,0.743144825477376));
#19601=DIRECTION('',(0.0,-0.743144825477376,0.669130606358879));
#19602=DIRECTION('',(0.0,-0.669130606358878,-0.743144825477376));
#19603=CARTESIAN_POINT('',(9.3218,5.3848,-3.25621802104344));
#19604=DIRECTION('',(1.0,0.0,0.0));
#19605=DIRECTION('',(0.0,-0.743144825477376,0.669130606358878));
#19606=DIRECTION('',(0.0,0.743144825477376,-0.669130606358878));
#19607=CARTESIAN_POINT('',(9.3218,6.2738,-4.0566772164236));
#19608=DIRECTION('',(1.0,0.0,0.0));
#19609=DIRECTION('',(0.0,-0.669130606358878,-0.743144825477376));
#19610=DIRECTION('',(0.0,-0.486725663716812,0.873554879947121));
#19611=CARTESIAN_POINT('',(9.3218,4.8768,-1.5494));
#19612=DIRECTION('',(1.0,0.0,-0.0));
#19613=DIRECTION('',(0.0,0.873554879947121,0.486725663716812));
#19614=CARTESIAN_POINT('',(9.3218,3.6068,-6.5024));
#19615=DIRECTION('',(-1.0,0.0,0.0));
#19616=DIRECTION('',(0.0,1.0,0.0));
#19617=DIRECTION('',(0.0,-1.0,0.0));
#19618=DIRECTION('',(0.0,0.0,-1.0));
#19619=DIRECTION('',(0.258819045102493,0.965925826289076,0.0));
#19620=DIRECTION('',(0.0,0.0,-1.0));
#19621=DIRECTION('',(-0.258819045102493,-0.965925826289076,0.0));
#19622=DIRECTION('',(0.0,1.0,0.0));
#19623=DIRECTION('',(1.0,0.0,0.0));
#19624=DIRECTION('',(1.0,0.0,0.0));
#19625=DIRECTION('',(-0.258819045102493,0.965925826289076,0.0));
#19626=DIRECTION('',(0.0,0.0,1.0));
#19627=DIRECTION('',(0.0,0.0,1.0));
#19628=DIRECTION('',(0.258819045102493,-0.965925826289076,0.0));
#19629=DIRECTION('',(1.0,0.0,0.0));
#19630=DIRECTION('',(1.0,0.0,0.0));
#19631=DIRECTION('',(0.0,-1.0,0.0));
#19632=CARTESIAN_POINT('',(8.4582,3.6068,-6.5024));
#19633=DIRECTION('',(-1.0,0.0,0.0));
#19634=DIRECTION('',(0.0,1.0,0.0));
#19635=CARTESIAN_POINT('',(8.4582,4.8768,-1.5494));
#19636=DIRECTION('',(1.0,0.0,-0.0));
#19637=DIRECTION('',(0.0,0.873554879947121,0.486725663716812));
#19638=DIRECTION('',(0.0,-0.486725663716812,0.873554879947121));
#19639=CARTESIAN_POINT('',(8.4582,6.2738,-4.0566772164236));
#19640=DIRECTION('',(1.0,0.0,0.0));
#19641=DIRECTION('',(0.0,-0.669130606358878,-0.743144825477376));
#19642=DIRECTION('',(0.0,0.743144825477376,-0.669130606358878));
#19643=CARTESIAN_POINT('',(8.4582,5.3848,-3.25621802104344));
#19644=DIRECTION('',(1.0,0.0,0.0));
#19645=DIRECTION('',(0.0,-0.743144825477376,0.669130606358878));
#19646=DIRECTION('',(0.0,-0.669130606358878,-0.743144825477376));
#19647=DIRECTION('',(0.0,-0.743144825477376,0.669130606358879));
#19648=DIRECTION('',(0.0,0.669130606358878,0.743144825477376));
#19649=CARTESIAN_POINT('',(8.4582,5.3848,-3.25621802104344));
#19650=DIRECTION('',(-1.0,-0.0,0.0));
#19651=DIRECTION('',(0.0,-0.669130606358878,-0.743144825477376));
#19652=DIRECTION('',(0.0,-0.743144825477376,0.669130606358878));
#19653=CARTESIAN_POINT('',(8.4582,6.2738,-4.0566772164236));
#19654=DIRECTION('',(-1.0,0.0,0.0));
#19655=DIRECTION('',(0.0,0.873554879947121,0.486725663716812));
#19656=DIRECTION('',(0.0,0.486725663716812,-0.873554879947121));
#19657=CARTESIAN_POINT('',(8.4582,4.8768,-1.5494));
#19658=DIRECTION('',(-1.0,0.0,0.0));
#19659=DIRECTION('',(0.0,-1.0,0.0));
#19660=DIRECTION('',(0.0,0.0,1.0));
#19661=CARTESIAN_POINT('',(8.4582,3.6068,-6.5024));
#19662=DIRECTION('',(1.0,0.0,0.0));
#19663=DIRECTION('',(0.0,0.0,-1.0));
#19664=DIRECTION('',(1.0,0.0,0.0));
#19665=DIRECTION('',(1.0,0.0,0.0));
#19666=DIRECTION('',(1.0,0.0,0.0));
#19667=DIRECTION('',(1.0,0.0,0.0));
#19668=DIRECTION('',(1.0,0.0,0.0));
#19669=DIRECTION('',(1.0,0.0,0.0));
#19670=DIRECTION('',(1.0,0.0,0.0));
#19671=DIRECTION('',(1.0,0.0,0.0));
#19672=DIRECTION('',(1.0,0.0,0.0));
#19673=DIRECTION('',(1.0,0.0,0.0));
#19674=DIRECTION('',(0.0,-0.360425687094784,-0.93278793092656));
#19675=DIRECTION('',(0.0,0.93278793092656,-0.360425687094784));
#19676=DIRECTION('',(0.0,1.0,0.0));
#19677=DIRECTION('',(-1.0,0.0,0.0));
#19678=DIRECTION('',(0.0,1.0,0.0));
#19679=DIRECTION('',(0.0,0.93278793092656,-0.360425687094784));
#19680=DIRECTION('',(0.0,-0.360425687094784,-0.93278793092656));
#19681=DIRECTION('',(-1.0,0.0,0.0));
#19682=CARTESIAN_POINT('',(10.8712,3.6068,-6.3881));
#19683=DIRECTION('',(1.0,0.0,0.0));
#19684=DIRECTION('',(0.0,-1.0,0.0));
#19685=CARTESIAN_POINT('',(11.9888,3.6068,-6.3881));
#19686=DIRECTION('',(-1.0,0.0,0.0));
#19687=DIRECTION('',(0.0,1.0,0.0));
#19688=DIRECTION('',(-1.0,0.0,0.0));
#19689=DIRECTION('',(1.0,0.0,0.0));
#19690=DIRECTION('',(0.0,0.0,1.0));
#19691=DIRECTION('',(-1.0,0.0,0.0));
#19692=DIRECTION('',(0.0,0.0,-1.0));
#19693=DIRECTION('',(1.0,0.0,0.0));
#19694=DIRECTION('',(0.0,0.0,-1.0));
#19695=DIRECTION('',(1.0,0.0,0.0));
#19696=DIRECTION('',(0.0,0.0,-1.0));
#19697=DIRECTION('',(0.0,1.665334536938E-13,-1.0));
#19698=DIRECTION('',(1.0,0.0,0.0));
#19699=DIRECTION('',(0.0,1.665334536938E-13,-1.0));
#19700=DIRECTION('',(0.0,1.0,0.0));
#19701=DIRECTION('',(0.0,1.0,0.0));
#19702=DIRECTION('',(0.0,1.0,0.0));
#19703=DIRECTION('',(0.0,1.0,0.0));
#19704=DIRECTION('',(0.0,1.0,0.0));
#19705=CARTESIAN_POINT('',(11.8618,3.6068,-6.5024));
#19706=DIRECTION('',(1.0,0.0,0.0));
#19707=DIRECTION('',(0.0,0.0,-1.0));
#19708=DIRECTION('',(0.0,0.0,1.0));
#19709=CARTESIAN_POINT('',(11.8618,4.8768,-1.5494));
#19710=DIRECTION('',(-1.0,0.0,0.0));
#19711=DIRECTION('',(0.0,-1.0,0.0));
#19712=DIRECTION('',(0.0,0.486725663716812,-0.873554879947121));
#19713=CARTESIAN_POINT('',(11.8618,6.2738,-4.0566772164236));
#19714=DIRECTION('',(-1.0,0.0,0.0));
#19715=DIRECTION('',(0.0,0.873554879947121,0.486725663716812));
#19716=DIRECTION('',(0.0,-0.743144825477376,0.669130606358878));
#19717=CARTESIAN_POINT('',(11.8618,5.3848,-3.25621802104344));
#19718=DIRECTION('',(-1.0,-0.0,0.0));
#19719=DIRECTION('',(0.0,-0.669130606358878,-0.743144825477376));
#19720=DIRECTION('',(0.0,0.669130606358878,0.743144825477376));
#19721=DIRECTION('',(0.0,-0.743144825477376,0.669130606358879));
#19722=DIRECTION('',(0.0,-0.669130606358878,-0.743144825477376));
#19723=CARTESIAN_POINT('',(11.8618,5.3848,-3.25621802104344));
#19724=DIRECTION('',(1.0,0.0,0.0));
#19725=DIRECTION('',(0.0,-0.743144825477376,0.669130606358878));
#19726=DIRECTION('',(0.0,0.743144825477376,-0.669130606358878));
#19727=CARTESIAN_POINT('',(11.8618,6.2738,-4.0566772164236));
#19728=DIRECTION('',(1.0,0.0,0.0));
#19729=DIRECTION('',(0.0,-0.669130606358878,-0.743144825477376));
#19730=DIRECTION('',(0.0,-0.486725663716812,0.873554879947121));
#19731=CARTESIAN_POINT('',(11.8618,4.8768,-1.5494));
#19732=DIRECTION('',(1.0,0.0,-0.0));
#19733=DIRECTION('',(0.0,0.873554879947121,0.486725663716812));
#19734=CARTESIAN_POINT('',(11.8618,3.6068,-6.5024));
#19735=DIRECTION('',(-1.0,0.0,0.0));
#19736=DIRECTION('',(0.0,1.0,0.0));
#19737=DIRECTION('',(0.0,-1.0,0.0));
#19738=DIRECTION('',(0.0,0.0,-1.0));
#19739=DIRECTION('',(0.258819045102493,0.965925826289076,0.0));
#19740=DIRECTION('',(0.0,0.0,-1.0));
#19741=DIRECTION('',(-0.258819045102493,-0.965925826289076,0.0));
#19742=DIRECTION('',(0.0,1.0,0.0));
#19743=DIRECTION('',(1.0,0.0,0.0));
#19744=DIRECTION('',(1.0,0.0,0.0));
#19745=DIRECTION('',(-0.258819045102493,0.965925826289076,0.0));
#19746=DIRECTION('',(0.0,0.0,1.0));
#19747=DIRECTION('',(0.0,0.0,1.0));
#19748=DIRECTION('',(0.258819045102493,-0.965925826289076,0.0));
#19749=DIRECTION('',(1.0,0.0,0.0));
#19750=DIRECTION('',(1.0,0.0,0.0));
#19751=DIRECTION('',(0.0,-1.0,0.0));
#19752=CARTESIAN_POINT('',(10.9982,3.6068,-6.5024));
#19753=DIRECTION('',(-1.0,0.0,0.0));
#19754=DIRECTION('',(0.0,1.0,0.0));
#19755=CARTESIAN_POINT('',(10.9982,4.8768,-1.5494));
#19756=DIRECTION('',(1.0,0.0,-0.0));
#19757=DIRECTION('',(0.0,0.873554879947121,0.486725663716812));
#19758=DIRECTION('',(0.0,-0.486725663716812,0.873554879947121));
#19759=CARTESIAN_POINT('',(10.9982,6.2738,-4.0566772164236));
#19760=DIRECTION('',(1.0,0.0,0.0));
#19761=DIRECTION('',(0.0,-0.669130606358878,-0.743144825477376));
#19762=DIRECTION('',(0.0,0.743144825477376,-0.669130606358878));
#19763=CARTESIAN_POINT('',(10.9982,5.3848,-3.25621802104344));
#19764=DIRECTION('',(1.0,0.0,0.0));
#19765=DIRECTION('',(0.0,-0.743144825477376,0.669130606358878));
#19766=DIRECTION('',(0.0,-0.669130606358878,-0.743144825477376));
#19767=DIRECTION('',(0.0,-0.743144825477376,0.669130606358879));
#19768=DIRECTION('',(0.0,0.669130606358878,0.743144825477376));
#19769=CARTESIAN_POINT('',(10.9982,5.3848,-3.25621802104344));
#19770=DIRECTION('',(-1.0,-0.0,0.0));
#19771=DIRECTION('',(0.0,-0.669130606358878,-0.743144825477376));
#19772=DIRECTION('',(0.0,-0.743144825477376,0.669130606358878));
#19773=CARTESIAN_POINT('',(10.9982,6.2738,-4.0566772164236));
#19774=DIRECTION('',(-1.0,0.0,0.0));
#19775=DIRECTION('',(0.0,0.873554879947121,0.486725663716812));
#19776=DIRECTION('',(0.0,0.486725663716812,-0.873554879947121));
#19777=CARTESIAN_POINT('',(10.9982,4.8768,-1.5494));
#19778=DIRECTION('',(-1.0,0.0,0.0));
#19779=DIRECTION('',(0.0,-1.0,0.0));
#19780=DIRECTION('',(0.0,0.0,1.0));
#19781=CARTESIAN_POINT('',(10.9982,3.6068,-6.5024));
#19782=DIRECTION('',(1.0,0.0,0.0));
#19783=DIRECTION('',(0.0,0.0,-1.0));
#19784=DIRECTION('',(1.0,0.0,0.0));
#19785=DIRECTION('',(1.0,0.0,0.0));
#19786=DIRECTION('',(1.0,0.0,0.0));
#19787=DIRECTION('',(1.0,0.0,0.0));
#19788=DIRECTION('',(1.0,0.0,0.0));
#19789=DIRECTION('',(1.0,0.0,0.0));
#19790=DIRECTION('',(1.0,0.0,0.0));
#19791=DIRECTION('',(1.0,0.0,0.0));
#19792=DIRECTION('',(1.0,0.0,0.0));
#19793=DIRECTION('',(1.0,0.0,0.0));
#19794=DIRECTION('',(0.0,-0.360425687094784,-0.93278793092656));
#19795=DIRECTION('',(0.0,0.93278793092656,-0.360425687094784));
#19796=DIRECTION('',(0.0,1.0,0.0));
#19797=DIRECTION('',(-1.0,0.0,0.0));
#19798=DIRECTION('',(0.0,1.0,0.0));
#19799=DIRECTION('',(0.0,0.93278793092656,-0.360425687094784));
#19800=DIRECTION('',(0.0,-0.360425687094784,-0.93278793092656));
#19801=DIRECTION('',(-1.0,0.0,0.0));
#19802=DIRECTION('',(0.0,1.0,0.0));
#19803=CARTESIAN_POINT('',(14.4018,3.6068,-6.5024));
#19804=DIRECTION('',(1.0,0.0,0.0));
#19805=DIRECTION('',(0.0,0.0,-1.0));
#19806=DIRECTION('',(0.0,0.0,1.0));
#19807=CARTESIAN_POINT('',(14.4018,4.8768,-1.5494));
#19808=DIRECTION('',(-1.0,0.0,0.0));
#19809=DIRECTION('',(0.0,-1.0,0.0));
#19810=DIRECTION('',(0.0,0.486725663716812,-0.873554879947121));
#19811=CARTESIAN_POINT('',(14.4018,6.2738,-4.0566772164236));
#19812=DIRECTION('',(-1.0,0.0,0.0));
#19813=DIRECTION('',(0.0,0.873554879947121,0.486725663716812));
#19814=DIRECTION('',(0.0,-0.743144825477376,0.669130606358878));
#19815=CARTESIAN_POINT('',(14.4018,5.3848,-3.25621802104344));
#19816=DIRECTION('',(-1.0,-0.0,0.0));
#19817=DIRECTION('',(0.0,-0.669130606358878,-0.743144825477376));
#19818=DIRECTION('',(0.0,0.669130606358878,0.743144825477376));
#19819=DIRECTION('',(0.0,-0.743144825477376,0.669130606358879));
#19820=DIRECTION('',(0.0,-0.669130606358878,-0.743144825477376));
#19821=CARTESIAN_POINT('',(14.4018,5.3848,-3.25621802104344));
#19822=DIRECTION('',(1.0,0.0,0.0));
#19823=DIRECTION('',(0.0,-0.743144825477376,0.669130606358878));
#19824=DIRECTION('',(0.0,0.743144825477376,-0.669130606358878));
#19825=CARTESIAN_POINT('',(14.4018,6.2738,-4.0566772164236));
#19826=DIRECTION('',(1.0,0.0,0.0));
#19827=DIRECTION('',(0.0,-0.669130606358878,-0.743144825477376));
#19828=DIRECTION('',(0.0,-0.486725663716812,0.873554879947121));
#19829=CARTESIAN_POINT('',(14.4018,4.8768,-1.5494));
#19830=DIRECTION('',(1.0,0.0,-0.0));
#19831=DIRECTION('',(0.0,0.873554879947121,0.486725663716812));
#19832=DIRECTION('',(0.0,0.0,-1.0));
#19833=DIRECTION('',(0.0,0.0,-1.0));
#19834=DIRECTION('',(-0.258819045102493,-0.965925826289076,0.0));
#19835=DIRECTION('',(1.0,0.0,0.0));
#19836=DIRECTION('',(1.0,0.0,0.0));
#19837=DIRECTION('',(1.0,0.0,0.0));
#19838=DIRECTION('',(1.0,0.0,0.0));
#19839=DIRECTION('',(1.0,0.0,0.0));
#19840=DIRECTION('',(1.0,0.0,0.0));
#19841=DIRECTION('',(1.0,0.0,0.0));
#19842=DIRECTION('',(1.0,0.0,0.0));
#19843=DIRECTION('',(1.0,0.0,0.0));
#19844=DIRECTION('',(1.0,0.0,0.0));
#19845=DIRECTION('',(1.0,0.0,0.0));
#19846=DIRECTION('',(1.0,0.0,0.0));
#19847=DIRECTION('',(0.0,-0.360425687094784,-0.93278793092656));
#19848=DIRECTION('',(0.0,0.93278793092656,-0.360425687094784));
#19849=DIRECTION('',(0.0,1.0,0.0));
#19850=DIRECTION('',(-1.0,0.0,0.0));
#19851=DIRECTION('',(0.0,1.0,0.0));
#19852=DIRECTION('',(0.0,0.93278793092656,-0.360425687094784));
#19853=DIRECTION('',(0.0,-0.360425687094784,-0.93278793092656));
#19854=DIRECTION('',(-1.0,0.0,0.0));
#19855=DIRECTION('',(0.0,-0.360425687094784,-0.93278793092656));
#19856=DIRECTION('',(0.0,0.93278793092656,-0.360425687094784));
#19857=DIRECTION('',(0.0,1.0,0.0));
#19858=DIRECTION('',(-1.0,0.0,0.0));
#19859=DIRECTION('',(0.0,1.0,0.0));
#19860=DIRECTION('',(0.0,0.93278793092656,-0.360425687094784));
#19861=DIRECTION('',(0.0,-0.360425687094784,-0.93278793092656));
#19862=DIRECTION('',(-1.0,0.0,0.0));
#19863=DIRECTION('',(1.0,0.0,0.0));
#19864=DIRECTION('',(1.0,0.0,0.0));
#19865=DIRECTION('',(0.0,1.0,0.0));
#19866=DIRECTION('',(1.0,0.0,0.0));
#19867=DIRECTION('',(1.0,0.0,0.0));
#19868=DIRECTION('',(0.0,0.0,1.0));
#19869=CARTESIAN_POINT('',(-14.4272,0.762,-2.12461987957496));
#19870=DIRECTION('',(1.0,0.0,0.0));
#19871=DIRECTION('',(0.0,0.914145119485661,-0.405387099598083));
#19872=PRESENTATION_LAYER_ASSIGNMENT('','',(#26,#49,#50,#51,#52,#53,#54,#55,#56,#57,#58,#59,#60,#65,#66,#67,#68,#69,#70,#71,#72,#73,#74,#75,#76,#77,#78,#79,#80,#81,#82,#83,#84,#85,#86,#87,#88,#89,#90,#91,#92,#93,#94,#95,#96,#97,#98,#99,#100,#101,#102,#103,#104,#105,#106,#107,#108,#109,#110,#111,#112,#113,#114,#115,#116,#117,#118,#119,#120,#121,#122,#123,#124,#125,#126,#127,#128,#129,#130,#131,#132,#133,#134,#135,#136,#137,#138,#139,#140,#141,#142,#143,#144,#145,#146,#147,#148,#149,#150,#151,#152,#153,#154,#155,#156,#157,#158,#159,#160,#161,#162,#163,#164,#165,#166,#167,#168,#169,#170,#171,#172,#173,#174,#175,#176,#177,#178,#179,#180,#181,#182,#183,#184,#185,#186,#187,#188,#189,#190,#191,#192,#193,#194,#195,#196,#197,#198,#199,#200,#201,#202,#203,#204,#205,#206,#207,#208,#209,#210,#211,#212,#213,#214,#215,#216,#217,#218,#219,#220,#221,#222,#223,#224,#225,#226,#227,#228,#229,#230,#231,#232,#233,#234,#235,#236,#237,#238,#239,#240,#241,#242,#243,#244,#245,#246,#247,#248,#249,#250,#251,#252,#253,#254,#255,#256,#257,#258,#259,#260,#261,#262,#263,#264,#265,#266,#267,#268,#269,#270,#271,#272,#273,#274,#275,#276,#277,#278,#279,#280,#281,#282,#283,#284,#285,#286,#287,#288,#289,#290,#291,#292,#293,#294,#295,#296,#297,#298,#299,#300,#301,#302,#303,#304,#305,#306,#307,#308,#309,#310,#311,#312,#313,#314,#315,#316,#317,#318,#319,#320,#321,#322,#323,#324,#325,#326,#327,#328,#329,#330,#331,#332,#333,#334,#335,#336,#337,#338,#339,#340,#341,#342,#343,#344,#345,#346,#347,#348,#349,#350,#351,#352,#353,#354,#355,#356,#357,#358,#359,#360,#361,#362,#363,#364,#365,#366,#367,#368,#369,#370,#371,#372,#373,#374,#375,#376,#377,#378,#379,#380,#381,#382,#383,#384,#385,#386,#387,#388,#389,#390,#391,#392,#393,#394,#395,#396,#397,#398,#399,#400,#401,#402,#403,#404,#405,#406,#407,#408,#409,#410,#411,#412,#413,#414,#415,#416,#417,#418,#419,#420,#421,#422,#423,#424,#425,#426,#427,#428,#429,#430,#431,#432,#433,#434,#435,#436,#437,#438,#439,#440,#441,#442,#443,#444,#445,#446,#447,#448,#449,#450,#451,#452,#453,#454,#455,#456,#457,#458,#459,#460,#461,#462,#463,#464,#465,#466,#467,#468,#469,#470,#471,#472,#473,#474,#475,#476,#477,#478,#479,#480,#481,#482,#483,#484,#485,#486,#487,#488,#489,#490,#491,#492,#493,#494,#495,#496,#497,#498,#499,#500,#501,#502,#503,#504,#505,#506,#507,#508,#509,#510,#511,#512,#513,#514,#515,#516,#517,#518,#519,#520,#521,#522,#523,#524,#525,#526,#527,#528,#529,#530,#531,#532,#533,#534,#535,#536,#537,#538,#539,#540,#541,#542,#543,#544,#545,#546,#547,#548,#549,#550,#551,#552,#553,#554,#555,#556,#557,#558,#559,#560,#561,#562,#563,#564,#565,#566,#567,#568,#569,#570,#571,#572,#573,#574,#575,#576,#577,#578,#579,#580,#581,#582,#583,#584,#585,#586,#587,#588,#589,#590,#591,#592,#593,#594,#595,#596,#597,#598,#599,#600,#601,#602,#603,#604,#605,#606,#607,#608,#609,#610,#611,#612,#613,#614,#615,#616,#617,#618,#619,#620,#621,#622,#623,#624,#625,#626,#627,#628,#629,#630,#631,#632,#633,#634,#635,#636,#637,#638,#639,#640,#641,#642,#643,#644,#645,#646,#647,#648,#649,#650,#651,#652,#653,#654,#655,#656,#657,#658,#659,#660,#661,#662,#663,#664,#665,#666,#667,#668,#669,#670,#671,#672,#673,#674,#675,#676,#677,#678,#1968,#1969,#1970,#1971,#1972,#1973,#1974,#1975,#1976,#1977,#1978,#1979,#1980,#1981,#1982,#1983,#1984,#1985,#1986,#1987,#1988,#1989,#1990,#1991,#8599,#8600,#8601,#8603,#8604,#8605,#8607,#8608,#8609,#8611,#8612,#8613,#8615,#8616,#8617,#8619,#8620,#8621,#8623,#8624,#8625,#8627,#8628,#8629,#8631,#8632,#8633,#8635,#8636,#8637,#8639,#8640,#8641,#8643,#8644,#8645,#8647,#8648,#8649,#8651,#8652,#8653,#8655,#8656,#8657,#8659,#8660,#8661,#8663,#8664,#8665,#8667,#8668,#8669,#8671,#8672,#8673,#8675,#8676,#8677,#8679,#8680,#8681,#8683,#8684,#8685,#8687,#8688,#8689,#8691,#8692,#8693,#8695,#8696,#8697,#8699,#8700,#8701,#8703,#8704,#8705,#8707,#8708,#8709,#8711,#8712,#8713,#8715,#8716,#8717,#8719,#8720,#8721,#8723,#8724,#8725,#8727,#8728,#8729,#8731,#8732,#8733,#8735,#8736,#8737,#8739,#8740,#8741,#8743,#8744,#8745,#8747,#8748,#8749,#8751,#8752,#8753,#8755,#8756,#8757,#8759,#8760,#8761,#8763,#8764,#8765,#8767,#8768,#8769,#8771,#8772,#8773,#8775,#8776,#8777,#8779,#8780,#8781,#8783,#8784,#8785,#8787,#8788,#8789,#8790,#8791,#8792,#8793,#8794,#8795,#8796,#8797,#8798,#8799,#8800,#8801,#8802,#8803,#8804,#8805,#8806,#8807,#8808,#8809,#8810,#8811,#8812,#8813,#8814,#8815,#8816,#8817,#8818,#8819,#8820,#8821,#8822,#8823,#8824,#8825,#8826,#8827,#8828,#8829,#8830,#8831,#8832,#8833,#8834,#8835,#8836,#8837,#8838,#8839,#8840,#8841,#8842,#8843,#8844,#8845,#8846,#8847,#8848,#8849,#8850,#8851,#8852,#8853,#8854,#8855,#8856,#8857,#8858,#8859,#8860,#8861,#8862,#8863,#8864,#8865,#8866,#8867,#8868,#8869,#8870,#8871,#8872,#8873,#8874,#8875,#8876,#8877,#8878,#8879,#8880,#8881,#8882,#8883,#8884,#8885,#8886,#8887,#8888,#8889,#8890,#8891,#8892,#8893,#8894,#8895,#8896,#8897,#8898,#8899,#8900,#8901,#8902,#8903,#8904,#8905,#8906,#8907,#8908,#8909,#8910,#8911,#8912,#8913,#8914,#8915,#8916,#8917,#8918,#8919,#8920,#8921,#8922,#8923,#8924,#8925,#8926,#8927,#8928,#8929,#8930,#8931,#8932,#8933,#8934,#8935,#8936,#8937,#8938,#8939,#8940,#8941,#8942,#8943,#8944,#8945,#8946,#8947,#8948,#8949,#8950,#8951,#8952,#8953,#8954,#8955,#8956,#8957,#8958,#8959,#8960,#8961,#8962,#8963,#8964,#8965,#8966,#8967,#8968,#8969,#8970,#8971,#8972,#8973,#8974,#8975,#8976,#8977,#8978,#8979,#8980,#8981,#8982,#8983,#8984,#8985,#8986,#8987,#8988,#8989,#8990,#8991,#8992,#8993,#8994,#8995,#8996,#8997,#8998,#8999,#9000,#9001,#9002,#9003,#9004,#9005,#9006,#9007,#9008,#9009,#9010,#9011,#9012,#9013,#9014,#9015,#9016,#9017,#9018,#9019,#9020,#9021,#9022,#9023,#9024,#9025,#9026,#9027,#9028,#9029,#9030,#9031,#9032,#9033,#9034,#9035,#9036,#9037,#9038,#9039,#9040,#9041,#9042,#9043,#9044,#9045,#9046,#9047,#9048,#9049,#9050,#9051,#9052,#9053,#9054,#9055,#9056,#9057,#9058,#9059,#9060,#9061,#9062,#9063,#9064,#9065,#9066,#9067,#9068,#9069,#9070,#9071,#9072,#9073,#9074,#9075,#9076,#9077,#9078,#9079,#9080,#9081,#9082,#9083,#9084,#9085,#9086,#9087,#9088,#9089,#9090,#9091,#9092,#9093,#9094,#9095,#9096,#9097,#9098,#9099,#9100,#9101,#9102,#9103,#9104,#9105,#9106,#9107,#9108,#9109,#9110,#9111,#9112,#9113,#9114,#9115,#9116,#9117,#9118,#9119,#9120,#9121,#9122,#9123,#9124,#9125,#9126,#9127,#9128,#9129,#9130,#9131,#9132,#9133,#9134,#9135,#9136,#9137,#9138,#9139,#9140,#9141,#9142,#9143,#9144,#9145,#9146,#9147,#9148,#9149,#9150,#9151,#9152,#9153,#9154,#9155,#9156,#9157,#9158,#9159,#9160,#9161,#9162,#9163,#9164,#9165,#9166,#9167,#9168,#9169,#9170,#9171,#9172,#9173,#9174,#9175,#9176,#9177,#9178,#9179,#9180,#9181,#9182,#9183,#9184,#9185,#9186,#9187,#9188,#9189,#9190,#9191,#9192,#9193,#9194,#9195,#9196,#9197,#9198,#9199,#9200,#9201,#9202,#9203,#9204,#9205,#9206,#9207,#9208,#9209,#9210,#9211,#9212,#9213,#9214,#9215,#9216,#9217,#9218,#9219,#9220,#9221,#9222,#9223,#9224,#9225,#9226,#9227,#9228,#9229,#9230,#9231,#9232,#9233,#9234,#9235,#9236,#9237,#9238,#9239,#9240,#9241,#9242,#9243,#9244,#9245,#9246,#9247,#9248,#9249,#9250,#9251,#9252,#9253,#9254,#9255,#9256,#9257,#9258,#9259,#9260,#9261,#9262,#9263,#9264,#9265,#9266,#9267,#9268,#9269,#9270,#9271,#9272,#9273,#9274,#9275,#9276,#9277,#9278,#9279,#9280,#9281,#9282,#9283,#9284,#9285,#9286,#9287,#9288,#9289,#9290,#9291,#9292,#9293,#9294,#9295,#9296,#9297,#9298,#9299,#9300,#9301,#9302,#9303,#9304,#9305,#9306,#9307,#9308,#9309,#9310,#9311,#9312,#9313,#9314,#9315,#9316,#9317,#9318,#9319,#9320,#9321,#9322,#9323,#9324,#9325,#9326,#9327,#9328,#9329,#9330,#9331,#9332,#9333,#9334,#9335,#9336,#9337,#9338,#9339,#9340,#9341,#9342,#9343,#9344,#9345,#9346,#9347,#9348,#9349,#9350,#9351,#9352,#9353,#9354,#9355,#9356,#9357,#9358,#9359,#9360,#9361,#9362,#9363,#9364,#9365,#9366,#9367,#9368,#9369,#9370,#9371,#9372,#9373,#9374,#9375,#9376,#9377,#9378,#9379,#9380,#9381,#9382,#9383,#9384,#9385,#9386,#9387,#9388,#9389,#9390,#9391,#9392,#9393,#9394,#9395,#9396,#9397,#9398,#9399,#9400,#9401,#9402,#9403,#9404,#9405,#9406,#9407,#9408,#9409,#9410,#9411,#9412,#9413,#9414,#9415,#9416,#9417,#9418,#9419,#9420,#9421,#9422,#9423,#9424,#9425,#9426,#9427,#9428,#9429,#9430,#9431,#9432,#9433,#9434,#9435,#9436,#9437,#9438,#9439,#9440,#9441,#9442,#9443,#9444,#9445,#9446,#9447,#9448,#9449,#9450,#9451,#9452,#9453,#9454,#9455,#9456,#9457,#9458,#9459,#9460,#9461,#9462,#9463,#9464,#9465,#9466,#9467,#9468,#9469,#9470,#9471,#9472,#9473,#9474,#9475,#9476,#9477,#9478,#9479,#9480,#9481,#9482,#9483,#9484,#9485,#9486,#9487,#9488,#9489,#9490,#9491,#9492,#9493,#9494,#9495,#9496,#9497,#9498,#9499,#9500,#9501,#9502,#9503,#9504,#9505,#9506,#9507,#9508,#9509,#9510,#9511,#9512,#9513,#9514,#9515,#9516,#9517,#9518,#9519,#9520,#9521,#9522,#9523,#9524,#9525,#9526,#9527,#9528,#9529,#9530,#9531,#9532,#9533,#9534,#9535,#9536,#9537,#9538,#9539,#9540,#9541,#9542,#9543,#9544,#9545,#9546,#9547,#9548,#9549,#9550,#9551,#9552,#9553,#9554,#9555,#9556,#9557,#9558,#9559,#9560,#9561,#9562,#9563,#9564,#9565,#9566,#9567,#9568,#9569,#9570,#9571,#9572,#9573,#9574,#9575,#9576,#9577,#9578,#9579,#9580,#9581,#9582,#9583,#9584,#9585,#9586,#9587,#9588,#9589,#9590,#9591,#9592,#9593,#9594,#9595,#9596,#9597,#9598,#9599,#9600,#9601,#9602,#9603,#9604,#9605,#9606,#9607,#9608,#9609,#9610,#9611,#9612,#9613,#9614,#9615,#9616,#9617,#9618,#9619,#9620,#9621,#9622,#9623,#9624,#9625,#9626,#9627,#9628,#9629,#9630,#9631,#9632,#9633,#9634,#9635,#9636,#9637,#9638,#9639,#9640,#9641,#9642,#9643,#9644,#9645,#9646,#9647,#9648,#9649,#9650,#9651,#9652,#9653,#9654,#9655,#9656,#9657,#9658,#9659,#9660,#9661,#9662,#9663,#9664,#9665,#9666,#9667,#9668,#9669,#9670,#9671,#9672,#9673,#9674,#9675,#9676,#9677,#9678,#9679,#9680,#9681,#9682,#9683,#9684,#9685,#9686,#9687,#9688,#9689,#9690,#9691,#9692,#9693,#9694,#9695,#9696,#9697,#9698,#9699,#9700,#9701,#9702,#9703,#9704,#9705,#9706,#9707,#9708,#9709,#9710,#9711,#9712,#9713,#9714,#9715,#9716,#9717,#9718,#9719,#9720,#9721,#9722,#9723,#9724,#9725,#9726,#9727,#9728,#9729,#9730,#9731,#9732,#9733,#9734,#9735,#9736,#9737,#9738,#9739,#9740,#9741,#9742,#9743,#9744,#9745,#9746,#9747,#9748,#9749,#9750,#9751,#9752,#9753,#9754,#9755,#9756,#9757,#9758,#9759,#9760,#9761,#9762,#9763,#9764,#9765,#9766,#9767,#9768,#9769,#9770,#9771,#9772,#9773,#9774,#9775,#9776,#9777,#9778,#9779,#9780,#9781,#9782,#9783,#9784,#9785,#9786,#9787,#9788,#9789,#9790,#9791,#9792,#9793,#9794,#9795,#9796,#9797,#9798,#9799,#9800,#9801,#9802,#9803,#9804,#9805,#9806,#9807,#9808,#9809,#9810,#9811,#9812,#9813,#9814,#9815,#9816,#9817,#9818,#9819,#9820,#9821,#9822,#9823,#9824,#9825,#9826,#9827,#9828,#9829,#9830,#9831,#9832,#9833,#9834,#9835,#9836,#9837,#9838,#9839,#9840,#9841,#9842,#9843,#9844,#9845,#9846,#9847,#9848,#9849,#9850,#9851,#9852,#9853,#9854,#9855,#9856,#9857,#9858,#9859,#9860,#9861,#9862,#9863,#9864,#9865,#9866,#9867,#9868,#9869,#9870,#9871,#9872,#9873,#9874,#9875,#9876,#9877,#9878,#9879,#9880,#9881,#9882,#9883,#9884,#9885,#9886,#9887,#9888,#9889,#9890,#9891,#9892,#9893,#9894,#9895,#9896,#9897,#9898,#9899,#9900,#9901,#9902,#9903,#9904,#9905,#9906,#9907,#9908,#9909,#9910,#9911,#9912,#9913,#9914,#9915,#9916,#9917,#9918,#9919,#9920,#9921,#9922,#9923,#9924,#9925,#9926,#9927,#9928,#9929,#9930,#9931,#9932,#9933,#9934,#9935,#9936,#9937,#9938,#9939,#9940,#9941,#9942,#9943,#9944,#9945,#9946,#9947,#9948,#9949,#9950,#9951,#9952,#9953,#9954,#9955,#9956,#9957,#9958,#9959,#9960,#9961,#9962,#9963,#9964,#9965,#9966,#9967,#9968,#9969,#9970,#9971,#9972,#9973,#9974,#9975,#9976,#9977,#9978,#9979,#9980,#9981,#9982,#9983,#9984,#9985,#9986,#9987,#9988,#9989,#9990,#9991,#9992,#9993,#9994,#9995,#9996,#9997,#9998,#9999,#10000,#10001,#10002,#10003,#10004,#10005,#10006,#10007,#10008,#10009,#10010,#10011,#10012,#10013,#10014,#10015,#10016,#10017,#10018,#10019,#10020,#10021,#10022,#10023,#10024,#10025,#10026,#10027,#10028,#10029,#10030,#10031,#10032,#10033,#10034,#10035,#10036,#10037,#10038,#10039,#10040,#10041,#10042,#10043,#10044,#10045,#10046,#10047,#10048,#10049,#10050,#10051,#10052,#10053,#10054,#10055,#10056,#10057,#10058,#10059,#10060,#10061,#10062,#10063,#10064,#10065,#10066,#10067,#10068,#10069,#10070,#10071,#10072,#10073,#10074,#10075,#10076,#10077,#10078,#10079,#10080,#10081,#10082,#10083,#10084,#10085,#10086,#10087,#10088,#10089,#10090,#10091,#10092,#10093,#10094,#10095,#10096,#10097,#10098,#10099,#10100,#10101,#10102,#10103,#10104,#10105,#10106,#10107,#10108,#10109,#10110,#10111,#10112,#10113,#10114,#10115,#10116,#10117,#10118,#10119,#10120,#10121,#10122,#10123,#10124,#10125,#10126,#10127,#10128,#10129,#10130,#10131,#10132,#10133,#10134,#10135,#10136,#10137,#10138,#10139,#10140,#10141,#10142,#10143,#10144,#10145,#10146,#10147,#10148,#10149,#10150,#10151,#10152,#10153,#10154,#10155,#10156,#10157,#10158,#10159,#10160,#10161,#10162,#10163,#10164,#10165,#10166,#10167,#10168,#10169,#10170,#10171,#10172,#10173,#10174,#10175,#10176,#10177,#10178,#10179,#10180,#10181,#10182,#10183,#10184,#10185,#10186,#10187,#10188,#10189,#10190,#10191,#10192,#10193,#10194,#10195,#10196,#10197,#10198,#10199,#10200,#10201,#10202,#10203,#10204,#10205,#10206,#10207,#10208,#10209,#10210,#10211,#10212,#10213,#10214,#10215,#10216,#10217,#10218,#10219,#10220,#10221,#10222,#10223,#10224,#10225,#10226,#10227,#10228,#10229,#10230,#10231,#10232,#10233,#10234,#10235,#10236,#10237,#10238,#10239,#10240,#10241,#10242,#10243,#10244,#10245,#10246,#10247,#10248,#10249,#10250,#10251,#10252,#10253,#10254,#10255,#10256,#10257,#10258,#10259,#10260,#10261,#10262,#10263,#10264,#10265,#10266,#10267,#10268,#10269,#10270,#10271,#10272,#10273,#10274,#10275,#10276,#10277,#10278,#10279,#10280,#10281,#10282,#10283,#10284,#10285,#10286,#10287,#10288,#10289,#10290,#10291,#10292,#10293,#10294,#10295,#10296,#10297,#10298,#10299,#10300,#10301,#10302,#10303,#10304,#10305,#10306,#10307,#10308,#10309,#10310,#10311,#10312,#10313,#10314,#10315,#10316,#10317,#10318,#10319,#10320,#10321,#10322,#10323,#10399,#10401,#10407,#10409,#10415,#10417,#10423,#10425,#10431,#10433,#10439,#10441,#10447,#10449,#10455,#10457,#10463,#10465,#10471,#10473,#10479,#10481,#10487,#10489,#10495,#10497,#10503,#10505,#10511,#10513,#10519,#10521,#10527,#10529,#10535,#10537,#10543,#10545,#10551,#10553,#10559,#10561,#10567,#10569,#10575,#10577,#10583,#10585,#10591,#10593,#10599,#10601,#10607,#10609,#10615,#10617,#10623,#10625,#10631,#10633,#10639,#10641,#10647,#10649,#10655,#10657,#10663,#10665,#10671,#10673,#10679,#10681,#10687,#10689,#10695,#10697,#10703,#10705,#10711,#10713,#10719,#10721,#10727,#10729,#10735,#10737,#10743,#10745,#10751,#10753,#10759,#10761,#10767,#10769,#10775,#10777,#10780,#10781,#10783,#10785,#10787,#10789,#10791,#10793,#10795,#10797,#10799,#10802,#10803,#10805,#10807,#10810,#10812,#10815,#10817,#10819,#10821,#10823,#10826,#10829,#10832,#10834,#10836,#10838,#10840,#10842,#10844,#10846,#10850,#10853,#10854,#10856,#10858,#10861,#10862,#10864,#10866,#10869,#10870,#10872,#10874,#10877,#10878,#10880,#10882,#10885,#10886,#10888,#10890,#10893,#10894,#10896,#10898,#10901,#10902,#10904,#10906,#10909,#10910,#10912,#10914,#10917,#10918,#10920,#10922,#10925,#10926,#10928,#10930,#10933,#10934,#10936,#10938,#10941,#10942,#10944,#10946,#10949,#10950,#10952,#10956,#10959,#10961,#10963,#10965,#10967,#10969,#10971,#10973,#10975,#10977,#10979,#10981,#10983,#10985,#10987,#10989,#10991,#10993,#10995,#10997,#10999,#11001,#11003,#11005,#11007,#11009,#11011,#11013,#11015,#11017,#11019,#11021,#11023,#11025,#11027,#11029,#11031,#11033,#11035,#11037,#11039,#11041,#11043,#11045,#11047,#11050,#11051,#11053,#11055,#11058,#11059,#11061,#11063,#11066,#11067,#11069,#11071,#11074,#11075,#11077,#11079,#11082,#11083,#11085,#11087,#11090,#11091,#11093,#11095,#11098,#11099,#11101,#11103,#11106,#11107,#11109,#11111,#11114,#11115,#11117,#11119,#11122,#11123,#11125,#11127,#11130,#11131,#11133,#11135,#11138,#11139,#11141,#11143,#11146,#11148,#11151,#11153,#11156,#11157,#11159,#11161,#11164,#11165,#11167,#11169,#11174,#11175,#11177,#11179,#11183,#11185,#11187,#11189,#11191,#11193,#11195,#11197,#11201,#11204,#11206,#11209,#11211,#11214,#11215,#11218,#11221,#11223,#11227,#11231,#11235,#11237,#11239,#11241,#11243,#11245,#11247,#11249,#11253,#11255,#11269,#11270,#11272,#11274,#11276,#11278,#11280,#11282,#11284,#11286,#11288,#11290,#11292,#11294,#11296,#11298,#11300,#11302,#11304,#11306,#11308,#11310,#11312,#11314,#11316,#11318,#11320,#11322,#11324,#11326,#11328,#11330,#11332,#11334,#11336,#11338,#11340,#11342,#11344,#11346,#11348,#11350,#11352,#11354,#11356,#11358,#11360,#11362,#11364,#11366,#11368,#11370,#11372,#11374,#11376,#11378,#11380,#11382,#11384,#11386,#11388,#11390,#11392,#11394,#11396,#11398,#11400,#11402,#11404,#11406,#11408,#11410,#11412,#11414,#11416,#11418,#11420,#11422,#11424,#11426,#11428,#11430,#11432,#11434,#11436,#11439,#11441,#11443,#11445,#11447,#11449,#11451,#11453,#11455,#11457,#11459,#11462,#11463,#11465,#11470,#11472,#11474,#11476,#11478,#11480,#11482,#11484,#11488,#11490,#11492,#11494,#11497,#11499,#11502,#11504,#11506,#11509,#11512,#11513,#11515,#11517,#11520,#11521,#11523,#11525,#11537,#11562,#11568,#11570,#11573,#11574,#11576,#11578,#11581,#11583,#11585,#11587,#11589,#11591,#11593,#11595,#11597,#11599,#11601,#11603,#11605,#11607,#11609,#11611,#11613,#11615,#11617,#11619,#11621,#11623,#11625,#11627,#11629,#11631,#11633,#11635,#11637,#11639,#11641,#11643,#11645,#11647,#11649,#11651,#11653,#11655,#11657,#11659,#11661,#11663,#11665,#11667,#11669,#11672,#11674,#11677,#11680,#11683,#11685,#11688,#11690,#11693,#11695,#11698,#11700,#11703,#11705,#11708,#11710,#11713,#11715,#11718,#11720,#11723,#11725,#11728,#11730,#11733,#11735,#11738,#11750,#11753,#11761,#11764,#11772,#11775,#11783,#11786,#11794,#11797,#11805,#11808,#11816,#11819,#11827,#11830,#11838,#11841,#11849,#11852,#11860,#11863,#11874,#11875,#11877,#11879,#11882,#11883,#11885,#11887,#11890,#11892,#11899,#11900,#11902,#11904,#11908,#11910,#11912,#11914,#11916,#11918,#11920,#11922,#11927,#11929,#11932,#11934,#11937,#11938,#11941,#11944,#11946,#11950,#11956,#11958,#11960,#11962,#11964,#11966,#11968,#11970,#11974,#11976,#11989,#11991,#11994,#11997,#12004,#12005,#12007,#12009,#12012,#12013,#12015,#12017,#12020,#12022,#12029,#12030,#12032,#12034,#12038,#12040,#12042,#12044,#12046,#12048,#12050,#12052,#12057,#12059,#12062,#12064,#12067,#12068,#12071,#12074,#12076,#12080,#12086,#12088,#12090,#12092,#12094,#12096,#12098,#12100,#12104,#12106,#12119,#12121,#12124,#12127,#12134,#12135,#12137,#12139,#12142,#12143,#12145,#12147,#12150,#12152,#12159,#12160,#12162,#12164,#12168,#12170,#12172,#12174,#12176,#12178,#12180,#12182,#12187,#12189,#12192,#12194,#12197,#12198,#12201,#12204,#12206,#12210,#12216,#12218,#12220,#12222,#12224,#12226,#12228,#12230,#12234,#12236,#12249,#12251,#12254,#12257,#12264,#12265,#12267,#12269,#12272,#12273,#12275,#12277,#12280,#12282,#12289,#12290,#12292,#12294,#12298,#12300,#12302,#12304,#12306,#12308,#12310,#12312,#12317,#12319,#12322,#12324,#12327,#12328,#12331,#12334,#12336,#12340,#12346,#12348,#12350,#12352,#12354,#12356,#12358,#12360,#12364,#12366,#12379,#12381,#12384,#12387,#12394,#12395,#12397,#12399,#12402,#12403,#12405,#12407,#12410,#12412,#12419,#12420,#12422,#12424,#12428,#12430,#12432,#12434,#12436,#12438,#12440,#12442,#12447,#12449,#12452,#12454,#12457,#12458,#12461,#12464,#12466,#12470,#12476,#12478,#12480,#12482,#12484,#12486,#12488,#12490,#12494,#12496,#12509,#12511,#12514,#12517,#12524,#12525,#12527,#12529,#12532,#12533,#12535,#12537,#12540,#12542,#12549,#12550,#12552,#12554,#12558,#12560,#12562,#12564,#12566,#12568,#12570,#12572,#12577,#12579,#12582,#12584,#12587,#12588,#12591,#12594,#12596,#12600,#12606,#12608,#12610,#12612,#12614,#12616,#12618,#12620,#12624,#12626,#12639,#12641,#12644,#12647,#12654,#12655,#12657,#12659,#12662,#12663,#12665,#12667,#12670,#12672,#12679,#12680,#12682,#12684,#12688,#12690,#12692,#12694,#12696,#12698,#12700,#12702,#12707,#12709,#12712,#12714,#12717,#12718,#12721,#12724,#12726,#12730,#12736,#12738,#12740,#12742,#12744,#12746,#12748,#12750,#12754,#12756,#12769,#12771,#12774,#12777,#12784,#12785,#12787,#12789,#12792,#12793,#12795,#12797,#12800,#12802,#12809,#12810,#12812,#12814,#12818,#12820,#12822,#12824,#12826,#12828,#12830,#12832,#12837,#12839,#12842,#12844,#12847,#12848,#12851,#12854,#12856,#12860,#12866,#12868,#12870,#12872,#12874,#12876,#12878,#12880,#12884,#12886,#12899,#12901,#12904,#12907,#12914,#12915,#12917,#12919,#12922,#12923,#12925,#12927,#12930,#12932,#12939,#12940,#12942,#12944,#12948,#12950,#12952,#12954,#12956,#12958,#12960,#12962,#12967,#12969,#12972,#12974,#12977,#12978,#12981,#12984,#12986,#12990,#12996,#12998,#13000,#13002,#13004,#13006,#13008,#13010,#13014,#13016,#13029,#13031,#13034,#13037,#13044,#13045,#13047,#13049,#13052,#13053,#13055,#13057,#13060,#13062,#13069,#13070,#13072,#13074,#13078,#13080,#13082,#13084,#13086,#13088,#13090,#13092,#13097,#13099,#13102,#13104,#13107,#13108,#13111,#13114,#13116,#13120,#13126,#13128,#13130,#13132,#13134,#13136,#13138,#13140,#13144,#13146,#13159,#13161,#13164,#13167,#13171,#13172,#13174,#13176,#13180,#13182,#13184,#13186,#13188,#13190,#13192,#13194,#13200,#13215,#13217,#13220,#13223,#13227,#13229,#13232,#13235,#13240,#13244));
ENDSEC;
END-ISO-10303-21;
